subject_id,study_id,report_path,disease,automatic_state,mention_states,needs_review,reviewed_state,evidence
10000032,50414267,/mnt/c/Users/Zila/Downloads/BN5212/MIMIC-CXR/p10/p10/p10000032/s50414267.txt,Pleural effusion,negative,negative,False,,"There is no focal consolidation, pleural effusion or pneumothorax."
10000032,53189527,/mnt/c/Users/Zila/Downloads/BN5212/MIMIC-CXR/p10/p10/p10000032/s53189527.txt,Fractures,positive,positive,False,,Remote left-sided rib fractures are also re- demonstrated.
10000032,53189527,/mnt/c/Users/Zila/Downloads/BN5212/MIMIC-CXR/p10/p10/p10000032/s53189527.txt,Pleural effusion,negative,negative,False,,No pleural effusion or pneumothorax is present.
10000032,53911762,/mnt/c/Users/Zila/Downloads/BN5212/MIMIC-CXR/p10/p10/p10000032/s53911762.txt,Fractures,positive,positive,False,,Again seen are multiple clips projecting over the left breast and remote left-sided rib fractures.
10000032,56699142,/mnt/c/Users/Zila/Downloads/BN5212/MIMIC-CXR/p10/p10/p10000032/s56699142.txt,Fractures,positive,positive,False,,"Multiple surgical clips project over the left breast, and old left rib fractures are noted."
10000032,56699142,/mnt/c/Users/Zila/Downloads/BN5212/MIMIC-CXR/p10/p10/p10000032/s56699142.txt,Pleural effusion,positive,positive,False,,"The lungs are clear of focal consolidation, pleural effusion or pneumothorax."
10000764,57375967,/mnt/c/Users/Zila/Downloads/BN5212/MIMIC-CXR/p10/p10/p10000764/s57375967.txt,Pneumonia,uncertain,uncertain,True,,"Focal consolidation at the left lung base, possibly representing aspiration or pneumonia."
10000898,54205396,/mnt/c/Users/Zila/Downloads/BN5212/MIMIC-CXR/p10/p10/p10000898/s54205396.txt,Kyphosis,positive,positive,False,,There is persistent thoracic kyphosis with mild wedging of a mid thoracic vertebral body.
10000898,54205396,/mnt/c/Users/Zila/Downloads/BN5212/MIMIC-CXR/p10/p10/p10000898/s54205396.txt,Pleural effusion,negative,negative,False,,"There is no evidence of focal consolidation, pleural effusion, pneumothorax, or frank pulmonary edema."
10000898,54205396,/mnt/c/Users/Zila/Downloads/BN5212/MIMIC-CXR/p10/p10/p10000898/s54205396.txt,Pulmonary edema,negative,negative,False,,"There is no evidence of focal consolidation, pleural effusion, pneumothorax, or frank pulmonary edema."
10000935,50578979,/mnt/c/Users/Zila/Downloads/BN5212/MIMIC-CXR/p10/p10/p10000935/s50578979.txt,Pleural effusion,positive,positive,False,,Small pleural effusion in the right middle fissure is new. | New small right fissural pleural effusion.
10000935,50578979,/mnt/c/Users/Zila/Downloads/BN5212/MIMIC-CXR/p10/p10/p10000935/s50578979.txt,Pneumonia,negative,negative,False,,There is no new focal opacity to suggest pneumonia. | No new focal opacities to suggest pneumonia.
10000935,51178377,/mnt/c/Users/Zila/Downloads/BN5212/MIMIC-CXR/p10/p10/p10000935/s51178377.txt,Pleural effusion,negative,negative,False,,There is no pleural effusion or pneumothorax.
10000935,51178377,/mnt/c/Users/Zila/Downloads/BN5212/MIMIC-CXR/p10/p10/p10000935/s51178377.txt,Pneumonia,positive,positive,False,,"However, in addition, there is a more hazy widespread opacity projecting over the left mid upper lung which could be compatible with a coinciding pneumonia. | Increasing left lung opacification which may reflect pneumonia superimposed on metastatic disease, although other etiologies such as lymphangitic pattern of metastatic spread could be considered."
10000935,56164612,/mnt/c/Users/Zila/Downloads/BN5212/MIMIC-CXR/p10/p10/p10000935/s56164612.txt,Pleural effusion,negative,negative,False,,There is no pneumothorax or left-sided pleural effusion.
10000935,58219844,/mnt/c/Users/Zila/Downloads/BN5212/MIMIC-CXR/p10/p10/p10000935/s58219844.txt,Pleural effusion,negative,negative,False,,"No new focal consolidation, pleural effusion or pneumothorax is seen, with chronic elevation of right hemidiaphragm again seen."
10000980,50985099,/mnt/c/Users/Zila/Downloads/BN5212/MIMIC-CXR/p10/p10/p10000980/s50985099.txt,Hypertension,positive,positive,False,,"Right hilar vessels are still enlarged, perhaps due to pulmonary arterial hypertension."
10000980,50985099,/mnt/c/Users/Zila/Downloads/BN5212/MIMIC-CXR/p10/p10/p10000980/s50985099.txt,Pneumonia,uncertain,uncertain,True,,Previous mild pulmonary edema and possible concurrent pneumonia has all cleared.
10000980,50985099,/mnt/c/Users/Zila/Downloads/BN5212/MIMIC-CXR/p10/p10/p10000980/s50985099.txt,Pulmonary edema,positive,positive,False,,Previous mild pulmonary edema and possible concurrent pneumonia has all cleared.
10000980,51967283,/mnt/c/Users/Zila/Downloads/BN5212/MIMIC-CXR/p10/p10/p10000980/s51967283.txt,Pneumonia,positive,positive,False,,"Right upper lobe pneumonia or mass. | However, given right hilar fullness, a mass resulting in post-obstructive pneumonia is within the differential."
10000980,54577367,/mnt/c/Users/Zila/Downloads/BN5212/MIMIC-CXR/p10/p10/p10000980/s54577367.txt,Pleural effusion,negative,negative,False,,"No focal consolidation, pleural effusion or pneumothorax is present."
10000980,54577367,/mnt/c/Users/Zila/Downloads/BN5212/MIMIC-CXR/p10/p10/p10000980/s54577367.txt,Pneumonia,negative,negative,False,,No radiographic evidence for pneumonia.
10000980,54577367,/mnt/c/Users/Zila/Downloads/BN5212/MIMIC-CXR/p10/p10/p10000980/s54577367.txt,Pulmonary edema,negative,negative,False,,There is minimal upper zone vascular redistribution without overt pulmonary edema.
10000980,54935705,/mnt/c/Users/Zila/Downloads/BN5212/MIMIC-CXR/p10/p10/p10000980/s54935705.txt,Cardiomegaly,positive,positive,False,,Moderate cardiomegaly is again seen as well as tortuosity of the descending thoracic aorta.
10000980,54935705,/mnt/c/Users/Zila/Downloads/BN5212/MIMIC-CXR/p10/p10/p10000980/s54935705.txt,Edema,positive,positive,False,,"Mild pulmonary edema with superimposed left upper lung consolidation, potentially more confluent edema versus superimposed infection."
10000980,54935705,/mnt/c/Users/Zila/Downloads/BN5212/MIMIC-CXR/p10/p10/p10000980/s54935705.txt,Pulmonary edema,positive,positive,False,,"There is mild pulmonary edema with superimposed region of more confluent consolidation in the left upper lung. | Mild pulmonary edema with superimposed left upper lung consolidation, potentially more confluent edema versus superimposed infection."
10000980,54980801,/mnt/c/Users/Zila/Downloads/BN5212/MIMIC-CXR/p10/p10/p10000980/s54980801.txt,Edema,positive,positive,False,,"The lungs are clear of consolidation, effusion, or edema."
10000980,57861150,/mnt/c/Users/Zila/Downloads/BN5212/MIMIC-CXR/p10/p10/p10000980/s57861150.txt,Pulmonary edema,conflicting,negative|positive,True,,Previous pattern of mild pulmonary edema has essentially resolved. | Interval resolution of previously seen mild pulmonary edema with trace bilateral pleural effusions.
10000980,58206436,/mnt/c/Users/Zila/Downloads/BN5212/MIMIC-CXR/p10/p10/p10000980/s58206436.txt,Cardiomegaly,positive,positive,False,,Severe cardiomegaly is likely accentuated due to low lung volumes and patient positioning.
10000980,58206436,/mnt/c/Users/Zila/Downloads/BN5212/MIMIC-CXR/p10/p10/p10000980/s58206436.txt,Pulmonary edema,positive,positive,False,,In comparison to study performed on of ___ there is new mild pulmonary edema with small bilateral pleural effusions. | New mild pulmonary edema with persistent small bilateral pleural effusions.
10000980,58636672,/mnt/c/Users/Zila/Downloads/BN5212/MIMIC-CXR/p10/p10/p10000980/s58636672.txt,Cardiomegaly,positive,positive,False,,Moderate cardiomegaly.
10000980,58636672,/mnt/c/Users/Zila/Downloads/BN5212/MIMIC-CXR/p10/p10/p10000980/s58636672.txt,Pneumonia,negative,negative,False,,No pneumonia.
10000980,59988438,/mnt/c/Users/Zila/Downloads/BN5212/MIMIC-CXR/p10/p10/p10000980/s59988438.txt,Pneumonia,negative,negative,False,,No signs of pneumonia or pulmonary vascular congestion.
10001122,53447138,/mnt/c/Users/Zila/Downloads/BN5212/MIMIC-CXR/p10/p10/p10001122/s53447138.txt,Pneumonia,negative,negative,False,,No pneumonia.
10001122,53957785,/mnt/c/Users/Zila/Downloads/BN5212/MIMIC-CXR/p10/p10/p10001122/s53957785.txt,Pleural effusion,negative,negative,False,,No pleural effusion or pneumothorax is demonstrated.
10001176,53186264,/mnt/c/Users/Zila/Downloads/BN5212/MIMIC-CXR/p10/p10/p10001176/s53186264.txt,Heart failure,negative,negative,False,,"Each hilum is mildly prominent, probably suggesting mild prominence of central pulmonary vessels, but there is no frank congestive heart failure."
10001176,53186264,/mnt/c/Users/Zila/Downloads/BN5212/MIMIC-CXR/p10/p10/p10001176/s53186264.txt,Pleural effusion,negative,negative,False,,There is no pleural effusion or pneumothorax.
10001176,53186264,/mnt/c/Users/Zila/Downloads/BN5212/MIMIC-CXR/p10/p10/p10001176/s53186264.txt,Pneumonia,negative,negative,False,,"Mild perihilar prominence, suspected to represent mildly prominent pulmonary vessels without definite pneumonia."
10001176,54684191,/mnt/c/Users/Zila/Downloads/BN5212/MIMIC-CXR/p10/p10/p10001176/s54684191.txt,Pulmonary edema,positive,positive,False,,Mild pulmonary edema
10001217,52067803,/mnt/c/Users/Zila/Downloads/BN5212/MIMIC-CXR/p10/p10/p10001217/s52067803.txt,Pleural effusion,negative,negative,False,,There is no pleural effusion or pneumothorax.
10001217,52067803,/mnt/c/Users/Zila/Downloads/BN5212/MIMIC-CXR/p10/p10/p10001217/s52067803.txt,Pulmonary edema,negative,negative,False,,There is no overt pulmonary edema.
10001401,50225296,/mnt/c/Users/Zila/Downloads/BN5212/MIMIC-CXR/p10/p10/p10001401/s50225296.txt,Pleural effusion,negative,negative,False,,"Cardiac silhouette is within normal limits and there is no vascular congestion, pleural effusion, or acute focal pneumonia."
10001401,50225296,/mnt/c/Users/Zila/Downloads/BN5212/MIMIC-CXR/p10/p10/p10001401/s50225296.txt,Pneumonia,negative,negative,False,,"Cardiac silhouette is within normal limits and there is no vascular congestion, pleural effusion, or acute focal pneumonia."
10001401,51065211,/mnt/c/Users/Zila/Downloads/BN5212/MIMIC-CXR/p10/p10/p10001401/s51065211.txt,Edema,negative,negative,False,,No convincing signs of pneumonia or edema.
10001401,51065211,/mnt/c/Users/Zila/Downloads/BN5212/MIMIC-CXR/p10/p10/p10001401/s51065211.txt,Pneumonia,negative,negative,False,,No convincing signs of pneumonia or edema.
10001401,57492692,/mnt/c/Users/Zila/Downloads/BN5212/MIMIC-CXR/p10/p10/p10001401/s57492692.txt,Pleural effusion,negative,negative,False,,There is no pneumothorax or pleural effusion.
10001401,58747570,/mnt/c/Users/Zila/Downloads/BN5212/MIMIC-CXR/p10/p10/p10001401/s58747570.txt,Edema,negative,negative,False,,Hilar congestion noted without frank edema. | Hilar congestion without frank edema.
10001401,58747570,/mnt/c/Users/Zila/Downloads/BN5212/MIMIC-CXR/p10/p10/p10001401/s58747570.txt,Pneumonia,negative,negative,False,,No convincing signs of pneumonia.
10001851,59664767,/mnt/c/Users/Zila/Downloads/BN5212/MIMIC-CXR/p10/p10/p10001851/s59664767.txt,Pleural effusion,negative,negative,False,,No pleural effusion or pneumothorax is seen.
10001884,50376803,/mnt/c/Users/Zila/Downloads/BN5212/MIMIC-CXR/p10/p10/p10001884/s50376803.txt,Cardiomegaly,positive,positive,False,,There is upper zone redistribution and cardiomegaly suggesting pulmonary venous hypertension.
10001884,50376803,/mnt/c/Users/Zila/Downloads/BN5212/MIMIC-CXR/p10/p10/p10001884/s50376803.txt,Hypertension,positive,positive,False,,There is upper zone redistribution and cardiomegaly suggesting pulmonary venous hypertension.
10001884,50712381,/mnt/c/Users/Zila/Downloads/BN5212/MIMIC-CXR/p10/p10/p10001884/s50712381.txt,Cardiomegaly,positive,positive,False,,Moderate cardiomegaly is stable.
10001884,50712381,/mnt/c/Users/Zila/Downloads/BN5212/MIMIC-CXR/p10/p10/p10001884/s50712381.txt,Pleural effusion,positive,positive,False,,"Pleural effusion, small if any."
10001884,50712381,/mnt/c/Users/Zila/Downloads/BN5212/MIMIC-CXR/p10/p10/p10001884/s50712381.txt,Pulmonary edema,positive,positive,False,,Mild pulmonary edema has not resolved.
10001884,50807032,/mnt/c/Users/Zila/Downloads/BN5212/MIMIC-CXR/p10/p10/p10001884/s50807032.txt,Bronchiectasis,uncertain,uncertain,True,,No change in the probable right apical bronchiectasis.
10001884,50807032,/mnt/c/Users/Zila/Downloads/BN5212/MIMIC-CXR/p10/p10/p10001884/s50807032.txt,Pleural effusion,negative,negative,False,,No pleural effusion or pneumothorax.
10001884,50807032,/mnt/c/Users/Zila/Downloads/BN5212/MIMIC-CXR/p10/p10/p10001884/s50807032.txt,Pulmonary edema,negative,negative,False,,The lungs are otherwise clear without focal consolidation or pulmonary edema.
10001884,51181158,/mnt/c/Users/Zila/Downloads/BN5212/MIMIC-CXR/p10/p10/p10001884/s51181158.txt,Pleural effusion,negative,negative,False,,"The lungs are relatively well expanded without focal consolidation, pleural effusion or pneumothorax."
10001884,51817555,/mnt/c/Users/Zila/Downloads/BN5212/MIMIC-CXR/p10/p10/p10001884/s51817555.txt,Pleural effusion,conflicting,negative|positive,True,,Relative increase in opacity over the lung bases bilaterally is felt due to overlying soft tissue rather than consolidation or pleural effusion. | No large pleural effusion or pneumothorax is seen.
10001884,51817555,/mnt/c/Users/Zila/Downloads/BN5212/MIMIC-CXR/p10/p10/p10001884/s51817555.txt,Pulmonary edema,negative,negative,False,,No overt pulmonary edema is seen
10001884,52060840,/mnt/c/Users/Zila/Downloads/BN5212/MIMIC-CXR/p10/p10/p10001884/s52060840.txt,Pleural effusion,negative,negative,False,,No pleural effusion or pneumothorax is seen.
10001884,53109065,/mnt/c/Users/Zila/Downloads/BN5212/MIMIC-CXR/p10/p10/p10001884/s53109065.txt,Pleural effusion,negative,negative,False,,No pleural effusion or pneumothorax is seen.
10001884,53268982,/mnt/c/Users/Zila/Downloads/BN5212/MIMIC-CXR/p10/p10/p10001884/s53268982.txt,Emphysema,positive,positive,False,,"Frontal and lateral radiographs of the chest show hyperinflated lungs with flattened diaphragm, consistent with emphysema."
10001884,53268982,/mnt/c/Users/Zila/Downloads/BN5212/MIMIC-CXR/p10/p10/p10001884/s53268982.txt,Pleural effusion,negative,negative,False,,No pleural effusion or pneumothorax is seen.
10001884,53268982,/mnt/c/Users/Zila/Downloads/BN5212/MIMIC-CXR/p10/p10/p10001884/s53268982.txt,Pneumonia,uncertain,uncertain,True,,Asymmetric opacity in the right middle lobe is concerning for pneumonia. | Right middle lobe opacity concerning for pneumonia.
10001884,53894864,/mnt/c/Users/Zila/Downloads/BN5212/MIMIC-CXR/p10/p10/p10001884/s53894864.txt,Edema,negative,negative,False,,"The lungs are clear without consolidation, effusion or edema."
10001884,54828594,/mnt/c/Users/Zila/Downloads/BN5212/MIMIC-CXR/p10/p10/p10001884/s54828594.txt,Pleural effusion,negative,negative,False,,"Apart from minimal atelectasis in the lung bases and biapical scarring in the lung apices, more pronounced on the right, the lungs are clear.No pleural effusion or pneumothorax is demonstrated."
10001884,55333410,/mnt/c/Users/Zila/Downloads/BN5212/MIMIC-CXR/p10/p10/p10001884/s55333410.txt,Edema,negative,negative,False,,No signs of congestion or edema.
10001884,55333410,/mnt/c/Users/Zila/Downloads/BN5212/MIMIC-CXR/p10/p10/p10001884/s55333410.txt,Pneumonia,negative,negative,False,,No focal consolidation concerning for pneumonia.
10001884,55893591,/mnt/c/Users/Zila/Downloads/BN5212/MIMIC-CXR/p10/p10/p10001884/s55893591.txt,Pleural effusion,negative,negative,False,,No pleural effusion or pneumothorax is seen.
10001884,55893591,/mnt/c/Users/Zila/Downloads/BN5212/MIMIC-CXR/p10/p10/p10001884/s55893591.txt,Pneumonia,negative,negative,False,,No evidence of pneumonia.
10001884,56349965,/mnt/c/Users/Zila/Downloads/BN5212/MIMIC-CXR/p10/p10/p10001884/s56349965.txt,Pleural effusion,negative,negative,False,,There is no pleural effusion or pneumothorax.
10001884,56349965,/mnt/c/Users/Zila/Downloads/BN5212/MIMIC-CXR/p10/p10/p10001884/s56349965.txt,Pneumonia,negative,negative,False,,"With exception of mild bibasilar atelectasis, the lungs are normally expanded without focal opacity to suggest pneumonia. | No evidence of pneumonia."
10001884,56722923,/mnt/c/Users/Zila/Downloads/BN5212/MIMIC-CXR/p10/p10/p10001884/s56722923.txt,Cardiomegaly,positive,positive,False,,"Previous mild pulmonary edema has improved, moderate cardiomegaly and mediastinal vascular engorgement have not."
10001884,56722923,/mnt/c/Users/Zila/Downloads/BN5212/MIMIC-CXR/p10/p10/p10001884/s56722923.txt,Pulmonary edema,positive,positive,False,,"Previous mild pulmonary edema has improved, moderate cardiomegaly and mediastinal vascular engorgement have not."
10001884,57156853,/mnt/c/Users/Zila/Downloads/BN5212/MIMIC-CXR/p10/p10/p10001884/s57156853.txt,Edema,positive,positive,False,,"In comparison to ___ chest radiograph, pulmonary vascular congestion and minimal interstitial edema are new."
10001884,57166219,/mnt/c/Users/Zila/Downloads/BN5212/MIMIC-CXR/p10/p10/p10001884/s57166219.txt,Edema,negative,negative,False,,"The lungs are otherwise clear without focal consolidation, effusion, or edema."
10001884,57839849,/mnt/c/Users/Zila/Downloads/BN5212/MIMIC-CXR/p10/p10/p10001884/s57839849.txt,Pleural effusion,negative,negative,False,,There is no pleural effusion or pneumothorax.
10001884,58196907,/mnt/c/Users/Zila/Downloads/BN5212/MIMIC-CXR/p10/p10/p10001884/s58196907.txt,Edema,negative,negative,False,,"There is no focal consolidation, large effusion or edema."
10001884,58350684,/mnt/c/Users/Zila/Downloads/BN5212/MIMIC-CXR/p10/p10/p10001884/s58350684.txt,Pleural effusion,negative,negative,False,,"There is no focal consolidation, pleural effusion or pneumothorax."
10001884,59066712,/mnt/c/Users/Zila/Downloads/BN5212/MIMIC-CXR/p10/p10/p10001884/s59066712.txt,Pleural effusion,negative,negative,False,,Cardiac silhouette remains at the upper limits of normal in size and there is again tortuosity of the aorta without vascular congestion or pleural effusion.
10001884,59212874,/mnt/c/Users/Zila/Downloads/BN5212/MIMIC-CXR/p10/p10/p10001884/s59212874.txt,Pleural effusion,negative,negative,False,,"No evidence of pneumonia, pleural effusion, or pneumothorax."
10001884,59212874,/mnt/c/Users/Zila/Downloads/BN5212/MIMIC-CXR/p10/p10/p10001884/s59212874.txt,Pneumonia,negative,negative,False,,"No evidence of pneumonia, pleural effusion, or pneumothorax."
10001884,59305618,/mnt/c/Users/Zila/Downloads/BN5212/MIMIC-CXR/p10/p10/p10001884/s59305618.txt,Aspiration pneumonia,positive,positive,False,,Findings could potentially be due to aspiration or evolving aspiration pneumonia in the appropriate clinical setting.
10001884,59984865,/mnt/c/Users/Zila/Downloads/BN5212/MIMIC-CXR/p10/p10/p10001884/s59984865.txt,Pleural effusion,negative,negative,False,,No pleural effusion or pneumothorax is seen.
10002013,54573731,/mnt/c/Users/Zila/Downloads/BN5212/MIMIC-CXR/p10/p10/p10002013/s54573731.txt,Pleural effusion,negative,negative,False,,"No focal consolidation, pleural effusion or pneumothorax is seen."
10002013,55312734,/mnt/c/Users/Zila/Downloads/BN5212/MIMIC-CXR/p10/p10/p10002013/s55312734.txt,Cough,negative,negative,False,,"Status post bypass surgery, pleural scar, no evidence of acute pulmonary infiltrates or pleural effusions in this patient with cough and chills."
10002013,55312734,/mnt/c/Users/Zila/Downloads/BN5212/MIMIC-CXR/p10/p10/p10002013/s55312734.txt,Pleural effusion,negative,negative,False,,Absence of any blunting in the posterior pleural sinus speaks against acute pleural effusion and identifies the area as a pleural scar.
10002013,58054149,/mnt/c/Users/Zila/Downloads/BN5212/MIMIC-CXR/p10/p10/p10002013/s58054149.txt,Pleural effusion,positive,positive,False,,A moderate left pleural effusion is new since ___. | New moderate left pleural effusion with adjacent atelectasis in the left lung base.
10002157,56373033,/mnt/c/Users/Zila/Downloads/BN5212/MIMIC-CXR/p10/p10/p10002157/s56373033.txt,Pleural effusion,negative,negative,False,,No pleural effusion or pneumothorax is seen.
10002177,50520012,/mnt/c/Users/Zila/Downloads/BN5212/MIMIC-CXR/p10/p10/p10002177/s50520012.txt,Edema,negative,negative,False,,"The lungs are clear without focal consolidation,, or edema."
10002221,53781756,/mnt/c/Users/Zila/Downloads/BN5212/MIMIC-CXR/p10/p10/p10002221/s53781756.txt,Pleural effusion,negative,negative,False,,"No focal consolidation, pleural effusion, pneumothorax, or pulmonary edema."
10002221,53781756,/mnt/c/Users/Zila/Downloads/BN5212/MIMIC-CXR/p10/p10/p10002221/s53781756.txt,Pulmonary edema,negative,negative,False,,"No focal consolidation, pleural effusion, pneumothorax, or pulmonary edema."
10002221,53781756,/mnt/c/Users/Zila/Downloads/BN5212/MIMIC-CXR/p10/p10/p10002221/s53781756.txt,Scoliosis,positive,positive,False,,"The descending aorta is slightly ectatic, unchanged and likely secondary to mild dextroconvex scoliosis of the thoracic spine. | Unchanged mild dextroconvex scoliosis of the lower thoracic spine."
10002428,50027225,/mnt/c/Users/Zila/Downloads/BN5212/MIMIC-CXR/p10/p10/p10002428/s50027225.txt,Pneumonia,positive,positive,False,,Persistent right basilar pneumonia.
10002428,54020701,/mnt/c/Users/Zila/Downloads/BN5212/MIMIC-CXR/p10/p10/p10002428/s54020701.txt,Pulmonary edema,negative,negative,False,,No overt pulmonary edema is seen.
10002428,54831516,/mnt/c/Users/Zila/Downloads/BN5212/MIMIC-CXR/p10/p10/p10002428/s54831516.txt,Pulmonary edema,negative,negative,False,,There is no pneumothoraces or signs for overt pulmonary edema.
10002428,55758034,/mnt/c/Users/Zila/Downloads/BN5212/MIMIC-CXR/p10/p10/p10002428/s55758034.txt,Pleural effusion,positive,positive,False,,Layering left pleural effusion has gotten slightly bigger. | Small increase in left pleural effusion.
10002428,55758034,/mnt/c/Users/Zila/Downloads/BN5212/MIMIC-CXR/p10/p10/p10002428/s55758034.txt,Pneumonia,positive,positive,False,,"There is no significant change in the middle and lower lobe pneumonia, better appreciated on recent CT. | No significant change in right middle and lower lobe pneumonia."
10002428,55758034,/mnt/c/Users/Zila/Downloads/BN5212/MIMIC-CXR/p10/p10/p10002428/s55758034.txt,Pulmonary edema,negative,negative,False,,"There is no increased pulmonary edema, new consolidation, or pneumothorax."
10002428,56100138,/mnt/c/Users/Zila/Downloads/BN5212/MIMIC-CXR/p10/p10/p10002428/s56100138.txt,Ileus,uncertain,uncertain,True,,Multiple dilated loops of small bowel may represent ileus or obstruction.
10002428,56100138,/mnt/c/Users/Zila/Downloads/BN5212/MIMIC-CXR/p10/p10/p10002428/s56100138.txt,Pleural effusion,positive,positive,False,,There is likely a small right pleural effusion.
10002428,56100138,/mnt/c/Users/Zila/Downloads/BN5212/MIMIC-CXR/p10/p10/p10002428/s56100138.txt,Pneumonia,positive,positive,False,,Bibasilar opacities would be consistent with pneumonia and/or aspiration in the right clinical setting.
10002428,56100138,/mnt/c/Users/Zila/Downloads/BN5212/MIMIC-CXR/p10/p10/p10002428/s56100138.txt,Pulmonary edema,positive,positive,False,,Likely some component of pulmonary edema given the interstitial thickening.
10002428,56836542,/mnt/c/Users/Zila/Downloads/BN5212/MIMIC-CXR/p10/p10/p10002428/s56836542.txt,Pleural effusion,positive,positive,False,,"A moderate right pleural effusion is stable and a small left pleural effusion has also decreased in size. | Compared to the most recent study, there is improvement in the mild pulmonary edema and decrease in the small left pleural effusion. | Moderate right pleural effusion and bibasilar atelectasis are stable."
10002428,56836542,/mnt/c/Users/Zila/Downloads/BN5212/MIMIC-CXR/p10/p10/p10002428/s56836542.txt,Pulmonary edema,positive,positive,False,,"A bedside AP radiograph of the chest demonstrates interval improvement in mild pulmonary edema compared to the most recent study from ___. | Compared to the most recent study, there is improvement in the mild pulmonary edema and decrease in the small left pleural effusion."
10002428,57321224,/mnt/c/Users/Zila/Downloads/BN5212/MIMIC-CXR/p10/p10/p10002428/s57321224.txt,Pleural effusion,negative,negative,False,,There is no evidence for pleural effusion or pneumothorax.
10002428,57887188,/mnt/c/Users/Zila/Downloads/BN5212/MIMIC-CXR/p10/p10/p10002428/s57887188.txt,Pneumonia,positive,positive,False,,"In the appropriate clinical setting, supervening pneumonia would certainly have to be considered."
10002428,57887188,/mnt/c/Users/Zila/Downloads/BN5212/MIMIC-CXR/p10/p10/p10002428/s57887188.txt,Pulmonary edema,positive,positive,False,,The time course suggests that much of this appearance may have reflected improved pulmonary edema.
10002428,58581921,/mnt/c/Users/Zila/Downloads/BN5212/MIMIC-CXR/p10/p10/p10002428/s58581921.txt,Emphysema,positive,positive,False,,"Lungs are hyperinflated, due to airway obstruction or emphysema."
10002428,58581921,/mnt/c/Users/Zila/Downloads/BN5212/MIMIC-CXR/p10/p10/p10002428/s58581921.txt,Pleural effusion,positive,positive,False,,Right pleural effusion is tiny compared to large pleural effusions seen at various times on prior chest radiographs.
10002428,58581921,/mnt/c/Users/Zila/Downloads/BN5212/MIMIC-CXR/p10/p10/p10002428/s58581921.txt,Pulmonary edema,negative,negative,False,,There is no pulmonary edema.
10002428,58601917,/mnt/c/Users/Zila/Downloads/BN5212/MIMIC-CXR/p10/p10/p10002428/s58601917.txt,Pleural effusion,conflicting,negative|positive,True,,"Constant extent and distribution of the known left pleural effusion with mild to moderate retrocardiac and basal atelectasis. | On the right, the pleural drain is in unchanged position and there is no evidence of a larger pleural effusion."
10002428,58658824,/mnt/c/Users/Zila/Downloads/BN5212/MIMIC-CXR/p10/p10/p10002428/s58658824.txt,Bronchiectasis,positive,positive,False,,PA and lateral chest radiographs again demonstrate severe hyperinflation and diffuse bronchiectasis.
10002428,58658824,/mnt/c/Users/Zila/Downloads/BN5212/MIMIC-CXR/p10/p10/p10002428/s58658824.txt,Pleural effusion,negative,negative,False,,"There is no focal consolidation, pleural effusion, or pneumothorax."
10002428,59098825,/mnt/c/Users/Zila/Downloads/BN5212/MIMIC-CXR/p10/p10/p10002428/s59098825.txt,Pulmonary edema,negative,negative,False,,There is mild prominence of the pulmonary markings without overt pulmonary edema.
10002428,59659695,/mnt/c/Users/Zila/Downloads/BN5212/MIMIC-CXR/p10/p10/p10002428/s59659695.txt,Pleural effusion,positive,positive,False,,"The right hemithorax demontrates increased opacity, compatible with a moderate-to-large size layering pleural effusion. | A small left pleural effusion is also present. | Bilateral pleural effusion, right greater than left."
10002430,53254222,/mnt/c/Users/Zila/Downloads/BN5212/MIMIC-CXR/p10/p10/p10002430/s53254222.txt,Cardiomegaly,positive,positive,False,,Mild cardiomegaly unchanged.
10002430,53254222,/mnt/c/Users/Zila/Downloads/BN5212/MIMIC-CXR/p10/p10/p10002430/s53254222.txt,Edema,negative,negative,False,,No signs of congestion or edema. | No edema or pneumonia.
10002430,53254222,/mnt/c/Users/Zila/Downloads/BN5212/MIMIC-CXR/p10/p10/p10002430/s53254222.txt,Pneumonia,negative,negative,False,,No edema or pneumonia.
10002430,56345275,/mnt/c/Users/Zila/Downloads/BN5212/MIMIC-CXR/p10/p10/p10002430/s56345275.txt,Cardiomegaly,positive,positive,False,,Postsurgical changes at the peripheral right lung base are re- demonstrated in this patient status post right thoracotomy and right lower lobe resection with stable cardiomegaly in this patient status post previous coronary bypass surgery.
10002430,58911492,/mnt/c/Users/Zila/Downloads/BN5212/MIMIC-CXR/p10/p10/p10002430/s58911492.txt,Cardiomegaly,positive,positive,False,,Mild cardiomegaly which is stable. | Mild cardiomegaly.
10002430,58911492,/mnt/c/Users/Zila/Downloads/BN5212/MIMIC-CXR/p10/p10/p10002430/s58911492.txt,Pneumonia,negative,negative,False,,"No pneumonia, no pulmonary edema. | No evidence of pneumonia."
10002430,58911492,/mnt/c/Users/Zila/Downloads/BN5212/MIMIC-CXR/p10/p10/p10002430/s58911492.txt,Pulmonary edema,negative,negative,False,,"No pneumonia, no pulmonary edema."
10002559,52212843,/mnt/c/Users/Zila/Downloads/BN5212/MIMIC-CXR/p10/p10/p10002559/s52212843.txt,Pneumonia,negative,negative,False,,No lung parenchymal abnormalities such as pneumonia or pulmonary edema.
10002559,52212843,/mnt/c/Users/Zila/Downloads/BN5212/MIMIC-CXR/p10/p10/p10002559/s52212843.txt,Pulmonary edema,negative,negative,False,,No lung parenchymal abnormalities such as pneumonia or pulmonary edema.
10002559,52212843,/mnt/c/Users/Zila/Downloads/BN5212/MIMIC-CXR/p10/p10/p10002559/s52212843.txt,Scoliosis,positive,positive,False,,Mild thoracic scoliosis with subsequent asymmetry of the rib cage.
10002559,59849480,/mnt/c/Users/Zila/Downloads/BN5212/MIMIC-CXR/p10/p10/p10002559/s59849480.txt,Pleural effusion,negative,negative,False,,"No pneumonia, vascular congestion, or pleural effusion."
10002559,59849480,/mnt/c/Users/Zila/Downloads/BN5212/MIMIC-CXR/p10/p10/p10002559/s59849480.txt,Pneumonia,negative,negative,False,,"No pneumonia, vascular congestion, or pleural effusion."
10002804,53422998,/mnt/c/Users/Zila/Downloads/BN5212/MIMIC-CXR/p10/p10/p10002804/s53422998.txt,Pleural effusion,negative,negative,False,,"The cardiac silhouette is within upper limits of normal in size and there is no evidence of vascular congestion, pleural effusion, or acute focal"
10002930,55885481,/mnt/c/Users/Zila/Downloads/BN5212/MIMIC-CXR/p10/p10/p10002930/s55885481.txt,Edema,negative,negative,False,,No signs of pneumonia or edema.
10002930,55885481,/mnt/c/Users/Zila/Downloads/BN5212/MIMIC-CXR/p10/p10/p10002930/s55885481.txt,Pneumonia,negative,negative,False,,No signs of pneumonia or edema.
10003019,50543252,/mnt/c/Users/Zila/Downloads/BN5212/MIMIC-CXR/p10/p10/p10003019/s50543252.txt,Pneumonia,negative,negative,False,,"Allowing for differences in technique and projection, there has been little interval change in the appearance of the chest since the previous radiograph, with no new focal areas of consolidation to suggest the presence of pneumonia."
10003019,50543252,/mnt/c/Users/Zila/Downloads/BN5212/MIMIC-CXR/p10/p10/p10003019/s50543252.txt,Sarcoidosis,positive,positive,False,,"Multifocal linear areas of scarring appear unchanged, previously attributed to sarcoidosis."
10003019,51117233,/mnt/c/Users/Zila/Downloads/BN5212/MIMIC-CXR/p10/p10/p10003019/s51117233.txt,Pleural effusion,negative,negative,False,,No pleural effusion or pneumothorax is seen.
10003019,52117631,/mnt/c/Users/Zila/Downloads/BN5212/MIMIC-CXR/p10/p10/p10003019/s52117631.txt,Pneumonia,negative,negative,False,,No pneumonia.
10003019,52117631,/mnt/c/Users/Zila/Downloads/BN5212/MIMIC-CXR/p10/p10/p10003019/s52117631.txt,Pulmonary edema,negative,negative,False,,No pulmonary edema.
10003019,53098685,/mnt/c/Users/Zila/Downloads/BN5212/MIMIC-CXR/p10/p10/p10003019/s53098685.txt,Edema,negative,negative,False,,"No evidence of pneumonia, edema or effusion."
10003019,53098685,/mnt/c/Users/Zila/Downloads/BN5212/MIMIC-CXR/p10/p10/p10003019/s53098685.txt,Pneumonia,negative,negative,False,,"No evidence of pneumonia, edema or effusion."
10003019,53098685,/mnt/c/Users/Zila/Downloads/BN5212/MIMIC-CXR/p10/p10/p10003019/s53098685.txt,Pulmonary edema,negative,negative,False,,There is no evidence of pulmonary edema.
10003019,53934356,/mnt/c/Users/Zila/Downloads/BN5212/MIMIC-CXR/p10/p10/p10003019/s53934356.txt,Pleural effusion,negative,negative,False,,There is no pleural effusion or pneumothorax.
10003019,53934356,/mnt/c/Users/Zila/Downloads/BN5212/MIMIC-CXR/p10/p10/p10003019/s53934356.txt,Pneumonia,negative,negative,False,,"There is no airspace opacity worrisome for pneumonia. | Increase, mild atelectasis at the left base but no convincing evidence of pneumonia."
10003019,55487822,/mnt/c/Users/Zila/Downloads/BN5212/MIMIC-CXR/p10/p10/p10003019/s55487822.txt,Pleural effusion,negative,negative,False,,No pleural effusion.
10003019,57194088,/mnt/c/Users/Zila/Downloads/BN5212/MIMIC-CXR/p10/p10/p10003019/s57194088.txt,Pneumonia,uncertain,uncertain,True,,"Scattered opacities in the lungs, as seen on prior chest radiographs, could represent pneumonia or sarcoidosis flair."
10003019,57194088,/mnt/c/Users/Zila/Downloads/BN5212/MIMIC-CXR/p10/p10/p10003019/s57194088.txt,Sarcoidosis,uncertain,uncertain,True,,"Scattered opacities in the lungs, as seen on prior chest radiographs, could represent pneumonia or sarcoidosis flair."
10003019,58365492,/mnt/c/Users/Zila/Downloads/BN5212/MIMIC-CXR/p10/p10/p10003019/s58365492.txt,Pleural effusion,negative,negative,False,,No pleural effusion or acute skeletal findings.
10003019,58365492,/mnt/c/Users/Zila/Downloads/BN5212/MIMIC-CXR/p10/p10/p10003019/s58365492.txt,Pneumonia,uncertain,uncertain,True,,New left lower lobe consolidation concerning for acute pneumonia.
10003019,58505074,/mnt/c/Users/Zila/Downloads/BN5212/MIMIC-CXR/p10/p10/p10003019/s58505074.txt,Pleural effusion,negative,negative,False,,There is no pleural effusion or pneumothorax.
10003019,59005604,/mnt/c/Users/Zila/Downloads/BN5212/MIMIC-CXR/p10/p10/p10003019/s59005604.txt,Pleural effusion,negative,negative,False,,There is no pleural effusion or pneumothorax.
10003019,59005604,/mnt/c/Users/Zila/Downloads/BN5212/MIMIC-CXR/p10/p10/p10003019/s59005604.txt,Pneumonia,negative,negative,False,,No pneumonia.
10003019,59339276,/mnt/c/Users/Zila/Downloads/BN5212/MIMIC-CXR/p10/p10/p10003019/s59339276.txt,Edema,positive,positive,False,,There is increased prominence of the pulmonary vasculature and indistinctness in the perihilar region consistent with interval appearance of mild interstitial and perihilar edema.
10003019,59607556,/mnt/c/Users/Zila/Downloads/BN5212/MIMIC-CXR/p10/p10/p10003019/s59607556.txt,Edema,negative,negative,False,,There is no edema or pneumonia and no appreciable pleural effusion.
10003019,59607556,/mnt/c/Users/Zila/Downloads/BN5212/MIMIC-CXR/p10/p10/p10003019/s59607556.txt,Pleural effusion,negative,negative,False,,There is no edema or pneumonia and no appreciable pleural effusion.
10003019,59607556,/mnt/c/Users/Zila/Downloads/BN5212/MIMIC-CXR/p10/p10/p10003019/s59607556.txt,Pneumonia,negative,negative,False,,There is no edema or pneumonia and no appreciable pleural effusion.
10003019,59635047,/mnt/c/Users/Zila/Downloads/BN5212/MIMIC-CXR/p10/p10/p10003019/s59635047.txt,Pneumonia,negative,negative,False,,Similar radiographic appearance of the chest to ___ with no new abnormalities to suggest superimposed acute process such as CHF or pneumonia.
10003019,59730608,/mnt/c/Users/Zila/Downloads/BN5212/MIMIC-CXR/p10/p10/p10003019/s59730608.txt,Fluid overload,positive,positive,False,,There is minimal fluid overload in both the vascular and interstitial compartment.
10003019,59730608,/mnt/c/Users/Zila/Downloads/BN5212/MIMIC-CXR/p10/p10/p10003019/s59730608.txt,Pneumonia,negative,negative,False,,No pneumonia.
10003019,59829602,/mnt/c/Users/Zila/Downloads/BN5212/MIMIC-CXR/p10/p10/p10003019/s59829602.txt,Pleural effusion,negative,negative,False,,No pneumothorax or substantial pleural effusion.
10003019,59829602,/mnt/c/Users/Zila/Downloads/BN5212/MIMIC-CXR/p10/p10/p10003019/s59829602.txt,Sarcoidosis,positive,positive,False,,Multi focal ill-defined lung opacities are similar to prior and consistent with history of sarcoidosis although superimposed infection cannot be excluded.
10003052,58630288,/mnt/c/Users/Zila/Downloads/BN5212/MIMIC-CXR/p10/p10/p10003052/s58630288.txt,Pleural effusion,negative,negative,False,,The lungs are clear without pleural effusion or pneumothorax.
10003255,52843603,/mnt/c/Users/Zila/Downloads/BN5212/MIMIC-CXR/p10/p10/p10003255/s52843603.txt,Pectus excavatum,positive,positive,False,,"The heart size appears slightly prominent, but this could be due to the aforementioned pectus excavatum deformity. | Pectus excavatum deformity likely accounting for top normal heart size."
10003299,50536653,/mnt/c/Users/Zila/Downloads/BN5212/MIMIC-CXR/p10/p10/p10003299/s50536653.txt,Cardiomegaly,positive,positive,False,,Moderate cardiomegaly is increased compared to ___. | Moderate cardiomegaly and mild pulmonary vascular congestion but no edema.
10003299,50536653,/mnt/c/Users/Zila/Downloads/BN5212/MIMIC-CXR/p10/p10/p10003299/s50536653.txt,Edema,negative,negative,False,,Moderate cardiomegaly and mild pulmonary vascular congestion but no edema.
10003299,50536653,/mnt/c/Users/Zila/Downloads/BN5212/MIMIC-CXR/p10/p10/p10003299/s50536653.txt,Pleural effusion,positive,positive,False,,There is slight blunting of the costophrenic angles which may indicate small pleural effusion or scarring.
10003299,57344656,/mnt/c/Users/Zila/Downloads/BN5212/MIMIC-CXR/p10/p10/p10003299/s57344656.txt,Cardiomegaly,positive,positive,False,,"Unchanged, mild to moderate cardiomegaly without a superimposed acute intrathoracic process."
10003299,57344656,/mnt/c/Users/Zila/Downloads/BN5212/MIMIC-CXR/p10/p10/p10003299/s57344656.txt,Pulmonary edema,negative,negative,False,,There is no evidence for pulmonary edema.
10003400,50100991,/mnt/c/Users/Zila/Downloads/BN5212/MIMIC-CXR/p10/p10/p10003400/s50100991.txt,Pleural effusion,positive,positive,False,,Moderate left pleural effusion persists with adjacent slight improved aeration at the left lung base.
10003400,50183258,/mnt/c/Users/Zila/Downloads/BN5212/MIMIC-CXR/p10/p10/p10003400/s50183258.txt,Pleural effusion,positive,positive,False,,"Large left pleural effusion has not changed over several days. | Small to moderate residual right pleural effusion is also stable, despite the right thoracostomy tube."
10003400,50183258,/mnt/c/Users/Zila/Downloads/BN5212/MIMIC-CXR/p10/p10/p10003400/s50183258.txt,Pulmonary edema,positive,positive,False,,"Moderate enlargement of the cardiac silhouette is stable, but pulmonary edema if present is mild."
10003400,51345654,/mnt/c/Users/Zila/Downloads/BN5212/MIMIC-CXR/p10/p10/p10003400/s51345654.txt,Cardiomegaly,positive,positive,False,,Cardiomegaly is accompanied by pulmonary vascular congestion and worsening edema.
10003400,51345654,/mnt/c/Users/Zila/Downloads/BN5212/MIMIC-CXR/p10/p10/p10003400/s51345654.txt,Edema,positive,positive,False,,Cardiomegaly is accompanied by pulmonary vascular congestion and worsening edema.
10003400,51345654,/mnt/c/Users/Zila/Downloads/BN5212/MIMIC-CXR/p10/p10/p10003400/s51345654.txt,Pleural effusion,positive,positive,False,,"As compared to previous radiograph of ___, large right pleural effusion and small left pleural effusion are probably similar when consideration is given to positional differences between the studies."
10003400,52181745,/mnt/c/Users/Zila/Downloads/BN5212/MIMIC-CXR/p10/p10/p10003400/s52181745.txt,Cardiomegaly,positive,positive,False,,"Unchanged moderate bilateral pleural effusions, low lung volumes, moderate cardiomegaly and signs of mild pulmonary edema."
10003400,52181745,/mnt/c/Users/Zila/Downloads/BN5212/MIMIC-CXR/p10/p10/p10003400/s52181745.txt,Pulmonary edema,positive,positive,False,,"Unchanged moderate bilateral pleural effusions, low lung volumes, moderate cardiomegaly and signs of mild pulmonary edema."
10003400,52207536,/mnt/c/Users/Zila/Downloads/BN5212/MIMIC-CXR/p10/p10/p10003400/s52207536.txt,Cardiomegaly,positive,positive,False,,Moderate cardiomegaly.
10003400,52207536,/mnt/c/Users/Zila/Downloads/BN5212/MIMIC-CXR/p10/p10/p10003400/s52207536.txt,Pleural effusion,positive,positive,False,,Moderate bilateral areas of atelectasis and mild to moderate right pleural effusion.
10003400,52822559,/mnt/c/Users/Zila/Downloads/BN5212/MIMIC-CXR/p10/p10/p10003400/s52822559.txt,Cardiomegaly,positive,positive,False,,"Moderate cardiomegaly is grossly stable, as are the mediastinal and hilar contours. | Slight worsening of mild pulmonary vascular congestion in the setting of stable moderate cardiomegaly."
10003400,52822559,/mnt/c/Users/Zila/Downloads/BN5212/MIMIC-CXR/p10/p10/p10003400/s52822559.txt,Pleural effusion,negative,negative,False,,There is no pleural effusion or pneumothorax.
10003400,52822559,/mnt/c/Users/Zila/Downloads/BN5212/MIMIC-CXR/p10/p10/p10003400/s52822559.txt,Pneumonia,negative,negative,False,,No evidence of pneumonia.
10003400,52941169,/mnt/c/Users/Zila/Downloads/BN5212/MIMIC-CXR/p10/p10/p10003400/s52941169.txt,Pulmonary edema,positive,positive,False,,The findings might in fact represent a combination of low lung volumes and mild pulmonary edema.
10003400,53341253,/mnt/c/Users/Zila/Downloads/BN5212/MIMIC-CXR/p10/p10/p10003400/s53341253.txt,Cardiomegaly,positive,positive,False,,Moderate cardiomegaly persists.
10003400,53341253,/mnt/c/Users/Zila/Downloads/BN5212/MIMIC-CXR/p10/p10/p10003400/s53341253.txt,Pleural effusion,positive,positive,False,,Moderate unchanged left pleural effusion with subsequent areas of basilar atelectasis.
10003400,53661694,/mnt/c/Users/Zila/Downloads/BN5212/MIMIC-CXR/p10/p10/p10003400/s53661694.txt,Pleural effusion,negative,negative,False,,No pleural effusion or pneumothorax is seen.
10003400,55177950,/mnt/c/Users/Zila/Downloads/BN5212/MIMIC-CXR/p10/p10/p10003400/s55177950.txt,Cardiomegaly,positive,positive,False,,"Moderate cardiomegaly with mild, unchanged pulmonary edema."
10003400,55177950,/mnt/c/Users/Zila/Downloads/BN5212/MIMIC-CXR/p10/p10/p10003400/s55177950.txt,Pleural effusion,positive,positive,False,,"Moderate right pleural effusion is probably unchanged, taking into account changes in patient positioning. | Increased, small left pleural effusion. | Moderate right and increased, small left pleural effusion."
10003400,55177950,/mnt/c/Users/Zila/Downloads/BN5212/MIMIC-CXR/p10/p10/p10003400/s55177950.txt,Pulmonary edema,positive,positive,False,,"Moderate cardiomegaly with mild, unchanged pulmonary edema. | Mild, unchanged pulmonary edema."
10003400,56185120,/mnt/c/Users/Zila/Downloads/BN5212/MIMIC-CXR/p10/p10/p10003400/s56185120.txt,Cardiomegaly,positive,positive,False,,Unchanged moderate cardiomegaly.
10003400,56185120,/mnt/c/Users/Zila/Downloads/BN5212/MIMIC-CXR/p10/p10/p10003400/s56185120.txt,Pleural effusion,positive,positive,False,,"Unchanged extent of the pre-existing moderate left pleural effusion, with subsequent left predominant atelectasis."
10003400,56466802,/mnt/c/Users/Zila/Downloads/BN5212/MIMIC-CXR/p10/p10/p10003400/s56466802.txt,Pleural effusion,negative,negative,False,,"No focal consolidation, pleural effusion or pneumothorax is demonstrated."
10003400,56915166,/mnt/c/Users/Zila/Downloads/BN5212/MIMIC-CXR/p10/p10/p10003400/s56915166.txt,Cardiomegaly,positive,positive,False,,There is unchanged cardiomegaly.
10003400,57147097,/mnt/c/Users/Zila/Downloads/BN5212/MIMIC-CXR/p10/p10/p10003400/s57147097.txt,Pleural effusion,positive,positive,False,,Interval decrease in the right-sided pleural effusion which is now small. | Moderate to large left pleural effusion and significant opacification of the left lung is unchanged.
10003400,57607776,/mnt/c/Users/Zila/Downloads/BN5212/MIMIC-CXR/p10/p10/p10003400/s57607776.txt,Pulmonary edema,positive,positive,False,,"Vascular congestion is noted, borderline with mild interstitial pulmonary edema."
10003400,58534470,/mnt/c/Users/Zila/Downloads/BN5212/MIMIC-CXR/p10/p10/p10003400/s58534470.txt,Pulmonary edema,positive,positive,False,,Have compared to the previous study there is no change in mild interstitial pulmonary edema and large bilateral pleural effusions and bibasal consolidations.
10003400,58820563,/mnt/c/Users/Zila/Downloads/BN5212/MIMIC-CXR/p10/p10/p10003400/s58820563.txt,Cardiomegaly,positive,positive,False,,Moderate cardiomegaly.
10003400,58820563,/mnt/c/Users/Zila/Downloads/BN5212/MIMIC-CXR/p10/p10/p10003400/s58820563.txt,Pleural effusion,positive,positive,False,,"On the right, a new chest tube continues to drain the pre-existing right pleural effusion."
10003400,58983613,/mnt/c/Users/Zila/Downloads/BN5212/MIMIC-CXR/p10/p10/p10003400/s58983613.txt,Cardiomegaly,positive,positive,False,,"The cardiac, mediastinal and hilar contours appear stable including mild cardiomegaly and mild unfolding of the thoracic aorta."
10003400,58983613,/mnt/c/Users/Zila/Downloads/BN5212/MIMIC-CXR/p10/p10/p10003400/s58983613.txt,Pleural effusion,negative,negative,False,,There is no pleural effusion or pneumothorax.
10003400,59336915,/mnt/c/Users/Zila/Downloads/BN5212/MIMIC-CXR/p10/p10/p10003400/s59336915.txt,Cardiomegaly,positive,positive,False,,"Moderate, unchanged cardiomegaly."
10003400,59336915,/mnt/c/Users/Zila/Downloads/BN5212/MIMIC-CXR/p10/p10/p10003400/s59336915.txt,Edema,negative,negative,False,,No edema.
10003412,59172281,/mnt/c/Users/Zila/Downloads/BN5212/MIMIC-CXR/p10/p10/p10003412/s59172281.txt,Pleural effusion,negative,negative,False,,No pleural effusion or pneumothorax is seen.
10003502,50084553,/mnt/c/Users/Zila/Downloads/BN5212/MIMIC-CXR/p10/p10/p10003502/s50084553.txt,Pulmonary edema,positive,positive,False,,"Pulmonary edema is mild, obscured radiographically by overlying abnormalities."
10003502,51180958,/mnt/c/Users/Zila/Downloads/BN5212/MIMIC-CXR/p10/p10/p10003502/s51180958.txt,Pleural effusion,positive,positive,False,,A small left pleural effusion may be present.
10003502,51180958,/mnt/c/Users/Zila/Downloads/BN5212/MIMIC-CXR/p10/p10/p10003502/s51180958.txt,Pneumonia,negative,negative,False,,No evidence of consolidation to suggest pneumonia is seen.
10003502,51180958,/mnt/c/Users/Zila/Downloads/BN5212/MIMIC-CXR/p10/p10/p10003502/s51180958.txt,Pulmonary edema,negative,negative,False,,No pulmonary edema.
10003502,52139270,/mnt/c/Users/Zila/Downloads/BN5212/MIMIC-CXR/p10/p10/p10003502/s52139270.txt,Cardiomegaly,positive,positive,False,,"Bilateral pleural effusions, cardiomegaly and mild edema suggest fluid overload, however, given the clinical history, underlying consolidation due to pneumonia cannot be excluded at the lung bases."
10003502,52139270,/mnt/c/Users/Zila/Downloads/BN5212/MIMIC-CXR/p10/p10/p10003502/s52139270.txt,Edema,positive,positive,False,,"Bilateral pleural effusions, cardiomegaly and mild edema suggest fluid overload, however, given the clinical history, underlying consolidation due to pneumonia cannot be excluded at the lung bases."
10003502,52139270,/mnt/c/Users/Zila/Downloads/BN5212/MIMIC-CXR/p10/p10/p10003502/s52139270.txt,Fluid overload,positive,positive,False,,"Bilateral pleural effusions, cardiomegaly and mild edema suggest fluid overload, however, given the clinical history, underlying consolidation due to pneumonia cannot be excluded at the lung bases."
10003502,52139270,/mnt/c/Users/Zila/Downloads/BN5212/MIMIC-CXR/p10/p10/p10003502/s52139270.txt,Pneumonia,uncertain,uncertain,True,,"Bilateral pleural effusions, cardiomegaly and mild edema suggest fluid overload, however, given the clinical history, underlying consolidation due to pneumonia cannot be excluded at the lung bases."
10003502,52139270,/mnt/c/Users/Zila/Downloads/BN5212/MIMIC-CXR/p10/p10/p10003502/s52139270.txt,Pulmonary edema,positive,positive,False,,Mild prominence of the interstitial markings suggests mild pulmonary edema.
10003502,52309364,/mnt/c/Users/Zila/Downloads/BN5212/MIMIC-CXR/p10/p10/p10003502/s52309364.txt,Pulmonary edema,positive,positive,False,,There is suspected superimposed pulmonary edema may have slightly improved since prior although detailed evaluation is limited given layering pleural effusions. | Degree of pulmonary edema may have slightly improved since prior exam although detailed evaluation is limited.
10003502,53282957,/mnt/c/Users/Zila/Downloads/BN5212/MIMIC-CXR/p10/p10/p10003502/s53282957.txt,Pulmonary edema,positive,positive,False,,Perihilar haziness with vascular indistinctness and diffuse alveolar opacities are compatible with moderate pulmonary edema. | Moderate pulmonary edema with moderate to large bilateral pleural effusions and bibasilar atelectasis.
10003502,57812613,/mnt/c/Users/Zila/Downloads/BN5212/MIMIC-CXR/p10/p10/p10003502/s57812613.txt,Cardiomegaly,positive,positive,False,,Stable mild cardiomegaly.
10003502,57812613,/mnt/c/Users/Zila/Downloads/BN5212/MIMIC-CXR/p10/p10/p10003502/s57812613.txt,Pleural effusion,conflicting,negative|positive,True,,There is a moderate-sized left pleural effusion which is increased in size from the prior exam in ___. | There is no right pleural effusion. | Enlarging moderate left pleural effusion.
10003502,57812613,/mnt/c/Users/Zila/Downloads/BN5212/MIMIC-CXR/p10/p10/p10003502/s57812613.txt,Pulmonary edema,negative,negative,False,,"The lungs are clear without pulmonary edema, consolidation, or pneumothorax."
10003637,51371378,/mnt/c/Users/Zila/Downloads/BN5212/MIMIC-CXR/p10/p10/p10003637/s51371378.txt,Pneumonia,negative,negative,False,,"No definite acute focal pneumonia, though the retrocardiac area is difficult to assess in the absence of a lateral view."
10003637,51461467,/mnt/c/Users/Zila/Downloads/BN5212/MIMIC-CXR/p10/p10/p10003637/s51461467.txt,Pleural effusion,negative,negative,False,,No pleural effusion or pneumothorax.
10003637,57024735,/mnt/c/Users/Zila/Downloads/BN5212/MIMIC-CXR/p10/p10/p10003637/s57024735.txt,Pleural effusion,negative,negative,False,,"No evidence of appreciable vascular congestion, pleural effusion, or acute focal pneumonia."
10003637,57024735,/mnt/c/Users/Zila/Downloads/BN5212/MIMIC-CXR/p10/p10/p10003637/s57024735.txt,Pneumonia,negative,negative,False,,"No evidence of appreciable vascular congestion, pleural effusion, or acute focal pneumonia."
10003956,53245562,/mnt/c/Users/Zila/Downloads/BN5212/MIMIC-CXR/p10/p10/p10003956/s53245562.txt,Pneumonia,negative,negative,False,,No convincing signs of pneumonia. | No definite signs of pneumonia.
10004235,52379321,/mnt/c/Users/Zila/Downloads/BN5212/MIMIC-CXR/p10/p10/p10004235/s52379321.txt,Pleural effusion,negative,negative,False,,There is no pneumothorax or pleural effusion.
10004235,52379321,/mnt/c/Users/Zila/Downloads/BN5212/MIMIC-CXR/p10/p10/p10004235/s52379321.txt,Pulmonary edema,positive,positive|uncertain,True,,Pulmonary vascular engorgement and diffuse airspace opacities likely relates to pulmonary vascular congestion and mild pulmonary edema in the setting of volume resuscitation. | Pulmonary vascular congestion and probable mild pulmonary edema.
10004235,52962553,/mnt/c/Users/Zila/Downloads/BN5212/MIMIC-CXR/p10/p10/p10004235/s52962553.txt,Edema,positive,positive,False,,suggesting progression of alveolar edema.
10004235,54234360,/mnt/c/Users/Zila/Downloads/BN5212/MIMIC-CXR/p10/p10/p10004235/s54234360.txt,Pneumonia,positive,positive,False,,Worsening bibasilar opacities favor atelectasis over infectious pneumonia.
10004235,57318275,/mnt/c/Users/Zila/Downloads/BN5212/MIMIC-CXR/p10/p10/p10004235/s57318275.txt,Pleural effusion,negative,negative,False,,No pleural effusion or pneumothorax is identified.
10004235,57318275,/mnt/c/Users/Zila/Downloads/BN5212/MIMIC-CXR/p10/p10/p10004235/s57318275.txt,Pneumonia,negative,negative,False,,There is no opacity to suggest pneumonia.
10004235,57318275,/mnt/c/Users/Zila/Downloads/BN5212/MIMIC-CXR/p10/p10/p10004235/s57318275.txt,Pulmonary edema,positive,positive,False,,"Since the prior exam, there has been a slight interval worsening of the vascular congestion and mild pulmonary edema. | Slight interval worsening of vascular congestion and mild pulmonary edema."
10004322,57662923,/mnt/c/Users/Zila/Downloads/BN5212/MIMIC-CXR/p10/p10/p10004322/s57662923.txt,Pleural effusion,negative,negative,False,,There is no pleural effusion or pneumothorax.
10004322,57662923,/mnt/c/Users/Zila/Downloads/BN5212/MIMIC-CXR/p10/p10/p10004322/s57662923.txt,Pulmonary edema,negative,negative,False,,There is no central vascular congestion or overt pulmonary edema.
10004720,59238247,/mnt/c/Users/Zila/Downloads/BN5212/MIMIC-CXR/p10/p10/p10004720/s59238247.txt,Pneumonia,negative,negative,False,,No pneumonia | No evidence pneumonia.
10004720,59238247,/mnt/c/Users/Zila/Downloads/BN5212/MIMIC-CXR/p10/p10/p10004720/s59238247.txt,Pulmonary edema,negative,negative,False,,", no pulmonary edema."
10004720,59238247,/mnt/c/Users/Zila/Downloads/BN5212/MIMIC-CXR/p10/p10/p10004720/s59238247.txt,Scoliosis,positive,positive,False,,Scoliosis of the thoracic spine and consequent asymmetry in the rib spaces. | Chronic scoliosis and stable compression fracture of a thoracic vertebra.
10005001,50691028,/mnt/c/Users/Zila/Downloads/BN5212/MIMIC-CXR/p10/p10/p10005001/s50691028.txt,Pleural effusion,negative,negative,False,,No pleural effusion or pneumothorax is seen.
10005024,53950795,/mnt/c/Users/Zila/Downloads/BN5212/MIMIC-CXR/p10/p10/p10005024/s53950795.txt,Pleural effusion,positive,positive,False,,"A right pleural effusion is also increased in size. | Worsening combination of pleural effusion, pulmonary edema and possibly pneumonia particularly in the right lower lobe."
10005024,53950795,/mnt/c/Users/Zila/Downloads/BN5212/MIMIC-CXR/p10/p10/p10005024/s53950795.txt,Pneumonia,uncertain,uncertain,True,,"In addition, there is worsening pulmonary edema as well as a worsening right lower lobe infiltrate which could represent pneumonia in the correct clinical setting. | Worsening combination of pleural effusion, pulmonary edema and possibly pneumonia particularly in the right lower lobe."
10005024,53950795,/mnt/c/Users/Zila/Downloads/BN5212/MIMIC-CXR/p10/p10/p10005024/s53950795.txt,Pulmonary edema,positive,positive,False,,"In addition, there is worsening pulmonary edema as well as a worsening right lower lobe infiltrate which could represent pneumonia in the correct clinical setting. | Worsening combination of pleural effusion, pulmonary edema and possibly pneumonia particularly in the right lower lobe."
10005024,59581256,/mnt/c/Users/Zila/Downloads/BN5212/MIMIC-CXR/p10/p10/p10005024/s59581256.txt,Pneumonia,uncertain,negative|uncertain,True,,"Confluent opacification at the base of the right lung is probably atelectasis, pleural mild pneumonia is difficult to exclude. | In all other locations there no findings that would raise the possibility of pneumonia."
10005368,56689183,/mnt/c/Users/Zila/Downloads/BN5212/MIMIC-CXR/p10/p10/p10005368/s56689183.txt,Pleural effusion,negative,negative,False,,No focal consolidation or pleural effusion.
10005749,53170451,/mnt/c/Users/Zila/Downloads/BN5212/MIMIC-CXR/p10/p10/p10005749/s53170451.txt,Cardiomegaly,positive,positive,False,,Whether this is due to cardiomegaly or pericardial effusion is indeterminate.
10005749,53170451,/mnt/c/Users/Zila/Downloads/BN5212/MIMIC-CXR/p10/p10/p10005749/s53170451.txt,Pulmonary edema,negative,negative,False,,"Bibasilar atelectasis is relatively mild, and there is no pulmonary edema."
10005749,54040624,/mnt/c/Users/Zila/Downloads/BN5212/MIMIC-CXR/p10/p10/p10005749/s54040624.txt,Pleural effusion,positive,positive,False,,"The right heart border is now sharply seen, as is the hemidiaphragm, consistent with substantial decrease in pleural effusion."
10005749,54060141,/mnt/c/Users/Zila/Downloads/BN5212/MIMIC-CXR/p10/p10/p10005749/s54060141.txt,Cardiomegaly,positive,positive,False,,Mild cardiomegaly is unchanged. | Stable mild cardiomegaly and pulmonary artery enlargement.
10005749,57249718,/mnt/c/Users/Zila/Downloads/BN5212/MIMIC-CXR/p10/p10/p10005749/s57249718.txt,Pneumonia,negative,negative,False,,"No demand, focal consolidation to suggest pneumonia, or pneumothorax."
10005749,57249718,/mnt/c/Users/Zila/Downloads/BN5212/MIMIC-CXR/p10/p10/p10005749/s57249718.txt,Pulmonary hypertension,positive,positive,False,,"The pulmonary artery is enlarged, suggesting pulmonary hypertension. | Enlarged pulmonary artery, suggesting pulmonary hypertension."
10005858,58867217,/mnt/c/Users/Zila/Downloads/BN5212/MIMIC-CXR/p10/p10/p10005858/s58867217.txt,Pleural effusion,negative,negative,False,,No pleural effusion or pneumothorax.
10005866,55665483,/mnt/c/Users/Zila/Downloads/BN5212/MIMIC-CXR/p10/p10/p10005866/s55665483.txt,Cardiomegaly,positive,positive,False,,Mild cardiomegaly is unchanged.
10005866,55665483,/mnt/c/Users/Zila/Downloads/BN5212/MIMIC-CXR/p10/p10/p10005866/s55665483.txt,Pleural effusion,positive,positive,False,,"Compared with the prior study, a right-sided pleural effusion, with right basilar atelectasis is new."
10005866,55665483,/mnt/c/Users/Zila/Downloads/BN5212/MIMIC-CXR/p10/p10/p10005866/s55665483.txt,Pulmonary edema,positive,positive,False,,"However, pulmonary edema has improved. | Improved pulmonary edema, with improvement of a prior retrocardiac consolidation, suggesting clearing of a prior mucous plug."
10005866,56175428,/mnt/c/Users/Zila/Downloads/BN5212/MIMIC-CXR/p10/p10/p10005866/s56175428.txt,Pleural effusion,positive,positive,False,,"Additionally, there is a persistent small right pleural effusion with adjacent right basilar opacity, which may reflect atelectasis. | Persistent small right pleural effusion with patchy right basilar opacity, potentially atelectasis."
10005866,57648366,/mnt/c/Users/Zila/Downloads/BN5212/MIMIC-CXR/p10/p10/p10005866/s57648366.txt,Fluid overload,positive,positive,False,,Mild fluid overload but no overt pulmonary edema.
10005866,57648366,/mnt/c/Users/Zila/Downloads/BN5212/MIMIC-CXR/p10/p10/p10005866/s57648366.txt,Pneumonia,positive,positive,False,,The change should be radiographically monitored within 24 hr to exclude developing pneumonia.
10005866,57648366,/mnt/c/Users/Zila/Downloads/BN5212/MIMIC-CXR/p10/p10/p10005866/s57648366.txt,Pulmonary edema,negative,negative,False,,Mild fluid overload but no overt pulmonary edema.
10005866,59391422,/mnt/c/Users/Zila/Downloads/BN5212/MIMIC-CXR/p10/p10/p10005866/s59391422.txt,Fluid overload,positive,positive,False,,Mild fluid overload.
10005866,59391422,/mnt/c/Users/Zila/Downloads/BN5212/MIMIC-CXR/p10/p10/p10005866/s59391422.txt,Pleural effusion,positive,positive,False,,Minimal right pleural effusion.
10006431,50208870,/mnt/c/Users/Zila/Downloads/BN5212/MIMIC-CXR/p10/p10/p10006431/s50208870.txt,Pneumonia,negative,negative,False,,The cardiac silhouette remains within normal limits with no evidence of vascular congestion or acute focal pneumonia.
10006431,54868252,/mnt/c/Users/Zila/Downloads/BN5212/MIMIC-CXR/p10/p10/p10006431/s54868252.txt,Goiter,positive,positive,False,,"Also again noted is indentation upon the right aspect of the trachea at the thoracic inlet due to the presence of a large thyroid goiter, as seen on prior CT."
10006431,54868252,/mnt/c/Users/Zila/Downloads/BN5212/MIMIC-CXR/p10/p10/p10006431/s54868252.txt,Pleural effusion,negative,negative,False,,No pleural effusion or pneumothorax is seen.
10006431,54868252,/mnt/c/Users/Zila/Downloads/BN5212/MIMIC-CXR/p10/p10/p10006431/s54868252.txt,Pneumonia,negative,negative,False,,No acute cardiopulmonary abnormality including no evidence for pneumonia.
10006457,57608640,/mnt/c/Users/Zila/Downloads/BN5212/MIMIC-CXR/p10/p10/p10006457/s57608640.txt,Pleural effusion,negative,negative,False,,No pleural effusion or pneumothorax is present.
10006457,58626380,/mnt/c/Users/Zila/Downloads/BN5212/MIMIC-CXR/p10/p10/p10006457/s58626380.txt,Pleural effusion,negative,negative,False,,There is no pleural effusion or pneumothorax.
10006501,54247344,/mnt/c/Users/Zila/Downloads/BN5212/MIMIC-CXR/p10/p10/p10006501/s54247344.txt,Pleural effusion,negative,negative,False,,No pleural effusion or pneumothorax is seen.
10006501,54247344,/mnt/c/Users/Zila/Downloads/BN5212/MIMIC-CXR/p10/p10/p10006501/s54247344.txt,Pulmonary edema,negative,negative,False,,No overt pulmonary edema is seen.
10006692,58830039,/mnt/c/Users/Zila/Downloads/BN5212/MIMIC-CXR/p10/p10/p10006692/s58830039.txt,Pleural effusion,negative,negative,False,,No pleural effusion or pneumothorax is present.
10007134,56085843,/mnt/c/Users/Zila/Downloads/BN5212/MIMIC-CXR/p10/p10/p10007134/s56085843.txt,Fractures,positive,positive,False,,The left sixth and seventh rib fractures are stable. | Unchanged left sixth and seventh rib fractures.
10007326,59442660,/mnt/c/Users/Zila/Downloads/BN5212/MIMIC-CXR/p10/p10/p10007326/s59442660.txt,Pleural effusion,negative,negative,False,,"PA and lateral radiographs of the chest demonstrate clear lungs without focal consolidation concerning for pneumonia, pleural effusion or pneumothorax."
10007326,59442660,/mnt/c/Users/Zila/Downloads/BN5212/MIMIC-CXR/p10/p10/p10007326/s59442660.txt,Pneumonia,negative,negative,False,,"PA and lateral radiographs of the chest demonstrate clear lungs without focal consolidation concerning for pneumonia, pleural effusion or pneumothorax."
10007795,54054513,/mnt/c/Users/Zila/Downloads/BN5212/MIMIC-CXR/p10/p10/p10007795/s54054513.txt,Pleural effusion,positive,positive,False,,"Left-sided pleural effusion, which is unchanged."
10007795,54054513,/mnt/c/Users/Zila/Downloads/BN5212/MIMIC-CXR/p10/p10/p10007795/s54054513.txt,Pulmonary edema,positive,positive,False,,There is improvement of the pulmonary edema.
10007795,54317369,/mnt/c/Users/Zila/Downloads/BN5212/MIMIC-CXR/p10/p10/p10007795/s54317369.txt,Pleural effusion,uncertain,uncertain,True,,Retrocardiac and left basilar opacity is similar to the prior radiographs and may represent a combination of pleural effusion and atelectasis. | Persistant right basilar and retrocardiac atelectasis with possible left pleural effusion.
10007795,54492585,/mnt/c/Users/Zila/Downloads/BN5212/MIMIC-CXR/p10/p10/p10007795/s54492585.txt,Pleural effusion,conflicting,negative|positive,True,,"A small left pleural effusion persists. | There is no right pleural effusion. | Improvement in left basilar opacity, with persistent small left pleural effusion."
10007795,54492585,/mnt/c/Users/Zila/Downloads/BN5212/MIMIC-CXR/p10/p10/p10007795/s54492585.txt,Pneumonia,uncertain,uncertain,True,,"A new right basilar opacity is present, likely atelectasis, although pneumonia cannot be excluded. | New right basilar opacity, which may represent pneumonia in the correct clinical setting."
10007795,58754452,/mnt/c/Users/Zila/Downloads/BN5212/MIMIC-CXR/p10/p10/p10007795/s58754452.txt,Cardiomegaly,positive,positive,False,,There is unchanged cardiomegaly.
10007795,58754452,/mnt/c/Users/Zila/Downloads/BN5212/MIMIC-CXR/p10/p10/p10007795/s58754452.txt,Pulmonary edema,positive,positive,False,,There is moderate pulmonary edema which is stable.
10007920,58162456,/mnt/c/Users/Zila/Downloads/BN5212/MIMIC-CXR/p10/p10/p10007920/s58162456.txt,Pleural effusion,negative,negative,False,,"There is no evidence of pneumonia, pneumothorax, or pleural effusion."
10007920,58162456,/mnt/c/Users/Zila/Downloads/BN5212/MIMIC-CXR/p10/p10/p10007920/s58162456.txt,Pneumonia,negative,negative,False,,"There is no evidence of pneumonia, pneumothorax, or pleural effusion."
10007928,54272065,/mnt/c/Users/Zila/Downloads/BN5212/MIMIC-CXR/p10/p10/p10007928/s54272065.txt,Pleural effusion,negative,negative,False,,There is no pleural effusion and no pneumothorax.
10007928,55780044,/mnt/c/Users/Zila/Downloads/BN5212/MIMIC-CXR/p10/p10/p10007928/s55780044.txt,Pleural effusion,positive,positive,False,,Moderate bilateral pleural effusion is stable.
10007928,55780044,/mnt/c/Users/Zila/Downloads/BN5212/MIMIC-CXR/p10/p10/p10007928/s55780044.txt,Pulmonary edema,positive,positive,False,,Moderately severe pulmonary edema has improved.
10007928,59796203,/mnt/c/Users/Zila/Downloads/BN5212/MIMIC-CXR/p10/p10/p10007928/s59796203.txt,Cardiomegaly,positive,positive,False,,Moderate cardiomegaly.
10007928,59796203,/mnt/c/Users/Zila/Downloads/BN5212/MIMIC-CXR/p10/p10/p10007928/s59796203.txt,Pleural effusion,positive,positive,False,,"In addition, retrocardiac atelectasis has newly appeared, and there is a small right pleural effusion."
10007928,59796203,/mnt/c/Users/Zila/Downloads/BN5212/MIMIC-CXR/p10/p10/p10007928/s59796203.txt,Pneumonia,positive,positive,False,,"As compared to the previous radiograph, there is a massive increase in extent and severity of multifocal pneumonia."
10008064,53140416,/mnt/c/Users/Zila/Downloads/BN5212/MIMIC-CXR/p10/p10/p10008064/s53140416.txt,Pleural effusion,negative,negative,False,,"There is no pleural effusion, pneumothorax or focal airspace consolidation."
10008064,53140416,/mnt/c/Users/Zila/Downloads/BN5212/MIMIC-CXR/p10/p10/p10008064/s53140416.txt,Pulmonary edema,negative,negative,False,,There is no evidence of pulmonary edema.
10008304,50053244,/mnt/c/Users/Zila/Downloads/BN5212/MIMIC-CXR/p10/p10/p10008304/s50053244.txt,Pleural effusion,negative,negative,False,,"No focal consolidation, pleural effusion, pneumothorax, or pulmonary edema is detected."
10008304,50053244,/mnt/c/Users/Zila/Downloads/BN5212/MIMIC-CXR/p10/p10/p10008304/s50053244.txt,Pulmonary edema,negative,negative,False,,"No focal consolidation, pleural effusion, pneumothorax, or pulmonary edema is detected."
10008304,52686646,/mnt/c/Users/Zila/Downloads/BN5212/MIMIC-CXR/p10/p10/p10008304/s52686646.txt,Pleural effusion,negative,negative,False,,"No focal consolidation, pleural effusion or pneumothorax is present."
10008493,54180175,/mnt/c/Users/Zila/Downloads/BN5212/MIMIC-CXR/p10/p10/p10008493/s54180175.txt,Pleural effusion,positive,positive,False,,Streaky left lower lobe opacity is present along with a small left pleural effusion. | Trace left pleural effusion.
10008816,51161169,/mnt/c/Users/Zila/Downloads/BN5212/MIMIC-CXR/p10/p10/p10008816/s51161169.txt,Cardiomegaly,positive,positive,False,,There is mild cardiomegaly.
10008816,51161169,/mnt/c/Users/Zila/Downloads/BN5212/MIMIC-CXR/p10/p10/p10008816/s51161169.txt,Fractures,positive,positive,False,,There are bilateral healed rib fractures and left clavicular healed rib fracture.
10008816,51161169,/mnt/c/Users/Zila/Downloads/BN5212/MIMIC-CXR/p10/p10/p10008816/s51161169.txt,Pleural effusion,negative,negative,False,,There is no consolidation or pleural effusion.
10008816,51161169,/mnt/c/Users/Zila/Downloads/BN5212/MIMIC-CXR/p10/p10/p10008816/s51161169.txt,Pneumonia,negative,negative,False,,No evidence of pneumonia.
10008816,57984574,/mnt/c/Users/Zila/Downloads/BN5212/MIMIC-CXR/p10/p10/p10008816/s57984574.txt,Fractures,positive,positive,False,,"Skeletal structures of the thorax are characterized by multiple deformities in bilateral location.They have the appearance of healed rib fractures with callus formation and are located on the frontal view in the lateral aspect of ribs #4, 5, 6 and 7. | Appearance of bilateral old multiple rib fractures and left-sided clavicle fracture apparently of older date."
10008922,52321259,/mnt/c/Users/Zila/Downloads/BN5212/MIMIC-CXR/p10/p10/p10008922/s52321259.txt,Pneumonia,negative,negative,False,,"No pulmonary edema, no pneumonia, no pulmonary nodules or masses."
10008922,52321259,/mnt/c/Users/Zila/Downloads/BN5212/MIMIC-CXR/p10/p10/p10008922/s52321259.txt,Pulmonary edema,negative,negative,False,,"No pulmonary edema, no pneumonia, no pulmonary nodules or masses."
10008922,52321259,/mnt/c/Users/Zila/Downloads/BN5212/MIMIC-CXR/p10/p10/p10008922/s52321259.txt,Scoliosis,positive,positive,False,,Severe scoliosis with subsequent asymmetry of the ribcage.
10009049,54394630,/mnt/c/Users/Zila/Downloads/BN5212/MIMIC-CXR/p10/p10/p10009049/s54394630.txt,Cardiomegaly,positive,positive,False,,Mild to moderate cardiomegaly is stable from the prior examination.
10009049,54394630,/mnt/c/Users/Zila/Downloads/BN5212/MIMIC-CXR/p10/p10/p10009049/s54394630.txt,Pleural effusion,positive,positive,False,,"There is a small to moderate left pleural effusion, decreased from the prior examination done at 08:37. | Mild to moderate left pleural effusion is decreased in size from the prior exam has as is adjacent left basal atelectasis."
10009049,54850191,/mnt/c/Users/Zila/Downloads/BN5212/MIMIC-CXR/p10/p10/p10009049/s54850191.txt,Cardiomegaly,positive,positive,False,,Mild-to-moderate cardiomegaly unchanged.
10009049,54850191,/mnt/c/Users/Zila/Downloads/BN5212/MIMIC-CXR/p10/p10/p10009049/s54850191.txt,Hemorrhage,positive,positive,False,,"Large scale consolidation in both lower lungs developed between ___, most likely severe pneumonia or pulmonary hemorrhage."
10009049,54850191,/mnt/c/Users/Zila/Downloads/BN5212/MIMIC-CXR/p10/p10/p10009049/s54850191.txt,Pleural effusion,positive,positive,False,,"Small left pleural effusion is larger, small right pleural effusion, presumed."
10009049,54850191,/mnt/c/Users/Zila/Downloads/BN5212/MIMIC-CXR/p10/p10/p10009049/s54850191.txt,Pneumonia,positive,positive,False,,"Large scale consolidation in both lower lungs developed between ___, most likely severe pneumonia or pulmonary hemorrhage."
10009049,55602594,/mnt/c/Users/Zila/Downloads/BN5212/MIMIC-CXR/p10/p10/p10009049/s55602594.txt,Pneumonia,positive,positive,False,,These findings would be consistent with aspiration or pneumonia.
10009049,55602594,/mnt/c/Users/Zila/Downloads/BN5212/MIMIC-CXR/p10/p10/p10009049/s55602594.txt,Pulmonary edema,negative,negative,False,,No pulmonary edema.
10009049,57157809,/mnt/c/Users/Zila/Downloads/BN5212/MIMIC-CXR/p10/p10/p10009049/s57157809.txt,Cardiomegaly,positive,positive,False,,Mild-to-moderate cardiomegaly is stable compared to exams dated back to ___.
10009049,57157809,/mnt/c/Users/Zila/Downloads/BN5212/MIMIC-CXR/p10/p10/p10009049/s57157809.txt,Pleural effusion,positive,positive,False,,Moderate left pleural effusion with adjacent compressive atelectasis has increased in size compared to the most recent prior exam from ___. | Interval increase in the moderate left pleural effusion compared to the most recent prior exam from ___.
10009049,57157809,/mnt/c/Users/Zila/Downloads/BN5212/MIMIC-CXR/p10/p10/p10009049/s57157809.txt,Pneumonia,negative,negative,False,,No new focal opacity concerning for pneumonia is identified. | No new consolidations concerning for pneumonia identified
10009049,58922574,/mnt/c/Users/Zila/Downloads/BN5212/MIMIC-CXR/p10/p10/p10009049/s58922574.txt,Hemorrhage,uncertain,uncertain,True,,"There has been interval development of bibasilar opacities, which are concerning for a rapidly developing pneumonia versus alveolar hemorrhage. | Short interval development of bibasilar opacities, which are concerning for a rapidly developing pneumonia versus alveolar hemorrhage."
10009049,58922574,/mnt/c/Users/Zila/Downloads/BN5212/MIMIC-CXR/p10/p10/p10009049/s58922574.txt,Pleural effusion,conflicting,negative|positive,True,,There appears to be a small left pleural effusion. | There is no right pleural effusion or pneumothorax.
10009049,58922574,/mnt/c/Users/Zila/Downloads/BN5212/MIMIC-CXR/p10/p10/p10009049/s58922574.txt,Pneumonia,uncertain,uncertain,True,,"There has been interval development of bibasilar opacities, which are concerning for a rapidly developing pneumonia versus alveolar hemorrhage. | Short interval development of bibasilar opacities, which are concerning for a rapidly developing pneumonia versus alveolar hemorrhage."
10009614,57438242,/mnt/c/Users/Zila/Downloads/BN5212/MIMIC-CXR/p10/p10/p10009614/s57438242.txt,Pneumonia,negative,negative,False,,No evidence of pneumonia.
10010150,50055231,/mnt/c/Users/Zila/Downloads/BN5212/MIMIC-CXR/p10/p10/p10010150/s50055231.txt,Pleural effusion,negative,negative,False,,"Lungs are clear without focal consolidation, pleural effusion, or pneumothorax."
10010231,55204578,/mnt/c/Users/Zila/Downloads/BN5212/MIMIC-CXR/p10/p10/p10010231/s55204578.txt,Pneumonia,negative,negative,False,,No evidence of pneumonia.
10010231,55204578,/mnt/c/Users/Zila/Downloads/BN5212/MIMIC-CXR/p10/p10/p10010231/s55204578.txt,Pulmonary edema,negative,negative,False,,No pulmonary edema.
10010231,57916297,/mnt/c/Users/Zila/Downloads/BN5212/MIMIC-CXR/p10/p10/p10010231/s57916297.txt,Pneumonia,negative,negative,False,,No evidence of pneumonia.
10010231,57916297,/mnt/c/Users/Zila/Downloads/BN5212/MIMIC-CXR/p10/p10/p10010231/s57916297.txt,Pulmonary edema,negative,negative,False,,No pulmonary edema.
10010253,51434626,/mnt/c/Users/Zila/Downloads/BN5212/MIMIC-CXR/p10/p10/p10010253/s51434626.txt,Edema,uncertain,uncertain,True,,Peribronchial cuffing could represent mild peribronchial edema or chronic airways disease.
10010253,51434626,/mnt/c/Users/Zila/Downloads/BN5212/MIMIC-CXR/p10/p10/p10010253/s51434626.txt,Pleural effusion,negative,negative,False,,No pleural effusion or pneumothorax.
10010440,57403810,/mnt/c/Users/Zila/Downloads/BN5212/MIMIC-CXR/p10/p10/p10010440/s57403810.txt,Heart failure,negative,negative,False,,"With this in mind, there is no evidence of congestive heart failure."
10010440,57693229,/mnt/c/Users/Zila/Downloads/BN5212/MIMIC-CXR/p10/p10/p10010440/s57693229.txt,Pleural effusion,negative,negative,False,,"Apart from minimal atelectasis within the left lung base, the lungs are clear without focal consolidation, pleural effusion or pneumothorax."
10010471,51674194,/mnt/c/Users/Zila/Downloads/BN5212/MIMIC-CXR/p10/p10/p10010471/s51674194.txt,Pulmonary edema,uncertain,uncertain,True,,Findings are suggestive of pulmonary edema.
10010471,59553780,/mnt/c/Users/Zila/Downloads/BN5212/MIMIC-CXR/p10/p10/p10010471/s59553780.txt,Cardiomegaly,positive,positive,False,,Cardiomegaly.
10010471,59553780,/mnt/c/Users/Zila/Downloads/BN5212/MIMIC-CXR/p10/p10/p10010471/s59553780.txt,Pleural effusion,positive,positive,False,,"Right infrahilar opacity may be due to combination of pleural effusion and atelectasis, but underlying consolidation or other pulmonary lesion not excluded."
10010471,59553780,/mnt/c/Users/Zila/Downloads/BN5212/MIMIC-CXR/p10/p10/p10010471/s59553780.txt,Pulmonary edema,positive,positive,False,,There is prominence of the bilateral central pulmonary vasculature worrisome for pulmonary edema. | Pulmonary edema.
10010635,55235680,/mnt/c/Users/Zila/Downloads/BN5212/MIMIC-CXR/p10/p10/p10010635/s55235680.txt,Pleural effusion,negative,negative,False,,No pleural effusion or pneumothorax is seen.
10010638,55178098,/mnt/c/Users/Zila/Downloads/BN5212/MIMIC-CXR/p10/p10/p10010638/s55178098.txt,Pleural effusion,negative,negative,False,,"There is no pleural effusion, pneumothorax, pneumonia or pulmonary edema."
10010638,55178098,/mnt/c/Users/Zila/Downloads/BN5212/MIMIC-CXR/p10/p10/p10010638/s55178098.txt,Pneumonia,negative,negative,False,,"There is no pleural effusion, pneumothorax, pneumonia or pulmonary edema."
10010638,55178098,/mnt/c/Users/Zila/Downloads/BN5212/MIMIC-CXR/p10/p10/p10010638/s55178098.txt,Pulmonary edema,negative,negative,False,,"There is no pleural effusion, pneumothorax, pneumonia or pulmonary edema."
10010867,51163513,/mnt/c/Users/Zila/Downloads/BN5212/MIMIC-CXR/p10/p10/p10010867/s51163513.txt,Pneumonia,negative,negative,False,,"No pneumonia, no pulmonary edema, no pleural effusions."
10010867,51163513,/mnt/c/Users/Zila/Downloads/BN5212/MIMIC-CXR/p10/p10/p10010867/s51163513.txt,Pulmonary edema,negative,negative,False,,"No pneumonia, no pulmonary edema, no pleural effusions."
10010867,52247560,/mnt/c/Users/Zila/Downloads/BN5212/MIMIC-CXR/p10/p10/p10010867/s52247560.txt,Pleural effusion,negative,negative,False,,"In comparison to prior radiograph from earlier the same date, a right pleural catheter is been placed, with apparent resolution of right pleural effusion and no definite."
10010867,52872599,/mnt/c/Users/Zila/Downloads/BN5212/MIMIC-CXR/p10/p10/p10010867/s52872599.txt,Cardiomegaly,positive,positive,False,,"Moderate cardiomegaly developed after ___, is subsequently stable."
10010867,52872599,/mnt/c/Users/Zila/Downloads/BN5212/MIMIC-CXR/p10/p10/p10010867/s52872599.txt,Edema,uncertain,uncertain,True,,"Hazy opacification that has developed over much of the right lung is probably edema, although posteriorly layering pleural effusion might have the same visual impact."
10010867,52872599,/mnt/c/Users/Zila/Downloads/BN5212/MIMIC-CXR/p10/p10/p10010867/s52872599.txt,Pleural effusion,positive,positive,False,,"Hazy opacification that has developed over much of the right lung is probably edema, although posteriorly layering pleural effusion might have the same visual impact. | Right pleural effusion is at least small, increased since ___."
10010867,52975216,/mnt/c/Users/Zila/Downloads/BN5212/MIMIC-CXR/p10/p10/p10010867/s52975216.txt,Edema,positive,positive,False,,Edema or consolidation in the right lower lobe and likely small to moderate right pleural effusion have not improved.
10010867,52975216,/mnt/c/Users/Zila/Downloads/BN5212/MIMIC-CXR/p10/p10/p10010867/s52975216.txt,Pleural effusion,positive,positive,False,,Edema or consolidation in the right lower lobe and likely small to moderate right pleural effusion have not improved.
10010867,53658667,/mnt/c/Users/Zila/Downloads/BN5212/MIMIC-CXR/p10/p10/p10010867/s53658667.txt,Pleural effusion,negative,negative,False,,There remains no evidence of substantial pleural effusion or pneumothorax.
10010867,55614428,/mnt/c/Users/Zila/Downloads/BN5212/MIMIC-CXR/p10/p10/p10010867/s55614428.txt,Pleural effusion,positive,positive,False,,Right pleural effusion is small.
10010867,55759470,/mnt/c/Users/Zila/Downloads/BN5212/MIMIC-CXR/p10/p10/p10010867/s55759470.txt,Cardiomegaly,positive,positive,False,,"Moderate cardiomegaly unchanged, given low lung volumes."
10010867,55759470,/mnt/c/Users/Zila/Downloads/BN5212/MIMIC-CXR/p10/p10/p10010867/s55759470.txt,Pleural effusion,positive,positive,False,,Small to moderate left pleural effusion has increased.
10010867,55759470,/mnt/c/Users/Zila/Downloads/BN5212/MIMIC-CXR/p10/p10/p10010867/s55759470.txt,Pulmonary edema,positive,positive,False,,"Left lower lobe has collapsed again and pulmonary vascular engorgement has worsened appreciably, to the edge of pulmonary edema."
10010867,56754952,/mnt/c/Users/Zila/Downloads/BN5212/MIMIC-CXR/p10/p10/p10010867/s56754952.txt,Pleural effusion,positive,positive,False,,There is interval increase in right pleural effusion.
10010867,57260480,/mnt/c/Users/Zila/Downloads/BN5212/MIMIC-CXR/p10/p10/p10010867/s57260480.txt,Pleural effusion,positive,positive,False,,Layering right pleural effusion has apparently decreased in size as well as a small left pleural effusion.
10010867,57907439,/mnt/c/Users/Zila/Downloads/BN5212/MIMIC-CXR/p10/p10/p10010867/s57907439.txt,Pleural effusion,positive,positive,False,,Small pleural effusion is likely but unchanged.
10010867,57907439,/mnt/c/Users/Zila/Downloads/BN5212/MIMIC-CXR/p10/p10/p10010867/s57907439.txt,Pulmonary edema,negative,negative,False,,Previous mild pulmonary edema has resolved.
10010867,58830152,/mnt/c/Users/Zila/Downloads/BN5212/MIMIC-CXR/p10/p10/p10010867/s58830152.txt,Pleural effusion,negative,negative,False,,No appreciable increase in pleural effusion or development of pneumothorax is seen.
10010867,58830152,/mnt/c/Users/Zila/Downloads/BN5212/MIMIC-CXR/p10/p10/p10010867/s58830152.txt,Pneumonia,uncertain,uncertain,True,,Cardiomediastinal silhouette is unchanged but there is interval progression of left lung consolidation and right widening out that might be concerning for a combination of pulmonary edema and pneumonia.
10010867,58830152,/mnt/c/Users/Zila/Downloads/BN5212/MIMIC-CXR/p10/p10/p10010867/s58830152.txt,Pulmonary edema,uncertain,uncertain,True,,Cardiomediastinal silhouette is unchanged but there is interval progression of left lung consolidation and right widening out that might be concerning for a combination of pulmonary edema and pneumonia.
10010867,59036254,/mnt/c/Users/Zila/Downloads/BN5212/MIMIC-CXR/p10/p10/p10010867/s59036254.txt,Fluid overload,positive,positive,False,,Signs of mild central fluid overload persist.
10010867,59036254,/mnt/c/Users/Zila/Downloads/BN5212/MIMIC-CXR/p10/p10/p10010867/s59036254.txt,Pleural effusion,positive,positive,False,,Decrease of the pre-existing right pleural effusion.
10010867,59036254,/mnt/c/Users/Zila/Downloads/BN5212/MIMIC-CXR/p10/p10/p10010867/s59036254.txt,Pneumonia,negative,negative,False,,"No pneumonia, no atelectasis."
10010867,59155163,/mnt/c/Users/Zila/Downloads/BN5212/MIMIC-CXR/p10/p10/p10010867/s59155163.txt,Cardiomegaly,positive,positive,False,,Moderate cardiomegaly persists.
10010867,59155163,/mnt/c/Users/Zila/Downloads/BN5212/MIMIC-CXR/p10/p10/p10010867/s59155163.txt,Pleural effusion,positive,positive,False,,Unchanged right pleural effusion and left retrocardiac atelectasis P
10010867,59325322,/mnt/c/Users/Zila/Downloads/BN5212/MIMIC-CXR/p10/p10/p10010867/s59325322.txt,Pleural effusion,uncertain,uncertain,True,,"Minimal blunting of the right costophrenic angle could represent a small right pleural effusion, but is not significantly changed."
10010867,59851295,/mnt/c/Users/Zila/Downloads/BN5212/MIMIC-CXR/p10/p10/p10010867/s59851295.txt,Edema,uncertain,uncertain,True,,"Mild interstitial abnormality, is probably edema."
10010867,59851295,/mnt/c/Users/Zila/Downloads/BN5212/MIMIC-CXR/p10/p10/p10010867/s59851295.txt,Pleural effusion,positive,positive,False,,"Left pleural effusion is presumed, but not substantial."
10010920,52827646,/mnt/c/Users/Zila/Downloads/BN5212/MIMIC-CXR/p10/p10/p10010920/s52827646.txt,Pleural effusion,negative,negative,False,,There is no pleural effusion or pneumothorax.
10010961,54061694,/mnt/c/Users/Zila/Downloads/BN5212/MIMIC-CXR/p10/p10/p10010961/s54061694.txt,Pleural effusion,negative,negative,False,,"No focal consolidation, pleural effusion, or evidence of pneumothorax is seen. | Top normal cardiac silhouette without pleural effusion or pulmonary edema."
10010961,54061694,/mnt/c/Users/Zila/Downloads/BN5212/MIMIC-CXR/p10/p10/p10010961/s54061694.txt,Pulmonary edema,negative,negative,False,,No overt pulmonary edema is seen. | Top normal cardiac silhouette without pleural effusion or pulmonary edema.
10011126,56036651,/mnt/c/Users/Zila/Downloads/BN5212/MIMIC-CXR/p10/p10/p10011126/s56036651.txt,Pleural effusion,negative,negative,False,,"The lungs are otherwise clear without focal consolidation, pleural effusion, or pneumothorax."
10011126,58239923,/mnt/c/Users/Zila/Downloads/BN5212/MIMIC-CXR/p10/p10/p10011126/s58239923.txt,Pleural effusion,negative,negative,False,,"There is no focal consolidation, pleural effusion or pneumothorax."
10011169,52630873,/mnt/c/Users/Zila/Downloads/BN5212/MIMIC-CXR/p10/p10/p10011169/s52630873.txt,Pleural effusion,negative,negative,False,,No pleural effusion or pneumothorax is seen.
10011365,51117454,/mnt/c/Users/Zila/Downloads/BN5212/MIMIC-CXR/p10/p10/p10011365/s51117454.txt,Scoliosis,positive,positive,False,,Imaged osseous structures are intact with a scoliosis unchanged.
10011365,51830718,/mnt/c/Users/Zila/Downloads/BN5212/MIMIC-CXR/p10/p10/p10011365/s51830718.txt,Scoliosis,positive,positive,False,,Thoracolumbar S-shaped scoliosis is noted.
10011365,53459647,/mnt/c/Users/Zila/Downloads/BN5212/MIMIC-CXR/p10/p10/p10011365/s53459647.txt,Pneumonia,positive,positive,False,,Reflects improved component of pulmonary edema superimposed of multifocal pneumonia.
10011365,53459647,/mnt/c/Users/Zila/Downloads/BN5212/MIMIC-CXR/p10/p10/p10011365/s53459647.txt,Pulmonary edema,positive,positive,False,,Reflects improved component of pulmonary edema superimposed of multifocal pneumonia.
10011365,53459647,/mnt/c/Users/Zila/Downloads/BN5212/MIMIC-CXR/p10/p10/p10011365/s53459647.txt,Scoliosis,positive,positive,False,,There is severe S-shaped scoliosis.
10011365,53869555,/mnt/c/Users/Zila/Downloads/BN5212/MIMIC-CXR/p10/p10/p10011365/s53869555.txt,Pleural effusion,positive,positive,False,,More prominent right basilar opacity and adjacent right pleural effusion.
10011365,54847293,/mnt/c/Users/Zila/Downloads/BN5212/MIMIC-CXR/p10/p10/p10011365/s54847293.txt,Edema,positive,positive,False,,"Significant interval worsening of bilateral perihilar, lower lung opacities, with bronchovascular distribution, consider worsening pneumonia, aspiration or edema. | Significant interval worsening, consider worsening pneumonia, aspiration or edema."
10011365,54847293,/mnt/c/Users/Zila/Downloads/BN5212/MIMIC-CXR/p10/p10/p10011365/s54847293.txt,Pneumonia,positive,positive,False,,"Significant interval worsening of bilateral perihilar, lower lung opacities, with bronchovascular distribution, consider worsening pneumonia, aspiration or edema. | Significant interval worsening, consider worsening pneumonia, aspiration or edema."
10011365,56594284,/mnt/c/Users/Zila/Downloads/BN5212/MIMIC-CXR/p10/p10/p10011365/s56594284.txt,Pneumonia,negative,negative,False,,No vascular congestion or acute focal pneumonia.
10011365,56594284,/mnt/c/Users/Zila/Downloads/BN5212/MIMIC-CXR/p10/p10/p10011365/s56594284.txt,Scoliosis,positive,positive,False,,Cardiac silhouette is within normal limits and there is scoliosis of the thoracic spine convex to the right.
10011365,59058078,/mnt/c/Users/Zila/Downloads/BN5212/MIMIC-CXR/p10/p10/p10011365/s59058078.txt,Pleural effusion,negative,negative,False,,"There is continued elevation of the right hemidiaphragmatic contour, but no evidence of acute pneumonia, vascular congestion, or pleural effusion."
10011365,59058078,/mnt/c/Users/Zila/Downloads/BN5212/MIMIC-CXR/p10/p10/p10011365/s59058078.txt,Pneumonia,negative,negative,False,,"There is continued elevation of the right hemidiaphragmatic contour, but no evidence of acute pneumonia, vascular congestion, or pleural effusion."
10011365,59058078,/mnt/c/Users/Zila/Downloads/BN5212/MIMIC-CXR/p10/p10/p10011365/s59058078.txt,Scoliosis,positive,positive,False,,Scoliosis of the thoracic spine convex to the right
10011365,59373787,/mnt/c/Users/Zila/Downloads/BN5212/MIMIC-CXR/p10/p10/p10011365/s59373787.txt,Edema,positive,positive,False,,"Compared to chest radiographs from ___, there is increased vascular congestion with new mild interstitial edema."
10011365,59373787,/mnt/c/Users/Zila/Downloads/BN5212/MIMIC-CXR/p10/p10/p10011365/s59373787.txt,Pleural effusion,positive,positive,False,,Small right pleural effusion persists. | Increased small right pleural effusion.
10011365,59373787,/mnt/c/Users/Zila/Downloads/BN5212/MIMIC-CXR/p10/p10/p10011365/s59373787.txt,Pulmonary edema,positive,positive,False,,Increased central vascular congestion with new mild pulmonary edema.
10011365,59373787,/mnt/c/Users/Zila/Downloads/BN5212/MIMIC-CXR/p10/p10/p10011365/s59373787.txt,Scoliosis,positive,positive,False,,Prominent right convex scoliosis of the upper thoracic spine and left convex scoliosis of the lower thoracic spine.
10011365,59571128,/mnt/c/Users/Zila/Downloads/BN5212/MIMIC-CXR/p10/p10/p10011365/s59571128.txt,Cardiomegaly,positive,positive,False,,Mild cardiomegaly with a left ventricular predominance is re- demonstrated.
10011365,59571128,/mnt/c/Users/Zila/Downloads/BN5212/MIMIC-CXR/p10/p10/p10011365/s59571128.txt,Pleural effusion,negative,negative,False,,No pleural effusion or pneumothorax is detected.
10011365,59571128,/mnt/c/Users/Zila/Downloads/BN5212/MIMIC-CXR/p10/p10/p10011365/s59571128.txt,Scoliosis,positive,positive,False,,S-shaped rotary scoliosis of the thoracolumbar spine is again noted.
10011466,59469147,/mnt/c/Users/Zila/Downloads/BN5212/MIMIC-CXR/p10/p10/p10011466/s59469147.txt,Edema,negative,negative,False,,The lungs are clear without consolidation or edema.
10011466,59469147,/mnt/c/Users/Zila/Downloads/BN5212/MIMIC-CXR/p10/p10/p10011466/s59469147.txt,Pleural effusion,negative,negative,False,,There is no pleural effusion or pneumothorax.
10011607,50435883,/mnt/c/Users/Zila/Downloads/BN5212/MIMIC-CXR/p10/p10/p10011607/s50435883.txt,Loss of height,positive,positive,False,,Mild loss of height of a mid thoracic vertebral body is unchanged.
10011607,50435883,/mnt/c/Users/Zila/Downloads/BN5212/MIMIC-CXR/p10/p10/p10011607/s50435883.txt,Pleural effusion,negative,negative,False,,"No focal consolidation, pleural effusion or pneumothorax is detected."
10011607,52421847,/mnt/c/Users/Zila/Downloads/BN5212/MIMIC-CXR/p10/p10/p10011607/s52421847.txt,Pleural effusion,negative,negative,False,,"There is no pneumothorax, focal consolidation, or pleural effusion."
10011607,53989086,/mnt/c/Users/Zila/Downloads/BN5212/MIMIC-CXR/p10/p10/p10011607/s53989086.txt,Fractures,negative,negative,False,,No rib fractures are identified.
10011607,53989086,/mnt/c/Users/Zila/Downloads/BN5212/MIMIC-CXR/p10/p10/p10011607/s53989086.txt,Pleural effusion,negative,negative,False,,There is no pleural effusion or pneumothorax.
10011607,54323055,/mnt/c/Users/Zila/Downloads/BN5212/MIMIC-CXR/p10/p10/p10011607/s54323055.txt,Pleural effusion,negative,negative,False,,There is no pleural effusion or pneumothorax.
10011607,54471901,/mnt/c/Users/Zila/Downloads/BN5212/MIMIC-CXR/p10/p10/p10011607/s54471901.txt,Edema,positive,positive,False,,"Slight it interval increase in caliber of mediastinal veins is not accompanied by pulmonary vascular engorgement, edema, or pleural effusion."
10011607,54471901,/mnt/c/Users/Zila/Downloads/BN5212/MIMIC-CXR/p10/p10/p10011607/s54471901.txt,Pleural effusion,positive,positive,False,,"Slight it interval increase in caliber of mediastinal veins is not accompanied by pulmonary vascular engorgement, edema, or pleural effusion."
10011607,55814288,/mnt/c/Users/Zila/Downloads/BN5212/MIMIC-CXR/p10/p10/p10011607/s55814288.txt,Cardiomegaly,positive,positive,False,,Mild cardiomegaly and aortic tortuosity are unchanged since ___.
10011607,55850863,/mnt/c/Users/Zila/Downloads/BN5212/MIMIC-CXR/p10/p10/p10011607/s55850863.txt,Left heart failure,negative,negative,False,,"Azygous vein distension is present, with no evidence of left heart failure."
10011607,55850863,/mnt/c/Users/Zila/Downloads/BN5212/MIMIC-CXR/p10/p10/p10011607/s55850863.txt,Pleural effusion,negative,negative,False,,There is no evidence of pleural effusion or focal pneumonia.
10011607,55850863,/mnt/c/Users/Zila/Downloads/BN5212/MIMIC-CXR/p10/p10/p10011607/s55850863.txt,Pneumonia,negative,negative,False,,There is no evidence of pleural effusion or focal pneumonia.
10011607,56807530,/mnt/c/Users/Zila/Downloads/BN5212/MIMIC-CXR/p10/p10/p10011607/s56807530.txt,Edema,negative,negative,False,,No convincing signs of edema.
10011607,59358789,/mnt/c/Users/Zila/Downloads/BN5212/MIMIC-CXR/p10/p10/p10011607/s59358789.txt,Fractures,positive,positive,False,,"If concern for rib fractures persists, dedicated rib radiographs can be obtained."
10011607,59358789,/mnt/c/Users/Zila/Downloads/BN5212/MIMIC-CXR/p10/p10/p10011607/s59358789.txt,Pleural effusion,negative,negative,False,,There is no pleural effusion or pneumothorax.
10011668,50139454,/mnt/c/Users/Zila/Downloads/BN5212/MIMIC-CXR/p10/p10/p10011668/s50139454.txt,Heart failure,negative,negative,False,,"Stable radiographic appearance of the chest, with no evidence of congestive heart failure."
10011668,50539024,/mnt/c/Users/Zila/Downloads/BN5212/MIMIC-CXR/p10/p10/p10011668/s50539024.txt,Cardiomegaly,positive,positive,False,,Cardiomegaly is stable. | Stable cardiomegaly with interval decrease in pulmonary edema.
10011668,50539024,/mnt/c/Users/Zila/Downloads/BN5212/MIMIC-CXR/p10/p10/p10011668/s50539024.txt,Pleural effusion,negative,negative,False,,"No focal consolidation, pleural effusion, or pneumothorax is seen."
10011668,50539024,/mnt/c/Users/Zila/Downloads/BN5212/MIMIC-CXR/p10/p10/p10011668/s50539024.txt,Pulmonary edema,positive,positive,False,,"Compared to most recent prior exam, there has been interval improvement in pulmonary edema. | Stable cardiomegaly with interval decrease in pulmonary edema."
10011668,52123095,/mnt/c/Users/Zila/Downloads/BN5212/MIMIC-CXR/p10/p10/p10011668/s52123095.txt,Pneumonia,negative,negative,False,,"There is no evidence of parenchymal abnormalities, notably no evidence of pneumonia."
10011668,52123095,/mnt/c/Users/Zila/Downloads/BN5212/MIMIC-CXR/p10/p10/p10011668/s52123095.txt,Pulmonary edema,negative,negative,False,,Borderline size of the cardiac silhouette without evidence of pulmonary edema.
10011668,54026364,/mnt/c/Users/Zila/Downloads/BN5212/MIMIC-CXR/p10/p10/p10011668/s54026364.txt,Pleural effusion,negative,negative,False,,"No focal consolidation, pleural effusion, or evidence of pneumothorax is seen."
10011668,54026364,/mnt/c/Users/Zila/Downloads/BN5212/MIMIC-CXR/p10/p10/p10011668/s54026364.txt,Pulmonary edema,negative,negative,False,,There is no pulmonary edema.
10011668,56511682,/mnt/c/Users/Zila/Downloads/BN5212/MIMIC-CXR/p10/p10/p10011668/s56511682.txt,Pulmonary edema,negative,negative,False,,"Lungs remain well inflated without evidence of focal airspace consolidation, pleural effusions, pneumothorax, or pulmonary edema."
10011668,57069032,/mnt/c/Users/Zila/Downloads/BN5212/MIMIC-CXR/p10/p10/p10011668/s57069032.txt,Cardiomegaly,positive,positive,False,,Mild cardiomegaly with minimal central pulmonary vascular congestion.
10011668,57069032,/mnt/c/Users/Zila/Downloads/BN5212/MIMIC-CXR/p10/p10/p10011668/s57069032.txt,Pleural effusion,negative,negative,False,,"There is no appreciable lobar consolidation, pleural effusion, or pneumothorax."
10011668,57317530,/mnt/c/Users/Zila/Downloads/BN5212/MIMIC-CXR/p10/p10/p10011668/s57317530.txt,Aortic dissection,uncertain,uncertain,True,,"Please note that a normal chest radiograph does not exclude a dissection, and if, based on clinical condition, aortic dissection is suspected then CTA of the Chest can be obtained for assessment."
10011668,57317530,/mnt/c/Users/Zila/Downloads/BN5212/MIMIC-CXR/p10/p10/p10011668/s57317530.txt,Pleural effusion,negative,negative,False,,"Lungs are somewhat low lung in volume as before without focal consolidation, pleural effusion or pneumothorax."
10011855,56044033,/mnt/c/Users/Zila/Downloads/BN5212/MIMIC-CXR/p10/p10/p10011855/s56044033.txt,Pleural effusion,negative,negative,False,,There is no pleural effusion or pneumothorax.
10011855,56044033,/mnt/c/Users/Zila/Downloads/BN5212/MIMIC-CXR/p10/p10/p10011855/s56044033.txt,Pneumonia,negative,negative,False,,No pneumonia.
10011938,50109051,/mnt/c/Users/Zila/Downloads/BN5212/MIMIC-CXR/p10/p10/p10011938/s50109051.txt,Pleural effusion,negative,negative,False,,No large pleural effusion or evidence of pneumothorax is seen.
10011938,50109051,/mnt/c/Users/Zila/Downloads/BN5212/MIMIC-CXR/p10/p10/p10011938/s50109051.txt,Pulmonary edema,negative,negative,False,,Slight prominence of the hila suggest pulmonary vascular engorgement without overt pulmonary edema.
10011938,51900145,/mnt/c/Users/Zila/Downloads/BN5212/MIMIC-CXR/p10/p10/p10011938/s51900145.txt,Pulmonary edema,uncertain,uncertain,True,,"There is again seen mild prominence of the pulmonary interstitial markings suggestive of pulmonary edema, stable."
10011938,54202121,/mnt/c/Users/Zila/Downloads/BN5212/MIMIC-CXR/p10/p10/p10011938/s54202121.txt,Pulmonary edema,positive,positive,False,,There is unchanged prominence of the pulmonary interstitial markings consistent with mild pulmonary edema.
10011938,55823081,/mnt/c/Users/Zila/Downloads/BN5212/MIMIC-CXR/p10/p10/p10011938/s55823081.txt,Cardiomegaly,positive,positive,False,,"There is mild cardiomegaly with increased pulmonary interstitial markings and pulmonary vascular congestion, consistent with interstitial pulmonary edema."
10011938,55823081,/mnt/c/Users/Zila/Downloads/BN5212/MIMIC-CXR/p10/p10/p10011938/s55823081.txt,Pulmonary edema,positive,positive,False,,"There is mild cardiomegaly with increased pulmonary interstitial markings and pulmonary vascular congestion, consistent with interstitial pulmonary edema. | Findings consistent with interstitial pulmonary edema."
10011938,56362279,/mnt/c/Users/Zila/Downloads/BN5212/MIMIC-CXR/p10/p10/p10011938/s56362279.txt,Cardiomegaly,positive,positive,False,,Mediastinum: There is cardiomegaly and unfolding of the thoracic aorta.
10011938,56362279,/mnt/c/Users/Zila/Downloads/BN5212/MIMIC-CXR/p10/p10/p10011938/s56362279.txt,Pleural effusion,negative,negative,False,,Pleura: There is no pleural effusion or pneumothorax
10011938,56362279,/mnt/c/Users/Zila/Downloads/BN5212/MIMIC-CXR/p10/p10/p10011938/s56362279.txt,Pulmonary edema,positive,positive,False,,Increased interstitial markings and haziness in bilateral mid and lower zones likely a combination of interstitial process with underlying pulmonary edema.
10012261,50349409,/mnt/c/Users/Zila/Downloads/BN5212/MIMIC-CXR/p10/p10/p10012261/s50349409.txt,Pleural effusion,negative,negative,False,,No pleural effusion.
10012261,50448244,/mnt/c/Users/Zila/Downloads/BN5212/MIMIC-CXR/p10/p10/p10012261/s50448244.txt,Pulmonary edema,negative,negative,False,,No pulmonary edema.
10012261,51684817,/mnt/c/Users/Zila/Downloads/BN5212/MIMIC-CXR/p10/p10/p10012261/s51684817.txt,Pneumonia,positive,positive,False,,"Continued opacification at the left base, worrisome for pneumonia."
10012261,52477504,/mnt/c/Users/Zila/Downloads/BN5212/MIMIC-CXR/p10/p10/p10012261/s52477504.txt,Edema,negative,negative,False,,"No pleural effusion, pneumothorax, or edema."
10012261,52477504,/mnt/c/Users/Zila/Downloads/BN5212/MIMIC-CXR/p10/p10/p10012261/s52477504.txt,Pleural effusion,negative,negative,False,,"No pleural effusion, pneumothorax, or edema."
10012261,52687681,/mnt/c/Users/Zila/Downloads/BN5212/MIMIC-CXR/p10/p10/p10012261/s52687681.txt,Pneumonia,positive,positive,False,,"In comparison with the study of ___, there has been some clearing of the left lower lobe pneumonia with a small residual."
10012261,53728467,/mnt/c/Users/Zila/Downloads/BN5212/MIMIC-CXR/p10/p10/p10012261/s53728467.txt,Pneumonia,uncertain,uncertain,True,,Interval development of right lower lobe opacities concerning for pneumonia. | Residual opacity in the left lung base is slightly decreased from prior though may represent persistent pneumonia or aspiration. | Interval development of right lower lobe consolidation concerning for pneumonia. | Persistent though decreased opacity in the left lung base may represent residual pneumonia/aspiration.
10012261,55038624,/mnt/c/Users/Zila/Downloads/BN5212/MIMIC-CXR/p10/p10/p10012261/s55038624.txt,Pleural effusion,positive,positive,False,,Small left pleural effusion is presumed.
10012261,55299155,/mnt/c/Users/Zila/Downloads/BN5212/MIMIC-CXR/p10/p10/p10012261/s55299155.txt,Pleural effusion,negative,negative,False,,"However, no evidence of acute pneumonia, vascular congestion, or pleural effusion."
10012261,55299155,/mnt/c/Users/Zila/Downloads/BN5212/MIMIC-CXR/p10/p10/p10012261/s55299155.txt,Pneumonia,negative,negative,False,,"However, no evidence of acute pneumonia, vascular congestion, or pleural effusion."
10012261,55316892,/mnt/c/Users/Zila/Downloads/BN5212/MIMIC-CXR/p10/p10/p10012261/s55316892.txt,Pulmonary edema,negative,negative,False,,No pulmonary edema.
10012261,55883299,/mnt/c/Users/Zila/Downloads/BN5212/MIMIC-CXR/p10/p10/p10012261/s55883299.txt,Edema,positive,positive,False,,"There is upper lobe oligemia; however, the CT of ___ did not show the edema."
10012261,55883299,/mnt/c/Users/Zila/Downloads/BN5212/MIMIC-CXR/p10/p10/p10012261/s55883299.txt,Pleural effusion,negative,negative,False,,There is no pleural effusion or pneumothorax.
10012261,55883299,/mnt/c/Users/Zila/Downloads/BN5212/MIMIC-CXR/p10/p10/p10012261/s55883299.txt,Pneumonia,positive,positive,False,,New right lower lobe consolidation is consistent with pneumonia.
10012261,56872341,/mnt/c/Users/Zila/Downloads/BN5212/MIMIC-CXR/p10/p10/p10012261/s56872341.txt,Pneumonia,uncertain,uncertain,True,,"There is persistence of the right medial opacity, concerning for pneumonia. | Persistence of the right medial opacity since ___ is concerning for pneumonia."
10012261,56872341,/mnt/c/Users/Zila/Downloads/BN5212/MIMIC-CXR/p10/p10/p10012261/s56872341.txt,Pulmonary edema,negative,negative,False,,There is no pneumothorax or pulmonary edema.
10012261,56984106,/mnt/c/Users/Zila/Downloads/BN5212/MIMIC-CXR/p10/p10/p10012261/s56984106.txt,Pulmonary edema,negative,negative,False,,No pulmonary edema or pneumothorax.
10012261,57578434,/mnt/c/Users/Zila/Downloads/BN5212/MIMIC-CXR/p10/p10/p10012261/s57578434.txt,Pleural effusion,uncertain,uncertain,True,,"The left hemidiaphragmatic contour is not sharply seen, suggesting that some of this may represent layering pleural effusion in addition to areas of recurrent aspiration."
10012261,58270659,/mnt/c/Users/Zila/Downloads/BN5212/MIMIC-CXR/p10/p10/p10012261/s58270659.txt,Pleural effusion,negative,negative,False,,There is no pneumothorax or pleural effusion.
10012261,58270659,/mnt/c/Users/Zila/Downloads/BN5212/MIMIC-CXR/p10/p10/p10012261/s58270659.txt,Pneumonia,positive,positive,False,,A left lower lobe pneumonia seen better on most recent chest CT is severe. | Left lower lobe pneumonia better seen on chest CT from ___.
10012292,50854114,/mnt/c/Users/Zila/Downloads/BN5212/MIMIC-CXR/p10/p10/p10012292/s50854114.txt,Pneumonia,positive,positive,False,,"In comparison with the study of ___, there has been effective clearing of the right upper lobe pneumonia."
10012292,51979091,/mnt/c/Users/Zila/Downloads/BN5212/MIMIC-CXR/p10/p10/p10012292/s51979091.txt,Pleural effusion,positive,positive,False,,Bilateral moderate pleural effusion with compressive atelectasis is unchanged.
10012292,51979091,/mnt/c/Users/Zila/Downloads/BN5212/MIMIC-CXR/p10/p10/p10012292/s51979091.txt,Pulmonary edema,positive,positive,False,,Pulmonary edema is mild to moderate.
10012292,52500232,/mnt/c/Users/Zila/Downloads/BN5212/MIMIC-CXR/p10/p10/p10012292/s52500232.txt,Pneumonia,positive,positive,False,,The possibility of supervening pneumonia would have to be considered in the appropriate clinical setting.
10012292,53627836,/mnt/c/Users/Zila/Downloads/BN5212/MIMIC-CXR/p10/p10/p10012292/s53627836.txt,Pneumonia,positive,positive,False,,Bibasilar opacities compatible with pneumonia in the proper clinical setting.
10012292,57676120,/mnt/c/Users/Zila/Downloads/BN5212/MIMIC-CXR/p10/p10/p10012292/s57676120.txt,Cardiomegaly,positive,positive,False,,"Again seen is moderate cardiomegaly, unchanged from prior exam."
10012292,57676120,/mnt/c/Users/Zila/Downloads/BN5212/MIMIC-CXR/p10/p10/p10012292/s57676120.txt,Pleural effusion,negative,negative,False,,"There is no pneumothorax, or pleural effusion."
10012292,57676120,/mnt/c/Users/Zila/Downloads/BN5212/MIMIC-CXR/p10/p10/p10012292/s57676120.txt,Pulmonary edema,positive,positive,False,,There is prominence of interstitial pulmonary vasculature and cephalization of vessels consistent with pulmonary edema. | Findings suggesting mild pulmonary edema.
10012438,52832573,/mnt/c/Users/Zila/Downloads/BN5212/MIMIC-CXR/p10/p10/p10012438/s52832573.txt,Pleural effusion,negative,negative,False,,No pleural effusion or pneumothorax is seen.
10012498,55812956,/mnt/c/Users/Zila/Downloads/BN5212/MIMIC-CXR/p10/p10/p10012498/s55812956.txt,Pneumonia,positive,positive,False,,Left lower lobe consolidation compatible with pneumonia.
10012569,56578283,/mnt/c/Users/Zila/Downloads/BN5212/MIMIC-CXR/p10/p10/p10012569/s56578283.txt,Pleural effusion,negative,negative,False,,No pleural effusion or pneumothorax is present.
10012768,55247703,/mnt/c/Users/Zila/Downloads/BN5212/MIMIC-CXR/p10/p10/p10012768/s55247703.txt,Pneumonia,negative,negative,False,,No developing airspace consolidation is seen to suggest pneumonia.
10012768,55247703,/mnt/c/Users/Zila/Downloads/BN5212/MIMIC-CXR/p10/p10/p10012768/s55247703.txt,Pulmonary edema,negative,negative,False,,No pulmonary edema.
10012768,58861095,/mnt/c/Users/Zila/Downloads/BN5212/MIMIC-CXR/p10/p10/p10012768/s58861095.txt,Pleural effusion,positive,positive,False,,Very small right subpulmonic pleural effusion may still be present.
10012853,50200959,/mnt/c/Users/Zila/Downloads/BN5212/MIMIC-CXR/p10/p10/p10012853/s50200959.txt,Cardiomegaly,positive,positive,False,,Moderate cardiomegaly is increased.
10012853,50200959,/mnt/c/Users/Zila/Downloads/BN5212/MIMIC-CXR/p10/p10/p10012853/s50200959.txt,Edema,positive,positive,False,,"Since ___, moderate pulmonary congestion and mild interstitial edema is increased, moderate right pleural effusion is new, and moderate left basilar opacities are seen, likely representing atelectasis. | Moderate pulmonary congestion and mild interstitial edema is increased, moderate right pleural effusion is new, and moderate left basilar atelectasis is increased since ___, consistent with acute CHF exacerbation."
10012853,50200959,/mnt/c/Users/Zila/Downloads/BN5212/MIMIC-CXR/p10/p10/p10012853/s50200959.txt,Goiter,positive,positive,False,,"Large goiter displacing the trachea to the right and moderately narrowing at at the thoracic inlet is chronic. | Large goiter, unchanged."
10012853,50200959,/mnt/c/Users/Zila/Downloads/BN5212/MIMIC-CXR/p10/p10/p10012853/s50200959.txt,Pleural effusion,positive,positive,False,,"Since ___, moderate pulmonary congestion and mild interstitial edema is increased, moderate right pleural effusion is new, and moderate left basilar opacities are seen, likely representing atelectasis. | Moderate pulmonary congestion and mild interstitial edema is increased, moderate right pleural effusion is new, and moderate left basilar atelectasis is increased since ___, consistent with acute CHF exacerbation."
10012853,53243235,/mnt/c/Users/Zila/Downloads/BN5212/MIMIC-CXR/p10/p10/p10012853/s53243235.txt,Pulmonary edema,positive,positive,False,,"There are diffuse bilateral opacities with perihilar distribution and more prominent in the lower zone, consistent with moderate-to-severe pulmonary edema. | The degree of pulmonary edema limits assessment for focal consolidation. | Moderate-to-severe pulmonary edema and moderate bilateral pleural effusions."
10012853,58181999,/mnt/c/Users/Zila/Downloads/BN5212/MIMIC-CXR/p10/p10/p10012853/s58181999.txt,Cardiomegaly,positive,positive,False,,There continues to be pulmonary vascular redistribution and moderate to severe cardiomegaly
10012853,58181999,/mnt/c/Users/Zila/Downloads/BN5212/MIMIC-CXR/p10/p10/p10012853/s58181999.txt,Pulmonary edema,positive,positive,False,,Improvement in fluid status both pulmonary edema persist.
10012853,58569460,/mnt/c/Users/Zila/Downloads/BN5212/MIMIC-CXR/p10/p10/p10012853/s58569460.txt,Pleural effusion,negative,negative,False,,No pleural effusion or pneumothorax is seen.
10013324,51191158,/mnt/c/Users/Zila/Downloads/BN5212/MIMIC-CXR/p10/p10/p10013324/s51191158.txt,Cortical,positive,positive,False,,Minimal cortical step-off within the lower sternum is suspicious for a minimally displaced sternal fracture. | Minimal cortical step-off involving the lower sternum is suspicious for a minimally displaced sternal fracture.
10013324,51191158,/mnt/c/Users/Zila/Downloads/BN5212/MIMIC-CXR/p10/p10/p10013324/s51191158.txt,Pleural effusion,negative,negative,False,,"No focal consolidation, pleural effusion or pneumothorax is demonstrated."
10013502,59527128,/mnt/c/Users/Zila/Downloads/BN5212/MIMIC-CXR/p10/p10/p10013502/s59527128.txt,Pneumonia,negative,negative,False,,"No parenchymal abnormality, in particular no evidence of pneumonia."
10013502,59527128,/mnt/c/Users/Zila/Downloads/BN5212/MIMIC-CXR/p10/p10/p10013502/s59527128.txt,Pulmonary edema,negative,negative,False,,Borderline size of the cardiac silhouette without pulmonary edema.
10013569,52553082,/mnt/c/Users/Zila/Downloads/BN5212/MIMIC-CXR/p10/p10/p10013569/s52553082.txt,Pneumonia,negative,negative,False,,No focal airspace consolidation is seen to suggest pneumonia.
10013569,52553082,/mnt/c/Users/Zila/Downloads/BN5212/MIMIC-CXR/p10/p10/p10013569/s52553082.txt,Pulmonary edema,positive,positive,False,,There has been some interval improvement in but there is persistent mild pulmonary edema.
10013569,56120093,/mnt/c/Users/Zila/Downloads/BN5212/MIMIC-CXR/p10/p10/p10013569/s56120093.txt,Cardiomegaly,positive,positive,False,,"Substantial right basal atelectasis persists, moderate cardiomegaly and pulmonary vascular engorgement unchanged."
10013569,56120093,/mnt/c/Users/Zila/Downloads/BN5212/MIMIC-CXR/p10/p10/p10013569/s56120093.txt,Pleural effusion,positive,positive,False,,"Right pleural effusion, minimal if any."
10013569,57151026,/mnt/c/Users/Zila/Downloads/BN5212/MIMIC-CXR/p10/p10/p10013569/s57151026.txt,Pleural effusion,positive,positive,False,,Portable AP chest radiograph demonstrates a large right-sided pleural effusion with associated basilar atelectasis. | Enlarging right pleural effusion without pulmonary edema.
10013569,57151026,/mnt/c/Users/Zila/Downloads/BN5212/MIMIC-CXR/p10/p10/p10013569/s57151026.txt,Pulmonary edema,negative,negative,False,,There is no pulmonary edema. | Enlarging right pleural effusion without pulmonary edema.
10013569,57874790,/mnt/c/Users/Zila/Downloads/BN5212/MIMIC-CXR/p10/p10/p10013569/s57874790.txt,Pleural effusion,positive,positive,False,,"As compared to previous radiograph, the right pleural effusion has decreased in extent and is now minimal."
10013643,52222477,/mnt/c/Users/Zila/Downloads/BN5212/MIMIC-CXR/p10/p10/p10013643/s52222477.txt,Pulmonary edema,negative,negative,False,,No pulmonary edema.
10013643,52512677,/mnt/c/Users/Zila/Downloads/BN5212/MIMIC-CXR/p10/p10/p10013643/s52512677.txt,Pleural effusion,negative,negative,False,,"No pneumothorax, focal consolidation, pulmonary edema, or pleural effusion."
10013643,52512677,/mnt/c/Users/Zila/Downloads/BN5212/MIMIC-CXR/p10/p10/p10013643/s52512677.txt,Pulmonary edema,negative,negative,False,,"No pneumothorax, focal consolidation, pulmonary edema, or pleural effusion."
10013643,52512677,/mnt/c/Users/Zila/Downloads/BN5212/MIMIC-CXR/p10/p10/p10013643/s52512677.txt,Scoliosis,positive,positive,False,,Stable scoliosis.
10013643,53841005,/mnt/c/Users/Zila/Downloads/BN5212/MIMIC-CXR/p10/p10/p10013643/s53841005.txt,Cardiomegaly,positive,positive,False,,"Allowing for these limitations: Compared with the previous exam there appears to be worsening cardiomegaly, which now is moderate to severe allowing for limitations of this AP view. | In the setting of worsening cardiomegaly compared with ___, there is minimal interstitial pulmonary edema and bilateral pleural effusions, left worse than right."
10013643,53841005,/mnt/c/Users/Zila/Downloads/BN5212/MIMIC-CXR/p10/p10/p10013643/s53841005.txt,Edema,positive,positive,False,,Minimal interstitial edema is present.
10013643,53841005,/mnt/c/Users/Zila/Downloads/BN5212/MIMIC-CXR/p10/p10/p10013643/s53841005.txt,Pulmonary edema,positive,positive,False,,"In the setting of worsening cardiomegaly compared with ___, there is minimal interstitial pulmonary edema and bilateral pleural effusions, left worse than right."
10013643,58230749,/mnt/c/Users/Zila/Downloads/BN5212/MIMIC-CXR/p10/p10/p10013643/s58230749.txt,Pulmonary edema,negative,negative,False,,No pulmonary edema.
10013643,58785837,/mnt/c/Users/Zila/Downloads/BN5212/MIMIC-CXR/p10/p10/p10013643/s58785837.txt,Cardiomegaly,positive,positive,False,,"ALLOWING FOR DIFFERENCES IN PROJECTION, MILD TO MODERATE CARDIOMEGALY IS UNCHANGED."
10013643,58785837,/mnt/c/Users/Zila/Downloads/BN5212/MIMIC-CXR/p10/p10/p10013643/s58785837.txt,Pulmonary edema,negative,negative,False,,"SINCE ___, PREVIOUS MILD PULMONARY EDEMA HAS RESOLVED. | PREVIOUS MILD PULMONARY EDEMA RESOLVED."
10013653,50370108,/mnt/c/Users/Zila/Downloads/BN5212/MIMIC-CXR/p10/p10/p10013653/s50370108.txt,Pneumonia,positive,positive,False,,Findings may relate to multifocal pneumonia as previously suspected; however superimposed pulmonary edema could also be present.
10013653,50370108,/mnt/c/Users/Zila/Downloads/BN5212/MIMIC-CXR/p10/p10/p10013653/s50370108.txt,Pulmonary edema,positive,positive,False,,Findings may relate to multifocal pneumonia as previously suspected; however superimposed pulmonary edema could also be present.
10013653,53212555,/mnt/c/Users/Zila/Downloads/BN5212/MIMIC-CXR/p10/p10/p10013653/s53212555.txt,Pleural effusion,positive,positive,False,,The left pleural effusion is overall similar to the chest CT on ___ and chest radiograph on ___. | Small right pleural effusion is overall unchanged.
10013653,53383585,/mnt/c/Users/Zila/Downloads/BN5212/MIMIC-CXR/p10/p10/p10013653/s53383585.txt,Pleural effusion,negative,negative,False,,"There is no focal consolidation, pleural effusion, pneumothorax, or pulmonary edema."
10013653,53383585,/mnt/c/Users/Zila/Downloads/BN5212/MIMIC-CXR/p10/p10/p10013653/s53383585.txt,Pulmonary edema,negative,negative,False,,"There is no focal consolidation, pleural effusion, pneumothorax, or pulmonary edema."
10013653,53718217,/mnt/c/Users/Zila/Downloads/BN5212/MIMIC-CXR/p10/p10/p10013653/s53718217.txt,Cardiomegaly,positive,positive,False,,Mild cardiomegaly is chronic.
10013653,53718217,/mnt/c/Users/Zila/Downloads/BN5212/MIMIC-CXR/p10/p10/p10013653/s53718217.txt,Pleural effusion,negative,negative,False,,There is no appreciable pleural effusion or evidence of pneumothorax on either side of the chest.
10013653,53718217,/mnt/c/Users/Zila/Downloads/BN5212/MIMIC-CXR/p10/p10/p10013653/s53718217.txt,Pulmonary edema,uncertain,uncertain,True,,"Further has been some improvement in generalized interstitial abnormality during the course of the day, probably a reflection of diuresis and improvement in a component of pulmonary edema."
10013653,53718217,/mnt/c/Users/Zila/Downloads/BN5212/MIMIC-CXR/p10/p10/p10013653/s53718217.txt,Pulmonary fibrosis,positive,positive,False,,Severe pulmonary fibrosis has been worsening since ___ responsible for progressively lower lung volumes.
10013653,54266127,/mnt/c/Users/Zila/Downloads/BN5212/MIMIC-CXR/p10/p10/p10013653/s54266127.txt,Emphysema,positive,positive,False,,There is persistent increased interstitial markings and evidence of upper lobe predominant emphysema.
10013653,54266127,/mnt/c/Users/Zila/Downloads/BN5212/MIMIC-CXR/p10/p10/p10013653/s54266127.txt,Pneumonia,positive,positive,False,,"Interval development of multiple bilateral airspace opacities, compatible with multifocal pneumonia."
10013653,55563991,/mnt/c/Users/Zila/Downloads/BN5212/MIMIC-CXR/p10/p10/p10013653/s55563991.txt,Cardiomegaly,positive,positive,False,,"Cardiomegaly, bilateral small pleural effusions and diffuse interstitial lung marking prominence as well as prominence of upper lobe vessels compatible with pulmonary edema."
10013653,55563991,/mnt/c/Users/Zila/Downloads/BN5212/MIMIC-CXR/p10/p10/p10013653/s55563991.txt,Pneumonia,positive,positive,False,,New left lower zone opacity with elevation of the left hemidiaphragm likely atelectasis and/or pneumonia in the right clinical setting.
10013653,55563991,/mnt/c/Users/Zila/Downloads/BN5212/MIMIC-CXR/p10/p10/p10013653/s55563991.txt,Pulmonary edema,positive,positive,False,,"Diffuse prominence of lung vasculature within upper zone predominance and prominence of interstitial markings likely represents pulmonary edema. | Cardiomegaly, bilateral small pleural effusions and diffuse interstitial lung marking prominence as well as prominence of upper lobe vessels compatible with pulmonary edema."
10013653,56172765,/mnt/c/Users/Zila/Downloads/BN5212/MIMIC-CXR/p10/p10/p10013653/s56172765.txt,Cardiomegaly,positive,positive,False,,"Cardiomegaly is substantial, minimally progressed since the prior study."
10013653,56172765,/mnt/c/Users/Zila/Downloads/BN5212/MIMIC-CXR/p10/p10/p10013653/s56172765.txt,Pulmonary edema,positive,positive,False,,There is interstitial progression as compared to the previous imaging that might potentially represent progression of the known interstitial lung disease but most likely superimposed interstitial pulmonary edema is a diagnosis.
10013653,56765058,/mnt/c/Users/Zila/Downloads/BN5212/MIMIC-CXR/p10/p10/p10013653/s56765058.txt,Emphysema,positive,positive,False,,Emphysema.
10013653,56765058,/mnt/c/Users/Zila/Downloads/BN5212/MIMIC-CXR/p10/p10/p10013653/s56765058.txt,Pleural effusion,negative,negative,False,,"No new focal consolidation, pleural effusion or pneumothorax is seen."
10013653,56765058,/mnt/c/Users/Zila/Downloads/BN5212/MIMIC-CXR/p10/p10/p10013653/s56765058.txt,Pneumonia,negative,negative,False,,No acute cardiopulmonary abnormality including no evidence of pneumonia.
10013653,57456069,/mnt/c/Users/Zila/Downloads/BN5212/MIMIC-CXR/p10/p10/p10013653/s57456069.txt,Pneumonia,negative,negative,False,,No evidence of pneumonia and no pulmonary edema.
10013653,57456069,/mnt/c/Users/Zila/Downloads/BN5212/MIMIC-CXR/p10/p10/p10013653/s57456069.txt,Pulmonary edema,negative,negative,False,,No evidence of pneumonia and no pulmonary edema.
10013653,58257691,/mnt/c/Users/Zila/Downloads/BN5212/MIMIC-CXR/p10/p10/p10013653/s58257691.txt,Pleural effusion,positive,positive,False,,"Lung volumes are lower, interstitial abnormality more pronounced, and small left pleural effusion has recurred."
10013653,58257691,/mnt/c/Users/Zila/Downloads/BN5212/MIMIC-CXR/p10/p10/p10013653/s58257691.txt,Pulmonary fibrosis,positive,positive,False,,Overall findings suggest a component of cardiac decompensation in addition to extensive pulmonary fibrosis.
10013653,59887647,/mnt/c/Users/Zila/Downloads/BN5212/MIMIC-CXR/p10/p10/p10013653/s59887647.txt,Pleural effusion,positive,positive,False,,Left-sided pleural effusion is again seen.
10013653,59887647,/mnt/c/Users/Zila/Downloads/BN5212/MIMIC-CXR/p10/p10/p10013653/s59887647.txt,Pulmonary edema,positive,positive,False,,There has been mild improvement of the pulmonary edema.
10013866,56834987,/mnt/c/Users/Zila/Downloads/BN5212/MIMIC-CXR/p10/p10/p10013866/s56834987.txt,Pleural effusion,negative,negative,False,,There is no pleural effusion or pneumothorax.
10014309,50151008,/mnt/c/Users/Zila/Downloads/BN5212/MIMIC-CXR/p10/p10/p10014309/s50151008.txt,Pleural effusion,negative,negative,False,,No pleural effusion or pneumothorax is demonstrated.
10014354,55291283,/mnt/c/Users/Zila/Downloads/BN5212/MIMIC-CXR/p10/p10/p10014354/s55291283.txt,Pleural effusion,negative,negative,False,,"There is no focal consolidation, pleural effusion, or pneumothorax."
10014354,56187971,/mnt/c/Users/Zila/Downloads/BN5212/MIMIC-CXR/p10/p10/p10014354/s56187971.txt,Pleural effusion,negative,negative,False,,"There is no focal consolidation, pleural effusion or pneumothorax."
10014354,59818531,/mnt/c/Users/Zila/Downloads/BN5212/MIMIC-CXR/p10/p10/p10014354/s59818531.txt,Pleural effusion,negative,negative,False,,There is no pulmonary edema or pleural effusion.
10014354,59818531,/mnt/c/Users/Zila/Downloads/BN5212/MIMIC-CXR/p10/p10/p10014354/s59818531.txt,Pulmonary edema,negative,negative,False,,There is no pulmonary edema or pleural effusion.
10014378,55557761,/mnt/c/Users/Zila/Downloads/BN5212/MIMIC-CXR/p10/p10/p10014378/s55557761.txt,Pleural effusion,negative,negative,False,,"There is no focal consolidation, pleural effusion or pneumothorax."
10014532,59161733,/mnt/c/Users/Zila/Downloads/BN5212/MIMIC-CXR/p10/p10/p10014532/s59161733.txt,Edema,negative,negative,False,,"Specifically, no evidence of edema."
10014532,59161733,/mnt/c/Users/Zila/Downloads/BN5212/MIMIC-CXR/p10/p10/p10014532/s59161733.txt,Pleural effusion,negative,negative,False,,There is no pleural effusion or pneumothorax.
10014577,59603171,/mnt/c/Users/Zila/Downloads/BN5212/MIMIC-CXR/p10/p10/p10014577/s59603171.txt,Pneumonia,negative,negative,False,,"No evidence of acute lung disease, in particular no evidence of pneumonia or pulmonary edema."
10014577,59603171,/mnt/c/Users/Zila/Downloads/BN5212/MIMIC-CXR/p10/p10/p10014577/s59603171.txt,Pulmonary edema,negative,negative,False,,"No evidence of acute lung disease, in particular no evidence of pneumonia or pulmonary edema."
10014610,52971110,/mnt/c/Users/Zila/Downloads/BN5212/MIMIC-CXR/p10/p10/p10014610/s52971110.txt,Pleural effusion,negative,negative,False,,No pleural effusion or pneumothorax is seen.
10014610,52971110,/mnt/c/Users/Zila/Downloads/BN5212/MIMIC-CXR/p10/p10/p10014610/s52971110.txt,Pneumonia,negative,negative,False,,No focal consolidation to suggest pneumonia.
10014610,54251554,/mnt/c/Users/Zila/Downloads/BN5212/MIMIC-CXR/p10/p10/p10014610/s54251554.txt,Pleural effusion,negative,negative,False,,There is no pleural effusion.
10014610,54331589,/mnt/c/Users/Zila/Downloads/BN5212/MIMIC-CXR/p10/p10/p10014610/s54331589.txt,Cardiomegaly,positive,positive,False,,Moderate postoperative cardiomegaly.
10014610,54331589,/mnt/c/Users/Zila/Downloads/BN5212/MIMIC-CXR/p10/p10/p10014610/s54331589.txt,Pulmonary edema,positive,positive,False,,Mild to moderate pulmonary edema is present.
10014610,54899084,/mnt/c/Users/Zila/Downloads/BN5212/MIMIC-CXR/p10/p10/p10014610/s54899084.txt,Cardiomegaly,positive,positive,False,,Severe cardiomegaly is a stable.
10014610,54899084,/mnt/c/Users/Zila/Downloads/BN5212/MIMIC-CXR/p10/p10/p10014610/s54899084.txt,Pleural effusion,positive,positive,False,,Left pleural effusion has decreased.
10014610,55477990,/mnt/c/Users/Zila/Downloads/BN5212/MIMIC-CXR/p10/p10/p10014610/s55477990.txt,Cardiomegaly,positive,positive,False,,Severe cardiomegaly is unchanged.
10014610,55477990,/mnt/c/Users/Zila/Downloads/BN5212/MIMIC-CXR/p10/p10/p10014610/s55477990.txt,Pleural effusion,negative,negative,False,,"There is no pulmonary edema, pleural effusion or pneumothorax."
10014610,55477990,/mnt/c/Users/Zila/Downloads/BN5212/MIMIC-CXR/p10/p10/p10014610/s55477990.txt,Pulmonary edema,negative,negative,False,,"There is no pulmonary edema, pleural effusion or pneumothorax."
10014610,57344954,/mnt/c/Users/Zila/Downloads/BN5212/MIMIC-CXR/p10/p10/p10014610/s57344954.txt,Cardiomegaly,positive,positive,False,,Stable moderate postoperative cardiomegaly.
10014610,59565048,/mnt/c/Users/Zila/Downloads/BN5212/MIMIC-CXR/p10/p10/p10014610/s59565048.txt,Pleural effusion,negative,negative,False,,"No focal consolidation, pleural effusion or pneumothorax."
10014729,51377970,/mnt/c/Users/Zila/Downloads/BN5212/MIMIC-CXR/p10/p10/p10014729/s51377970.txt,Pleural effusion,positive,positive,False,,Small residual pleural effusion with a left pleural pigtail drain in place.
10014729,51377970,/mnt/c/Users/Zila/Downloads/BN5212/MIMIC-CXR/p10/p10/p10014729/s51377970.txt,Pulmonary edema,positive,positive,False,,Pulmonary vascular congestion within the left lung likely represents a component of reexpansion pulmonary edema.
10014729,52149569,/mnt/c/Users/Zila/Downloads/BN5212/MIMIC-CXR/p10/p10/p10014729/s52149569.txt,Edema,positive,positive,False,,"Mild interstitial edema involves the left lung to a greater degree than the right, and note is also made of atelectasis in the left retrocardiac region as well as subcutaneous emphysema in the left chest wall."
10014729,52149569,/mnt/c/Users/Zila/Downloads/BN5212/MIMIC-CXR/p10/p10/p10014729/s52149569.txt,Emphysema,positive,positive,False,,"Mild interstitial edema involves the left lung to a greater degree than the right, and note is also made of atelectasis in the left retrocardiac region as well as subcutaneous emphysema in the left chest wall."
10014729,52149569,/mnt/c/Users/Zila/Downloads/BN5212/MIMIC-CXR/p10/p10/p10014729/s52149569.txt,Term,positive,positive,False,,Attention to this region on short-term follow up radiographs is recommended.
10014729,53646444,/mnt/c/Users/Zila/Downloads/BN5212/MIMIC-CXR/p10/p10/p10014729/s53646444.txt,Pleural effusion,positive,positive,False,,There is a decreased amount of pleural effusion on the left.
10014729,55397704,/mnt/c/Users/Zila/Downloads/BN5212/MIMIC-CXR/p10/p10/p10014729/s55397704.txt,Pleural effusion,positive,positive,False,,The extent of the left pleural effusion is also constant.
10014729,56982861,/mnt/c/Users/Zila/Downloads/BN5212/MIMIC-CXR/p10/p10/p10014729/s56982861.txt,Pleural effusion,positive,positive,False,,The extent of a basally and laterally distributed pleural effusion is constant.
10014756,54784650,/mnt/c/Users/Zila/Downloads/BN5212/MIMIC-CXR/p10/p10/p10014756/s54784650.txt,Pleural effusion,negative,negative,False,,"No focal consolidation, pleural effusion or pneumothorax is visualized."
10014762,51940916,/mnt/c/Users/Zila/Downloads/BN5212/MIMIC-CXR/p10/p10/p10014762/s51940916.txt,Pleural effusion,negative,negative,False,,"There is no pleural effusion, pulmonary edema, pneumothorax, or focal consolidation."
10014762,51940916,/mnt/c/Users/Zila/Downloads/BN5212/MIMIC-CXR/p10/p10/p10014762/s51940916.txt,Pulmonary edema,negative,negative,False,,"There is no pleural effusion, pulmonary edema, pneumothorax, or focal consolidation."
10014765,55749084,/mnt/c/Users/Zila/Downloads/BN5212/MIMIC-CXR/p10/p10/p10014765/s55749084.txt,Pleural effusion,negative,negative,False,,Clear lungs bilaterally without pleural effusion or pneumothorax.
10014765,55749084,/mnt/c/Users/Zila/Downloads/BN5212/MIMIC-CXR/p10/p10/p10014765/s55749084.txt,Pneumonia,negative,negative,False,,No radiographic evidence of pneumonia.
10014967,52050610,/mnt/c/Users/Zila/Downloads/BN5212/MIMIC-CXR/p10/p10/p10014967/s52050610.txt,Pneumonia,positive,positive,False,,Patient was discharged from ED with diagnosis of pneumonia.
10015048,50292012,/mnt/c/Users/Zila/Downloads/BN5212/MIMIC-CXR/p10/p10/p10015048/s50292012.txt,Fractures,negative,negative,False,,No rib fractures identified.
10015048,50292012,/mnt/c/Users/Zila/Downloads/BN5212/MIMIC-CXR/p10/p10/p10015048/s50292012.txt,Pain,positive,positive,False,,Dedicated rib films at the site of pain and can be done to better assess for fracture.
10015048,50292012,/mnt/c/Users/Zila/Downloads/BN5212/MIMIC-CXR/p10/p10/p10015048/s50292012.txt,Pleural effusion,negative,negative,False,,"No focal consolidation, pleural effusion or pneumothorax."
10015048,50474111,/mnt/c/Users/Zila/Downloads/BN5212/MIMIC-CXR/p10/p10/p10015048/s50474111.txt,Pleural effusion,negative,negative,False,,There is no pleural effusion or pneumothorax.
10015048,53719691,/mnt/c/Users/Zila/Downloads/BN5212/MIMIC-CXR/p10/p10/p10015048/s53719691.txt,Pleural effusion,negative,negative,False,,"There is no pleural effusion, focal consolidation or pneumothorax."
10015048,57144495,/mnt/c/Users/Zila/Downloads/BN5212/MIMIC-CXR/p10/p10/p10015048/s57144495.txt,Pneumonia,positive,positive,False,,Low likelihood of superimposed pneumonia.
10015048,57847000,/mnt/c/Users/Zila/Downloads/BN5212/MIMIC-CXR/p10/p10/p10015048/s57847000.txt,Pleural effusion,negative,negative,False,,No pleural effusion.
10015048,57847000,/mnt/c/Users/Zila/Downloads/BN5212/MIMIC-CXR/p10/p10/p10015048/s57847000.txt,Pneumonia,negative,negative,False,,No focal consolidation to suggest residual pneumonia. | No pneumonia.
10015048,57847000,/mnt/c/Users/Zila/Downloads/BN5212/MIMIC-CXR/p10/p10/p10015048/s57847000.txt,Scoliosis,positive,positive,False,,"The descending aorta is slightly tortuous or ectatic, unchanged, and may be secondary to levoconvex scoliosis."
10015048,58698953,/mnt/c/Users/Zila/Downloads/BN5212/MIMIC-CXR/p10/p10/p10015048/s58698953.txt,Cardiomegaly,positive,positive,False,,There is moderate cardiomegaly.
10015048,58698953,/mnt/c/Users/Zila/Downloads/BN5212/MIMIC-CXR/p10/p10/p10015048/s58698953.txt,Pleural effusion,negative,negative,False,,There is no pneumothorax or pleural effusion.
10015048,58698953,/mnt/c/Users/Zila/Downloads/BN5212/MIMIC-CXR/p10/p10/p10015048/s58698953.txt,Pneumonia,positive,positive,False,,Worsening opacities in the lower lobes are worrisome for worsening interstitial lung disease could be acute exacerbation or superimposed pneumonia.
10015129,54690616,/mnt/c/Users/Zila/Downloads/BN5212/MIMIC-CXR/p10/p10/p10015129/s54690616.txt,Pleural effusion,negative,negative,False,,Lungs clear bilaterally without pleural effusion or pneumothorax.
10015129,54690616,/mnt/c/Users/Zila/Downloads/BN5212/MIMIC-CXR/p10/p10/p10015129/s54690616.txt,Pneumonia,negative,negative,False,,No radiographic evidence of pneumonia.
10015129,54747140,/mnt/c/Users/Zila/Downloads/BN5212/MIMIC-CXR/p10/p10/p10015129/s54747140.txt,Pleural effusion,negative,negative,False,,There is no pleural effusion or pneumothorax.
10015272,56985410,/mnt/c/Users/Zila/Downloads/BN5212/MIMIC-CXR/p10/p10/p10015272/s56985410.txt,Cardiomegaly,positive,positive,False,,Moderate cardiomegaly.
10015272,56985410,/mnt/c/Users/Zila/Downloads/BN5212/MIMIC-CXR/p10/p10/p10015272/s56985410.txt,Pleural effusion,positive,positive,False,,Small right-sided pleural effusion.
10015272,56985410,/mnt/c/Users/Zila/Downloads/BN5212/MIMIC-CXR/p10/p10/p10015272/s56985410.txt,Pulmonary edema,negative,negative,False,,No pulmonary edema.
10015272,56985410,/mnt/c/Users/Zila/Downloads/BN5212/MIMIC-CXR/p10/p10/p10015272/s56985410.txt,Pulmonary embolism,positive,positive,False,,"Asymmetric nodular opacity in the superior segment of the right lower lobe is again demonstrated, may reflect pulmonary infarct given the extensive pulmonary embolism."
10015487,57448287,/mnt/c/Users/Zila/Downloads/BN5212/MIMIC-CXR/p10/p10/p10015487/s57448287.txt,Pleural effusion,negative,negative,False,,No definite pleural effusion.
10015487,57448287,/mnt/c/Users/Zila/Downloads/BN5212/MIMIC-CXR/p10/p10/p10015487/s57448287.txt,Pneumonia,positive,positive,False,,Subtle left lower lobe opacity could reflect pneumonia in the appropriate clinical setting.
10015487,58028693,/mnt/c/Users/Zila/Downloads/BN5212/MIMIC-CXR/p10/p10/p10015487/s58028693.txt,Pleural effusion,negative,negative,False,,There is no pleural effusion or pneumothorax.
10015701,53321493,/mnt/c/Users/Zila/Downloads/BN5212/MIMIC-CXR/p10/p10/p10015701/s53321493.txt,Pleural effusion,negative,negative,False,,"There is no pleural effusion, focal consolidation, or pneumothorax."
10015701,53321493,/mnt/c/Users/Zila/Downloads/BN5212/MIMIC-CXR/p10/p10/p10015701/s53321493.txt,Pulmonary edema,negative,negative,False,,There is no pulmonary edema.
10015725,57879183,/mnt/c/Users/Zila/Downloads/BN5212/MIMIC-CXR/p10/p10/p10015725/s57879183.txt,Pleural effusion,negative,negative,False,,No pleural effusion or pneumothorax is present.
10015785,52335725,/mnt/c/Users/Zila/Downloads/BN5212/MIMIC-CXR/p10/p10/p10015785/s52335725.txt,Pleural effusion,negative,negative,False,,There is no pleural effusion or pneumothorax.
10015785,59095926,/mnt/c/Users/Zila/Downloads/BN5212/MIMIC-CXR/p10/p10/p10015785/s59095926.txt,Pleural effusion,negative,negative,False,,There is no pleural effusion or pneumothorax.
10015785,59095926,/mnt/c/Users/Zila/Downloads/BN5212/MIMIC-CXR/p10/p10/p10015785/s59095926.txt,Pneumonia,negative,negative,False,,No evidence of pneumonia.
10015860,51904202,/mnt/c/Users/Zila/Downloads/BN5212/MIMIC-CXR/p10/p10/p10015860/s51904202.txt,Pleural effusion,negative,negative,False,,"Cardiac silhouette is within normal limits and there is no evidence of vascular congestion, pleural effusion, or acute focal pneumonia."
10015860,51904202,/mnt/c/Users/Zila/Downloads/BN5212/MIMIC-CXR/p10/p10/p10015860/s51904202.txt,Pneumonia,negative,negative,False,,"Cardiac silhouette is within normal limits and there is no evidence of vascular congestion, pleural effusion, or acute focal pneumonia."
10015860,52909824,/mnt/c/Users/Zila/Downloads/BN5212/MIMIC-CXR/p10/p10/p10015860/s52909824.txt,Pleural effusion,negative,negative,False,,There is no pleural effusion or pneumothorax.
10015860,52909824,/mnt/c/Users/Zila/Downloads/BN5212/MIMIC-CXR/p10/p10/p10015860/s52909824.txt,Pneumonia,negative,negative,False,,There is no focal consolidation concerning for pneumonia. | No evidence of pneumonia.
10015860,54563930,/mnt/c/Users/Zila/Downloads/BN5212/MIMIC-CXR/p10/p10/p10015860/s54563930.txt,Pulmonary edema,negative,negative,False,,"Slight increase in pulmonary and mediastinal vascular engorgement suggests borderline cardiac decompensation, although the heart is normal size and there is no pulmonary edema."
10015860,54943790,/mnt/c/Users/Zila/Downloads/BN5212/MIMIC-CXR/p10/p10/p10015860/s54943790.txt,Pleural effusion,negative,negative,False,,No pleural effusion or pneumothorax identified.
10015860,54943790,/mnt/c/Users/Zila/Downloads/BN5212/MIMIC-CXR/p10/p10/p10015860/s54943790.txt,Pneumonia,positive,positive,False,,"Opacity adjacent to the right heart border likely represents crowded vessels, however, if there is concern for pneumonia repeat radiograph in the deep inspiration would be helpful."
10015860,55513261,/mnt/c/Users/Zila/Downloads/BN5212/MIMIC-CXR/p10/p10/p10015860/s55513261.txt,Pleural effusion,positive,positive,False,,"There is a trace left pleural effusion, new compared to the previous study. | Trace left pleural effusion, new from prior."
10015931,50912119,/mnt/c/Users/Zila/Downloads/BN5212/MIMIC-CXR/p10/p10/p10015931/s50912119.txt,Cardiomegaly,positive,positive,False,,Moderate cardiomegaly.
10015931,50912119,/mnt/c/Users/Zila/Downloads/BN5212/MIMIC-CXR/p10/p10/p10015931/s50912119.txt,Pulmonary edema,positive,positive,False,,Signs of mild to moderate centralized pulmonary edema present on today's image.
10015931,51155735,/mnt/c/Users/Zila/Downloads/BN5212/MIMIC-CXR/p10/p10/p10015931/s51155735.txt,Pneumonia,uncertain,uncertain,True,,"In the appropriate clinical setting, it would be difficult to exclude superimposed pneumonia, especially in the absence of a lateral view."
10015931,52545203,/mnt/c/Users/Zila/Downloads/BN5212/MIMIC-CXR/p10/p10/p10015931/s52545203.txt,Cardiomegaly,positive,positive,False,,Moderate cardiomegaly is stable. | Stable mild pulmonary edema and moderate cardiomegaly.
10015931,52545203,/mnt/c/Users/Zila/Downloads/BN5212/MIMIC-CXR/p10/p10/p10015931/s52545203.txt,Pulmonary edema,positive,positive,False,,Mild pulmonary edema is stable. | Stable mild pulmonary edema and moderate cardiomegaly.
10015931,53883707,/mnt/c/Users/Zila/Downloads/BN5212/MIMIC-CXR/p10/p10/p10015931/s53883707.txt,Pleural effusion,positive,positive,False,,A moderate left and small right pleural effusion are grossly unchanged.
10015931,53883707,/mnt/c/Users/Zila/Downloads/BN5212/MIMIC-CXR/p10/p10/p10015931/s53883707.txt,Pulmonary edema,positive,positive,False,,"There is a background of mild pulmonary edema, similar to prior. | Background pulmonary edema, similar to prior."
10015931,55684791,/mnt/c/Users/Zila/Downloads/BN5212/MIMIC-CXR/p10/p10/p10015931/s55684791.txt,Pulmonary edema,positive,positive,False,,Pulmonary edema is mildly improved.
10015931,55693693,/mnt/c/Users/Zila/Downloads/BN5212/MIMIC-CXR/p10/p10/p10015931/s55693693.txt,Pulmonary edema,positive,positive,False,,Stable appearance of the bilateral pleural effusions and the mild to moderate pulmonary edema.
10015931,56053701,/mnt/c/Users/Zila/Downloads/BN5212/MIMIC-CXR/p10/p10/p10015931/s56053701.txt,Pleural effusion,positive,positive,False,,"Stable appearance of the moderate left and small right pleural effusion, with subsequent areas of atelectasis."
10015931,57552246,/mnt/c/Users/Zila/Downloads/BN5212/MIMIC-CXR/p10/p10/p10015931/s57552246.txt,Acute pulmonary edema,negative,negative,False,,"Moderate moderate left and small to moderate right pleural effusion are slightly smaller and the pulmonary vasculature is borderline engorged, but there is probably no acute pulmonary edema."
10015931,57552246,/mnt/c/Users/Zila/Downloads/BN5212/MIMIC-CXR/p10/p10/p10015931/s57552246.txt,Pleural effusion,positive,positive,False,,"Moderate moderate left and small to moderate right pleural effusion are slightly smaller and the pulmonary vasculature is borderline engorged, but there is probably no acute pulmonary edema."
10015931,57792054,/mnt/c/Users/Zila/Downloads/BN5212/MIMIC-CXR/p10/p10/p10015931/s57792054.txt,Pleural effusion,positive,positive,False,,"Mild pulmonary edema persists, moderate right pleural effusion is larger, small pleural effusion unchanged."
10015931,57792054,/mnt/c/Users/Zila/Downloads/BN5212/MIMIC-CXR/p10/p10/p10015931/s57792054.txt,Pulmonary edema,positive,positive,False,,"Mild pulmonary edema persists, moderate right pleural effusion is larger, small pleural effusion unchanged."
10015931,57962525,/mnt/c/Users/Zila/Downloads/BN5212/MIMIC-CXR/p10/p10/p10015931/s57962525.txt,Pulmonary edema,negative,negative,False,,No evidence of pulmonary edema.
10015931,58306154,/mnt/c/Users/Zila/Downloads/BN5212/MIMIC-CXR/p10/p10/p10015931/s58306154.txt,Pleural effusion,positive,positive,False,,Presumed mild left pleural effusion is stable.
10015931,58488942,/mnt/c/Users/Zila/Downloads/BN5212/MIMIC-CXR/p10/p10/p10015931/s58488942.txt,Pleural effusion,positive,positive,False,,"Small left pleural effusion, minimally decreased. | Improved right pleural effusion."
10016084,51872870,/mnt/c/Users/Zila/Downloads/BN5212/MIMIC-CXR/p10/p10/p10016084/s51872870.txt,Edema,negative,negative,False,,"There is no consolidation, edema, pleural effusion, or pneumothorax."
10016084,51872870,/mnt/c/Users/Zila/Downloads/BN5212/MIMIC-CXR/p10/p10/p10016084/s51872870.txt,Pleural effusion,negative,negative,False,,"There is no consolidation, edema, pleural effusion, or pneumothorax."
10016367,51553809,/mnt/c/Users/Zila/Downloads/BN5212/MIMIC-CXR/p10/p10/p10016367/s51553809.txt,Pleural effusion,negative,negative,False,,"There is no focal consolidation, pleural effusion or pneumothorax."
10016367,58382768,/mnt/c/Users/Zila/Downloads/BN5212/MIMIC-CXR/p10/p10/p10016367/s58382768.txt,Pleural effusion,negative,negative,False,,No pleural effusion or pneumothorax.
10016742,50500001,/mnt/c/Users/Zila/Downloads/BN5212/MIMIC-CXR/p10/p10/p10016742/s50500001.txt,Pleural effusion,negative,negative,False,,Cardiac silhouette remains within normal limits and there is no evidence of vascular congestion or pleural effusion.
10016742,51877206,/mnt/c/Users/Zila/Downloads/BN5212/MIMIC-CXR/p10/p10/p10016742/s51877206.txt,Pleural effusion,uncertain,uncertain,True,,"Although this could represent volume loss in the right lower lobe with associated pleural effusion, in the appropriate clinical setting superimposed pneumonia would have to be considered."
10016742,51877206,/mnt/c/Users/Zila/Downloads/BN5212/MIMIC-CXR/p10/p10/p10016742/s51877206.txt,Pneumonia,positive,positive,False,,"Although this could represent volume loss in the right lower lobe with associated pleural effusion, in the appropriate clinical setting superimposed pneumonia would have to be considered."
10016742,57347343,/mnt/c/Users/Zila/Downloads/BN5212/MIMIC-CXR/p10/p10/p10016742/s57347343.txt,Pulmonary edema,negative,negative,False,,No pulmonary edema.
10016742,58718226,/mnt/c/Users/Zila/Downloads/BN5212/MIMIC-CXR/p10/p10/p10016742/s58718226.txt,Cardiomegaly,positive,positive,False,,Borderline cardiomegaly stable.
10016742,58718226,/mnt/c/Users/Zila/Downloads/BN5212/MIMIC-CXR/p10/p10/p10016742/s58718226.txt,Pleural effusion,positive,positive,False,,"There could be accompanying pleural effusion, even moderate in size."
10016742,58718226,/mnt/c/Users/Zila/Downloads/BN5212/MIMIC-CXR/p10/p10/p10016742/s58718226.txt,Pneumonia,positive,positive,False,,"Large region of consolidation base the right lung could be pneumonia, probably worse today than on ___."
10016742,58718226,/mnt/c/Users/Zila/Downloads/BN5212/MIMIC-CXR/p10/p10/p10016742/s58718226.txt,Pulmonary edema,negative,negative,False,,No pulmonary edema.
10016742,59397266,/mnt/c/Users/Zila/Downloads/BN5212/MIMIC-CXR/p10/p10/p10016742/s59397266.txt,Pleural effusion,positive,positive,False,,There is small amount of pleural effusion bilaterally.
10016810,55346911,/mnt/c/Users/Zila/Downloads/BN5212/MIMIC-CXR/p10/p10/p10016810/s55346911.txt,Pleural effusion,negative,negative,False,,"No pneumothorax, pleural effusion, or consolidation."
10016810,55346911,/mnt/c/Users/Zila/Downloads/BN5212/MIMIC-CXR/p10/p10/p10016810/s55346911.txt,Pulmonary edema,negative,negative,False,,No evidence of pulmonary edema. | No pulmonary edema.
10017492,58618810,/mnt/c/Users/Zila/Downloads/BN5212/MIMIC-CXR/p10/p10/p10017492/s58618810.txt,Cardiomegaly,negative,negative,False,,"However, no evidence of cardiomegaly or larger pleural effusions is present."
10017492,58618810,/mnt/c/Users/Zila/Downloads/BN5212/MIMIC-CXR/p10/p10/p10017492/s58618810.txt,Pulmonary edema,negative,negative,False,,No pulmonary edema.
10017972,50992546,/mnt/c/Users/Zila/Downloads/BN5212/MIMIC-CXR/p10/p10/p10017972/s50992546.txt,Pleural effusion,negative,negative,False,,No pleural effusion or pneumothorax is seen.
10018052,50531538,/mnt/c/Users/Zila/Downloads/BN5212/MIMIC-CXR/p10/p10/p10018052/s50531538.txt,Pleural effusion,negative,negative,False,,"No focal consolidation, pleural effusion or pneumothorax is visualized."
10018078,52632768,/mnt/c/Users/Zila/Downloads/BN5212/MIMIC-CXR/p10/p10/p10018078/s52632768.txt,Pleural effusion,negative,negative,False,,No pleural effusion or pneumothorax is seen.
10018078,52632768,/mnt/c/Users/Zila/Downloads/BN5212/MIMIC-CXR/p10/p10/p10018078/s52632768.txt,Pulmonary edema,negative,negative,False,,No pulmonary edema is seen.
10018081,50515796,/mnt/c/Users/Zila/Downloads/BN5212/MIMIC-CXR/p10/p10/p10018081/s50515796.txt,Fluid overload,positive,positive,False,,"Mild fluid overload, no overt pulmonary edema."
10018081,50515796,/mnt/c/Users/Zila/Downloads/BN5212/MIMIC-CXR/p10/p10/p10018081/s50515796.txt,Pneumonia,negative,negative,False,,Minimal right basal atelectasis but no convincing evidence of pneumonia.
10018081,50515796,/mnt/c/Users/Zila/Downloads/BN5212/MIMIC-CXR/p10/p10/p10018081/s50515796.txt,Pulmonary edema,negative,negative,False,,"Mild fluid overload, no overt pulmonary edema."
10018081,50772344,/mnt/c/Users/Zila/Downloads/BN5212/MIMIC-CXR/p10/p10/p10018081/s50772344.txt,Pneumonia,uncertain,uncertain,True,,"Persistent retrocardiac consolidation and more patchy opacity at the right base remain and are concerning for atelectasis, aspiration or bibasilar pneumonia."
10018081,50772344,/mnt/c/Users/Zila/Downloads/BN5212/MIMIC-CXR/p10/p10/p10018081/s50772344.txt,Pulmonary edema,negative,negative,False,,No pulmonary edema.
10018081,51219318,/mnt/c/Users/Zila/Downloads/BN5212/MIMIC-CXR/p10/p10/p10018081/s51219318.txt,Cardiomegaly,positive,positive,False,,Moderate cardiomegaly persists.
10018081,51331930,/mnt/c/Users/Zila/Downloads/BN5212/MIMIC-CXR/p10/p10/p10018081/s51331930.txt,Edema,negative,negative,False,,"Heart is moderately enlarged, but there is no pulmonary vascular congestion or edema."
10018081,51961926,/mnt/c/Users/Zila/Downloads/BN5212/MIMIC-CXR/p10/p10/p10018081/s51961926.txt,Pleural effusion,positive,positive,False,,"Mild pleural effusion on the left, combined to substantial left lower lobe atelectasis."
10018081,51961926,/mnt/c/Users/Zila/Downloads/BN5212/MIMIC-CXR/p10/p10/p10018081/s51961926.txt,Pneumonia,negative,negative,False,,"No pneumonia, no overt pulmonary edema."
10018081,51961926,/mnt/c/Users/Zila/Downloads/BN5212/MIMIC-CXR/p10/p10/p10018081/s51961926.txt,Pulmonary edema,negative,negative,False,,"No pneumonia, no overt pulmonary edema."
10018081,52153377,/mnt/c/Users/Zila/Downloads/BN5212/MIMIC-CXR/p10/p10/p10018081/s52153377.txt,Osteoarthritis,uncertain,uncertain,True,,Probable old healed fracture right clavicle as well severe right glenohumeral osteoarthritis.
10018081,52355329,/mnt/c/Users/Zila/Downloads/BN5212/MIMIC-CXR/p10/p10/p10018081/s52355329.txt,Pleural effusion,positive,positive,False,,"Bibasilar consolidations are again seen, likely reflective of pleural effusion and atelectasis. | Stable chest radiograph, bibasilar consolidations likely reflect pleural effusion and atelectasis."
10018081,52355329,/mnt/c/Users/Zila/Downloads/BN5212/MIMIC-CXR/p10/p10/p10018081/s52355329.txt,Pneumonia,uncertain,uncertain,True,,"In the appropriate clinical setting however superimposed pneumonia cannot be excluded. | In the correct clinical setting however, superimposed pneumonia cannot be excluded."
10018081,52361916,/mnt/c/Users/Zila/Downloads/BN5212/MIMIC-CXR/p10/p10/p10018081/s52361916.txt,Cardiomegaly,positive,positive,False,,Mild cardiomegaly and small left pleural effusion stable.
10018081,52361916,/mnt/c/Users/Zila/Downloads/BN5212/MIMIC-CXR/p10/p10/p10018081/s52361916.txt,Pleural effusion,positive,positive,False,,Mild cardiomegaly and small left pleural effusion stable.
10018081,52361916,/mnt/c/Users/Zila/Downloads/BN5212/MIMIC-CXR/p10/p10/p10018081/s52361916.txt,Pulmonary edema,negative,negative,False,,There is no pulmonary edema.
10018081,53134267,/mnt/c/Users/Zila/Downloads/BN5212/MIMIC-CXR/p10/p10/p10018081/s53134267.txt,Cardiomegaly,positive,positive,False,,There is again borderline cardiomegaly.
10018081,53134267,/mnt/c/Users/Zila/Downloads/BN5212/MIMIC-CXR/p10/p10/p10018081/s53134267.txt,Pleural effusion,negative,negative,False,,There is no definite pleural effusion or pneumothorax.
10018081,53134267,/mnt/c/Users/Zila/Downloads/BN5212/MIMIC-CXR/p10/p10/p10018081/s53134267.txt,Scoliosis,positive,positive,False,,"Allowing for rotation as well as scoliosis, the cardiac, mediastinal and hilar contours are probably unchanged."
10018081,53262913,/mnt/c/Users/Zila/Downloads/BN5212/MIMIC-CXR/p10/p10/p10018081/s53262913.txt,Fluid overload,positive,positive,False,,Unchanged mild-to-moderate fluid overload.
10018081,53356842,/mnt/c/Users/Zila/Downloads/BN5212/MIMIC-CXR/p10/p10/p10018081/s53356842.txt,Edema,positive,positive,False,,Previous mild interstitial edema has changed in distribution but not in overall severity.
10018081,53356842,/mnt/c/Users/Zila/Downloads/BN5212/MIMIC-CXR/p10/p10/p10018081/s53356842.txt,Pleural effusion,positive,positive,False,,"Left lower lobe consolidation has not improved since ___, accompanied by small left pleural effusion. | Small right pleural effusion increased since ___."
10018081,54070678,/mnt/c/Users/Zila/Downloads/BN5212/MIMIC-CXR/p10/p10/p10018081/s54070678.txt,Edema,positive,positive,False,,Mild edema and vascular congestion in the right lung earlier today has nearly cleared.
10018081,55281127,/mnt/c/Users/Zila/Downloads/BN5212/MIMIC-CXR/p10/p10/p10018081/s55281127.txt,Edema,positive,positive,False,,Portable AP chest radiograph demonstrates new bibasilar interstial edema with mildly increased vascular congestion. | Mild interstial edema and vascular congestion.
10018081,55281127,/mnt/c/Users/Zila/Downloads/BN5212/MIMIC-CXR/p10/p10/p10018081/s55281127.txt,Pleural effusion,uncertain,uncertain,True,,There is opacification of the left hemidiaphragm concerning for atelectasis versus pleural effusion.
10018081,55297211,/mnt/c/Users/Zila/Downloads/BN5212/MIMIC-CXR/p10/p10/p10018081/s55297211.txt,Cardiomegaly,positive,positive,False,,"Stable cardiomegaly, and small left pleural effusion with adjacent basilar atelectasis."
10018081,55297211,/mnt/c/Users/Zila/Downloads/BN5212/MIMIC-CXR/p10/p10/p10018081/s55297211.txt,Pleural effusion,conflicting,negative|positive,True,,"Pulmonary edema has nearly resolved, with associated resolving right pleural effusion. | Stable cardiomegaly, and small left pleural effusion with adjacent basilar atelectasis."
10018081,55297211,/mnt/c/Users/Zila/Downloads/BN5212/MIMIC-CXR/p10/p10/p10018081/s55297211.txt,Pulmonary edema,positive,positive,False,,"Pulmonary edema has nearly resolved, with associated resolving right pleural effusion."
10018081,55554731,/mnt/c/Users/Zila/Downloads/BN5212/MIMIC-CXR/p10/p10/p10018081/s55554731.txt,Pleural effusion,positive,positive|uncertain,True,,"Dense extensive retrocardiac opacification with air bronchograms and a probable associated pleural effusion persists without clear change. | A pleural effusion is not apparent on the right on this study, which may be due to a true decrease or consequence of differences in positioning. | Persistent extensive retrocardiac opacification, most commonly due to atelectasis, with a pleural effusion."
10018081,55554731,/mnt/c/Users/Zila/Downloads/BN5212/MIMIC-CXR/p10/p10/p10018081/s55554731.txt,Pneumonia,uncertain,uncertain,True,,"There is a new focal opacity in the left upper lobe with a geometric appearance, probably compatible with atelectasis; a newly forming area of pneumonia is not excluded, however."
10018081,55554731,/mnt/c/Users/Zila/Downloads/BN5212/MIMIC-CXR/p10/p10/p10018081/s55554731.txt,Term,positive,positive,False,,"New left upper lobe opacity, probably due to atelectasis, but a new focus of infection is not excluded; short-term follow-up radiographs may be helpful to help distinguish if clinical concerns may include the possibility of developing infection."
10018081,55605617,/mnt/c/Users/Zila/Downloads/BN5212/MIMIC-CXR/p10/p10/p10018081/s55605617.txt,Pneumonia,uncertain,uncertain,True,,Coexisting pneumonia is possible in the appropriate clinical setting.
10018081,55735807,/mnt/c/Users/Zila/Downloads/BN5212/MIMIC-CXR/p10/p10/p10018081/s55735807.txt,Edema,positive,positive,False,,"Allowing for changes in patient positioning, the lungs appear largely unchanged with mildly increased interstitial edema."
10018081,55735807,/mnt/c/Users/Zila/Downloads/BN5212/MIMIC-CXR/p10/p10/p10018081/s55735807.txt,Pulmonary edema,positive,positive,False,,Mildly increased interstitial pulmonary edema.
10018081,55764579,/mnt/c/Users/Zila/Downloads/BN5212/MIMIC-CXR/p10/p10/p10018081/s55764579.txt,Cardiomegaly,positive,positive,False,,Cardiomegaly and mediastinum are unchanged.
10018081,55879987,/mnt/c/Users/Zila/Downloads/BN5212/MIMIC-CXR/p10/p10/p10018081/s55879987.txt,Pleural effusion,positive,positive,False,,"Cardiomediastinal contours are stable, and there is worsening left retrocardiac opacity adjacent to an unchanged left pleural effusion."
10018081,55937781,/mnt/c/Users/Zila/Downloads/BN5212/MIMIC-CXR/p10/p10/p10018081/s55937781.txt,Pleural effusion,positive,positive,False,,There is a moderate-sized left pleural effusion that appears slightly worse than ___. | A small right-sided pleural effusion is also noted. | Worsening left-sided pleural effusion.
10018081,55937781,/mnt/c/Users/Zila/Downloads/BN5212/MIMIC-CXR/p10/p10/p10018081/s55937781.txt,Pulmonary edema,positive,positive,False,,There is pulmonary vascular congestion with mild pulmonary edema.
10018081,56684174,/mnt/c/Users/Zila/Downloads/BN5212/MIMIC-CXR/p10/p10/p10018081/s56684174.txt,Cardiomegaly,positive,positive,False,,"Moderate cardiomegaly and pulmonary vascular congestion and left lower lobe atelectasis, probably due to the impact of the left ventricle, are all long-standing."
10018081,56684174,/mnt/c/Users/Zila/Downloads/BN5212/MIMIC-CXR/p10/p10/p10018081/s56684174.txt,Pulmonary edema,positive,positive,False,,Mild interstitial pulmonary edema unchanged since ___.
10018081,56762822,/mnt/c/Users/Zila/Downloads/BN5212/MIMIC-CXR/p10/p10/p10018081/s56762822.txt,Pneumonia,uncertain,uncertain,True,,"Although this may represent partial lower lobe atelectasis, aspiration and pneumonia should also be considered."
10018081,56762822,/mnt/c/Users/Zila/Downloads/BN5212/MIMIC-CXR/p10/p10/p10018081/s56762822.txt,Pulmonary edema,negative,negative,False,,No evidence of pulmonary edema.
10018081,56942504,/mnt/c/Users/Zila/Downloads/BN5212/MIMIC-CXR/p10/p10/p10018081/s56942504.txt,Pneumonia,positive,positive|uncertain,True,,"Findings are consistent with small to moderate bilateral pleural effusions with overlying atelectasis, underlying consolidation due to pneumonia is not excluded. | Bilateral pleural effusions, pulmonary edema, and marked enlargement of the cardiac silhouette suggest CHF, however underlying consolidation due to pneumonia at the lung bases not excluded in the appropriate clinical setting."
10018081,56942504,/mnt/c/Users/Zila/Downloads/BN5212/MIMIC-CXR/p10/p10/p10018081/s56942504.txt,Pulmonary edema,positive,positive,False,,"There is moderate pulmonary edema. | Bilateral pleural effusions, pulmonary edema, and marked enlargement of the cardiac silhouette suggest CHF, however underlying consolidation due to pneumonia at the lung bases not excluded in the appropriate clinical setting."
10018081,57481090,/mnt/c/Users/Zila/Downloads/BN5212/MIMIC-CXR/p10/p10/p10018081/s57481090.txt,Cardiomegaly,positive,positive,False,,Unchanged moderate cardiomegaly.
10018081,57481090,/mnt/c/Users/Zila/Downloads/BN5212/MIMIC-CXR/p10/p10/p10018081/s57481090.txt,Pleural effusion,positive,positive,False,,Atelectasis of the left lower lobe with potential accompanying small left pleural effusion.
10018081,57486705,/mnt/c/Users/Zila/Downloads/BN5212/MIMIC-CXR/p10/p10/p10018081/s57486705.txt,Pleural effusion,positive,positive,False,,The pleural effusion on the left and the subsequent atelectasis are constant in appearance.
10018081,57539618,/mnt/c/Users/Zila/Downloads/BN5212/MIMIC-CXR/p10/p10/p10018081/s57539618.txt,Edema,positive,positive,False,,New mild interstitial edema in the right lower lobe. | New mild right lower lobe interstitial edema.
10018081,57747740,/mnt/c/Users/Zila/Downloads/BN5212/MIMIC-CXR/p10/p10/p10018081/s57747740.txt,Pneumonia,positive,positive,False,,"Unchanged left lower lobe pneumonia, with slightly improved aeration likely due to decreased adjacent atelectasis."
10018081,58175153,/mnt/c/Users/Zila/Downloads/BN5212/MIMIC-CXR/p10/p10/p10018081/s58175153.txt,Cardiomegaly,positive,positive,False,,"Moderate-to-severe cardiomegaly remains unchanged, but a pre-existing left pleural effusion has slightly decreased in extent."
10018081,58175153,/mnt/c/Users/Zila/Downloads/BN5212/MIMIC-CXR/p10/p10/p10018081/s58175153.txt,Pleural effusion,positive,positive,False,,"Moderate-to-severe cardiomegaly remains unchanged, but a pre-existing left pleural effusion has slightly decreased in extent. | Plate-like atelectasis at the right lung bases, associated with a small right pleural effusion."
10018081,58479559,/mnt/c/Users/Zila/Downloads/BN5212/MIMIC-CXR/p10/p10/p10018081/s58479559.txt,Pleural effusion,conflicting,negative|positive,True,,"Left lung base opacity has worsened since prior chest x-ray due to increased pleural effusion and left lower lobe collapse. | Right lung is clear without consolidation, nodules or pleural effusion. | Heart size is partially obscured by left pleural effusion but appears within normal limits. | Interval increase of left lung base collapse and pleural effusion, is concerning for pneumonia."
10018081,58479559,/mnt/c/Users/Zila/Downloads/BN5212/MIMIC-CXR/p10/p10/p10018081/s58479559.txt,Pneumonia,positive,positive|uncertain,True,,"In the appropriate clinical setting pneumonia should be considered. | Interval increase of left lung base collapse and pleural effusion, is concerning for pneumonia."
10018081,58536937,/mnt/c/Users/Zila/Downloads/BN5212/MIMIC-CXR/p10/p10/p10018081/s58536937.txt,Pulmonary edema,negative,negative,False,,No evidence of pulmonary edema.
10018081,59239908,/mnt/c/Users/Zila/Downloads/BN5212/MIMIC-CXR/p10/p10/p10018081/s59239908.txt,Cardiomegaly,positive,positive,False,,Cardiac silhouette is moderately to severely enlarged but unchanged due to cardiomegaly and/or pericardial effusion.
10018081,59239908,/mnt/c/Users/Zila/Downloads/BN5212/MIMIC-CXR/p10/p10/p10018081/s59239908.txt,Pleural effusion,positive,positive,False,,"Small-to-moderate right pleural effusion is smaller and extent of mild atelectasis at the right lung base is unchanged, nor is there pulmonary edema. | On the left, the lower lobe has been virtually airless since ___ and that has not changed, accompanied by a small pleural effusion which one would expect in the setting of chronic atelectasis."
10018081,59239908,/mnt/c/Users/Zila/Downloads/BN5212/MIMIC-CXR/p10/p10/p10018081/s59239908.txt,Pulmonary edema,negative,negative,False,,"Small-to-moderate right pleural effusion is smaller and extent of mild atelectasis at the right lung base is unchanged, nor is there pulmonary edema."
10018081,59593112,/mnt/c/Users/Zila/Downloads/BN5212/MIMIC-CXR/p10/p10/p10018081/s59593112.txt,Pneumonia,positive,positive,False,,"In the appropriate clinical setting, the possibility of superimposed pneumonia would have to be considered."
10018081,59614225,/mnt/c/Users/Zila/Downloads/BN5212/MIMIC-CXR/p10/p10/p10018081/s59614225.txt,Pneumonia,uncertain,uncertain,True,,"Although these findings may represent atelectasis, aspiration and/or bibasilar pneumonia should also be considered."
10018081,59614225,/mnt/c/Users/Zila/Downloads/BN5212/MIMIC-CXR/p10/p10/p10018081/s59614225.txt,Pulmonary edema,negative,negative,False,,No evidence of pulmonary edema.
10018169,56519856,/mnt/c/Users/Zila/Downloads/BN5212/MIMIC-CXR/p10/p10/p10018169/s56519856.txt,Pleural effusion,negative,negative,False,,There is no pleural effusion or pneumothorax.
10018205,51700871,/mnt/c/Users/Zila/Downloads/BN5212/MIMIC-CXR/p10/p10/p10018205/s51700871.txt,Pleural effusion,negative,negative,False,,"There is no pneumothorax, vascular congestion, or pleural effusion."
10018205,55652312,/mnt/c/Users/Zila/Downloads/BN5212/MIMIC-CXR/p10/p10/p10018205/s55652312.txt,Pleural effusion,negative,negative,False,,There is no pleural effusion or pneumothorax.
10018205,58629645,/mnt/c/Users/Zila/Downloads/BN5212/MIMIC-CXR/p10/p10/p10018205/s58629645.txt,Pleural effusion,negative,negative,False,,No pleural effusion or pneumothorax is seen.
10018286,58430738,/mnt/c/Users/Zila/Downloads/BN5212/MIMIC-CXR/p10/p10/p10018286/s58430738.txt,Pleural effusion,negative,negative,False,,"No focal consolidation, pleural effusion, or evidence of pneumothorax is seen."
10018328,53637154,/mnt/c/Users/Zila/Downloads/BN5212/MIMIC-CXR/p10/p10/p10018328/s53637154.txt,Cardiomegaly,positive,positive,False,,Cardiomegaly is substantial associated with bilateral pleural effusions which a large but appear to be slightly decreased since the prior study.
10018328,53995593,/mnt/c/Users/Zila/Downloads/BN5212/MIMIC-CXR/p10/p10/p10018328/s53995593.txt,Cardiomegaly,positive,positive,False,,Cardiac silhouette is substantially larger due to progressive cardiomegaly and likely pericardial effusion.
10018328,53995593,/mnt/c/Users/Zila/Downloads/BN5212/MIMIC-CXR/p10/p10/p10018328/s53995593.txt,Pleural effusion,positive,positive,False,,"Combination of moderate bilateral pleural effusion and substantial bibasilar atelectasis, perhaps bilateral lower lobe collapse, is new."
10018328,53995593,/mnt/c/Users/Zila/Downloads/BN5212/MIMIC-CXR/p10/p10/p10018328/s53995593.txt,Pulmonary edema,negative,negative,False,,There is no pulmonary edema.
10018423,51545426,/mnt/c/Users/Zila/Downloads/BN5212/MIMIC-CXR/p10/p10/p10018423/s51545426.txt,Cardiomegaly,positive,positive,False,,Severe cardiomegaly is stable.
10018423,58815716,/mnt/c/Users/Zila/Downloads/BN5212/MIMIC-CXR/p10/p10/p10018423/s58815716.txt,Pleural effusion,negative,negative,False,,There is no pleural effusion or pneumothorax.
10018712,56085991,/mnt/c/Users/Zila/Downloads/BN5212/MIMIC-CXR/p10/p10/p10018712/s56085991.txt,Edema,uncertain,uncertain,True,,Possible mild interstitial edema.
10018712,58860169,/mnt/c/Users/Zila/Downloads/BN5212/MIMIC-CXR/p10/p10/p10018712/s58860169.txt,Pleural effusion,negative,negative,False,,"There is no concerning focal consolidation, pleural effusion, or pneumothorax."
10018852,55566664,/mnt/c/Users/Zila/Downloads/BN5212/MIMIC-CXR/p10/p10/p10018852/s55566664.txt,Pleural effusion,positive,positive,False,,There is trace left pleural effusion.
10018852,55566664,/mnt/c/Users/Zila/Downloads/BN5212/MIMIC-CXR/p10/p10/p10018852/s55566664.txt,Pneumonia,positive,positive|uncertain,True,,Heterogeneous retrocardiac opacities are identified which project posteriorly on the lateral view concerning for pneumonia. | Retrocardiac consolidation compatible with pneumonia.
10019003,53307223,/mnt/c/Users/Zila/Downloads/BN5212/MIMIC-CXR/p10/p10/p10019003/s53307223.txt,Pleural effusion,conflicting,negative|positive,True,,There is a new small left pleural effusion. | No right pleural effusion. | New small retrocardiac opacity with small left pleural effusion is worrisome for pneumonia in the appropriate clinical setting.
10019003,53307223,/mnt/c/Users/Zila/Downloads/BN5212/MIMIC-CXR/p10/p10/p10019003/s53307223.txt,Pneumonia,positive,positive,False,,New small retrocardiac opacity with small left pleural effusion is worrisome for pneumonia in the appropriate clinical setting.
10019003,54798105,/mnt/c/Users/Zila/Downloads/BN5212/MIMIC-CXR/p10/p10/p10019003/s54798105.txt,Pleural effusion,negative,negative,False,,There is no pneumothorax or pleural effusion.
10019003,54798105,/mnt/c/Users/Zila/Downloads/BN5212/MIMIC-CXR/p10/p10/p10019003/s54798105.txt,Pulmonary edema,positive,positive,False,,Mild pulmonary edema is grossly unchanged. | Mild pulmonary edema
10019003,56482942,/mnt/c/Users/Zila/Downloads/BN5212/MIMIC-CXR/p10/p10/p10019003/s56482942.txt,Pneumonia,uncertain,uncertain,True,,There is interval improvement of left basal atelectasis but still there is a persistent left perihilar opacities that might represent residua of aspiration or developing pneumonia.
10019003,57733086,/mnt/c/Users/Zila/Downloads/BN5212/MIMIC-CXR/p10/p10/p10019003/s57733086.txt,Pleural effusion,negative,negative,False,,No pleural effusion or pneumothorax.
10019003,57733086,/mnt/c/Users/Zila/Downloads/BN5212/MIMIC-CXR/p10/p10/p10019003/s57733086.txt,Pulmonary edema,negative,negative,False,,No pulmonary edema.
10019003,58240524,/mnt/c/Users/Zila/Downloads/BN5212/MIMIC-CXR/p10/p10/p10019003/s58240524.txt,Pleural effusion,positive,positive,False,,Small left pleural effusion is unchanged.
10019061,59673093,/mnt/c/Users/Zila/Downloads/BN5212/MIMIC-CXR/p10/p10/p10019061/s59673093.txt,Pleural effusion,negative,negative,False,,There is no definite focal consolidation or pleural effusion or pneumothorax.
10019108,51588701,/mnt/c/Users/Zila/Downloads/BN5212/MIMIC-CXR/p10/p10/p10019108/s51588701.txt,Pleural effusion,negative,negative,False,,No pleural effusion or pneumothorax is seen.
10019385,50113144,/mnt/c/Users/Zila/Downloads/BN5212/MIMIC-CXR/p10/p10/p10019385/s50113144.txt,Pulmonary edema,negative,negative,False,,No pulmonary edema.
10019385,50273827,/mnt/c/Users/Zila/Downloads/BN5212/MIMIC-CXR/p10/p10/p10019385/s50273827.txt,Pleural effusion,uncertain,uncertain,True,,"Probable tiny left pleural effusion, improved."
10019385,51044398,/mnt/c/Users/Zila/Downloads/BN5212/MIMIC-CXR/p10/p10/p10019385/s51044398.txt,Pulmonary edema,negative,negative,False,,No pulmonary edema.
10019385,55200571,/mnt/c/Users/Zila/Downloads/BN5212/MIMIC-CXR/p10/p10/p10019385/s55200571.txt,Pleural effusion,conflicting,negative|positive,True,,No large pleural effusion is seen although trace pleural effusion is difficult to exclude.
10019517,52418577,/mnt/c/Users/Zila/Downloads/BN5212/MIMIC-CXR/p10/p10/p10019517/s52418577.txt,Cervical rib,positive,positive,False,,A cervical rib is noted on the right.
10019517,52418577,/mnt/c/Users/Zila/Downloads/BN5212/MIMIC-CXR/p10/p10/p10019517/s52418577.txt,Pleural effusion,negative,negative,False,,There is no pleural effusion or pneumothorax.
10019517,52418577,/mnt/c/Users/Zila/Downloads/BN5212/MIMIC-CXR/p10/p10/p10019517/s52418577.txt,Pneumonia,negative,negative,False,,No evidence of pneumonia.
10019517,56621765,/mnt/c/Users/Zila/Downloads/BN5212/MIMIC-CXR/p10/p10/p10019517/s56621765.txt,Cervical rib,positive,positive,False,,Incidentally noted is a cervical rib on the right.
10019568,52687854,/mnt/c/Users/Zila/Downloads/BN5212/MIMIC-CXR/p10/p10/p10019568/s52687854.txt,Fractures,positive,positive,False,,Numerous left rib fractures are better assessed on same-day CT chest.
10019568,56124175,/mnt/c/Users/Zila/Downloads/BN5212/MIMIC-CXR/p10/p10/p10019568/s56124175.txt,Fractures,positive,positive,False,,"The tip of the left chest tube is slightly different in position, now lying along the inner surface of the left chest wall, near the site of chest rib fractures. | Multiple rib fractures are again noted, best depicted on the ___ CT scan. | Multiple rib fractures again noted."
10019568,58665413,/mnt/c/Users/Zila/Downloads/BN5212/MIMIC-CXR/p10/p10/p10019568/s58665413.txt,Fractures,positive,positive,False,,Again seen are fractures along the left chest wall.
10019568,58665413,/mnt/c/Users/Zila/Downloads/BN5212/MIMIC-CXR/p10/p10/p10019568/s58665413.txt,Hemorrhage,positive,positive,False,,"There is faint, somewhat rounded opacity in this area which is new and could reflect some local contusion or hemorrhage, measuring roughly ___.6 mm in diameter. | New focal somewhat rounded opacity in the left mid chest laterally -- question new hemorrhage or contusion at the previous site of the catheter."
10019568,59892630,/mnt/c/Users/Zila/Downloads/BN5212/MIMIC-CXR/p10/p10/p10019568/s59892630.txt,Fractures,positive,positive,False,,Multiple left-sided rib fractures are again seen.
10019568,59892630,/mnt/c/Users/Zila/Downloads/BN5212/MIMIC-CXR/p10/p10/p10019568/s59892630.txt,Pleural effusion,positive,positive,False,,"Left basilar atelectasis is increased over the interval, as has a left-sided pleural effusion, which is now small to moderate size. | Interval increase in left-sided pleural effusion, which is now small to moderate size."
10019593,58500109,/mnt/c/Users/Zila/Downloads/BN5212/MIMIC-CXR/p10/p10/p10019593/s58500109.txt,Pleural effusion,negative,negative,False,,No pleural effusion or pneumothorax evident.
10019593,58500109,/mnt/c/Users/Zila/Downloads/BN5212/MIMIC-CXR/p10/p10/p10019593/s58500109.txt,Pneumonia,positive,positive|uncertain,True,,"Chest PA and lateral radiographs demonstrate a faint opacity in the left lower lung obscuring the left hemidiaphragm, likely representing pneumonia. | Left lower lung opacity concerning for pneumonia."
10019777,53481915,/mnt/c/Users/Zila/Downloads/BN5212/MIMIC-CXR/p10/p10/p10019777/s53481915.txt,Pleural effusion,negative,negative,False,,No pleural effusion or large pneumothorax is detected on this supine exam.
10019777,55627966,/mnt/c/Users/Zila/Downloads/BN5212/MIMIC-CXR/p10/p10/p10019777/s55627966.txt,Pleural effusion,positive,positive,False,,There is a small left pleural effusion. | Small left pleural effusion.
10019777,55627966,/mnt/c/Users/Zila/Downloads/BN5212/MIMIC-CXR/p10/p10/p10019777/s55627966.txt,Pneumonia,uncertain,uncertain,True,,"Subtle right basilar opacity, which could represent residual pneumonia."
10019777,56013693,/mnt/c/Users/Zila/Downloads/BN5212/MIMIC-CXR/p10/p10/p10019777/s56013693.txt,Pleural effusion,negative,negative,False,,No pleural effusion seen.
10019777,56013693,/mnt/c/Users/Zila/Downloads/BN5212/MIMIC-CXR/p10/p10/p10019777/s56013693.txt,Pneumonia,positive,positive,False,,"There is persistent subtle airspace opacity in the right mid to lower lung, this may reflect the residua of the patient's known pneumonia."
10019777,57883142,/mnt/c/Users/Zila/Downloads/BN5212/MIMIC-CXR/p10/p10/p10019777/s57883142.txt,Pleural effusion,positive,positive,False,,Left pleural effusion and left lower lobe atelectasis have increased since the prior study. | Small right pleural effusion is likely.
10019777,57883142,/mnt/c/Users/Zila/Downloads/BN5212/MIMIC-CXR/p10/p10/p10019777/s57883142.txt,Pneumonia,positive,positive,False,,Right lower lobe pneumonia has worsened since the prior radiograph. | Right lower lobe pneumonia worsened since the prior radiograph.
10019777,58527977,/mnt/c/Users/Zila/Downloads/BN5212/MIMIC-CXR/p10/p10/p10019777/s58527977.txt,Pleural effusion,negative,negative,False,,"The lungs are otherwise clear without focal consolidation, pleural effusion, pneumothorax."
10019777,58527977,/mnt/c/Users/Zila/Downloads/BN5212/MIMIC-CXR/p10/p10/p10019777/s58527977.txt,Pulmonary edema,negative,negative,False,,No pulmonary edema is seen.
10020306,52734703,/mnt/c/Users/Zila/Downloads/BN5212/MIMIC-CXR/p10/p10/p10020306/s52734703.txt,Pleural effusion,negative,negative,False,,No pleural effusion.
10020306,52734703,/mnt/c/Users/Zila/Downloads/BN5212/MIMIC-CXR/p10/p10/p10020306/s52734703.txt,Pulmonary tuberculosis,negative,negative,False,,No radiographic evidence of active or latent pulmonary tuberculosis infection.
10020306,58083231,/mnt/c/Users/Zila/Downloads/BN5212/MIMIC-CXR/p10/p10/p10020306/s58083231.txt,Pleural effusion,negative,negative,False,,No pneumothorax or pleural effusion.
10020435,51690362,/mnt/c/Users/Zila/Downloads/BN5212/MIMIC-CXR/p10/p10/p10020435/s51690362.txt,Pleural effusion,negative,negative,False,,No pleural effusion or pneumothorax is seen.
10020435,57084280,/mnt/c/Users/Zila/Downloads/BN5212/MIMIC-CXR/p10/p10/p10020435/s57084280.txt,Pleural effusion,negative,negative,False,,No pleural effusion or pneumothorax is present.
10020740,51970847,/mnt/c/Users/Zila/Downloads/BN5212/MIMIC-CXR/p10/p10/p10020740/s51970847.txt,Pleural effusion,positive,positive,False,,Small right pleural effusion extending along the lower chest wall is again seen.
10020740,52268471,/mnt/c/Users/Zila/Downloads/BN5212/MIMIC-CXR/p10/p10/p10020740/s52268471.txt,Pleural effusion,negative,negative,False,,"No focal consolidation, pleural effusion or pneumothorax is demonstrated."
10020740,53160696,/mnt/c/Users/Zila/Downloads/BN5212/MIMIC-CXR/p10/p10/p10020740/s53160696.txt,Pneumonia,positive,positive,False,,Residual consolidation in the lower lobe could be atelectasis or pneumonia.
10020740,54429329,/mnt/c/Users/Zila/Downloads/BN5212/MIMIC-CXR/p10/p10/p10020740/s54429329.txt,Pleural effusion,positive,positive,False,,There is also away moderate right pleural effusion.
10020740,55522869,/mnt/c/Users/Zila/Downloads/BN5212/MIMIC-CXR/p10/p10/p10020740/s55522869.txt,Pleural effusion,positive,positive,False,,There may well be a small right pleural effusion.
10020740,55522869,/mnt/c/Users/Zila/Downloads/BN5212/MIMIC-CXR/p10/p10/p10020740/s55522869.txt,Pneumonia,negative,negative,False,,Mild basilar atelectatic changes without evidence of acute pneumonia or vascular congestion.
10020740,56053044,/mnt/c/Users/Zila/Downloads/BN5212/MIMIC-CXR/p10/p10/p10020740/s56053044.txt,Pleural effusion,negative,negative,False,,No pleural effusion or pneumothorax.
10020740,57634229,/mnt/c/Users/Zila/Downloads/BN5212/MIMIC-CXR/p10/p10/p10020740/s57634229.txt,Pneumonia,negative,negative,False,,No pneumonia.
10020740,57634229,/mnt/c/Users/Zila/Downloads/BN5212/MIMIC-CXR/p10/p10/p10020740/s57634229.txt,Pulmonary edema,negative,negative,False,,No pulmonary edema.
10020740,58116104,/mnt/c/Users/Zila/Downloads/BN5212/MIMIC-CXR/p10/p10/p10020740/s58116104.txt,Fluid overload,positive,positive,False,,Minimal fluid overload but no overt pulmonary edema.
10020740,58116104,/mnt/c/Users/Zila/Downloads/BN5212/MIMIC-CXR/p10/p10/p10020740/s58116104.txt,Pulmonary edema,negative,negative,False,,Minimal fluid overload but no overt pulmonary edema.
10020740,59317612,/mnt/c/Users/Zila/Downloads/BN5212/MIMIC-CXR/p10/p10/p10020740/s59317612.txt,Pleural effusion,negative,negative,False,,No pneumothorax or appreciable pleural effusion demonstrated.
10020740,59492946,/mnt/c/Users/Zila/Downloads/BN5212/MIMIC-CXR/p10/p10/p10020740/s59492946.txt,Pneumonia,negative,negative,False,,No pneumonia.
10020740,59638055,/mnt/c/Users/Zila/Downloads/BN5212/MIMIC-CXR/p10/p10/p10020740/s59638055.txt,Pleural effusion,positive,positive,False,,A small right pleural effusion is seen.
10020740,59801677,/mnt/c/Users/Zila/Downloads/BN5212/MIMIC-CXR/p10/p10/p10020740/s59801677.txt,Pleural effusion,positive,positive,False,,"SMALL RIGHT PLEURAL ABNORMALITY, ALONG THE RIGHT LATERAL COSTAL MARGIN CORRESPONDS TO THE SMALL PLEURAL EFFUSION EFFUSION SEEN ON ABDOMEN CT ___."
10020843,51779562,/mnt/c/Users/Zila/Downloads/BN5212/MIMIC-CXR/p10/p10/p10020843/s51779562.txt,Pleural effusion,negative,negative,False,,"No evidence of acute pneumonia, vascular congestion, or pleural effusion."
10020843,51779562,/mnt/c/Users/Zila/Downloads/BN5212/MIMIC-CXR/p10/p10/p10020843/s51779562.txt,Pneumonia,negative,negative,False,,"No evidence of acute pneumonia, vascular congestion, or pleural effusion."
10020852,50577055,/mnt/c/Users/Zila/Downloads/BN5212/MIMIC-CXR/p10/p10/p10020852/s50577055.txt,Cardiomegaly,negative,negative,False,,No cardiomegaly.
10020852,58129659,/mnt/c/Users/Zila/Downloads/BN5212/MIMIC-CXR/p10/p10/p10020852/s58129659.txt,Pleural effusion,negative,negative,False,,No pleural effusion or pneumothorax is seen.
10020944,52441819,/mnt/c/Users/Zila/Downloads/BN5212/MIMIC-CXR/p10/p10/p10020944/s52441819.txt,Pulmonary edema,positive,positive,False,,"Mild pulmonary edema is slightly worse. | Mild pulmonary edema, slightly worse."
10020944,54060261,/mnt/c/Users/Zila/Downloads/BN5212/MIMIC-CXR/p10/p10/p10020944/s54060261.txt,Pneumonia,uncertain,uncertain,True,,"Right lower lobe consolidation which may represent pneumonia, aspiration, or atelectasis, is unchanged."
10020944,54752011,/mnt/c/Users/Zila/Downloads/BN5212/MIMIC-CXR/p10/p10/p10020944/s54752011.txt,Fractures,positive,positive,False,,Old bilateral rib fractures are identified.
10020944,54752011,/mnt/c/Users/Zila/Downloads/BN5212/MIMIC-CXR/p10/p10/p10020944/s54752011.txt,Pleural effusion,positive,positive|uncertain,True,,"Allowing for this limitation, there is opacification of the right lower lung, likely due to a combination of atelectasis given volume loss with rightward mediastnal shift to the right and possible pleural effusion. | Right lower lobe consolidation, likely a combination of atelectasis or consolidation with pleural effusion."
10020944,55858000,/mnt/c/Users/Zila/Downloads/BN5212/MIMIC-CXR/p10/p10/p10020944/s55858000.txt,Pleural effusion,positive,positive,False,,"As compared to the prior study, there has been apparent interval increase in size of a now moderate left partially layering pleural effusion."
10020944,56067699,/mnt/c/Users/Zila/Downloads/BN5212/MIMIC-CXR/p10/p10/p10020944/s56067699.txt,Pleural effusion,negative,negative,False,,There is no pleural effusion or pneumothorax.
10020944,56067699,/mnt/c/Users/Zila/Downloads/BN5212/MIMIC-CXR/p10/p10/p10020944/s56067699.txt,Pulmonary edema,negative,negative,False,,Continued partial collapse of the right middle and lower lobes with no evidence of pulmonary edema.
10020944,57029107,/mnt/c/Users/Zila/Downloads/BN5212/MIMIC-CXR/p10/p10/p10020944/s57029107.txt,Edema,positive,positive,False,,The aerated portion of the right upper lung shows changes of interstitial edema.
10020944,57029107,/mnt/c/Users/Zila/Downloads/BN5212/MIMIC-CXR/p10/p10/p10020944/s57029107.txt,Pleural effusion,uncertain,uncertain,True,,"Otherwise, there is no significant interval change compared with the previous examination, with opacification of the right lower lung field, likely a combination of at least some atelectasis and possible consolidation/pleural effusion."
10020944,57546443,/mnt/c/Users/Zila/Downloads/BN5212/MIMIC-CXR/p10/p10/p10020944/s57546443.txt,Pleural effusion,positive,positive,False,,Small right pleural effusion is unchanged.
10020944,57546443,/mnt/c/Users/Zila/Downloads/BN5212/MIMIC-CXR/p10/p10/p10020944/s57546443.txt,Pulmonary edema,positive,positive,False,,There is improvement in pulmonary edema. | Improvement in pulmonary edema.
10020944,59169950,/mnt/c/Users/Zila/Downloads/BN5212/MIMIC-CXR/p10/p10/p10020944/s59169950.txt,Cardiomegaly,positive,positive,False,,There is unchanged cardiomegaly.
10020944,59169950,/mnt/c/Users/Zila/Downloads/BN5212/MIMIC-CXR/p10/p10/p10020944/s59169950.txt,Pleural effusion,positive,positive,False,,There is a moderate right basilar pleural effusion.
10020944,59169950,/mnt/c/Users/Zila/Downloads/BN5212/MIMIC-CXR/p10/p10/p10020944/s59169950.txt,Pulmonary edema,positive,positive,False,,There is mild pulmonary edema and there are no pneumothoraces.
10020944,59602114,/mnt/c/Users/Zila/Downloads/BN5212/MIMIC-CXR/p10/p10/p10020944/s59602114.txt,Cardiomegaly,positive,positive,False,,There is cardiomegaly.
10020944,59602114,/mnt/c/Users/Zila/Downloads/BN5212/MIMIC-CXR/p10/p10/p10020944/s59602114.txt,Pulmonary edema,negative,negative,False,,There is no overt pulmonary edema or pneumothoraces.
10020944,59618738,/mnt/c/Users/Zila/Downloads/BN5212/MIMIC-CXR/p10/p10/p10020944/s59618738.txt,Pleural effusion,positive,positive,False,,Small right pleural effusion is also present.
10021348,51196256,/mnt/c/Users/Zila/Downloads/BN5212/MIMIC-CXR/p10/p10/p10021348/s51196256.txt,Edema,negative,negative,False,,The lungs are clear without consolidation or edema.
10021348,51196256,/mnt/c/Users/Zila/Downloads/BN5212/MIMIC-CXR/p10/p10/p10021348/s51196256.txt,Pleural effusion,negative,negative,False,,There is no pleural effusion or pneumothorax.
10021348,58126648,/mnt/c/Users/Zila/Downloads/BN5212/MIMIC-CXR/p10/p10/p10021348/s58126648.txt,Cough,negative,negative,False,,"Normal chest findings, no evidence of acute pneumonic infiltrate in patient with cough and sputum production."
10021395,55834687,/mnt/c/Users/Zila/Downloads/BN5212/MIMIC-CXR/p10/p10/p10021395/s55834687.txt,Pleural effusion,negative,negative,False,,There is no pleural effusion or pneumothorax.
10021487,50316375,/mnt/c/Users/Zila/Downloads/BN5212/MIMIC-CXR/p10/p10/p10021487/s50316375.txt,Fractures,positive,positive,False,,Frontal and lateral views of the chest demonstrate healing right-sided rib fractures. | Poor visualization of right-sided rib fractures.
10021487,50316375,/mnt/c/Users/Zila/Downloads/BN5212/MIMIC-CXR/p10/p10/p10021487/s50316375.txt,Pleural effusion,positive,positive,False,,"The lungs are otherwise clear with right more than left basilar atelectasis, and a large right pleural effusion. | Large air-fluid level within the necrotic right lobe of the liver, and elevation of the right hemidiaphragm with right base atelectasis and small pleural effusion."
10021487,50763544,/mnt/c/Users/Zila/Downloads/BN5212/MIMIC-CXR/p10/p10/p10021487/s50763544.txt,Cardiomegaly,positive,positive,False,,There is moderate cardiomegaly.
10021487,50763544,/mnt/c/Users/Zila/Downloads/BN5212/MIMIC-CXR/p10/p10/p10021487/s50763544.txt,Fluid overload,positive,positive,False,,There is mild fluid overload and a left retrocardiac opacity which is stable.
10021487,52487989,/mnt/c/Users/Zila/Downloads/BN5212/MIMIC-CXR/p10/p10/p10021487/s52487989.txt,Pleural effusion,positive,positive,False,,"Veil-like opacity in the right lung suggesting moderate right pleural effusion, left retrocardiac increased opacity which is likely a combination of atelectasis and/or small effusion is similar."
10021487,52512958,/mnt/c/Users/Zila/Downloads/BN5212/MIMIC-CXR/p10/p10/p10021487/s52512958.txt,Cardiomegaly,positive,positive,False,,Moderate cardiomegaly.
10021487,52512958,/mnt/c/Users/Zila/Downloads/BN5212/MIMIC-CXR/p10/p10/p10021487/s52512958.txt,Fluid overload,positive,positive,False,,"Total opacification of the right hemithorax, signs of fluid overload on the left."
10021487,52532886,/mnt/c/Users/Zila/Downloads/BN5212/MIMIC-CXR/p10/p10/p10021487/s52532886.txt,Edema,positive,positive,False,,"Veil-like opacification over the right hemithorax is probably largely pleural effusion, but it obscures the lungs and makes it impossible to exclude interstitial edema or even lower lobe atelectasis. | The left pleural effusion is small and left lung demonstrates mild edema."
10021487,52532886,/mnt/c/Users/Zila/Downloads/BN5212/MIMIC-CXR/p10/p10/p10021487/s52532886.txt,Pleural effusion,positive,positive|uncertain,True,,"Veil-like opacification over the right hemithorax is probably largely pleural effusion, but it obscures the lungs and makes it impossible to exclude interstitial edema or even lower lobe atelectasis. | The left pleural effusion is small and left lung demonstrates mild edema."
10021487,52532886,/mnt/c/Users/Zila/Downloads/BN5212/MIMIC-CXR/p10/p10/p10021487/s52532886.txt,Pneumonia,uncertain,uncertain,True,,"On the left, the opacification at the bases is so severe that it is possible to diagnose likely collapsed, alternatively pneumonia."
10021487,52729894,/mnt/c/Users/Zila/Downloads/BN5212/MIMIC-CXR/p10/p10/p10021487/s52729894.txt,46,positive,positive,False,,___ on ___ at 10:46 a.m.
10021487,53139340,/mnt/c/Users/Zila/Downloads/BN5212/MIMIC-CXR/p10/p10/p10021487/s53139340.txt,Cardiomegaly,positive,positive,False,,"Mild fluid overload, moderate cardiomegaly."
10021487,53139340,/mnt/c/Users/Zila/Downloads/BN5212/MIMIC-CXR/p10/p10/p10021487/s53139340.txt,Fluid overload,positive,positive,False,,"Mild fluid overload, moderate cardiomegaly."
10021487,53139340,/mnt/c/Users/Zila/Downloads/BN5212/MIMIC-CXR/p10/p10/p10021487/s53139340.txt,Pleural effusion,positive,positive,False,,"The right lung bases show slightly improved ventilation with, however, a persisting right pleural effusion."
10021487,54626295,/mnt/c/Users/Zila/Downloads/BN5212/MIMIC-CXR/p10/p10/p10021487/s54626295.txt,Cardiomegaly,positive,positive,False,,Cardiomegaly is unchanged.
10021487,54626295,/mnt/c/Users/Zila/Downloads/BN5212/MIMIC-CXR/p10/p10/p10021487/s54626295.txt,Pleural effusion,positive,positive,False,,Moderate to large layering right pleural effusion has increased. | Increasing right pleural effusion since yesterday's exam.
10021487,55024078,/mnt/c/Users/Zila/Downloads/BN5212/MIMIC-CXR/p10/p10/p10021487/s55024078.txt,Pulmonary edema,uncertain,uncertain,True,,There is prominence of pulmonary vascular markings suggestive of a moderate pulmonary edema.
10021487,55681272,/mnt/c/Users/Zila/Downloads/BN5212/MIMIC-CXR/p10/p10/p10021487/s55681272.txt,Pleural effusion,positive,positive,False,,Right lung demonstrates decreased right-sided pleural effusion with residual atelectasis but no evidence of pneumothorax. | Interval decrease in right pleural effusion with no evidence of pneumothorax after thoracentesis.
10021487,56769265,/mnt/c/Users/Zila/Downloads/BN5212/MIMIC-CXR/p10/p10/p10021487/s56769265.txt,Pulmonary edema,positive,positive,False,,Unchanged pulmonary edema and low lung volumes.
10021487,57174722,/mnt/c/Users/Zila/Downloads/BN5212/MIMIC-CXR/p10/p10/p10021487/s57174722.txt,Pleural effusion,positive,positive,False,,There is also increased density at the right lung likely due to layering pleural effusion.
10021487,57174722,/mnt/c/Users/Zila/Downloads/BN5212/MIMIC-CXR/p10/p10/p10021487/s57174722.txt,Pulmonary edema,positive,positive,False,,There is left retrocardiac opacity as well as prominence of the pulmonary markings consistent with pulmonary edema.
10021487,57544796,/mnt/c/Users/Zila/Downloads/BN5212/MIMIC-CXR/p10/p10/p10021487/s57544796.txt,Cardiomegaly,positive,positive,False,,Unchanged moderate cardiomegaly.
10021487,57544796,/mnt/c/Users/Zila/Downloads/BN5212/MIMIC-CXR/p10/p10/p10021487/s57544796.txt,Fluid overload,positive,positive,False,,Minimal fluid overload.
10021487,57549992,/mnt/c/Users/Zila/Downloads/BN5212/MIMIC-CXR/p10/p10/p10021487/s57549992.txt,Pleural effusion,uncertain,uncertain,True,,"There is definitely greater opacification projecting over the right lung now than earlier, but I am unsure what it is, probably basilar atelectasis and new pleural effusion."
10021487,57861581,/mnt/c/Users/Zila/Downloads/BN5212/MIMIC-CXR/p10/p10/p10021487/s57861581.txt,Pleural effusion,positive,positive,False,,Left small pleural effusion is presumed and stable.
10021487,57861581,/mnt/c/Users/Zila/Downloads/BN5212/MIMIC-CXR/p10/p10/p10021487/s57861581.txt,Pulmonary edema,positive,positive,False,,"Veil-like opacity in the right hemithorax is largely effusion, if any of this is secondary to atelectasis or concurrently existing pulmonary edema is difficult to determine. | There is a hint of mild left pulmonary edema, unchanged since yesterday."
10021487,58098754,/mnt/c/Users/Zila/Downloads/BN5212/MIMIC-CXR/p10/p10/p10021487/s58098754.txt,Pleural effusion,positive,positive,False,,Pleural effusion if any is small on the right side and stable.
10021487,59671735,/mnt/c/Users/Zila/Downloads/BN5212/MIMIC-CXR/p10/p10/p10021487/s59671735.txt,Pleural effusion,positive,positive,False,,The right pleural effusion with right basal atelectasis is essentially stable. | No significant change with stable right pleural effusion with basilar atelectasis and air-fluid level in the right upper quadrant compatible with known right hepatic lobe collection.
10021487,59671735,/mnt/c/Users/Zila/Downloads/BN5212/MIMIC-CXR/p10/p10/p10021487/s59671735.txt,Pulmonary edema,negative,negative,False,,No pulmonary edema.
10021666,51474885,/mnt/c/Users/Zila/Downloads/BN5212/MIMIC-CXR/p10/p10/p10021666/s51474885.txt,Cardiomegaly,positive,positive,False,,Cardiomegaly which is stable.
10021666,51474885,/mnt/c/Users/Zila/Downloads/BN5212/MIMIC-CXR/p10/p10/p10021666/s51474885.txt,Pulmonary edema,negative,negative,False,,There is mild prominence of the pulmonary vascular markings without overt pulmonary edema.
10021666,55219437,/mnt/c/Users/Zila/Downloads/BN5212/MIMIC-CXR/p10/p10/p10021666/s55219437.txt,Cardiomegaly,positive,positive,False,,Severe cardiomegaly including a calcified apical ventricular aneurysm is unchanged.
10021666,55219437,/mnt/c/Users/Zila/Downloads/BN5212/MIMIC-CXR/p10/p10/p10021666/s55219437.txt,Pleural effusion,negative,negative,False,,"There is no pneumothorax, pleural effusion, or pulmonary edema."
10021666,55219437,/mnt/c/Users/Zila/Downloads/BN5212/MIMIC-CXR/p10/p10/p10021666/s55219437.txt,Pneumonia,negative,negative,False,,Stable left infrahilar atelectasis without new airspace opacity concerning for pneumonia.
10021666,55219437,/mnt/c/Users/Zila/Downloads/BN5212/MIMIC-CXR/p10/p10/p10021666/s55219437.txt,Pulmonary edema,negative,negative,False,,"There is no pneumothorax, pleural effusion, or pulmonary edema."
10021927,51939213,/mnt/c/Users/Zila/Downloads/BN5212/MIMIC-CXR/p10/p10/p10021927/s51939213.txt,Hemorrhage,positive,positive,False,,Differential diagnosis is broad and includes pneumonia and pulmonary hemorrhage.
10021927,51939213,/mnt/c/Users/Zila/Downloads/BN5212/MIMIC-CXR/p10/p10/p10021927/s51939213.txt,Pleural effusion,positive,positive,False,,"Pleural effusion is small, on the left, if any."
10021927,51939213,/mnt/c/Users/Zila/Downloads/BN5212/MIMIC-CXR/p10/p10/p10021927/s51939213.txt,Pneumonia,positive,positive,False,,Differential diagnosis is broad and includes pneumonia and pulmonary hemorrhage.
10021927,52138197,/mnt/c/Users/Zila/Downloads/BN5212/MIMIC-CXR/p10/p10/p10021927/s52138197.txt,Cardiomegaly,positive,positive,False,,Cardiomegaly cannot be assessed.
10021927,52138197,/mnt/c/Users/Zila/Downloads/BN5212/MIMIC-CXR/p10/p10/p10021927/s52138197.txt,Pleural effusion,uncertain,uncertain,True,,There is probably a small right pleural effusion
10021927,52138197,/mnt/c/Users/Zila/Downloads/BN5212/MIMIC-CXR/p10/p10/p10021927/s52138197.txt,Pneumonia,positive,positive,False,,Diffuse consolidation/pneumonia in the right lung has worsened.
10021927,52452170,/mnt/c/Users/Zila/Downloads/BN5212/MIMIC-CXR/p10/p10/p10021927/s52452170.txt,Pleural effusion,negative,negative,False,,There is no pleural effusion or pneumothorax.
10021927,54413057,/mnt/c/Users/Zila/Downloads/BN5212/MIMIC-CXR/p10/p10/p10021927/s54413057.txt,Pneumonia,negative,negative,False,,No radiographic evidence of pneumonia.
10021927,55422556,/mnt/c/Users/Zila/Downloads/BN5212/MIMIC-CXR/p10/p10/p10021927/s55422556.txt,Pleural effusion,negative,negative,False,,No large pleural effusion or pneumothorax is seen.
10021927,55422556,/mnt/c/Users/Zila/Downloads/BN5212/MIMIC-CXR/p10/p10/p10021927/s55422556.txt,Pulmonary edema,positive,positive,False,,New since the prior study is interstitial opacity over the right lung worrisome for asymmetric pulmonary edema or infection. | New opacity projecting over the left lung could be due to very asymmetric pulmonary edema although more concerning for infectious or inflammatory process.
10021927,55803399,/mnt/c/Users/Zila/Downloads/BN5212/MIMIC-CXR/p10/p10/p10021927/s55803399.txt,Pneumonia,positive,positive,False,,"Pneumonia is of concern, as well as substantial atelectasis."
10021927,56474613,/mnt/c/Users/Zila/Downloads/BN5212/MIMIC-CXR/p10/p10/p10021927/s56474613.txt,Edema,positive,positive,False,,"Previous moderate pulmonary edema is collected more dependently, producing greater opacification in the lower lobes, due also to severe atelectasis, but edema is improving in the upper lungs."
10021927,56474613,/mnt/c/Users/Zila/Downloads/BN5212/MIMIC-CXR/p10/p10/p10021927/s56474613.txt,Pulmonary edema,positive,positive,False,,"Previous moderate pulmonary edema is collected more dependently, producing greater opacification in the lower lobes, due also to severe atelectasis, but edema is improving in the upper lungs."
10021927,56863750,/mnt/c/Users/Zila/Downloads/BN5212/MIMIC-CXR/p10/p10/p10021927/s56863750.txt,Pleural effusion,positive,positive,False,,Small left pleural effusion.
10021927,56863750,/mnt/c/Users/Zila/Downloads/BN5212/MIMIC-CXR/p10/p10/p10021927/s56863750.txt,Pneumonia,positive,positive|uncertain,True,,"Increasing bilateral diffuse airspace opacities which can be seen in the setting of multifocal pneumonia and pulmonary edema. | Increasing and diffuse bilateral airspace opacities, concerning for pulmonary edema however superimposed multifocal pneumonia cannot be excluded."
10021927,56863750,/mnt/c/Users/Zila/Downloads/BN5212/MIMIC-CXR/p10/p10/p10021927/s56863750.txt,Pulmonary edema,positive,positive|uncertain,True,,"Increasing bilateral diffuse airspace opacities which can be seen in the setting of multifocal pneumonia and pulmonary edema. | Increasing and diffuse bilateral airspace opacities, concerning for pulmonary edema however superimposed multifocal pneumonia cannot be excluded."
10021927,57834745,/mnt/c/Users/Zila/Downloads/BN5212/MIMIC-CXR/p10/p10/p10021927/s57834745.txt,Cardiomegaly,positive,positive,False,,"The cardiomediastinal silhouette is unchanged, notable for mild cardiomegaly."
10021927,57834745,/mnt/c/Users/Zila/Downloads/BN5212/MIMIC-CXR/p10/p10/p10021927/s57834745.txt,Pneumonia,positive,positive,False,,Findings may be due to pneumonia.
10021927,58429029,/mnt/c/Users/Zila/Downloads/BN5212/MIMIC-CXR/p10/p10/p10021927/s58429029.txt,Edema,negative,negative,False,,"However, there is no further evidence for parenchymal edema or significant pleural effusions."
10021927,58742316,/mnt/c/Users/Zila/Downloads/BN5212/MIMIC-CXR/p10/p10/p10021927/s58742316.txt,Cardiomegaly,positive,positive,False,,Moderate cardiomegaly persists.
10021927,58800461,/mnt/c/Users/Zila/Downloads/BN5212/MIMIC-CXR/p10/p10/p10021927/s58800461.txt,Pleural effusion,positive,positive,False,,The underlying bilateral lower lobe atelectasis and bilateral pleural effusion are unchanged.
10021927,58800461,/mnt/c/Users/Zila/Downloads/BN5212/MIMIC-CXR/p10/p10/p10021927/s58800461.txt,Pulmonary edema,positive,positive,False,,"Component of pulmonary edema has improved. | Component of pulmonary edema has improved, unchanged bilateral lower lobe consolidations and pleural effusions."
10021927,59713053,/mnt/c/Users/Zila/Downloads/BN5212/MIMIC-CXR/p10/p10/p10021927/s59713053.txt,Pleural effusion,negative,negative,False,,No evidence of vascular congestion or significant pleural effusion or acute focal pneumonia.
10021927,59713053,/mnt/c/Users/Zila/Downloads/BN5212/MIMIC-CXR/p10/p10/p10021927/s59713053.txt,Pneumonia,negative,negative,False,,No evidence of vascular congestion or significant pleural effusion or acute focal pneumonia.
10021938,50014720,/mnt/c/Users/Zila/Downloads/BN5212/MIMIC-CXR/p10/p10/p10021938/s50014720.txt,Cardiomegaly,positive,positive,False,,Mild cardiomegaly with mild interstitial pulmonary edema.
10021938,50014720,/mnt/c/Users/Zila/Downloads/BN5212/MIMIC-CXR/p10/p10/p10021938/s50014720.txt,Pulmonary edema,positive,positive,False,,"There are diffuse interstitial opacities radiating from the hila as well as Kerley B lines and vascular cephalization, consistent with mild interstitial pulmonary edema. | Mild cardiomegaly with mild interstitial pulmonary edema."
10021938,54308908,/mnt/c/Users/Zila/Downloads/BN5212/MIMIC-CXR/p10/p10/p10021938/s54308908.txt,Fluid overload,positive,positive,False,,"Compared to the prior radiograph, the patient's fluid overload status has improved and there is no evidence of pulmonary edema."
10021938,54308908,/mnt/c/Users/Zila/Downloads/BN5212/MIMIC-CXR/p10/p10/p10021938/s54308908.txt,Pleural effusion,negative,negative,False,,No pleural effusion or pneumothorax is appreciated.
10021938,54308908,/mnt/c/Users/Zila/Downloads/BN5212/MIMIC-CXR/p10/p10/p10021938/s54308908.txt,Pulmonary edema,negative,negative,False,,"Compared to the prior radiograph, the patient's fluid overload status has improved and there is no evidence of pulmonary edema. | Interval resolution of pulmonary edema with no longer visualized right lower lobe opacities which may have been engorged vessels."
10021938,55463845,/mnt/c/Users/Zila/Downloads/BN5212/MIMIC-CXR/p10/p10/p10021938/s55463845.txt,Cardiomegaly,positive,positive,False,,Cardiomegaly without acute cardiopulmonary process.
10022037,50864266,/mnt/c/Users/Zila/Downloads/BN5212/MIMIC-CXR/p10/p10/p10022037/s50864266.txt,Pleural effusion,negative,negative,False,,"No focal consolidation, pleural effusion, or evidence of pneumothorax is seen."
10022041,55830708,/mnt/c/Users/Zila/Downloads/BN5212/MIMIC-CXR/p10/p10/p10022041/s55830708.txt,Cardiomegaly,positive,positive,False,,Moderate cardiomegaly with tortuosity of the thoracic aorta.
10022041,55830708,/mnt/c/Users/Zila/Downloads/BN5212/MIMIC-CXR/p10/p10/p10022041/s55830708.txt,Pneumonia,negative,negative,False,,"No pneumonia, no pulmonary edema, no pleural effusions."
10022041,55830708,/mnt/c/Users/Zila/Downloads/BN5212/MIMIC-CXR/p10/p10/p10022041/s55830708.txt,Pulmonary edema,negative,negative,False,,"No pneumonia, no pulmonary edema, no pleural effusions."
10022041,56775341,/mnt/c/Users/Zila/Downloads/BN5212/MIMIC-CXR/p10/p10/p10022041/s56775341.txt,Pneumonia,negative,negative,False,,No definite vascular congestion or acute focal pneumonia.
10022373,51071301,/mnt/c/Users/Zila/Downloads/BN5212/MIMIC-CXR/p10/p10/p10022373/s51071301.txt,Pneumonia,positive,positive,False,,There is a large region of heterogeneous opacity extending from the mid lower to upper lung zone likely representing pneumonia.
10022373,54005410,/mnt/c/Users/Zila/Downloads/BN5212/MIMIC-CXR/p10/p10/p10022373/s54005410.txt,Pneumonia,positive,positive,False,,Heterogeneous peribronchial opacification in the right lung has improved consistent with decreasing pneumonia.
10022373,55084044,/mnt/c/Users/Zila/Downloads/BN5212/MIMIC-CXR/p10/p10/p10022373/s55084044.txt,Edema,negative,negative,False,,"The lungs are clear without focal consolidation, effusion, or edema."
10022373,55891252,/mnt/c/Users/Zila/Downloads/BN5212/MIMIC-CXR/p10/p10/p10022373/s55891252.txt,Pneumonia,positive,positive,False,,"New left lower lung, right mid and lower lung infiltrates, consistent with pneumonia in the appropriate clinical setting."
10022373,56011276,/mnt/c/Users/Zila/Downloads/BN5212/MIMIC-CXR/p10/p10/p10022373/s56011276.txt,Pleural effusion,positive,positive,False,,Left pleural effusion is small.
10023117,50130952,/mnt/c/Users/Zila/Downloads/BN5212/MIMIC-CXR/p10/p10/p10023117/s50130952.txt,Cardiomegaly,positive,positive,False,,Moderate cardiomegaly is also longstanding.
10023117,50130952,/mnt/c/Users/Zila/Downloads/BN5212/MIMIC-CXR/p10/p10/p10023117/s50130952.txt,Pleural effusion,negative,negative,False,,"No pneumothorax, pleural effusion or new mediastinal widening."
10023117,50130952,/mnt/c/Users/Zila/Downloads/BN5212/MIMIC-CXR/p10/p10/p10023117/s50130952.txt,Pulmonary edema,negative,negative,False,,Lungs are grossly clear and there is no pulmonary edema.
10023117,50447167,/mnt/c/Users/Zila/Downloads/BN5212/MIMIC-CXR/p10/p10/p10023117/s50447167.txt,Cardiomegaly,positive,positive,False,,Moderate cardiomegaly is stable.
10023117,52880779,/mnt/c/Users/Zila/Downloads/BN5212/MIMIC-CXR/p10/p10/p10023117/s52880779.txt,Acute pulmonary edema,negative,negative,False,,Moderate cardiomegaly without evidence of acute pulmonary edema.
10023117,52880779,/mnt/c/Users/Zila/Downloads/BN5212/MIMIC-CXR/p10/p10/p10023117/s52880779.txt,Cardiomegaly,positive,positive,False,,Moderate cardiomegaly without evidence of acute pulmonary edema.
10023117,53372543,/mnt/c/Users/Zila/Downloads/BN5212/MIMIC-CXR/p10/p10/p10023117/s53372543.txt,Cardiomegaly,positive,positive,False,,Severe cardiomegaly is again noted. | Severe cardiomegaly without congestive heart failure or pneumonia.
10023117,53372543,/mnt/c/Users/Zila/Downloads/BN5212/MIMIC-CXR/p10/p10/p10023117/s53372543.txt,Heart failure,negative,negative,False,,Severe cardiomegaly without congestive heart failure or pneumonia.
10023117,53372543,/mnt/c/Users/Zila/Downloads/BN5212/MIMIC-CXR/p10/p10/p10023117/s53372543.txt,Pleural effusion,negative,negative,False,,"No focal consolidation, pleural effusion or pneumothorax is present."
10023117,53372543,/mnt/c/Users/Zila/Downloads/BN5212/MIMIC-CXR/p10/p10/p10023117/s53372543.txt,Pneumonia,negative,negative,False,,Severe cardiomegaly without congestive heart failure or pneumonia.
10023117,53372543,/mnt/c/Users/Zila/Downloads/BN5212/MIMIC-CXR/p10/p10/p10023117/s53372543.txt,Pulmonary edema,negative,negative,False,,No pulmonary edema is demonstrated.
10023117,54051348,/mnt/c/Users/Zila/Downloads/BN5212/MIMIC-CXR/p10/p10/p10023117/s54051348.txt,Pleural effusion,negative,negative,False,,No large pleural effusion is seen.
10023117,54147385,/mnt/c/Users/Zila/Downloads/BN5212/MIMIC-CXR/p10/p10/p10023117/s54147385.txt,Cardiomyopathy,negative,negative,False,,"Continued enlargement of the cardiac silhouette without appreciable vascular congestion, a discordance that raise the possibility of cardiomyopathy."
10023117,54147385,/mnt/c/Users/Zila/Downloads/BN5212/MIMIC-CXR/p10/p10/p10023117/s54147385.txt,Pneumonia,negative,negative,False,,No acute focal pneumonia.
10023117,54404075,/mnt/c/Users/Zila/Downloads/BN5212/MIMIC-CXR/p10/p10/p10023117/s54404075.txt,Cardiomegaly,positive,positive,False,,Moderate cardiomegaly with moderate pulmonary edema.
10023117,54404075,/mnt/c/Users/Zila/Downloads/BN5212/MIMIC-CXR/p10/p10/p10023117/s54404075.txt,Pulmonary edema,positive,positive,False,,Moderate cardiomegaly with moderate pulmonary edema.
10023117,54675992,/mnt/c/Users/Zila/Downloads/BN5212/MIMIC-CXR/p10/p10/p10023117/s54675992.txt,Cardiomegaly,negative,negative,False,,"Compared to the prior study there is no significant interval change insert severe cardiomegaly, pacemaker, volume loss at the bases, and no overt pulmonary edema."
10023117,54675992,/mnt/c/Users/Zila/Downloads/BN5212/MIMIC-CXR/p10/p10/p10023117/s54675992.txt,Pulmonary edema,negative,negative,False,,"Compared to the prior study there is no significant interval change insert severe cardiomegaly, pacemaker, volume loss at the bases, and no overt pulmonary edema."
10023117,54761644,/mnt/c/Users/Zila/Downloads/BN5212/MIMIC-CXR/p10/p10/p10023117/s54761644.txt,Cardiomegaly,positive,positive,False,,Severe cardiomegaly is chronic.
10023117,54761644,/mnt/c/Users/Zila/Downloads/BN5212/MIMIC-CXR/p10/p10/p10023117/s54761644.txt,Pulmonary edema,negative,negative,False,,There is no pulmonary edema.
10023117,55383014,/mnt/c/Users/Zila/Downloads/BN5212/MIMIC-CXR/p10/p10/p10023117/s55383014.txt,Pleural effusion,uncertain,uncertain,True,,Left retrocardiac opacification minimally changed and probably reflects a combination of pleural effusion and atelectasis.
10023117,55383014,/mnt/c/Users/Zila/Downloads/BN5212/MIMIC-CXR/p10/p10/p10023117/s55383014.txt,Pulmonary edema,negative,negative,False,,There is no vascular engorgement or pulmonary edema.
10023117,56007252,/mnt/c/Users/Zila/Downloads/BN5212/MIMIC-CXR/p10/p10/p10023117/s56007252.txt,Cardiomegaly,positive,positive,False,,Unchanged moderate cardiomegaly.
10023117,56067386,/mnt/c/Users/Zila/Downloads/BN5212/MIMIC-CXR/p10/p10/p10023117/s56067386.txt,Pleural effusion,negative,negative,False,,"The lungs are somewhat low in volume without focal consolidation, pleural effusion or pneumothorax. | No pleural effusion or pneumothorax is seen."
10023117,59984631,/mnt/c/Users/Zila/Downloads/BN5212/MIMIC-CXR/p10/p10/p10023117/s59984631.txt,Cardiomegaly,positive,positive,False,,Moderate cardiomegaly persists.
10023117,59984631,/mnt/c/Users/Zila/Downloads/BN5212/MIMIC-CXR/p10/p10/p10023117/s59984631.txt,Pulmonary edema,negative,negative,False,,"No pulmonary edema, minimal atelectasis at the right lung basis is stable."
10023239,51024811,/mnt/c/Users/Zila/Downloads/BN5212/MIMIC-CXR/p10/p10/p10023239/s51024811.txt,Pneumonia,uncertain,uncertain,True,,Loss of the right heart border with subtle increased right lower lung opacity which could represent right middle lobe pneumonia.
10023708,52858069,/mnt/c/Users/Zila/Downloads/BN5212/MIMIC-CXR/p10/p10/p10023708/s52858069.txt,Hernia,positive,positive,False,,"Hiatal hernia is present, moderate, unchanged."
10023708,52858069,/mnt/c/Users/Zila/Downloads/BN5212/MIMIC-CXR/p10/p10/p10023708/s52858069.txt,Pleural effusion,negative,negative,False,,There is no pleural effusion or pneumothorax.
10023708,52858069,/mnt/c/Users/Zila/Downloads/BN5212/MIMIC-CXR/p10/p10/p10023708/s52858069.txt,Pneumonia,negative,negative,False,,There is no evidence of pneumonia.
10023708,56514664,/mnt/c/Users/Zila/Downloads/BN5212/MIMIC-CXR/p10/p10/p10023708/s56514664.txt,Hernia,positive,positive,False,,A round retrocardiac opacity with an air fluid level abutting the left paravertebral stripe is a hiatal hernia. | Hiatal hernia.
10023708,56514664,/mnt/c/Users/Zila/Downloads/BN5212/MIMIC-CXR/p10/p10/p10023708/s56514664.txt,Pleural effusion,negative,negative,False,,No pleural effusion or pneumothorax.
10024018,51083114,/mnt/c/Users/Zila/Downloads/BN5212/MIMIC-CXR/p10/p10/p10024018/s51083114.txt,Pectus excavatum,positive,positive,False,,Pectus excavatum is again noted.
10024018,51083114,/mnt/c/Users/Zila/Downloads/BN5212/MIMIC-CXR/p10/p10/p10024018/s51083114.txt,Pleural effusion,negative,negative,False,,"There is no focal consolidation, pleural effusion, or pneumothorax."
10024048,51288130,/mnt/c/Users/Zila/Downloads/BN5212/MIMIC-CXR/p10/p10/p10024048/s51288130.txt,Pleural effusion,negative,negative,False,,No pleural effusion or pneumothorax is seen.
10024120,54088844,/mnt/c/Users/Zila/Downloads/BN5212/MIMIC-CXR/p10/p10/p10024120/s54088844.txt,Pneumonia,negative,negative,False,,No pneumonia.
10024120,54088844,/mnt/c/Users/Zila/Downloads/BN5212/MIMIC-CXR/p10/p10/p10024120/s54088844.txt,Pulmonary edema,negative,negative,False,,No pulmonary edema.
10024170,59997427,/mnt/c/Users/Zila/Downloads/BN5212/MIMIC-CXR/p10/p10/p10024170/s59997427.txt,Pleural effusion,negative,negative,False,,There is no pleural effusion or pneumothorax.
10024331,52186169,/mnt/c/Users/Zila/Downloads/BN5212/MIMIC-CXR/p10/p10/p10024331/s52186169.txt,Pneumonia,positive,positive,False,,"In comparison with study of ___, there is patchy opacification developing in the right cardiophrenic angle, worrisome for pneumonia given the clinical history."
10024331,55744691,/mnt/c/Users/Zila/Downloads/BN5212/MIMIC-CXR/p10/p10/p10024331/s55744691.txt,Pleural effusion,negative,negative,False,,The lungs are otherwise clear and there is no pleural effusion or pneumothorax.
10024331,57724025,/mnt/c/Users/Zila/Downloads/BN5212/MIMIC-CXR/p10/p10/p10024331/s57724025.txt,Pleural effusion,negative,negative,False,,"No new focal consolidation, pleural effusion or pneumothorax is present."
10024331,57724025,/mnt/c/Users/Zila/Downloads/BN5212/MIMIC-CXR/p10/p10/p10024331/s57724025.txt,Pneumonia,negative,negative,False,,No new focal opacities to suggest pneumonia.
10024913,51467077,/mnt/c/Users/Zila/Downloads/BN5212/MIMIC-CXR/p10/p10/p10024913/s51467077.txt,Pleural effusion,positive,positive,False,,Blunting of the right costophrenic angle may be due to a small pleural effusion. | Blunting of the right costophrenic angle may be due to small pleural effusion.
10024913,58116491,/mnt/c/Users/Zila/Downloads/BN5212/MIMIC-CXR/p10/p10/p10024913/s58116491.txt,Pleural effusion,negative,negative,False,,No pleural effusion or pneumothorax is seen.
10024982,50732596,/mnt/c/Users/Zila/Downloads/BN5212/MIMIC-CXR/p10/p10/p10024982/s50732596.txt,Pleural effusion,positive,positive,False,,There is a persistent left retrocardiac capacity and left-sided pleural effusion which is stable.
10024982,50980427,/mnt/c/Users/Zila/Downloads/BN5212/MIMIC-CXR/p10/p10/p10024982/s50980427.txt,Cardiomegaly,positive,positive,False,,Mild cardiomegaly is unchanged. | Stable mild cardiomegaly.
10024982,50980427,/mnt/c/Users/Zila/Downloads/BN5212/MIMIC-CXR/p10/p10/p10024982/s50980427.txt,Pleural effusion,negative,negative,False,,A small right pleural effusion has resolved. | Resolved small right pleural effusion.
10024982,51638975,/mnt/c/Users/Zila/Downloads/BN5212/MIMIC-CXR/p10/p10/p10024982/s51638975.txt,Cardiomegaly,positive,positive,False,,Severe cardiomegaly is unchanged.
10024982,51638975,/mnt/c/Users/Zila/Downloads/BN5212/MIMIC-CXR/p10/p10/p10024982/s51638975.txt,Pleural effusion,positive,positive,False,,Small right pleural effusion is also likely.
10024982,51638975,/mnt/c/Users/Zila/Downloads/BN5212/MIMIC-CXR/p10/p10/p10024982/s51638975.txt,Pulmonary edema,positive,positive,False,,Mild unilateral pulmonary edema has improved in the right lung.
10024982,52295645,/mnt/c/Users/Zila/Downloads/BN5212/MIMIC-CXR/p10/p10/p10024982/s52295645.txt,Pleural effusion,positive,positive,False,,"Compared to prior exam, there appears to be increased bilateral pleural effusion with left lower lobe atelectasis, mildly increased from ___ but it is an abrupt change since ___. | Mildly increased bilateral pleural effusion and right lower lobe atelectasis since ___."
10024982,52413690,/mnt/c/Users/Zila/Downloads/BN5212/MIMIC-CXR/p10/p10/p10024982/s52413690.txt,Cardiomegaly,positive,positive,False,,Moderate cardiomegaly is unchanged.
10024982,52413690,/mnt/c/Users/Zila/Downloads/BN5212/MIMIC-CXR/p10/p10/p10024982/s52413690.txt,Pleural effusion,negative,negative,False,,"There is no focal consolidation, pleural effusion, or pneumothorax."
10024982,52567614,/mnt/c/Users/Zila/Downloads/BN5212/MIMIC-CXR/p10/p10/p10024982/s52567614.txt,Cardiomegaly,positive,positive,False,,Moderate cardiomegaly persists.
10024982,52567614,/mnt/c/Users/Zila/Downloads/BN5212/MIMIC-CXR/p10/p10/p10024982/s52567614.txt,Pleural effusion,positive,positive,False,,Increasing left pleural effusion. | A small right pleural effusion is stable.
10024982,52567614,/mnt/c/Users/Zila/Downloads/BN5212/MIMIC-CXR/p10/p10/p10024982/s52567614.txt,Pulmonary edema,positive,positive,False,,Mild to moderate pulmonary edema.
10024982,53158855,/mnt/c/Users/Zila/Downloads/BN5212/MIMIC-CXR/p10/p10/p10024982/s53158855.txt,Pleural effusion,positive,positive,False,,Hazy opacification at the right base is consistent with layering pleural effusion.
10024982,53186936,/mnt/c/Users/Zila/Downloads/BN5212/MIMIC-CXR/p10/p10/p10024982/s53186936.txt,Cardiomegaly,positive,positive,False,,Slight increase in severe cardiomegaly could be due to differences in cardiac cycle.
10024982,53186936,/mnt/c/Users/Zila/Downloads/BN5212/MIMIC-CXR/p10/p10/p10024982/s53186936.txt,Pleural effusion,positive,positive,False,,Small right pleural effusion is likely.
10024982,53186936,/mnt/c/Users/Zila/Downloads/BN5212/MIMIC-CXR/p10/p10/p10024982/s53186936.txt,Pulmonary edema,positive,positive,False,,Mild pulmonary edema has increased since ___.
10024982,54438313,/mnt/c/Users/Zila/Downloads/BN5212/MIMIC-CXR/p10/p10/p10024982/s54438313.txt,Cardiomegaly,positive,positive,False,,Moderate to severe cardiomegaly is not substantially changed in the interval. | Similar moderate to severe cardiomegaly.
10024982,54438313,/mnt/c/Users/Zila/Downloads/BN5212/MIMIC-CXR/p10/p10/p10024982/s54438313.txt,Pleural effusion,negative,negative,False,,No large pleural effusion or pneumothorax is seen.
10024982,54438313,/mnt/c/Users/Zila/Downloads/BN5212/MIMIC-CXR/p10/p10/p10024982/s54438313.txt,Pulmonary edema,positive,positive,False,,Mild pulmonary edema appears slightly worse from the previous exam. | Slight interval worsening of mild pulmonary edema.
10024982,54589172,/mnt/c/Users/Zila/Downloads/BN5212/MIMIC-CXR/p10/p10/p10024982/s54589172.txt,Pleural effusion,positive,positive,False,,"Small right pleural effusion appears new in the interval. | Small right pleural effusion with patchy bibasilar airspace opacities, possibly atelectasis though infection is not excluded."
10024982,54589172,/mnt/c/Users/Zila/Downloads/BN5212/MIMIC-CXR/p10/p10/p10024982/s54589172.txt,Pulmonary edema,negative,negative,False,,There is mild pulmonary vascular congestion without overt pulmonary edema.
10024982,54829612,/mnt/c/Users/Zila/Downloads/BN5212/MIMIC-CXR/p10/p10/p10024982/s54829612.txt,Pulmonary edema,positive,positive,False,,"Mild pulmonary edema and moderate bilateral pleural effusions have increased, and severe left lower lobe atelectasis has worsened since ___."
10024982,54981300,/mnt/c/Users/Zila/Downloads/BN5212/MIMIC-CXR/p10/p10/p10024982/s54981300.txt,Cardiomegaly,positive,positive,False,,Severe cardiomegaly is unchanged from most recent prior study however is much worse compared to chest x-ray from ___. | Chronic severe cardiomegaly.
10024982,54981300,/mnt/c/Users/Zila/Downloads/BN5212/MIMIC-CXR/p10/p10/p10024982/s54981300.txt,Pleural effusion,positive,positive,False,,Small right pleural effusion has improved.
10024982,54981300,/mnt/c/Users/Zila/Downloads/BN5212/MIMIC-CXR/p10/p10/p10024982/s54981300.txt,Pulmonary edema,negative,negative,False,,There is no pulmonary edema.
10024982,55121733,/mnt/c/Users/Zila/Downloads/BN5212/MIMIC-CXR/p10/p10/p10024982/s55121733.txt,Cardiomegaly,positive,positive,False,,Moderate cardiomegaly persists.
10024982,55121733,/mnt/c/Users/Zila/Downloads/BN5212/MIMIC-CXR/p10/p10/p10024982/s55121733.txt,Fluid overload,positive,positive,False,,Mild fluid overload but no overt pulmonary edema.
10024982,55121733,/mnt/c/Users/Zila/Downloads/BN5212/MIMIC-CXR/p10/p10/p10024982/s55121733.txt,Pulmonary edema,negative,negative,False,,Mild fluid overload but no overt pulmonary edema.
10024982,55271482,/mnt/c/Users/Zila/Downloads/BN5212/MIMIC-CXR/p10/p10/p10024982/s55271482.txt,Cardiomegaly,positive,positive,False,,Severe cardiomegaly is chronic.
10024982,55271482,/mnt/c/Users/Zila/Downloads/BN5212/MIMIC-CXR/p10/p10/p10024982/s55271482.txt,Pleural effusion,positive,positive,False,,Combination of moderate pleural effusion and bibasilar atelectasis is unchanged.
10024982,56206556,/mnt/c/Users/Zila/Downloads/BN5212/MIMIC-CXR/p10/p10/p10024982/s56206556.txt,Pleural effusion,positive,positive,False,,"Again seen is bilateral pleural effusion and atelectasis, not significantly changed from prior."
10024982,57368861,/mnt/c/Users/Zila/Downloads/BN5212/MIMIC-CXR/p10/p10/p10024982/s57368861.txt,Cardiomegaly,positive,positive,False,,Severe cardiomegaly.
10024982,57368861,/mnt/c/Users/Zila/Downloads/BN5212/MIMIC-CXR/p10/p10/p10024982/s57368861.txt,Pleural effusion,positive,positive,False,,Small right pleural effusion.
10024982,57368861,/mnt/c/Users/Zila/Downloads/BN5212/MIMIC-CXR/p10/p10/p10024982/s57368861.txt,Pulmonary edema,positive,positive,False,,Mild pulmonary edema.
10024982,57517987,/mnt/c/Users/Zila/Downloads/BN5212/MIMIC-CXR/p10/p10/p10024982/s57517987.txt,Cardiomegaly,positive,positive,False,,Severe cardiomegaly is unchanged. | Persistent severe cardiomegaly.
10024982,57517987,/mnt/c/Users/Zila/Downloads/BN5212/MIMIC-CXR/p10/p10/p10024982/s57517987.txt,Pleural effusion,negative,negative,False,,There is no large pleural effusion or pneumothorax.
10024982,57639867,/mnt/c/Users/Zila/Downloads/BN5212/MIMIC-CXR/p10/p10/p10024982/s57639867.txt,Pneumonia,negative,negative,False,,There is no focal airspace consolidation worrisome for pneumonia.
10024982,58575944,/mnt/c/Users/Zila/Downloads/BN5212/MIMIC-CXR/p10/p10/p10024982/s58575944.txt,Cardiomegaly,positive,positive,False,,"Severe cardiomegaly, also unchanged. | Severe cardiomegaly and pulmonary vascular congestion, similar when compared to the prior study."
10024982,58575944,/mnt/c/Users/Zila/Downloads/BN5212/MIMIC-CXR/p10/p10/p10024982/s58575944.txt,Pleural effusion,positive,positive,False,,There is prominence of the bilateral hila with hazy opacity at the right lung base likely reflecting a layering pleural effusion. | Increased opacity at the right lung base likely reflects a layering pleural effusion.
10024982,58575944,/mnt/c/Users/Zila/Downloads/BN5212/MIMIC-CXR/p10/p10/p10024982/s58575944.txt,Pulmonary edema,positive,positive,False,,Asymmetric pulmonary edema predominately effects the right lung. | Asymmetric pulmonary edema predominately affecting the right lung.
10024982,59608895,/mnt/c/Users/Zila/Downloads/BN5212/MIMIC-CXR/p10/p10/p10024982/s59608895.txt,Edema,positive,positive,False,,"Moderate edema persists, with interval increased opacity in the right upper lobe; this asymmetric edema can be seen in the setting of mitral regurgitation. | Moderate edema with new asymmetric increased edema in the right upper lobe which can be seen in the setting of mitral regurgitation."
10024982,59608895,/mnt/c/Users/Zila/Downloads/BN5212/MIMIC-CXR/p10/p10/p10024982/s59608895.txt,Pleural effusion,negative,negative,False,,No large pleural effusion.
10024984,56864126,/mnt/c/Users/Zila/Downloads/BN5212/MIMIC-CXR/p10/p10/p10024984/s56864126.txt,Pleural effusion,negative,negative,False,,"The lungs are clear without focal opacity, pulmonary edema, pleural effusion or pneumothorax."
10024984,56864126,/mnt/c/Users/Zila/Downloads/BN5212/MIMIC-CXR/p10/p10/p10024984/s56864126.txt,Pneumonia,negative,negative,False,,No pneumonia.
10024984,56864126,/mnt/c/Users/Zila/Downloads/BN5212/MIMIC-CXR/p10/p10/p10024984/s56864126.txt,Pulmonary edema,negative,negative,False,,"The lungs are clear without focal opacity, pulmonary edema, pleural effusion or pneumothorax."
10025139,50196457,/mnt/c/Users/Zila/Downloads/BN5212/MIMIC-CXR/p10/p10/p10025139/s50196457.txt,Cardiomegaly,positive,positive,False,,There is moderate cardiomegaly. | Moderate cardiomegaly.
10025139,50196457,/mnt/c/Users/Zila/Downloads/BN5212/MIMIC-CXR/p10/p10/p10025139/s50196457.txt,Pleural effusion,negative,negative,False,,There is no pleural effusion or pneumothorax.
10025139,50196457,/mnt/c/Users/Zila/Downloads/BN5212/MIMIC-CXR/p10/p10/p10025139/s50196457.txt,Pneumonia,negative,negative,False,,No focal consolidations concerning for pneumonia are identified.
10025139,50252522,/mnt/c/Users/Zila/Downloads/BN5212/MIMIC-CXR/p10/p10/p10025139/s50252522.txt,Cardiomegaly,positive,positive,False,,"Mild cardiomegaly, enlarged since ___, but similar to ___."
10025139,50252522,/mnt/c/Users/Zila/Downloads/BN5212/MIMIC-CXR/p10/p10/p10025139/s50252522.txt,Pleural effusion,negative,negative,False,,No pleural effusion or pneumothorax.
10025268,52697858,/mnt/c/Users/Zila/Downloads/BN5212/MIMIC-CXR/p10/p10/p10025268/s52697858.txt,Pleural effusion,negative,negative,False,,"No focal consolidation, pleural effusion or pulmonary edema is seen, and the cardiac and mediastinal contours are unchanged."
10025268,52697858,/mnt/c/Users/Zila/Downloads/BN5212/MIMIC-CXR/p10/p10/p10025268/s52697858.txt,Pulmonary edema,negative,negative,False,,"No focal consolidation, pleural effusion or pulmonary edema is seen, and the cardiac and mediastinal contours are unchanged."
10025268,53208209,/mnt/c/Users/Zila/Downloads/BN5212/MIMIC-CXR/p10/p10/p10025268/s53208209.txt,Pneumonia,positive,positive,False,,"There is increased opacification silhouetting the left heart border, consistent with lingular pneumonia."
10025268,57742816,/mnt/c/Users/Zila/Downloads/BN5212/MIMIC-CXR/p10/p10/p10025268/s57742816.txt,Pleural effusion,negative,negative,False,,There is no pleural effusion and no pneumothorax.
10025268,57742816,/mnt/c/Users/Zila/Downloads/BN5212/MIMIC-CXR/p10/p10/p10025268/s57742816.txt,Pneumonia,negative,negative,False,,There is no suspicious consolidation to suggest pneumonia.
10025463,50720412,/mnt/c/Users/Zila/Downloads/BN5212/MIMIC-CXR/p10/p10/p10025463/s50720412.txt,Hemorrhage,uncertain,uncertain,True,,"Additional opacity in the left lung may be due to additional areas of aspiration, although infection or contusion/pulmonary hemorrhage is not excluded within the appropriate clinical setting."
10025463,50720412,/mnt/c/Users/Zila/Downloads/BN5212/MIMIC-CXR/p10/p10/p10025463/s50720412.txt,Pleural effusion,positive,positive|uncertain,True,,There is left base opacity which may represent combination of pleural effusion and atelectasis or underlying consolidation due to aspiration or contusion. | There is slight blunting of the right costophrenic angle and a trace pleural effusion may be present. | Left base opacity may be combination of pleural effusion and atelectasis with also aspiration. | Possible trace right pleural effusion.
10025463,50720412,/mnt/c/Users/Zila/Downloads/BN5212/MIMIC-CXR/p10/p10/p10025463/s50720412.txt,Pulmonary edema,positive,positive,False,,"Additional left perihilar opacity is seen which may also relate to aspiration, asymmetric pulmonary edema, or infection."
10025630,51476943,/mnt/c/Users/Zila/Downloads/BN5212/MIMIC-CXR/p10/p10/p10025630/s51476943.txt,Pleural effusion,negative,negative,False,,No pleural effusion or pneumothorax is seen.
10025630,59510909,/mnt/c/Users/Zila/Downloads/BN5212/MIMIC-CXR/p10/p10/p10025630/s59510909.txt,Pneumonia,uncertain,uncertain,True,,"Superimposed pneumonia is not excluded. | However given the clinical history, superimposed pneumonia is not excluded."
10025647,51297617,/mnt/c/Users/Zila/Downloads/BN5212/MIMIC-CXR/p10/p10/p10025647/s51297617.txt,Cardiomegaly,positive,positive,False,,Moderate cardiomegaly persists.
10025647,51297617,/mnt/c/Users/Zila/Downloads/BN5212/MIMIC-CXR/p10/p10/p10025647/s51297617.txt,Pleural effusion,positive,positive,False,,"Small left pleural effusion persists. | Small left pleural effusion, unchanged."
10025647,51297617,/mnt/c/Users/Zila/Downloads/BN5212/MIMIC-CXR/p10/p10/p10025647/s51297617.txt,Pneumonia,positive,positive,False,,"Interval improvement in previously noted multifocal opacities, with residual right basilar opacity likely reflecting resolving pneumonia."
10025647,51297617,/mnt/c/Users/Zila/Downloads/BN5212/MIMIC-CXR/p10/p10/p10025647/s51297617.txt,Pulmonary edema,negative,negative,False,,No pulmonary edema is seen.
10025647,54701892,/mnt/c/Users/Zila/Downloads/BN5212/MIMIC-CXR/p10/p10/p10025647/s54701892.txt,Pulmonary edema,positive,positive,False,,"There is interval development of pulmonary edema with pulmonary vascular congestion and subtle alveolar ground-glass opacity noted. | Interval development of pulmonary edema with bilateral pleural effusions, left greater than right."
10025647,54831482,/mnt/c/Users/Zila/Downloads/BN5212/MIMIC-CXR/p10/p10/p10025647/s54831482.txt,Cardiomegaly,positive,positive,False,,Heart size demonstrates stable cardiomegaly.
10025647,54831482,/mnt/c/Users/Zila/Downloads/BN5212/MIMIC-CXR/p10/p10/p10025647/s54831482.txt,Pleural effusion,negative,negative,False,,No pleural effusion or pneumothorax is evident.
10025647,54831482,/mnt/c/Users/Zila/Downloads/BN5212/MIMIC-CXR/p10/p10/p10025647/s54831482.txt,Pulmonary edema,positive,positive|uncertain,True,,"Multifocal opacifications throughout both lungs and may represent atypical infectious process with a less likely consideration given to pulmonary edema; there is relative absence of central pulmonary vessel prominence. | Multifocal opacification throughout both lungs, possibly representing atypical infectious process, with a less likely consideration given to pulmonary edema."
10025647,56005833,/mnt/c/Users/Zila/Downloads/BN5212/MIMIC-CXR/p10/p10/p10025647/s56005833.txt,Pleural effusion,conflicting,negative|positive,True,,There is elevation of the left hemidiaphragm and slight blunting of the left costophrenic angle which may be due to a small pleural effusion with overlying atelectasis. | No right pleural effusion is seen. | Left base opacity may be due to combination of pleural effusion and atelectasis.
10025759,57075951,/mnt/c/Users/Zila/Downloads/BN5212/MIMIC-CXR/p10/p10/p10025759/s57075951.txt,Pleural effusion,negative,negative,False,,There is no pleural effusion.
10025841,51966058,/mnt/c/Users/Zila/Downloads/BN5212/MIMIC-CXR/p10/p10/p10025841/s51966058.txt,Cardiomegaly,positive,positive,False,,Hyperinflation and cardiomegaly without superimposed acute cardiopulmonary process.
10026055,59395841,/mnt/c/Users/Zila/Downloads/BN5212/MIMIC-CXR/p10/p10/p10026055/s59395841.txt,Pleural effusion,negative,negative,False,,No pleural effusion or pneumothorax is seen.
10026055,59395841,/mnt/c/Users/Zila/Downloads/BN5212/MIMIC-CXR/p10/p10/p10026055/s59395841.txt,Pulmonary edema,negative,negative,False,,No pulmonary edema is seen.
10026077,52450603,/mnt/c/Users/Zila/Downloads/BN5212/MIMIC-CXR/p10/p10/p10026077/s52450603.txt,Pleural effusion,negative,negative,False,,No pleural effusion or pneumothorax is seen.
10026077,52450603,/mnt/c/Users/Zila/Downloads/BN5212/MIMIC-CXR/p10/p10/p10026077/s52450603.txt,Pulmonary edema,negative,negative,False,,No pulmonary edema is seen.
10026165,57891821,/mnt/c/Users/Zila/Downloads/BN5212/MIMIC-CXR/p10/p10/p10026165/s57891821.txt,Edema,negative,negative,False,,New mild pulmonary congestion is seen without edema.
10026165,57891821,/mnt/c/Users/Zila/Downloads/BN5212/MIMIC-CXR/p10/p10/p10026165/s57891821.txt,Pleural effusion,negative,negative,False,,There is no pleural effusion or pneumothorax.
10026255,50378131,/mnt/c/Users/Zila/Downloads/BN5212/MIMIC-CXR/p10/p10/p10026255/s50378131.txt,Pneumonia,positive,positive,False,,"Although much of this probably represents atelectasis, there is a more consolidative aspect, consistent with the left lower lobe pneumonia seen on the CT examination of ___."
10026255,50395086,/mnt/c/Users/Zila/Downloads/BN5212/MIMIC-CXR/p10/p10/p10026255/s50395086.txt,Pneumonia,negative,negative,False,,"No evidence of pneumonia, larger pleural effusions or pulmonary edema."
10026255,50395086,/mnt/c/Users/Zila/Downloads/BN5212/MIMIC-CXR/p10/p10/p10026255/s50395086.txt,Pulmonary edema,negative,negative,False,,"No evidence of pneumonia, larger pleural effusions or pulmonary edema."
10026255,50617488,/mnt/c/Users/Zila/Downloads/BN5212/MIMIC-CXR/p10/p10/p10026255/s50617488.txt,Pleural effusion,negative,negative,False,,There is no larger pleural effusion and no evidence of right pneumothorax.
10026255,52035576,/mnt/c/Users/Zila/Downloads/BN5212/MIMIC-CXR/p10/p10/p10026255/s52035576.txt,Fractures,positive,positive,False,,Acute right rib fractures are again visualized.
10026255,52168916,/mnt/c/Users/Zila/Downloads/BN5212/MIMIC-CXR/p10/p10/p10026255/s52168916.txt,Emphysema,positive,positive,False,,Evidence of underlying pulmonary emphysema is seen.
10026255,52168916,/mnt/c/Users/Zila/Downloads/BN5212/MIMIC-CXR/p10/p10/p10026255/s52168916.txt,Pleural effusion,negative,negative,False,,There is no pleural effusion or pneumothorax.
10026255,53472223,/mnt/c/Users/Zila/Downloads/BN5212/MIMIC-CXR/p10/p10/p10026255/s53472223.txt,Fractures,positive,positive,False,,Right lower rib fractures again noted.
10026255,53472223,/mnt/c/Users/Zila/Downloads/BN5212/MIMIC-CXR/p10/p10/p10026255/s53472223.txt,Pleural effusion,negative,negative,False,,"No focal consolidation, pleural effusion or pneumothorax."
10026255,55384601,/mnt/c/Users/Zila/Downloads/BN5212/MIMIC-CXR/p10/p10/p10026255/s55384601.txt,Fractures,positive,positive,False,,"Worsening heterogeneous opacities at the lung bases, which may be due to atelectasis, aspiration, and/or contusion given known right lower rib fractures."
10026255,57824622,/mnt/c/Users/Zila/Downloads/BN5212/MIMIC-CXR/p10/p10/p10026255/s57824622.txt,Fractures,positive,positive,False,,"There are minimally displaced fractures of the ___ anterolateral, ___ posterolateral, and ___ anterolateral ribs. | Minimally displaced right sided rib fractures of the ___ anterolateral, ___ posterolateral, and ___ anterolateral ribs."
10026255,58640215,/mnt/c/Users/Zila/Downloads/BN5212/MIMIC-CXR/p10/p10/p10026255/s58640215.txt,Pulmonary edema,negative,negative,False,,No pulmonary edema.
10026263,50405504,/mnt/c/Users/Zila/Downloads/BN5212/MIMIC-CXR/p10/p10/p10026263/s50405504.txt,Fractures,negative,negative,False,,No acute displaced rib fractures are identified. | No acute displaced rib fractures identified.
10026263,50405504,/mnt/c/Users/Zila/Downloads/BN5212/MIMIC-CXR/p10/p10/p10026263/s50405504.txt,Pleural effusion,negative,negative,False,,"There is no pneumothorax, pleural effusion, or consolidation."
10026263,57413062,/mnt/c/Users/Zila/Downloads/BN5212/MIMIC-CXR/p10/p10/p10026263/s57413062.txt,Pleural effusion,negative,negative,False,,There is no pleural effusion or pneumothorax.
10026354,54886258,/mnt/c/Users/Zila/Downloads/BN5212/MIMIC-CXR/p10/p10/p10026354/s54886258.txt,Pneumonia,negative,negative,False,,Lungs are slightly low in volume but no focal airspace consolidation is seen to suggest pneumonia.
10026354,54886258,/mnt/c/Users/Zila/Downloads/BN5212/MIMIC-CXR/p10/p10/p10026354/s54886258.txt,Pulmonary edema,negative,negative,False,,No pulmonary edema or pleural effusions.
10026354,55348031,/mnt/c/Users/Zila/Downloads/BN5212/MIMIC-CXR/p10/p10/p10026354/s55348031.txt,Pleural effusion,negative,negative,False,,Pleura: There is no pleural effusion.
10026404,54766817,/mnt/c/Users/Zila/Downloads/BN5212/MIMIC-CXR/p10/p10/p10026404/s54766817.txt,Pleural effusion,positive,positive,False,,There may be a very trace left pleural effusion.
10026698,50088546,/mnt/c/Users/Zila/Downloads/BN5212/MIMIC-CXR/p10/p10/p10026698/s50088546.txt,Pleural effusion,negative,negative,False,,"However, no acute pneumonia, vascular congestion, or pleural effusion."
10026698,50088546,/mnt/c/Users/Zila/Downloads/BN5212/MIMIC-CXR/p10/p10/p10026698/s50088546.txt,Pneumonia,negative,negative,False,,"However, no acute pneumonia, vascular congestion, or pleural effusion."
10026698,50908403,/mnt/c/Users/Zila/Downloads/BN5212/MIMIC-CXR/p10/p10/p10026698/s50908403.txt,Pleural effusion,negative,negative,False,,"No evidence of acute pneumonia, vascular congestion, or pleural effusion."
10026698,50908403,/mnt/c/Users/Zila/Downloads/BN5212/MIMIC-CXR/p10/p10/p10026698/s50908403.txt,Pneumonia,negative,negative,False,,"No evidence of acute pneumonia, vascular congestion, or pleural effusion."
10026950,51906383,/mnt/c/Users/Zila/Downloads/BN5212/MIMIC-CXR/p10/p10/p10026950/s51906383.txt,Ascites,positive,positive,False,,Diffuse haziness in upper abdomen suggest the possibility of ascites.
10026950,51906383,/mnt/c/Users/Zila/Downloads/BN5212/MIMIC-CXR/p10/p10/p10026950/s51906383.txt,Cardiomegaly,positive,positive,False,,Persistent cardiomegaly with improved pulmonary vascular congestion but persistent moderate right and small left pleural effusion with adjacent basilar atelectasis and/or consolidation.
10026950,51906383,/mnt/c/Users/Zila/Downloads/BN5212/MIMIC-CXR/p10/p10/p10026950/s51906383.txt,Pleural effusion,positive,positive,False,,Persistent cardiomegaly with improved pulmonary vascular congestion but persistent moderate right and small left pleural effusion with adjacent basilar atelectasis and/or consolidation.
10027100,51919409,/mnt/c/Users/Zila/Downloads/BN5212/MIMIC-CXR/p10/p10/p10027100/s51919409.txt,Fractures,negative,negative,False,,"No rib fractures are identified. | Although no rib fractures are identified, this study has poor sensitivity for detection of rib fractures."
10027100,51919409,/mnt/c/Users/Zila/Downloads/BN5212/MIMIC-CXR/p10/p10/p10027100/s51919409.txt,Pleural effusion,negative,negative,False,,There is no pleural effusion or pneumothorax.
10027100,52417922,/mnt/c/Users/Zila/Downloads/BN5212/MIMIC-CXR/p10/p10/p10027100/s52417922.txt,Pleural effusion,negative,negative,False,,"There is no focal consolidation, pleural effusion, or pneumothorax."
10027100,52812156,/mnt/c/Users/Zila/Downloads/BN5212/MIMIC-CXR/p10/p10/p10027100/s52812156.txt,Pleural effusion,negative,negative,False,,"No focal consolidation, pleural effusion or pneumothorax is clearly noted."
10027100,53799740,/mnt/c/Users/Zila/Downloads/BN5212/MIMIC-CXR/p10/p10/p10027100/s53799740.txt,Edema,negative,negative,False,,The lungs are clear without consolidation or edema.
10027100,53799740,/mnt/c/Users/Zila/Downloads/BN5212/MIMIC-CXR/p10/p10/p10027100/s53799740.txt,Pleural effusion,negative,negative,False,,There is no pleural effusion or pneumothorax.
10027100,58970064,/mnt/c/Users/Zila/Downloads/BN5212/MIMIC-CXR/p10/p10/p10027100/s58970064.txt,Pleural effusion,negative,negative,False,,There is no pleural effusion or pneumothorax.
10027100,58970064,/mnt/c/Users/Zila/Downloads/BN5212/MIMIC-CXR/p10/p10/p10027100/s58970064.txt,Pulmonary edema,negative,negative,False,,No overt pulmonary edema is seen.
10027100,59445954,/mnt/c/Users/Zila/Downloads/BN5212/MIMIC-CXR/p10/p10/p10027100/s59445954.txt,Pleural effusion,negative,negative,False,,There is no pleural effusion or pneumothorax.
10027100,59445954,/mnt/c/Users/Zila/Downloads/BN5212/MIMIC-CXR/p10/p10/p10027100/s59445954.txt,Pulmonary edema,negative,negative,False,,No overt pulmonary edema is seen.
10027100,59896865,/mnt/c/Users/Zila/Downloads/BN5212/MIMIC-CXR/p10/p10/p10027100/s59896865.txt,Pleural effusion,negative,negative,False,,There is no pneumothorax or pleural effusion.
10027602,51645407,/mnt/c/Users/Zila/Downloads/BN5212/MIMIC-CXR/p10/p10/p10027602/s51645407.txt,Pleural effusion,negative,negative,False,,No large pleural effusion is seen.
10027602,52323342,/mnt/c/Users/Zila/Downloads/BN5212/MIMIC-CXR/p10/p10/p10027602/s52323342.txt,Pleural effusion,negative,negative,False,,"There is mildly increased density at both lung bases, which is likely due to atelectasis, but in the right clinical setting could be due to pneumonia.There is no pleural effusion, or pulmonary edema."
10027602,52323342,/mnt/c/Users/Zila/Downloads/BN5212/MIMIC-CXR/p10/p10/p10027602/s52323342.txt,Pneumonia,positive,positive,False,,"There is mildly increased density at both lung bases, which is likely due to atelectasis, but in the right clinical setting could be due to pneumonia.There is no pleural effusion, or pulmonary edema."
10027602,52323342,/mnt/c/Users/Zila/Downloads/BN5212/MIMIC-CXR/p10/p10/p10027602/s52323342.txt,Pulmonary edema,negative,negative,False,,"There is mildly increased density at both lung bases, which is likely due to atelectasis, but in the right clinical setting could be due to pneumonia.There is no pleural effusion, or pulmonary edema."
10027602,54098104,/mnt/c/Users/Zila/Downloads/BN5212/MIMIC-CXR/p10/p10/p10027602/s54098104.txt,Pleural effusion,positive,positive,False,,Pleural effusion on the right is small if any.
10027602,54741765,/mnt/c/Users/Zila/Downloads/BN5212/MIMIC-CXR/p10/p10/p10027602/s54741765.txt,Pleural effusion,negative,negative,False,,No pneumothorax or appreciable pleural effusion.
10027602,55019003,/mnt/c/Users/Zila/Downloads/BN5212/MIMIC-CXR/p10/p10/p10027602/s55019003.txt,Pleural effusion,negative,negative,False,,"There is no pneumothorax, focal consolidation, or pleural effusion."
10027602,56041330,/mnt/c/Users/Zila/Downloads/BN5212/MIMIC-CXR/p10/p10/p10027602/s56041330.txt,Pulmonary edema,negative,negative,False,,There is no pulmonary edema.
10027602,56777726,/mnt/c/Users/Zila/Downloads/BN5212/MIMIC-CXR/p10/p10/p10027602/s56777726.txt,Fractures,negative,negative,False,,"No fractures. | No fractures or acute cardiopulmonary abnormalities.If clinical symptoms persist, dedicated rib series is recommended due to higher sensitivity of that technique."
10027602,56777726,/mnt/c/Users/Zila/Downloads/BN5212/MIMIC-CXR/p10/p10/p10027602/s56777726.txt,Pleural effusion,negative,negative,False,,"No focal consolidation, pleural effusion, or pneumothorax."
10027602,59894220,/mnt/c/Users/Zila/Downloads/BN5212/MIMIC-CXR/p10/p10/p10027602/s59894220.txt,Pulmonary edema,negative,negative,False,,No pulmonary edema.
10027672,55956490,/mnt/c/Users/Zila/Downloads/BN5212/MIMIC-CXR/p10/p10/p10027672/s55956490.txt,Pneumonia,negative,negative,False,,No evidence of pneumonia.
10027957,50867638,/mnt/c/Users/Zila/Downloads/BN5212/MIMIC-CXR/p10/p10/p10027957/s50867638.txt,Pleural effusion,negative,negative,False,,No pleural effusion or pneumothorax is seen.
10027957,52771355,/mnt/c/Users/Zila/Downloads/BN5212/MIMIC-CXR/p10/p10/p10027957/s52771355.txt,Scoliosis,positive,positive,False,,Mild scoliosis is probably chronic.
10027957,53807579,/mnt/c/Users/Zila/Downloads/BN5212/MIMIC-CXR/p10/p10/p10027957/s53807579.txt,Pleural effusion,negative,negative,False,,"The lungs are clear without focal consolidation, pleural effusion or pneumothorax."
10027957,54120913,/mnt/c/Users/Zila/Downloads/BN5212/MIMIC-CXR/p10/p10/p10027957/s54120913.txt,Pleural effusion,negative,negative,False,,"There is no evidence of pneumonia, pneumothorax, or pleural effusion."
10027957,54120913,/mnt/c/Users/Zila/Downloads/BN5212/MIMIC-CXR/p10/p10/p10027957/s54120913.txt,Pneumonia,negative,negative,False,,"There is no evidence of pneumonia, pneumothorax, or pleural effusion."
10027957,57665959,/mnt/c/Users/Zila/Downloads/BN5212/MIMIC-CXR/p10/p10/p10027957/s57665959.txt,Pleural effusion,negative,negative,False,,"Lungs are clear without focal consolidation, pleural effusion, or pneumothorax."
10028012,56004298,/mnt/c/Users/Zila/Downloads/BN5212/MIMIC-CXR/p10/p10/p10028012/s56004298.txt,Pleural effusion,negative,negative,False,,"The heart is normal in size and there is no evidence of vascular congestion, pleural effusion, or acute focal"
10028125,57225530,/mnt/c/Users/Zila/Downloads/BN5212/MIMIC-CXR/p10/p10/p10028125/s57225530.txt,Pleural effusion,negative,negative,False,,"No pneumonia, vascular congestion, or pleural effusion."
10028125,57225530,/mnt/c/Users/Zila/Downloads/BN5212/MIMIC-CXR/p10/p10/p10028125/s57225530.txt,Pneumonia,negative,negative,False,,"No pneumonia, vascular congestion, or pleural effusion."
10028159,56342713,/mnt/c/Users/Zila/Downloads/BN5212/MIMIC-CXR/p10/p10/p10028159/s56342713.txt,Osteoarthritis,positive,positive,False,,Incidental note made of severe osteoarthritis in the right glenohumeral joint.
10028306,51766251,/mnt/c/Users/Zila/Downloads/BN5212/MIMIC-CXR/p10/p10/p10028306/s51766251.txt,Pleural effusion,negative,negative,False,,"Given that, the lungs are clear without focal consolidation, pleural effusion or pneumothorax."
10028480,52781231,/mnt/c/Users/Zila/Downloads/BN5212/MIMIC-CXR/p10/p10/p10028480/s52781231.txt,Cardiomegaly,positive,positive,False,,Moderate cardiomegaly.
10028480,52781231,/mnt/c/Users/Zila/Downloads/BN5212/MIMIC-CXR/p10/p10/p10028480/s52781231.txt,Edema,positive,positive,False,,There is moderate interstitial edema bilaterally and trace fluid along the fissures.
10028480,52781231,/mnt/c/Users/Zila/Downloads/BN5212/MIMIC-CXR/p10/p10/p10028480/s52781231.txt,Pleural effusion,negative,negative,False,,No large pleural effusion.
10028480,52781231,/mnt/c/Users/Zila/Downloads/BN5212/MIMIC-CXR/p10/p10/p10028480/s52781231.txt,Pneumonia,negative,negative,False,,No evidence pneumonia.
10028480,52781231,/mnt/c/Users/Zila/Downloads/BN5212/MIMIC-CXR/p10/p10/p10028480/s52781231.txt,Pulmonary edema,positive,positive,False,,Moderate pulmonary edema.
10028480,52938334,/mnt/c/Users/Zila/Downloads/BN5212/MIMIC-CXR/p10/p10/p10028480/s52938334.txt,Pneumonia,negative,negative,False,,Moderate pulmonary edema without focal consolidation to suggest pneumonia or aspiration.
10028480,52938334,/mnt/c/Users/Zila/Downloads/BN5212/MIMIC-CXR/p10/p10/p10028480/s52938334.txt,Pulmonary edema,positive,positive,False,,Moderate pulmonary edema is present. | Moderate pulmonary edema without focal consolidation to suggest pneumonia or aspiration.
10028480,53807119,/mnt/c/Users/Zila/Downloads/BN5212/MIMIC-CXR/p10/p10/p10028480/s53807119.txt,Pleural effusion,negative,negative,False,,"Lungs are clear with no consolidation, pleural effusion or pulmonary edema, and the cardiac silhouette continues to be mildly enlarged."
10028480,53807119,/mnt/c/Users/Zila/Downloads/BN5212/MIMIC-CXR/p10/p10/p10028480/s53807119.txt,Pneumonia,negative,negative,False,,No acute cardiopulmonary disease including pneumonia.
10028480,53807119,/mnt/c/Users/Zila/Downloads/BN5212/MIMIC-CXR/p10/p10/p10028480/s53807119.txt,Pulmonary edema,negative,negative,False,,"Lungs are clear with no consolidation, pleural effusion or pulmonary edema, and the cardiac silhouette continues to be mildly enlarged."
10028480,59153189,/mnt/c/Users/Zila/Downloads/BN5212/MIMIC-CXR/p10/p10/p10028480/s59153189.txt,Pleural effusion,negative,negative,False,,There is no pneumothorax or large pleural effusion.
10028480,59153189,/mnt/c/Users/Zila/Downloads/BN5212/MIMIC-CXR/p10/p10/p10028480/s59153189.txt,Pneumonia,uncertain,uncertain,True,,Underlying pneumonia cannot be excluded.
10028683,52719217,/mnt/c/Users/Zila/Downloads/BN5212/MIMIC-CXR/p10/p10/p10028683/s52719217.txt,Pleural effusion,negative,negative,False,,The heart is normal in size and there is no vascular congestion or pleural effusion.
10028683,52719217,/mnt/c/Users/Zila/Downloads/BN5212/MIMIC-CXR/p10/p10/p10028683/s52719217.txt,Pneumonia,negative,negative,False,,"Specifically, no definite evidence of acute pneumonia."
10029106,55861994,/mnt/c/Users/Zila/Downloads/BN5212/MIMIC-CXR/p10/p10/p10029106/s55861994.txt,Cardiomegaly,positive,positive,False,,There is cardiomegaly. | Mild pulmonary vascular congestion and cardiomegaly.
10029106,55861994,/mnt/c/Users/Zila/Downloads/BN5212/MIMIC-CXR/p10/p10/p10029106/s55861994.txt,Pleural effusion,negative,negative,False,,"There is no focal consolidation, pleural effusion or pneumothorax."
10029291,50907647,/mnt/c/Users/Zila/Downloads/BN5212/MIMIC-CXR/p10/p10/p10029291/s50907647.txt,Pleural effusion,positive,positive,False,,Exam is otherwise remarkable for worsening pulmonary edema with associated increase in size of right pleural effusion. | Left pleural effusion and adjacent left lower lobe atelectasis have improved.
10029291,50907647,/mnt/c/Users/Zila/Downloads/BN5212/MIMIC-CXR/p10/p10/p10029291/s50907647.txt,Pulmonary edema,positive,positive,False,,Exam is otherwise remarkable for worsening pulmonary edema with associated increase in size of right pleural effusion.
10029291,51934618,/mnt/c/Users/Zila/Downloads/BN5212/MIMIC-CXR/p10/p10/p10029291/s51934618.txt,Edema,positive,positive,False,,The azygos vein is dilated suggesting a fluid replete state and there is likely mild interstitial and perihilar edema.
10029291,51934618,/mnt/c/Users/Zila/Downloads/BN5212/MIMIC-CXR/p10/p10/p10029291/s51934618.txt,Hypertension,positive,positive,False,,Stable prominent pulmonary artery which could be related to the known pulmonary embolism or represent underlying pulmonary arterial hypertension.
10029291,51934618,/mnt/c/Users/Zila/Downloads/BN5212/MIMIC-CXR/p10/p10/p10029291/s51934618.txt,Pulmonary embolism,positive,positive,False,,Stable prominent pulmonary artery which could be related to the known pulmonary embolism or represent underlying pulmonary arterial hypertension.
10029291,51946347,/mnt/c/Users/Zila/Downloads/BN5212/MIMIC-CXR/p10/p10/p10029291/s51946347.txt,Hypertension,uncertain,uncertain,True,,Dilatation of the main and left pulmonary artery possibly related to known pulmonary embolism or underlying pulmonary arterial hypertension.
10029291,51946347,/mnt/c/Users/Zila/Downloads/BN5212/MIMIC-CXR/p10/p10/p10029291/s51946347.txt,Pleural effusion,negative,negative,False,,No large pleural effusion or pneumothorax is seen.
10029291,51946347,/mnt/c/Users/Zila/Downloads/BN5212/MIMIC-CXR/p10/p10/p10029291/s51946347.txt,Pulmonary edema,negative,negative,False,,Mild perihilar vascular prominence with no overt pulmonary edema.
10029291,51946347,/mnt/c/Users/Zila/Downloads/BN5212/MIMIC-CXR/p10/p10/p10029291/s51946347.txt,Pulmonary embolism,uncertain,uncertain,True,,Dilatation of the main and left pulmonary artery possibly related to known pulmonary embolism or underlying pulmonary arterial hypertension.
10029291,52115281,/mnt/c/Users/Zila/Downloads/BN5212/MIMIC-CXR/p10/p10/p10029291/s52115281.txt,Edema,positive,positive,False,,Worsening mild perihilar and interstitial edema.
10029291,52115281,/mnt/c/Users/Zila/Downloads/BN5212/MIMIC-CXR/p10/p10/p10029291/s52115281.txt,Pneumonia,positive,positive,False,,"Increasing retrocardiac consolidation in the setting of a layering effusion likely reflects compressive atelectasis, although pneumonia should also be considered."
10029291,58553613,/mnt/c/Users/Zila/Downloads/BN5212/MIMIC-CXR/p10/p10/p10029291/s58553613.txt,Cardiomegaly,positive,positive,False,,Mild cardiomegaly.
10029291,59069679,/mnt/c/Users/Zila/Downloads/BN5212/MIMIC-CXR/p10/p10/p10029291/s59069679.txt,Cardiomegaly,positive,positive,False,,"Cardiomegaly is accompanied by pulmonary vascular congestion and worsening edema it, with slight increase in size of small bilateral pleural effusions, left greater than right."
10029291,59069679,/mnt/c/Users/Zila/Downloads/BN5212/MIMIC-CXR/p10/p10/p10029291/s59069679.txt,Edema,positive,positive,False,,"Cardiomegaly is accompanied by pulmonary vascular congestion and worsening edema it, with slight increase in size of small bilateral pleural effusions, left greater than right."
10029411,55015852,/mnt/c/Users/Zila/Downloads/BN5212/MIMIC-CXR/p10/p10/p10029411/s55015852.txt,Pleural effusion,negative,negative,False,,No pleural effusion or pneumothorax is seen.
10029874,52202163,/mnt/c/Users/Zila/Downloads/BN5212/MIMIC-CXR/p10/p10/p10029874/s52202163.txt,Pleural effusion,negative,negative,False,,There is no pneumothorax or pleural effusion.
10029874,52202163,/mnt/c/Users/Zila/Downloads/BN5212/MIMIC-CXR/p10/p10/p10029874/s52202163.txt,Pneumonia,negative,negative,False,,No evidence of pneumonia.
10029874,53475623,/mnt/c/Users/Zila/Downloads/BN5212/MIMIC-CXR/p10/p10/p10029874/s53475623.txt,Edema,positive,positive,False,,There is mild interstitial edema. | Mild interstitial edema.
10029874,53475623,/mnt/c/Users/Zila/Downloads/BN5212/MIMIC-CXR/p10/p10/p10029874/s53475623.txt,Pleural effusion,negative,negative,False,,"There is no focal consolidation, pleural effusion, or pneumothorax."
10029874,54139930,/mnt/c/Users/Zila/Downloads/BN5212/MIMIC-CXR/p10/p10/p10029874/s54139930.txt,Cardiomegaly,positive,positive,False,,Moderate cardiomegaly is unchanged.
10029874,54139930,/mnt/c/Users/Zila/Downloads/BN5212/MIMIC-CXR/p10/p10/p10029874/s54139930.txt,Pleural effusion,positive,positive,False,,There may be a small left pleural effusion.
10029874,54139930,/mnt/c/Users/Zila/Downloads/BN5212/MIMIC-CXR/p10/p10/p10029874/s54139930.txt,Pneumonia,positive,positive,False,,Left lower lobe opacities which may reflect pneumonia and/or atelectasis are not significantly changed.
10029874,54139930,/mnt/c/Users/Zila/Downloads/BN5212/MIMIC-CXR/p10/p10/p10029874/s54139930.txt,Pulmonary edema,positive,positive,False,,There is mild increase in pulmonary edema. | Mild pulmonary edema has slightly worsened.
10029874,54149750,/mnt/c/Users/Zila/Downloads/BN5212/MIMIC-CXR/p10/p10/p10029874/s54149750.txt,Pneumonia,uncertain,uncertain,True,,Probable left lower lobe pneumonia.
10029874,54860819,/mnt/c/Users/Zila/Downloads/BN5212/MIMIC-CXR/p10/p10/p10029874/s54860819.txt,Pleural effusion,negative,negative,False,,No pleural effusion or pneumothorax is seen.
10029874,55355911,/mnt/c/Users/Zila/Downloads/BN5212/MIMIC-CXR/p10/p10/p10029874/s55355911.txt,Pleural effusion,negative,negative,False,,There is no pleural effusion or pneumothorax.
10029874,58053419,/mnt/c/Users/Zila/Downloads/BN5212/MIMIC-CXR/p10/p10/p10029874/s58053419.txt,Pleural effusion,positive,positive,False,,Mild retrocardiac atelectasis and small left pleural effusion.
10029874,58053419,/mnt/c/Users/Zila/Downloads/BN5212/MIMIC-CXR/p10/p10/p10029874/s58053419.txt,Pulmonary edema,positive,positive,False,,"Decrease in extent of pre-existing perihilar opacities, likely caused by mild pulmonary edema."
10030487,50519814,/mnt/c/Users/Zila/Downloads/BN5212/MIMIC-CXR/p10/p10/p10030487/s50519814.txt,Fractures,negative,negative,False,,No displaced fractures are seen.
10030487,50519814,/mnt/c/Users/Zila/Downloads/BN5212/MIMIC-CXR/p10/p10/p10030487/s50519814.txt,Hernia,positive,positive,False,,Large hiatal hernia is re- demonstrated. | Large hiatal hernia.
10030487,50519814,/mnt/c/Users/Zila/Downloads/BN5212/MIMIC-CXR/p10/p10/p10030487/s50519814.txt,Pleural effusion,negative,negative,False,,There is no pleural effusion or pneumothorax.
10030487,52922406,/mnt/c/Users/Zila/Downloads/BN5212/MIMIC-CXR/p10/p10/p10030487/s52922406.txt,Cardiomegaly,positive,positive,False,,"Severe cardiomegaly is more pronounced, small right pleural effusion is new, but there are no other changes."
10030487,52922406,/mnt/c/Users/Zila/Downloads/BN5212/MIMIC-CXR/p10/p10/p10030487/s52922406.txt,Hernia,positive,positive,False,,Large hiatus hernia is present.
10030487,52922406,/mnt/c/Users/Zila/Downloads/BN5212/MIMIC-CXR/p10/p10/p10030487/s52922406.txt,Pleural effusion,positive,positive,False,,"Severe cardiomegaly is more pronounced, small right pleural effusion is new, but there are no other changes."
10030487,53249827,/mnt/c/Users/Zila/Downloads/BN5212/MIMIC-CXR/p10/p10/p10030487/s53249827.txt,Hernia,positive,positive,False,,Again seen is a large hiatal hernia. | Large hiatal hernia.
10030487,53249827,/mnt/c/Users/Zila/Downloads/BN5212/MIMIC-CXR/p10/p10/p10030487/s53249827.txt,Pneumonia,negative,negative,False,,No evidence of a new pneumonia.
10030487,55326723,/mnt/c/Users/Zila/Downloads/BN5212/MIMIC-CXR/p10/p10/p10030487/s55326723.txt,Cardiomegaly,positive,positive,False,,Persistent cardiomegaly without overt pulmonary edema.
10030487,55326723,/mnt/c/Users/Zila/Downloads/BN5212/MIMIC-CXR/p10/p10/p10030487/s55326723.txt,Hernia,positive,positive,False,,Evidence of a large hiatal hernia is again seen and elevation of the posterior left hemidiaphragm. | Hiatal hernia.
10030487,55326723,/mnt/c/Users/Zila/Downloads/BN5212/MIMIC-CXR/p10/p10/p10030487/s55326723.txt,Pleural effusion,uncertain,uncertain,True,,"Slight blunting of the posterior right costophrenic angle may be artifactual, although trace pleural effusion is not excluded. | Slight blunting of the posterior right costophrenic angle may be artifactual, although trace pleural effusion not excluded."
10030487,55326723,/mnt/c/Users/Zila/Downloads/BN5212/MIMIC-CXR/p10/p10/p10030487/s55326723.txt,Pulmonary edema,negative,negative,False,,No overt pulmonary edema. | Persistent cardiomegaly without overt pulmonary edema.
10030487,56404897,/mnt/c/Users/Zila/Downloads/BN5212/MIMIC-CXR/p10/p10/p10030487/s56404897.txt,Hernia,positive,positive,False,,Retrocardiac density noted containing an air-fluid level is compatible with a large hiatal hernia. | Large hiatal hernia.
10030487,56404897,/mnt/c/Users/Zila/Downloads/BN5212/MIMIC-CXR/p10/p10/p10030487/s56404897.txt,Pleural effusion,negative,negative,False,,There is no pleural effusion or pneumothorax.
10030487,56404897,/mnt/c/Users/Zila/Downloads/BN5212/MIMIC-CXR/p10/p10/p10030487/s56404897.txt,Pneumonia,negative,negative,False,,No focal consolidation concerning for pneumonia. | No pneumonia.
10030487,57391561,/mnt/c/Users/Zila/Downloads/BN5212/MIMIC-CXR/p10/p10/p10030487/s57391561.txt,Pleural effusion,positive,positive|uncertain,True,,Small left pleural effusion may be present. | Possible trace left pleural effusion.
10030487,57391561,/mnt/c/Users/Zila/Downloads/BN5212/MIMIC-CXR/p10/p10/p10030487/s57391561.txt,Pulmonary edema,negative,negative,False,,No pulmonary edema is seen.
10030753,52230171,/mnt/c/Users/Zila/Downloads/BN5212/MIMIC-CXR/p10/p10/p10030753/s52230171.txt,Cardiomegaly,positive,positive,False,,"The cardiac, mediastinal and hilar contours appear stable including mild cardiomegaly."
10030753,52230171,/mnt/c/Users/Zila/Downloads/BN5212/MIMIC-CXR/p10/p10/p10030753/s52230171.txt,Pleural effusion,negative,negative,False,,There is no pleural effusion or pneumothorax.
10030753,53034862,/mnt/c/Users/Zila/Downloads/BN5212/MIMIC-CXR/p10/p10/p10030753/s53034862.txt,Cardiomegaly,positive,positive|uncertain,True,,"Probable mild cardiomegaly, though the cardiomediastinal silhouette is unchanged. | Mild cardiomegaly and upper zone redistribution, unchanged."
10030753,53034862,/mnt/c/Users/Zila/Downloads/BN5212/MIMIC-CXR/p10/p10/p10030753/s53034862.txt,Pleural effusion,negative,negative,False,,No pneumonic infiltrate or pleural effusion detected.
10030753,53724703,/mnt/c/Users/Zila/Downloads/BN5212/MIMIC-CXR/p10/p10/p10030753/s53724703.txt,Pleural effusion,negative,negative,False,,"No pleural effusion, pulmonary edema, or pneumothorax is present."
10030753,53724703,/mnt/c/Users/Zila/Downloads/BN5212/MIMIC-CXR/p10/p10/p10030753/s53724703.txt,Pneumonia,negative,negative,False,,No focal opacity to suggest pneumonia is seen.
10030753,53724703,/mnt/c/Users/Zila/Downloads/BN5212/MIMIC-CXR/p10/p10/p10030753/s53724703.txt,Pulmonary edema,negative,negative,False,,"No pleural effusion, pulmonary edema, or pneumothorax is present."
10030753,55205725,/mnt/c/Users/Zila/Downloads/BN5212/MIMIC-CXR/p10/p10/p10030753/s55205725.txt,Pleural effusion,negative,negative,False,,No pleural effusion or pneumothorax is present.
10030753,56648067,/mnt/c/Users/Zila/Downloads/BN5212/MIMIC-CXR/p10/p10/p10030753/s56648067.txt,Pleural effusion,negative,negative,False,,"THE CARDIAC SILHOUETTE IS ENLARGED AND THERE IS NO EVIDENCE OF VASCULAR CONGESTION, PLEURAL EFFUSION, OR ACUTE FOCAL PNEUMONIA."
10030753,56648067,/mnt/c/Users/Zila/Downloads/BN5212/MIMIC-CXR/p10/p10/p10030753/s56648067.txt,Pneumonia,negative,negative,False,,"THE CARDIAC SILHOUETTE IS ENLARGED AND THERE IS NO EVIDENCE OF VASCULAR CONGESTION, PLEURAL EFFUSION, OR ACUTE FOCAL PNEUMONIA."
10030753,57016568,/mnt/c/Users/Zila/Downloads/BN5212/MIMIC-CXR/p10/p10/p10030753/s57016568.txt,Pleural effusion,negative,negative,False,,No pleural effusion or pneumothorax is present.
10030753,59825225,/mnt/c/Users/Zila/Downloads/BN5212/MIMIC-CXR/p10/p10/p10030753/s59825225.txt,Pleural effusion,negative,negative,False,,There is no pleural effusion.
10031358,59457485,/mnt/c/Users/Zila/Downloads/BN5212/MIMIC-CXR/p10/p10/p10031358/s59457485.txt,Pleural effusion,negative,negative,False,,"The lungs are clear without focal consolidation, pleural effusion or pneumothorax."
10031358,59457485,/mnt/c/Users/Zila/Downloads/BN5212/MIMIC-CXR/p10/p10/p10031358/s59457485.txt,Pulmonary edema,negative,negative,False,,There is no pulmonary edema.
10031687,53503478,/mnt/c/Users/Zila/Downloads/BN5212/MIMIC-CXR/p10/p10/p10031687/s53503478.txt,Pleural effusion,negative,negative,False,,No pleural effusion or pneumothorax.
10031687,56022717,/mnt/c/Users/Zila/Downloads/BN5212/MIMIC-CXR/p10/p10/p10031687/s56022717.txt,Cardiomegaly,positive,positive,False,,Moderate cardiomegaly is unchanged. | Stable cardiomegaly.
10031687,56473015,/mnt/c/Users/Zila/Downloads/BN5212/MIMIC-CXR/p10/p10/p10031687/s56473015.txt,Pulmonary edema,negative,negative,False,,"Lungs are well inflated without evidence of focal airspace consolidation, pleural effusions, pulmonary edema or pneumothorax."
10031816,59326077,/mnt/c/Users/Zila/Downloads/BN5212/MIMIC-CXR/p10/p10/p10031816/s59326077.txt,Edema,negative,negative,False,,There is no evidence of pulmonary vascular congestion or edema.
10031816,59326077,/mnt/c/Users/Zila/Downloads/BN5212/MIMIC-CXR/p10/p10/p10031816/s59326077.txt,Pneumonia,uncertain,uncertain,True,,There are no additional focal lung consolidations or opacities concerning for superimposed or secondary process such as pneumonia.
10031850,56419673,/mnt/c/Users/Zila/Downloads/BN5212/MIMIC-CXR/p10/p10/p10031850/s56419673.txt,Pleural effusion,negative,negative,False,,"There is no focal consolidation, pleural effusion or pneumothorax."
10031850,56419673,/mnt/c/Users/Zila/Downloads/BN5212/MIMIC-CXR/p10/p10/p10031850/s56419673.txt,Pulmonary edema,negative,negative,False,,There is no pulmonary edema.
10031850,59085528,/mnt/c/Users/Zila/Downloads/BN5212/MIMIC-CXR/p10/p10/p10031850/s59085528.txt,Emphysema,positive,positive,False,,Asymmetric pulmonary edema in the setting of underlying emphysema could also have this appearance.
10031850,59085528,/mnt/c/Users/Zila/Downloads/BN5212/MIMIC-CXR/p10/p10/p10031850/s59085528.txt,Pleural effusion,positive,positive,False,,Smaller layering right pleural effusion.
10031850,59085528,/mnt/c/Users/Zila/Downloads/BN5212/MIMIC-CXR/p10/p10/p10031850/s59085528.txt,Pneumonia,positive,positive,False,,"Given the focality of this finding, this either reflects partial lower lobe atelectasis in the setting of layering effusion or aspiration/pneumonia."
10031850,59085528,/mnt/c/Users/Zila/Downloads/BN5212/MIMIC-CXR/p10/p10/p10031850/s59085528.txt,Pulmonary edema,positive,positive,False,,Asymmetric pulmonary edema in the setting of underlying emphysema could also have this appearance.
10032409,50222572,/mnt/c/Users/Zila/Downloads/BN5212/MIMIC-CXR/p10/p10/p10032409/s50222572.txt,Cardiomegaly,positive,positive,False,,Moderate cardiomegaly with elongation of the descending aorta.
10032409,50222572,/mnt/c/Users/Zila/Downloads/BN5212/MIMIC-CXR/p10/p10/p10032409/s50222572.txt,Pneumonia,negative,negative,False,,No evidence of pneumonia or pulmonary edema.
10032409,50222572,/mnt/c/Users/Zila/Downloads/BN5212/MIMIC-CXR/p10/p10/p10032409/s50222572.txt,Pulmonary edema,negative,negative,False,,No evidence of pneumonia or pulmonary edema.
10032409,50400468,/mnt/c/Users/Zila/Downloads/BN5212/MIMIC-CXR/p10/p10/p10032409/s50400468.txt,Pleural effusion,positive,positive,False,,Small left pleural effusion is new.
10032409,51371118,/mnt/c/Users/Zila/Downloads/BN5212/MIMIC-CXR/p10/p10/p10032409/s51371118.txt,Pleural effusion,negative,negative,False,,There is no pneumothorax or large pleural effusion.
10032409,51455994,/mnt/c/Users/Zila/Downloads/BN5212/MIMIC-CXR/p10/p10/p10032409/s51455994.txt,Cardiomegaly,positive,positive,False,,There is mild cardiomegaly and tortuosity of the aorta.
10032409,51455994,/mnt/c/Users/Zila/Downloads/BN5212/MIMIC-CXR/p10/p10/p10032409/s51455994.txt,Pneumonia,negative,negative,False,,No focal opacity to suggest pneumonia is seen.
10032409,51455994,/mnt/c/Users/Zila/Downloads/BN5212/MIMIC-CXR/p10/p10/p10032409/s51455994.txt,Pulmonary edema,negative,negative,False,,No pulmonary edema or pneumothorax.
10032409,51611449,/mnt/c/Users/Zila/Downloads/BN5212/MIMIC-CXR/p10/p10/p10032409/s51611449.txt,Emphysema,positive,positive,False,,0 lungs remain severely hyperinflated with upper lobe emphysema.
10032409,51611449,/mnt/c/Users/Zila/Downloads/BN5212/MIMIC-CXR/p10/p10/p10032409/s51611449.txt,Pneumonia,positive,positive,False,,"Subtle patchy opacity at right lung base may reflect atelectasis, aspiration, or an early focus of pneumonia."
10032409,51636382,/mnt/c/Users/Zila/Downloads/BN5212/MIMIC-CXR/p10/p10/p10032409/s51636382.txt,Bronchospasm,positive,positive,False,,The findings could be due to aggressive bronchospasm.
10032409,51636382,/mnt/c/Users/Zila/Downloads/BN5212/MIMIC-CXR/p10/p10/p10032409/s51636382.txt,Cardiomegaly,positive,positive,False,,Mild-to-moderate cardiomegaly is chronic.
10032409,51636382,/mnt/c/Users/Zila/Downloads/BN5212/MIMIC-CXR/p10/p10/p10032409/s51636382.txt,Pleural effusion,negative,negative,False,,"There is no focal pulmonary abnormality, pneumothorax or pleural effusion."
10032409,51636382,/mnt/c/Users/Zila/Downloads/BN5212/MIMIC-CXR/p10/p10/p10032409/s51636382.txt,Pulmonary embolism,negative,negative,False,,This examination neither suggests nor excludes the diagnosis of pulmonary embolism.
10032409,51759094,/mnt/c/Users/Zila/Downloads/BN5212/MIMIC-CXR/p10/p10/p10032409/s51759094.txt,Cardiomegaly,positive,positive,False,,Stable minimal cardiomegaly.
10032409,51910314,/mnt/c/Users/Zila/Downloads/BN5212/MIMIC-CXR/p10/p10/p10032409/s51910314.txt,Cardiomegaly,positive,positive,False,,Mild to moderate cardiomegaly stable.
10032409,51910314,/mnt/c/Users/Zila/Downloads/BN5212/MIMIC-CXR/p10/p10/p10032409/s51910314.txt,Emphysema,positive,positive,False,,Hyperinflation suggests emphysema.
10032409,52149024,/mnt/c/Users/Zila/Downloads/BN5212/MIMIC-CXR/p10/p10/p10032409/s52149024.txt,Cardiomegaly,positive,positive,False,,Mild cardiomegaly and small bilateral pleural effusions.
10032409,52149024,/mnt/c/Users/Zila/Downloads/BN5212/MIMIC-CXR/p10/p10/p10032409/s52149024.txt,Pulmonary edema,negative,negative,False,,No pneumothorax or pulmonary edema.
10032409,52344253,/mnt/c/Users/Zila/Downloads/BN5212/MIMIC-CXR/p10/p10/p10032409/s52344253.txt,Cardiomegaly,positive,positive,False,,Moderate to severe cardiomegaly is long-standing.
10032409,52344253,/mnt/c/Users/Zila/Downloads/BN5212/MIMIC-CXR/p10/p10/p10032409/s52344253.txt,Edema,positive,positive,False,,"The right shows mild vascular congestion and borderline edema, but no focal consolidation to suggest pneumonia."
10032409,52344253,/mnt/c/Users/Zila/Downloads/BN5212/MIMIC-CXR/p10/p10/p10032409/s52344253.txt,Pneumonia,negative,negative,False,,"The right shows mild vascular congestion and borderline edema, but no focal consolidation to suggest pneumonia."
10032409,52468723,/mnt/c/Users/Zila/Downloads/BN5212/MIMIC-CXR/p10/p10/p10032409/s52468723.txt,Cardiomegaly,positive,positive,False,,Moderate cardiomegaly stable.
10032409,52468723,/mnt/c/Users/Zila/Downloads/BN5212/MIMIC-CXR/p10/p10/p10032409/s52468723.txt,Edema,positive,positive,False,,"Patient is now extubated, responsible for new subglottic edema. | Lung volumes are slightly lower, reflected in vascular crowding and perhaps exaggeration of residual edema at the base the right lung."
10032409,52468723,/mnt/c/Users/Zila/Downloads/BN5212/MIMIC-CXR/p10/p10/p10032409/s52468723.txt,Pleural effusion,positive,positive,False,,"Pleural effusion small, on the right, if any."
10032409,52555915,/mnt/c/Users/Zila/Downloads/BN5212/MIMIC-CXR/p10/p10/p10032409/s52555915.txt,Pleural effusion,positive,positive,False,,A small left pleural effusion is unchanged.
10032409,52729515,/mnt/c/Users/Zila/Downloads/BN5212/MIMIC-CXR/p10/p10/p10032409/s52729515.txt,Cardiomegaly,positive,positive,False,,Moderate cardiomegaly stable.
10032409,52729515,/mnt/c/Users/Zila/Downloads/BN5212/MIMIC-CXR/p10/p10/p10032409/s52729515.txt,Edema,positive,positive,False,,Slight interval cardiac decompensation is reflected in borderline interstitial edema in the right lung and greater pulmonary profusion in the left.
10032409,52729515,/mnt/c/Users/Zila/Downloads/BN5212/MIMIC-CXR/p10/p10/p10032409/s52729515.txt,Pleural effusion,positive,positive,False,,Small right pleural effusion is likely.
10032409,53114330,/mnt/c/Users/Zila/Downloads/BN5212/MIMIC-CXR/p10/p10/p10032409/s53114330.txt,Cardiomegaly,positive,positive,False,,"Mild cardiomegaly and central pulmonary vascular congestion, bibasilar atelectasis, and trace bilateral pleural effusions."
10032409,53114330,/mnt/c/Users/Zila/Downloads/BN5212/MIMIC-CXR/p10/p10/p10032409/s53114330.txt,Fractures,negative,negative,False,,No acute fractures identified.
10032409,53362562,/mnt/c/Users/Zila/Downloads/BN5212/MIMIC-CXR/p10/p10/p10032409/s53362562.txt,Pulmonary edema,positive,positive,False,,Right-sided interstitial opacity again noted which could reflect asymmetric pulmonary edema.
10032409,54157824,/mnt/c/Users/Zila/Downloads/BN5212/MIMIC-CXR/p10/p10/p10032409/s54157824.txt,Aspiration pneumonia,positive,positive,False,,"However, in the appropriate clinical setting, superimposed aspiration pneumonia would have to be seriously considered."
10032409,54157824,/mnt/c/Users/Zila/Downloads/BN5212/MIMIC-CXR/p10/p10/p10032409/s54157824.txt,Pulmonary edema,positive,positive,False,,"Mild indistinctness of pulmonary vessels on the right, which could reflect asymmetric pulmonary edema."
10032409,54300630,/mnt/c/Users/Zila/Downloads/BN5212/MIMIC-CXR/p10/p10/p10032409/s54300630.txt,Aspiration pneumonia,uncertain,uncertain,True,,"Again, in the appropriate clinical setting, it would be difficult to exclude the possibility of superimposed aspiration pneumonia."
10032409,54744778,/mnt/c/Users/Zila/Downloads/BN5212/MIMIC-CXR/p10/p10/p10032409/s54744778.txt,Pneumonia,negative,negative,False,,"Allowing for this, no definite signs of pneumonia or CHF."
10032409,55101318,/mnt/c/Users/Zila/Downloads/BN5212/MIMIC-CXR/p10/p10/p10032409/s55101318.txt,Pleural effusion,negative,negative,False,,"No evidence of acute focal pneumonia, vascular congestion, or pleural effusion."
10032409,55101318,/mnt/c/Users/Zila/Downloads/BN5212/MIMIC-CXR/p10/p10/p10032409/s55101318.txt,Pneumonia,negative,negative,False,,"No evidence of acute focal pneumonia, vascular congestion, or pleural effusion."
10032409,55242788,/mnt/c/Users/Zila/Downloads/BN5212/MIMIC-CXR/p10/p10/p10032409/s55242788.txt,Cardiomegaly,positive,positive,False,,Moderate cardiomegaly is chronic.
10032409,55242788,/mnt/c/Users/Zila/Downloads/BN5212/MIMIC-CXR/p10/p10/p10032409/s55242788.txt,Edema,positive,positive,False,,"Marked disparity in radiodensity lungs could be due to asymmetric distribution of edema in the setting of emphysema, but other explanation should be considered. | These include acute airway obstruction in the left lung, or large unilateral pulmonary embolism interrupting circulation to the left lung and prompting mild edema on the right."
10032409,55242788,/mnt/c/Users/Zila/Downloads/BN5212/MIMIC-CXR/p10/p10/p10032409/s55242788.txt,Emphysema,positive,positive,False,,"Marked disparity in radiodensity lungs could be due to asymmetric distribution of edema in the setting of emphysema, but other explanation should be considered."
10032409,55242788,/mnt/c/Users/Zila/Downloads/BN5212/MIMIC-CXR/p10/p10/p10032409/s55242788.txt,Pulmonary embolism,positive,positive,False,,"These include acute airway obstruction in the left lung, or large unilateral pulmonary embolism interrupting circulation to the left lung and prompting mild edema on the right."
10032409,55250890,/mnt/c/Users/Zila/Downloads/BN5212/MIMIC-CXR/p10/p10/p10032409/s55250890.txt,Pleural effusion,negative,negative,False,,No pleural effusion or pneumothorax.
10032409,55250890,/mnt/c/Users/Zila/Downloads/BN5212/MIMIC-CXR/p10/p10/p10032409/s55250890.txt,Pneumonia,negative,negative,False,,No evidence of pneumonia.
10032409,55481921,/mnt/c/Users/Zila/Downloads/BN5212/MIMIC-CXR/p10/p10/p10032409/s55481921.txt,Emphysema,positive,positive,False,,Unilateral distribution of pulmonary edema in the setting of asymmetrical emphysema is considered less likely.
10032409,55481921,/mnt/c/Users/Zila/Downloads/BN5212/MIMIC-CXR/p10/p10/p10032409/s55481921.txt,Pleural effusion,positive,positive,False,,Exam is otherwise remarkable for slight increase in size of a small right pleural effusion.
10032409,55481921,/mnt/c/Users/Zila/Downloads/BN5212/MIMIC-CXR/p10/p10/p10032409/s55481921.txt,Pneumonia,uncertain,uncertain,True,,"In comparison to prior radiograph of 1 day earlier, heterogeneous opacities throughout the right lung have worsened and are concerning for developing pneumonia in the appropriate clinical setting."
10032409,55481921,/mnt/c/Users/Zila/Downloads/BN5212/MIMIC-CXR/p10/p10/p10032409/s55481921.txt,Pulmonary edema,positive,positive,False,,Unilateral distribution of pulmonary edema in the setting of asymmetrical emphysema is considered less likely.
10032409,57131291,/mnt/c/Users/Zila/Downloads/BN5212/MIMIC-CXR/p10/p10/p10032409/s57131291.txt,Pneumonia,negative,negative,False,,No evidence of acute focal pneumonia or vascular congestion.
10032409,58140535,/mnt/c/Users/Zila/Downloads/BN5212/MIMIC-CXR/p10/p10/p10032409/s58140535.txt,Cardiomegaly,positive,positive,False,,Severe cardiomegaly is chronic.
10032409,58140535,/mnt/c/Users/Zila/Downloads/BN5212/MIMIC-CXR/p10/p10/p10032409/s58140535.txt,Edema,positive,positive,False,,"Vascular congestion and borderline edema in the right lung compared to the all leukemic left lung, are both unchanged."
10032409,58140535,/mnt/c/Users/Zila/Downloads/BN5212/MIMIC-CXR/p10/p10/p10032409/s58140535.txt,Pleural effusion,uncertain,uncertain,True,,Greater opacification at the base the right hemi thorax is probably new small pleural effusion.
10032409,58699467,/mnt/c/Users/Zila/Downloads/BN5212/MIMIC-CXR/p10/p10/p10032409/s58699467.txt,Pleural effusion,negative,negative,False,,There is no definite pleural effusion or pneumothorax.
10032409,59757357,/mnt/c/Users/Zila/Downloads/BN5212/MIMIC-CXR/p10/p10/p10032409/s59757357.txt,Pleural effusion,uncertain,uncertain,True,,"There is persistent mild blunting of the right costophrenic angle, and a trace pleural effusion cannot be excluded."
10032409,59955977,/mnt/c/Users/Zila/Downloads/BN5212/MIMIC-CXR/p10/p10/p10032409/s59955977.txt,Emphysema,positive,positive,False,,The left upper and mid lung remains relatively hyperlucent consistent with known emphysema as documented on chest CT dated ___.
10032409,59955977,/mnt/c/Users/Zila/Downloads/BN5212/MIMIC-CXR/p10/p10/p10032409/s59955977.txt,Pulmonary edema,positive,positive,False,,Findings are most consistent with worsening asymmetric pulmonary edema.
10032608,50543030,/mnt/c/Users/Zila/Downloads/BN5212/MIMIC-CXR/p10/p10/p10032608/s50543030.txt,Pleural effusion,negative,negative,False,,"The lungs are clear without focal opacity, pulmonary edema, pleural effusion or pneumothorax."
10032608,50543030,/mnt/c/Users/Zila/Downloads/BN5212/MIMIC-CXR/p10/p10/p10032608/s50543030.txt,Pulmonary edema,negative,negative,False,,"The lungs are clear without focal opacity, pulmonary edema, pleural effusion or pneumothorax."
10032890,50259406,/mnt/c/Users/Zila/Downloads/BN5212/MIMIC-CXR/p10/p10/p10032890/s50259406.txt,Pleural effusion,negative,negative,False,,There is no pleural effusion or pneumothorax.
10032890,50259406,/mnt/c/Users/Zila/Downloads/BN5212/MIMIC-CXR/p10/p10/p10032890/s50259406.txt,Pneumonia,negative,negative,False,,Lungs are well-expanded and clear without focal consolidation concerning for pneumonia.
10033106,50029042,/mnt/c/Users/Zila/Downloads/BN5212/MIMIC-CXR/p10/p10/p10033106/s50029042.txt,Pleural effusion,negative,negative,False,,"Frontal and lateral views of the chest demonstrate normal lung volumes without pleural effusion, focal consolidation or pneumothorax. | No pleural effusion."
10033106,50029042,/mnt/c/Users/Zila/Downloads/BN5212/MIMIC-CXR/p10/p10/p10033106/s50029042.txt,Pulmonary edema,negative,negative,False,,There is no pulmonary edema.
10033290,53250799,/mnt/c/Users/Zila/Downloads/BN5212/MIMIC-CXR/p10/p10/p10033290/s53250799.txt,Cardiomegaly,positive,positive,False,,Mild cardiomegaly.
10033409,56976954,/mnt/c/Users/Zila/Downloads/BN5212/MIMIC-CXR/p10/p10/p10033409/s56976954.txt,Pleural effusion,negative,negative,False,,No pleural effusion or pneumothorax is present.
10033552,56492208,/mnt/c/Users/Zila/Downloads/BN5212/MIMIC-CXR/p10/p10/p10033552/s56492208.txt,Pleural effusion,negative,negative,False,,There is no pleural effusion or pneumothorax.
10033552,56492208,/mnt/c/Users/Zila/Downloads/BN5212/MIMIC-CXR/p10/p10/p10033552/s56492208.txt,Pneumonia,negative,negative,False,,No focal consolidation is identified convincing for pneumonia. | No focal consolidation convincing for pneumonia.
10033552,56492208,/mnt/c/Users/Zila/Downloads/BN5212/MIMIC-CXR/p10/p10/p10033552/s56492208.txt,Pulmonary edema,positive,positive|uncertain,True,,Upright AP and lateral radiographs of the chest show perihilar fullness and prominent indistinct vascularity most suggestive of mild to moderate pulmonary edema. | Findings suggesting pulmonary edema.
10033552,56920846,/mnt/c/Users/Zila/Downloads/BN5212/MIMIC-CXR/p10/p10/p10033552/s56920846.txt,Pleural effusion,negative,negative,False,,"There is slight upper zone redistribution, improved compared with the ___ radiograph, but no overt CHF There is no pneumothorax, pleural effusion, or consolidation."
10033552,57007678,/mnt/c/Users/Zila/Downloads/BN5212/MIMIC-CXR/p10/p10/p10033552/s57007678.txt,Pleural effusion,negative,negative,False,,There is no pleural effusion.
10033552,57007678,/mnt/c/Users/Zila/Downloads/BN5212/MIMIC-CXR/p10/p10/p10033552/s57007678.txt,Pneumonia,negative,negative,False,,No focal consolidations to suggest pneumonia.
10033552,58734596,/mnt/c/Users/Zila/Downloads/BN5212/MIMIC-CXR/p10/p10/p10033552/s58734596.txt,Pleural effusion,negative,negative,False,,"The lung volumes are low, however, there is no focal consolidation, pleural effusion or pneumothorax."
10034062,53138824,/mnt/c/Users/Zila/Downloads/BN5212/MIMIC-CXR/p10/p10/p10034062/s53138824.txt,Pleural effusion,negative,negative,False,,There is no pleural effusion or pneumothorax.
10034062,53138824,/mnt/c/Users/Zila/Downloads/BN5212/MIMIC-CXR/p10/p10/p10034062/s53138824.txt,Pneumonia,negative,negative,False,,"Specifically, no evidence of pneumonia."
10034469,50867766,/mnt/c/Users/Zila/Downloads/BN5212/MIMIC-CXR/p10/p10/p10034469/s50867766.txt,Pleural effusion,negative,negative,False,,"There is no focal consolidation, pleural effusion or pneumothorax."
10034899,53493224,/mnt/c/Users/Zila/Downloads/BN5212/MIMIC-CXR/p10/p10/p10034899/s53493224.txt,Pleural effusion,negative,negative,False,,No pleural effusion or pneumothorax is seen.
10034899,53493224,/mnt/c/Users/Zila/Downloads/BN5212/MIMIC-CXR/p10/p10/p10034899/s53493224.txt,Pulmonary edema,negative,negative,False,,No pulmonary edema is seen.
10035301,58495152,/mnt/c/Users/Zila/Downloads/BN5212/MIMIC-CXR/p10/p10/p10035301/s58495152.txt,Emphysema,positive,positive,False,,The lungs are hyperinflated suggesting emphysema.
10035301,58495152,/mnt/c/Users/Zila/Downloads/BN5212/MIMIC-CXR/p10/p10/p10035301/s58495152.txt,Pleural effusion,negative,negative,False,,"No focal consolidation, pleural effusion or pneumothorax is identified."
10035631,50257519,/mnt/c/Users/Zila/Downloads/BN5212/MIMIC-CXR/p10/p10/p10035631/s50257519.txt,Pneumonia,uncertain,uncertain,True,,Small consolidation at the base of the right upper lobe that could represent pneumonia or atlectasis.
10035631,50955670,/mnt/c/Users/Zila/Downloads/BN5212/MIMIC-CXR/p10/p10/p10035631/s50955670.txt,Bronchiectasis,positive,positive,False,,Associated bronchial dilation may reflect traction bronchiectasis or potentially reversible bronchial dilation.
10035631,50955670,/mnt/c/Users/Zila/Downloads/BN5212/MIMIC-CXR/p10/p10/p10035631/s50955670.txt,Cryptogenic organizing pneumonia,positive,positive,False,,"Diagnostic considerations include progression of presumed Cryptogenic Organizing Pneumonia, or superimposed acute infectious pneumonia."
10035631,50955670,/mnt/c/Users/Zila/Downloads/BN5212/MIMIC-CXR/p10/p10/p10035631/s50955670.txt,Pleural effusion,negative,negative,False,,There is no significant pleural effusion or pneumothorax.
10035631,50955670,/mnt/c/Users/Zila/Downloads/BN5212/MIMIC-CXR/p10/p10/p10035631/s50955670.txt,Pneumonia,positive,positive,False,,"Diagnostic considerations include progression of presumed Cryptogenic Organizing Pneumonia, or superimposed acute infectious pneumonia."
10035631,51304196,/mnt/c/Users/Zila/Downloads/BN5212/MIMIC-CXR/p10/p10/p10035631/s51304196.txt,Pleural effusion,negative,negative,False,,No evidence of pleural effusion as the lateral pleural sinuses are free.
10035631,51304196,/mnt/c/Users/Zila/Downloads/BN5212/MIMIC-CXR/p10/p10/p10035631/s51304196.txt,Pneumonia,negative,negative,False,,No evidence of pneumonia.
10035631,52445335,/mnt/c/Users/Zila/Downloads/BN5212/MIMIC-CXR/p10/p10/p10035631/s52445335.txt,Pleural effusion,negative,negative,False,,No pleural effusion has developed in the interim.
10035631,54278093,/mnt/c/Users/Zila/Downloads/BN5212/MIMIC-CXR/p10/p10/p10035631/s54278093.txt,Pleural effusion,negative,negative,False,,There is no evidence of vascular congestion or pleural effusion.
10035631,54278093,/mnt/c/Users/Zila/Downloads/BN5212/MIMIC-CXR/p10/p10/p10035631/s54278093.txt,Pneumonia,negative,negative,False,,"Specifically, no evidence of acute focal pneumonia."
10035631,57929979,/mnt/c/Users/Zila/Downloads/BN5212/MIMIC-CXR/p10/p10/p10035631/s57929979.txt,Pleural effusion,negative,negative,False,,No pleural effusion or pneumothorax is seen.
10035631,58924047,/mnt/c/Users/Zila/Downloads/BN5212/MIMIC-CXR/p10/p10/p10035631/s58924047.txt,Cryptogenic organizing pneumonia,positive,positive,False,,"The findings although potentially representing infectious process, can represent other etiologies for example cryptogenic organizing pneumonia or drug reaction."
10035631,58924047,/mnt/c/Users/Zila/Downloads/BN5212/MIMIC-CXR/p10/p10/p10035631/s58924047.txt,Pleural effusion,negative,negative,False,,There is no appreciable pleural effusion.
10035631,58924047,/mnt/c/Users/Zila/Downloads/BN5212/MIMIC-CXR/p10/p10/p10035631/s58924047.txt,Pulmonary edema,negative,negative,False,,There is no evidence of pulmonary edema
10035667,54306644,/mnt/c/Users/Zila/Downloads/BN5212/MIMIC-CXR/p10/p10/p10035667/s54306644.txt,Scoliosis,positive,positive,False,,There is scoliosis present in the spine.
10035780,52502485,/mnt/c/Users/Zila/Downloads/BN5212/MIMIC-CXR/p10/p10/p10035780/s52502485.txt,Pneumonia,negative,negative,False,,"No pneumonia, no pneumothorax, no pleural effusions."
10035780,53087369,/mnt/c/Users/Zila/Downloads/BN5212/MIMIC-CXR/p10/p10/p10035780/s53087369.txt,Pleural effusion,negative,negative,False,,No pleural effusion or pneumothorax is seen.
10035780,53120593,/mnt/c/Users/Zila/Downloads/BN5212/MIMIC-CXR/p10/p10/p10035780/s53120593.txt,Pleural effusion,negative,negative,False,,There is no large pleural effusion or pneumothorax.
10035780,55343330,/mnt/c/Users/Zila/Downloads/BN5212/MIMIC-CXR/p10/p10/p10035780/s55343330.txt,Pleural effusion,negative,negative,False,,No pleural effusion or pneumothorax is seen.
10035780,55343330,/mnt/c/Users/Zila/Downloads/BN5212/MIMIC-CXR/p10/p10/p10035780/s55343330.txt,Pneumonia,negative,negative,False,,No evidence of pneumonia.
10035780,59076224,/mnt/c/Users/Zila/Downloads/BN5212/MIMIC-CXR/p10/p10/p10035780/s59076224.txt,Pleural effusion,negative,negative,False,,There is no large pleural effusion or pneumothorax.
10035780,59076224,/mnt/c/Users/Zila/Downloads/BN5212/MIMIC-CXR/p10/p10/p10035780/s59076224.txt,Pneumonia,negative,negative,False,,No focal consolidation to suggest pneumonia.
10036086,57254866,/mnt/c/Users/Zila/Downloads/BN5212/MIMIC-CXR/p10/p10/p10036086/s57254866.txt,Pleural effusion,negative,negative,False,,No pleural effusion or pneumothorax is present.
10036086,57254866,/mnt/c/Users/Zila/Downloads/BN5212/MIMIC-CXR/p10/p10/p10036086/s57254866.txt,Pulmonary edema,negative,negative,False,,Crowding of bronchovascular structures is present without pulmonary edema. | No pulmonary edema.
10036086,58578322,/mnt/c/Users/Zila/Downloads/BN5212/MIMIC-CXR/p10/p10/p10036086/s58578322.txt,Cardiomegaly,positive,positive,False,,Moderate cardiomegaly with minimal fluid overload but no overt pulmonary edema.
10036086,58578322,/mnt/c/Users/Zila/Downloads/BN5212/MIMIC-CXR/p10/p10/p10036086/s58578322.txt,Fluid overload,positive,positive,False,,Moderate cardiomegaly with minimal fluid overload but no overt pulmonary edema.
10036086,58578322,/mnt/c/Users/Zila/Downloads/BN5212/MIMIC-CXR/p10/p10/p10036086/s58578322.txt,Pneumonia,negative,negative,False,,No pneumonia.
10036086,58578322,/mnt/c/Users/Zila/Downloads/BN5212/MIMIC-CXR/p10/p10/p10036086/s58578322.txt,Pulmonary edema,negative,negative,False,,Moderate cardiomegaly with minimal fluid overload but no overt pulmonary edema.
10036104,58554602,/mnt/c/Users/Zila/Downloads/BN5212/MIMIC-CXR/p10/p10/p10036104/s58554602.txt,Pleural effusion,negative,negative,False,,"No pneumonia, pulmonary edema, pleural effusion, or pneumothorax."
10036104,58554602,/mnt/c/Users/Zila/Downloads/BN5212/MIMIC-CXR/p10/p10/p10036104/s58554602.txt,Pneumonia,negative,negative,False,,"No pneumonia, pulmonary edema, pleural effusion, or pneumothorax."
10036104,58554602,/mnt/c/Users/Zila/Downloads/BN5212/MIMIC-CXR/p10/p10/p10036104/s58554602.txt,Pulmonary edema,negative,negative,False,,"No pneumonia, pulmonary edema, pleural effusion, or pneumothorax."
10036161,50703562,/mnt/c/Users/Zila/Downloads/BN5212/MIMIC-CXR/p10/p10/p10036161/s50703562.txt,Pleural effusion,negative,negative,False,,"The lungs are clear without focal opacity, pulmonary edema, pleural effusion or pneumothorax."
10036161,50703562,/mnt/c/Users/Zila/Downloads/BN5212/MIMIC-CXR/p10/p10/p10036161/s50703562.txt,Pulmonary edema,negative,negative,False,,"The lungs are clear without focal opacity, pulmonary edema, pleural effusion or pneumothorax."
10036628,59568552,/mnt/c/Users/Zila/Downloads/BN5212/MIMIC-CXR/p10/p10/p10036628/s59568552.txt,Diaphragmatic hernia,negative,negative,False,,No evidence of a diaphragmatic hernia.
10036628,59568552,/mnt/c/Users/Zila/Downloads/BN5212/MIMIC-CXR/p10/p10/p10036628/s59568552.txt,Hernia,negative,negative,False,,There is no retrocardiac opacity suggestive of a hiatal hernia and the gastric air bubble is seen below the diaphragm.
10036628,59568552,/mnt/c/Users/Zila/Downloads/BN5212/MIMIC-CXR/p10/p10/p10036628/s59568552.txt,Pleural effusion,negative,negative,False,,There is no pleural effusion or pneumothorax.
10036909,53231673,/mnt/c/Users/Zila/Downloads/BN5212/MIMIC-CXR/p10/p10/p10036909/s53231673.txt,Pleural effusion,negative,negative,False,,There is no pleural effusion or pneumothorax.
10037020,58400371,/mnt/c/Users/Zila/Downloads/BN5212/MIMIC-CXR/p10/p10/p10037020/s58400371.txt,Pleural effusion,negative,negative,False,,There is no pleural effusion or pneumothorax.
10037432,52374866,/mnt/c/Users/Zila/Downloads/BN5212/MIMIC-CXR/p10/p10/p10037432/s52374866.txt,Pleural effusion,negative,negative,False,,No pleural effusion or pneumothorax is seen.
10037598,57183468,/mnt/c/Users/Zila/Downloads/BN5212/MIMIC-CXR/p10/p10/p10037598/s57183468.txt,Cardiomegaly,positive,positive,False,,Mild-to-moderate cardiomegaly is also present. | Findings compatible with pulmonary edema in the setting of mild-to-moderate cardiomegaly.
10037598,57183468,/mnt/c/Users/Zila/Downloads/BN5212/MIMIC-CXR/p10/p10/p10037598/s57183468.txt,Pleural effusion,negative,negative,False,,There is no pleural effusion or pneumothorax.
10037598,57183468,/mnt/c/Users/Zila/Downloads/BN5212/MIMIC-CXR/p10/p10/p10037598/s57183468.txt,Pulmonary edema,positive,positive,False,,Findings compatible with pulmonary edema in the setting of mild-to-moderate cardiomegaly.
10037602,54515885,/mnt/c/Users/Zila/Downloads/BN5212/MIMIC-CXR/p10/p10/p10037602/s54515885.txt,Pneumonia,uncertain,uncertain,True,,"If there is an appropriate clinical history to suggest possible central obstructing lesion leading to failure to clear a pneumonia, CT could be obtained."
10037602,56937008,/mnt/c/Users/Zila/Downloads/BN5212/MIMIC-CXR/p10/p10/p10037602/s56937008.txt,Pneumonia,uncertain,uncertain,True,,"In the appropriate clinical setting, these findings are suggestive of pneumonia."
10037602,56937008,/mnt/c/Users/Zila/Downloads/BN5212/MIMIC-CXR/p10/p10/p10037602/s56937008.txt,Pulmonary edema,negative,negative,False,,No pulmonary edema.
10037602,56937008,/mnt/c/Users/Zila/Downloads/BN5212/MIMIC-CXR/p10/p10/p10037602/s56937008.txt,Scoliosis,positive,positive,False,,"Low lung volumes, moderate scoliosis."
10037818,50319820,/mnt/c/Users/Zila/Downloads/BN5212/MIMIC-CXR/p10/p10/p10037818/s50319820.txt,Pleural effusion,negative,negative,False,,No pleural effusion or pneumothorax is seen.
10037928,50369509,/mnt/c/Users/Zila/Downloads/BN5212/MIMIC-CXR/p10/p10/p10037928/s50369509.txt,Pneumonia,negative,negative,False,,No pneumonia.
10037928,50369509,/mnt/c/Users/Zila/Downloads/BN5212/MIMIC-CXR/p10/p10/p10037928/s50369509.txt,Pulmonary edema,negative,negative,False,,No pulmonary edema.
10037928,50750148,/mnt/c/Users/Zila/Downloads/BN5212/MIMIC-CXR/p10/p10/p10037928/s50750148.txt,Pleural effusion,negative,negative,False,,No pleural effusion or pneumothorax is seen.
10037928,55225655,/mnt/c/Users/Zila/Downloads/BN5212/MIMIC-CXR/p10/p10/p10037928/s55225655.txt,Pleural effusion,negative,negative,False,,No evidence of pleural effusion or pneumothorax.
10037928,56264697,/mnt/c/Users/Zila/Downloads/BN5212/MIMIC-CXR/p10/p10/p10037928/s56264697.txt,Pneumonia,negative,negative,False,,"No pneumonia, no pulmonary edema."
10037928,56264697,/mnt/c/Users/Zila/Downloads/BN5212/MIMIC-CXR/p10/p10/p10037928/s56264697.txt,Pulmonary edema,negative,negative,False,,"No pneumonia, no pulmonary edema."
10037928,56942662,/mnt/c/Users/Zila/Downloads/BN5212/MIMIC-CXR/p10/p10/p10037928/s56942662.txt,Pulmonary edema,negative,negative,False,,There are no signs for focal consolidation or overt pulmonary edema.
10037928,57611600,/mnt/c/Users/Zila/Downloads/BN5212/MIMIC-CXR/p10/p10/p10037928/s57611600.txt,Pleural effusion,negative,negative,False,,"No focal consolidation, pleural effusion, or pneumothorax is visualized."
10037928,58272405,/mnt/c/Users/Zila/Downloads/BN5212/MIMIC-CXR/p10/p10/p10037928/s58272405.txt,Pleural effusion,negative,negative,False,,There is no pleural effusion or pneumothorax.
10037928,58807737,/mnt/c/Users/Zila/Downloads/BN5212/MIMIC-CXR/p10/p10/p10037928/s58807737.txt,Pleural effusion,negative,negative,False,,No pleural effusion or pneumothorax.
10037967,53059965,/mnt/c/Users/Zila/Downloads/BN5212/MIMIC-CXR/p10/p10/p10037967/s53059965.txt,Pleural effusion,negative,negative,False,,No pleural effusion or pneumothorax is seen.
10037967,55073504,/mnt/c/Users/Zila/Downloads/BN5212/MIMIC-CXR/p10/p10/p10037967/s55073504.txt,Pleural effusion,negative,negative,False,,"No focal consolidation, pleural effusion, or pneumothorax."
10037967,56403664,/mnt/c/Users/Zila/Downloads/BN5212/MIMIC-CXR/p10/p10/p10037967/s56403664.txt,Pleural effusion,negative,negative,False,,There is no pleural effusion or pneumothorax.
10038332,51895880,/mnt/c/Users/Zila/Downloads/BN5212/MIMIC-CXR/p10/p10/p10038332/s51895880.txt,Pneumonia,uncertain,uncertain,True,,Probable left lower lobe pneumonia.
10038828,57631331,/mnt/c/Users/Zila/Downloads/BN5212/MIMIC-CXR/p10/p10/p10038828/s57631331.txt,Pleural effusion,negative,negative,False,,"No focal consolidation, pleural effusion or pneumothorax is identified."
10038999,51760120,/mnt/c/Users/Zila/Downloads/BN5212/MIMIC-CXR/p10/p10/p10038999/s51760120.txt,Edema,positive,positive,False,,There is central pulmonary vascular congestion with new mild edema since the ___ examination. | Central pulmonary vascular congestion with new mild edema since the ___ examination.
10038999,53658987,/mnt/c/Users/Zila/Downloads/BN5212/MIMIC-CXR/p10/p10/p10038999/s53658987.txt,Fluid overload,positive,positive,False,,Mild fluid overload but no overt pulmonary edema.
10038999,53658987,/mnt/c/Users/Zila/Downloads/BN5212/MIMIC-CXR/p10/p10/p10038999/s53658987.txt,Pulmonary edema,negative,negative,False,,Mild fluid overload but no overt pulmonary edema.
10038999,54562872,/mnt/c/Users/Zila/Downloads/BN5212/MIMIC-CXR/p10/p10/p10038999/s54562872.txt,Cardiomegaly,positive,positive,False,,Moderate cardiomegaly persists.
10038999,54562872,/mnt/c/Users/Zila/Downloads/BN5212/MIMIC-CXR/p10/p10/p10038999/s54562872.txt,Pleural effusion,positive,positive,False,,Of the thoracocentesis on the left there is a substantial decrease in extent of the pre-existing left pleural effusion.
10038999,55930674,/mnt/c/Users/Zila/Downloads/BN5212/MIMIC-CXR/p10/p10/p10038999/s55930674.txt,Pleural effusion,positive,positive,False,,"Small right pleural effusion, similar."
10039272,50177761,/mnt/c/Users/Zila/Downloads/BN5212/MIMIC-CXR/p10/p10/p10039272/s50177761.txt,Pleural effusion,positive,positive,False,,"In comparison with the study of ___, there has been a substantial decrease in the left pleural effusion with some residual basilar atelectatic changes."
10039272,50177761,/mnt/c/Users/Zila/Downloads/BN5212/MIMIC-CXR/p10/p10/p10039272/s50177761.txt,Pneumonia,negative,negative,False,,No evidence of acute focal pneumonia or vascular congestion.
10039272,50589184,/mnt/c/Users/Zila/Downloads/BN5212/MIMIC-CXR/p10/p10/p10039272/s50589184.txt,Pleural effusion,positive,positive,False,,A small pleural effusion persists at the left base and is minimally decreased in size from the prior examination on ___.
10039272,50821222,/mnt/c/Users/Zila/Downloads/BN5212/MIMIC-CXR/p10/p10/p10039272/s50821222.txt,Pleural effusion,positive,positive,False,,There is been reaccumulation of a moderate left pleural effusion common new since the most recent previous study. | Reaccumulation of moderate left pleural effusion.
10039272,51168084,/mnt/c/Users/Zila/Downloads/BN5212/MIMIC-CXR/p10/p10/p10039272/s51168084.txt,Pleural effusion,positive,positive,False,,"As compared to ___ radiograph, left chest tube remains in place, with small left pleural effusion but no visible pneumothorax."
10039272,53049255,/mnt/c/Users/Zila/Downloads/BN5212/MIMIC-CXR/p10/p10/p10039272/s53049255.txt,Pleural effusion,positive,positive,False,,"Minimal amount of left residual pleural effusion is present, substantial improvement."
10039272,53612745,/mnt/c/Users/Zila/Downloads/BN5212/MIMIC-CXR/p10/p10/p10039272/s53612745.txt,Cardiomegaly,positive,positive,False,,Mild cardiomegaly is chronic.
10039272,53612745,/mnt/c/Users/Zila/Downloads/BN5212/MIMIC-CXR/p10/p10/p10039272/s53612745.txt,Pleural effusion,positive,positive,False,,Only a small residual left pleural effusion remains.
10039272,54437576,/mnt/c/Users/Zila/Downloads/BN5212/MIMIC-CXR/p10/p10/p10039272/s54437576.txt,Pleural effusion,positive,positive,False,,"In comparison with the study of ___, there is increased opacification at the left base consistent with worsening pleural effusion and underlying compressive basilar atelectasis."
10039272,55594119,/mnt/c/Users/Zila/Downloads/BN5212/MIMIC-CXR/p10/p10/p10039272/s55594119.txt,Pleural effusion,conflicting,negative|positive,True,,"There are no new areas of consolidation, pleural effusion or pneumothorax. | Small left pleural effusion is unchanged from prior."
10039272,55594119,/mnt/c/Users/Zila/Downloads/BN5212/MIMIC-CXR/p10/p10/p10039272/s55594119.txt,Pneumonia,positive,positive,False,,"Right middle lobe pneumonia continues to improve, when compared to the ___ and ___ CXR's. | Right middle lobe pneumonia continues to improve."
10039272,55751631,/mnt/c/Users/Zila/Downloads/BN5212/MIMIC-CXR/p10/p10/p10039272/s55751631.txt,Pleural effusion,positive,positive,False,,Small left pleural effusion and the extent of nodular pleural thickening along the left lower costal pleural surface are unchanged.
10039272,56135137,/mnt/c/Users/Zila/Downloads/BN5212/MIMIC-CXR/p10/p10/p10039272/s56135137.txt,Pleural effusion,positive,positive,False,,Although better demonstrated on concurrent CT of the chest there is a moderate left pleural effusion significantly increased since the study of ___. | Enlarging moderate left pleural effusion better seen on concurrent CT of the chest.
10039272,56823182,/mnt/c/Users/Zila/Downloads/BN5212/MIMIC-CXR/p10/p10/p10039272/s56823182.txt,Pleural effusion,positive,positive,False,,"A left lower lobe consolidation a new and although might be secondary to pleural effusion that appears to be increased in the interim, infection is a possibility."
10039272,57688550,/mnt/c/Users/Zila/Downloads/BN5212/MIMIC-CXR/p10/p10/p10039272/s57688550.txt,Pneumonia,positive,positive,False,,Minimal residual haziness to the left lung base posteriorly with otherwise interval clearing of pneumonia there.
10039272,58098083,/mnt/c/Users/Zila/Downloads/BN5212/MIMIC-CXR/p10/p10/p10039272/s58098083.txt,Cardiomegaly,positive,positive,False,,Cardiomegaly and probable pulmonary hypertension.
10039272,58098083,/mnt/c/Users/Zila/Downloads/BN5212/MIMIC-CXR/p10/p10/p10039272/s58098083.txt,Pneumonia,positive,positive|uncertain,True,,"Improving right middle lobe pneumonia, with mild residual opacity. | Possibility of a new site of pneumonia cannot be excluded."
10039272,58098083,/mnt/c/Users/Zila/Downloads/BN5212/MIMIC-CXR/p10/p10/p10039272/s58098083.txt,Pulmonary hypertension,uncertain,uncertain,True,,Cardiomegaly and probable pulmonary hypertension.
10039272,59975213,/mnt/c/Users/Zila/Downloads/BN5212/MIMIC-CXR/p10/p10/p10039272/s59975213.txt,Cardiomegaly,positive,positive,False,,Cardiomegaly and aortic tortuosity are stable.
10039272,59975213,/mnt/c/Users/Zila/Downloads/BN5212/MIMIC-CXR/p10/p10/p10039272/s59975213.txt,Pleural effusion,negative,negative,False,,There is no pneumothorax or pleural effusion.
10039272,59975213,/mnt/c/Users/Zila/Downloads/BN5212/MIMIC-CXR/p10/p10/p10039272/s59975213.txt,Pneumonia,positive,positive,False,,There is a heterogeneous opacity in the right middle lobe consistent with pneumonia. | Right middle lobe pneumonia.
10039302,51396442,/mnt/c/Users/Zila/Downloads/BN5212/MIMIC-CXR/p10/p10/p10039302/s51396442.txt,Pleural effusion,negative,negative,False,,No appreciable pleural effusion or pneumothorax is seen.
10039302,51998680,/mnt/c/Users/Zila/Downloads/BN5212/MIMIC-CXR/p10/p10/p10039302/s51998680.txt,Pleural effusion,negative,negative,False,,"No focal consolidation, pleural effusion or pneumothorax is seen."
10039302,52140570,/mnt/c/Users/Zila/Downloads/BN5212/MIMIC-CXR/p10/p10/p10039302/s52140570.txt,Cardiomegaly,positive,positive,False,,Mild cardiomegaly persists.
10039302,52140570,/mnt/c/Users/Zila/Downloads/BN5212/MIMIC-CXR/p10/p10/p10039302/s52140570.txt,Pneumonia,positive,positive,False,,"Bilateral basal parenchymal opacities, symmetrical in distribution, have newly appeared and are more likely to reflect mild pulmonary edema than pneumonia."
10039302,52140570,/mnt/c/Users/Zila/Downloads/BN5212/MIMIC-CXR/p10/p10/p10039302/s52140570.txt,Pulmonary edema,positive,positive,False,,"Bilateral basal parenchymal opacities, symmetrical in distribution, have newly appeared and are more likely to reflect mild pulmonary edema than pneumonia."
10039302,52548274,/mnt/c/Users/Zila/Downloads/BN5212/MIMIC-CXR/p10/p10/p10039302/s52548274.txt,Cardiomegaly,positive,positive,False,,Mild cardiomegaly persists.
10039302,52548274,/mnt/c/Users/Zila/Downloads/BN5212/MIMIC-CXR/p10/p10/p10039302/s52548274.txt,Pneumonia,negative,negative,False,,No acute pneumonia or pulmonary edema.
10039302,52548274,/mnt/c/Users/Zila/Downloads/BN5212/MIMIC-CXR/p10/p10/p10039302/s52548274.txt,Pulmonary edema,negative,negative,False,,"No pulmonary edema, pleural effusions or pneumothorax. | No acute pneumonia or pulmonary edema."
10039360,53999249,/mnt/c/Users/Zila/Downloads/BN5212/MIMIC-CXR/p10/p10/p10039360/s53999249.txt,Cardiomegaly,positive,positive,False,,"Cardiomegaly and marked tortuosity of the descending thoracic aorta, unchanged."
10039387,51044847,/mnt/c/Users/Zila/Downloads/BN5212/MIMIC-CXR/p10/p10/p10039387/s51044847.txt,Pleural effusion,negative,negative,False,,No pleural effusion or pneumothorax is seen.
10039387,51044847,/mnt/c/Users/Zila/Downloads/BN5212/MIMIC-CXR/p10/p10/p10039387/s51044847.txt,Pulmonary edema,negative,negative,False,,No pulmonary edema is seen.
10039643,53603281,/mnt/c/Users/Zila/Downloads/BN5212/MIMIC-CXR/p10/p10/p10039643/s53603281.txt,Fractures,negative,negative,False,,No fractures.
10039643,53603281,/mnt/c/Users/Zila/Downloads/BN5212/MIMIC-CXR/p10/p10/p10039643/s53603281.txt,Pleural effusion,negative,negative,False,,"No pleural effusion, pulmonary edema, or pneumothorax."
10039643,53603281,/mnt/c/Users/Zila/Downloads/BN5212/MIMIC-CXR/p10/p10/p10039643/s53603281.txt,Pneumonia,positive,positive,False,,A focal consolidation in the left lower lobe is consistent with pneumonia. | Left lower lobe pneumonia.
10039643,53603281,/mnt/c/Users/Zila/Downloads/BN5212/MIMIC-CXR/p10/p10/p10039643/s53603281.txt,Pulmonary edema,negative,negative,False,,"No pleural effusion, pulmonary edema, or pneumothorax."
10039708,50766016,/mnt/c/Users/Zila/Downloads/BN5212/MIMIC-CXR/p10/p10/p10039708/s50766016.txt,Pleural effusion,positive,positive,False,,"Severe global pulmonary consolidation has a perihilar distribution, unchanged since ___ but accompanied by increasing moderate right pleural effusion."
10039708,50766016,/mnt/c/Users/Zila/Downloads/BN5212/MIMIC-CXR/p10/p10/p10039708/s50766016.txt,Pulmonary edema,positive,positive,False,,"Pulmonary edema is the most likely explanation for the bulk of this abnormality, cardiogenic or otherwise."
10039708,50938342,/mnt/c/Users/Zila/Downloads/BN5212/MIMIC-CXR/p10/p10/p10039708/s50938342.txt,Pleural effusion,negative,negative,False,,No pleural effusion or pneumothorax is seen.
10039708,51842243,/mnt/c/Users/Zila/Downloads/BN5212/MIMIC-CXR/p10/p10/p10039708/s51842243.txt,Pulmonary edema,positive,positive,False,,Minimally improvement of the massive centralized pulmonary edema.
10039708,51907574,/mnt/c/Users/Zila/Downloads/BN5212/MIMIC-CXR/p10/p10/p10039708/s51907574.txt,Pulmonary edema,negative,negative,False,,"No pulmonary edema or pneumothorax is appreciated, although the sensitivity to detect pneumothorax is diminished given supine technique."
10039708,52039221,/mnt/c/Users/Zila/Downloads/BN5212/MIMIC-CXR/p10/p10/p10039708/s52039221.txt,Pneumonia,positive,positive,False,,Coalescent opacification at the right base could reflect superimposed pneumonia in the appropriate clinical setting.
10039708,52039221,/mnt/c/Users/Zila/Downloads/BN5212/MIMIC-CXR/p10/p10/p10039708/s52039221.txt,Pulmonary edema,positive,positive,False,,"Diffuse bilateral pulmonary opacifications are again seen, consistent with severe pulmonary edema more prominent on the right."
10039708,53675063,/mnt/c/Users/Zila/Downloads/BN5212/MIMIC-CXR/p10/p10/p10039708/s53675063.txt,Pneumonia,positive,positive,False,,"In the appropriate clinical setting, superimposed pneumonia would be impossible to exclude."
10039708,53675063,/mnt/c/Users/Zila/Downloads/BN5212/MIMIC-CXR/p10/p10/p10039708/s53675063.txt,Pulmonary edema,uncertain,uncertain,True,,"In comparison with the study of ___, there is probably little change in the severe pulmonary opacification is, most likely representing pulmonary edema."
10039708,53721111,/mnt/c/Users/Zila/Downloads/BN5212/MIMIC-CXR/p10/p10/p10039708/s53721111.txt,Pleural effusion,positive,positive,False,,Left pleural effusion is noted.
10039708,53731428,/mnt/c/Users/Zila/Downloads/BN5212/MIMIC-CXR/p10/p10/p10039708/s53731428.txt,Pneumonia,uncertain,uncertain,True,,"However, in the appropriate clinical setting, it would be difficult to exclude superimposed pneumonia, especially in the absence of a lateral view."
10039708,53731428,/mnt/c/Users/Zila/Downloads/BN5212/MIMIC-CXR/p10/p10/p10039708/s53731428.txt,Pulmonary edema,positive,positive,False,,"Diffuse bilateral pulmonary opacifications are again seen, with a pattern that is most consistent with substantial pulmonary edema."
10039708,54676653,/mnt/c/Users/Zila/Downloads/BN5212/MIMIC-CXR/p10/p10/p10039708/s54676653.txt,Edema,negative,negative,False,,No edema.
10039708,54897888,/mnt/c/Users/Zila/Downloads/BN5212/MIMIC-CXR/p10/p10/p10039708/s54897888.txt,Pulmonary edema,positive,positive,False,,Bilateral pulmonary edema is worsening. | Worsening bilateral pulmonary edema.
10039708,57243660,/mnt/c/Users/Zila/Downloads/BN5212/MIMIC-CXR/p10/p10/p10039708/s57243660.txt,Pulmonary edema,positive,positive,False,,"Given the rapid development, this likely reflects pulmonary edema. | Persistent bilateral predominate perihilar airspace opacities likely reflecting pulmonary edema."
10039708,57407980,/mnt/c/Users/Zila/Downloads/BN5212/MIMIC-CXR/p10/p10/p10039708/s57407980.txt,Pulmonary edema,positive,positive,False,,There has been improved aeration of the diffuse airspace opacities and pulmonary edema since the prior study.
10039708,57591044,/mnt/c/Users/Zila/Downloads/BN5212/MIMIC-CXR/p10/p10/p10039708/s57591044.txt,Pulmonary edema,positive,positive,False,,Severe bilateral perihilar pulmonary edema has not improved.
10039708,58376483,/mnt/c/Users/Zila/Downloads/BN5212/MIMIC-CXR/p10/p10/p10039708/s58376483.txt,Pleural effusion,negative,negative,False,,No pleural effusion or pneumothorax.
10039913,58774423,/mnt/c/Users/Zila/Downloads/BN5212/MIMIC-CXR/p10/p10/p10039913/s58774423.txt,Fractures,negative,negative,False,,"No definite displaced fractures are seen, but if there is continued concern for rib fracture, then a dedicated rib series is recommended."
10039913,58774423,/mnt/c/Users/Zila/Downloads/BN5212/MIMIC-CXR/p10/p10/p10039913/s58774423.txt,Pleural effusion,negative,negative,False,,"No focal consolidation, pleural effusion or pneumothorax is identified."
10039959,51761406,/mnt/c/Users/Zila/Downloads/BN5212/MIMIC-CXR/p10/p10/p10039959/s51761406.txt,Pleural effusion,negative,negative,False,,No pleural effusion or pneumothorax.
10039959,51761406,/mnt/c/Users/Zila/Downloads/BN5212/MIMIC-CXR/p10/p10/p10039959/s51761406.txt,Pneumonia,negative,negative,False,,No pneumonia.
10040025,56874940,/mnt/c/Users/Zila/Downloads/BN5212/MIMIC-CXR/p10/p10/p10040025/s56874940.txt,Edema,positive,positive,False,,These findings are accompanied by interstitial edema with peribronchial cuffing and several basilar septal lines. | CHF with mild interstitial edema.
10040025,56874940,/mnt/c/Users/Zila/Downloads/BN5212/MIMIC-CXR/p10/p10/p10040025/s56874940.txt,Pleural effusion,negative,negative,False,,There is no large pleural effusion or pneumothorax.
10040025,57798724,/mnt/c/Users/Zila/Downloads/BN5212/MIMIC-CXR/p10/p10/p10040025/s57798724.txt,Pleural effusion,negative,negative,False,,There is no pleural effusion or pneumothorax.
10040082,59559079,/mnt/c/Users/Zila/Downloads/BN5212/MIMIC-CXR/p10/p10/p10040082/s59559079.txt,Pneumonia,positive,positive,False,,Pneumonia or pulmonary edema.
10040082,59559079,/mnt/c/Users/Zila/Downloads/BN5212/MIMIC-CXR/p10/p10/p10040082/s59559079.txt,Pulmonary edema,positive,positive,False,,Pneumonia or pulmonary edema.
10040221,51524239,/mnt/c/Users/Zila/Downloads/BN5212/MIMIC-CXR/p10/p10/p10040221/s51524239.txt,Pleural effusion,negative,negative,False,,"There is no consolidation, pneumothorax, or pleural effusion."
10040284,50582222,/mnt/c/Users/Zila/Downloads/BN5212/MIMIC-CXR/p10/p10/p10040284/s50582222.txt,Pleural effusion,negative,negative,False,,There is no pleural effusion pneumothorax.
10040602,54336605,/mnt/c/Users/Zila/Downloads/BN5212/MIMIC-CXR/p10/p10/p10040602/s54336605.txt,Fractures,positive,positive,False,,Old healed right-sided rib fractures noted.
10040602,54336605,/mnt/c/Users/Zila/Downloads/BN5212/MIMIC-CXR/p10/p10/p10040602/s54336605.txt,Pleural effusion,positive,positive|uncertain,True,,Possible trace right pleural effusion. | Equivocal trace right pleural effusion and minimal atelectasis.
10040631,51708526,/mnt/c/Users/Zila/Downloads/BN5212/MIMIC-CXR/p10/p10/p10040631/s51708526.txt,Fractures,positive,positive,False,,Old healed right posterolateral and left rib fractures are unchanged compared to prior exams.
10040631,51708526,/mnt/c/Users/Zila/Downloads/BN5212/MIMIC-CXR/p10/p10/p10040631/s51708526.txt,Pleural effusion,negative,negative,False,,"There is no pneumothorax, pulmonary edema, or pleural effusion."
10040631,51708526,/mnt/c/Users/Zila/Downloads/BN5212/MIMIC-CXR/p10/p10/p10040631/s51708526.txt,Pulmonary edema,negative,negative,False,,"There is no pneumothorax, pulmonary edema, or pleural effusion."
10040631,53480981,/mnt/c/Users/Zila/Downloads/BN5212/MIMIC-CXR/p10/p10/p10040631/s53480981.txt,Fractures,positive,positive,False,,Old healed right posterolateral rib fractures are unchanged compared to the prior exam. | Healed left-sided rib fractures are also noted.
10040631,53480981,/mnt/c/Users/Zila/Downloads/BN5212/MIMIC-CXR/p10/p10/p10040631/s53480981.txt,Pleural effusion,negative,negative,False,,There is no pleural effusion or pneumothorax.
10040631,53480981,/mnt/c/Users/Zila/Downloads/BN5212/MIMIC-CXR/p10/p10/p10040631/s53480981.txt,Pneumonia,negative,negative,False,,The lungs are clear without evidence of focal consolidations concerning for pneumonia.
10040721,53118743,/mnt/c/Users/Zila/Downloads/BN5212/MIMIC-CXR/p10/p10/p10040721/s53118743.txt,Pulmonary edema,negative,negative,False,,No evidence of pulmonary edema or pleural effusions.
10040768,54897161,/mnt/c/Users/Zila/Downloads/BN5212/MIMIC-CXR/p10/p10/p10040768/s54897161.txt,Pleural effusion,negative,negative,False,,There is no pleural effusion or pneumothorax
10040884,50940511,/mnt/c/Users/Zila/Downloads/BN5212/MIMIC-CXR/p10/p10/p10040884/s50940511.txt,Pleural effusion,negative,negative,False,,There is no pleural effusion and no pneumothorax.
10040884,56265430,/mnt/c/Users/Zila/Downloads/BN5212/MIMIC-CXR/p10/p10/p10040884/s56265430.txt,Pleural effusion,negative,negative,False,,No pleural effusion or pneumothorax is present.
10041196,57513869,/mnt/c/Users/Zila/Downloads/BN5212/MIMIC-CXR/p10/p10/p10041196/s57513869.txt,Pleural effusion,negative,negative,False,,"No evidence of acute pneumonia, vascular congestion, or pleural effusion."
10041196,57513869,/mnt/c/Users/Zila/Downloads/BN5212/MIMIC-CXR/p10/p10/p10041196/s57513869.txt,Pneumonia,negative,negative,False,,"No evidence of acute pneumonia, vascular congestion, or pleural effusion."
10041408,54849524,/mnt/c/Users/Zila/Downloads/BN5212/MIMIC-CXR/p10/p10/p10041408/s54849524.txt,Pleural effusion,positive,positive,False,,"Additionally, there has been interval increase in small right-sided pleural effusion. | Increased small right pleural effusion."
10041408,58489475,/mnt/c/Users/Zila/Downloads/BN5212/MIMIC-CXR/p10/p10/p10041408/s58489475.txt,Pleural effusion,positive,positive,False,,"As compared to the previous radiograph, the most important change is a newly appeared small lateral right pleural effusion."
10041408,58489475,/mnt/c/Users/Zila/Downloads/BN5212/MIMIC-CXR/p10/p10/p10041408/s58489475.txt,Pneumonia,negative,negative,False,,No evidence of pneumonia.
10041408,58489475,/mnt/c/Users/Zila/Downloads/BN5212/MIMIC-CXR/p10/p10/p10041408/s58489475.txt,Pulmonary embolism,positive,positive,False,,"For example, unilateral small pleural effusions can be indicative for pulmonary embolism."
10041918,54120088,/mnt/c/Users/Zila/Downloads/BN5212/MIMIC-CXR/p10/p10/p10041918/s54120088.txt,Pleural effusion,negative,negative,False,,"No focal consolidation, pleural effusion or pneumothorax is identified."
10042037,52748850,/mnt/c/Users/Zila/Downloads/BN5212/MIMIC-CXR/p10/p10/p10042037/s52748850.txt,Pleural effusion,negative,negative,False,,"PA and lateral chest radiographs demonstrate no focal consolidation, pleural effusion, or pneumothorax."
10042615,52870307,/mnt/c/Users/Zila/Downloads/BN5212/MIMIC-CXR/p10/p10/p10042615/s52870307.txt,Pleural effusion,negative,negative,False,,"The lungs are clear without focal consolidation, pleural effusion or pneumothorax."
10042615,52870307,/mnt/c/Users/Zila/Downloads/BN5212/MIMIC-CXR/p10/p10/p10042615/s52870307.txt,Pulmonary edema,negative,negative,False,,There is no pulmonary edema.
10042769,59055102,/mnt/c/Users/Zila/Downloads/BN5212/MIMIC-CXR/p10/p10/p10042769/s59055102.txt,Pleural effusion,positive,positive,False,,"Small-to-moderate right pleural effusion has increased in size, and a small left pleural effusion is apparently new."
10042769,59055102,/mnt/c/Users/Zila/Downloads/BN5212/MIMIC-CXR/p10/p10/p10042769/s59055102.txt,Pneumonia,positive,positive,False,,"Interval development of bilateral retrocardiac opacities, which could be due to clinically suspected aspiration, atelectasis, or developing infectious pneumonia."
10042810,51978525,/mnt/c/Users/Zila/Downloads/BN5212/MIMIC-CXR/p10/p10/p10042810/s51978525.txt,Emphysema,positive,positive,False,,Moderate to severe right apical emphysema.
10042810,51978525,/mnt/c/Users/Zila/Downloads/BN5212/MIMIC-CXR/p10/p10/p10042810/s51978525.txt,Pneumonia,negative,negative,False,,No pneumonia.
10042810,52077136,/mnt/c/Users/Zila/Downloads/BN5212/MIMIC-CXR/p10/p10/p10042810/s52077136.txt,Emphysema,positive,positive,False,,"The upper lung zones are hyperlucent with attenuation of pulmonary vessels and destruction of parenchyma, consistent with severe emphysema. | Lung findings consistent with severe emphysema, particularly right upper lung zone."
10042810,52077136,/mnt/c/Users/Zila/Downloads/BN5212/MIMIC-CXR/p10/p10/p10042810/s52077136.txt,Pleural effusion,negative,negative,False,,"No new focal consolidation, pleural effusion, pneumothorax, or pulmonary edema is seen."
10042810,52077136,/mnt/c/Users/Zila/Downloads/BN5212/MIMIC-CXR/p10/p10/p10042810/s52077136.txt,Pneumonia,positive,positive,False,,Interval clearing of bibasilar pneumonia.
10042810,52077136,/mnt/c/Users/Zila/Downloads/BN5212/MIMIC-CXR/p10/p10/p10042810/s52077136.txt,Pulmonary edema,negative,negative,False,,"No new focal consolidation, pleural effusion, pneumothorax, or pulmonary edema is seen."
10042810,52077136,/mnt/c/Users/Zila/Downloads/BN5212/MIMIC-CXR/p10/p10/p10042810/s52077136.txt,Pulmonary hypertension,positive,positive|uncertain,True,,"Bilateral hilar enlargement is suggestive of underlying pulmonary hypertension. | Bilateral hilar enlargement, likely secondary to underlying pulmonary hypertension."
10042810,55039117,/mnt/c/Users/Zila/Downloads/BN5212/MIMIC-CXR/p10/p10/p10042810/s55039117.txt,Cardiomegaly,positive,positive,False,,There is cardiomegaly.
10042810,55039117,/mnt/c/Users/Zila/Downloads/BN5212/MIMIC-CXR/p10/p10/p10042810/s55039117.txt,Pulmonary edema,negative,negative,False,,There is no overt pulmonary edema.
10042998,56935198,/mnt/c/Users/Zila/Downloads/BN5212/MIMIC-CXR/p10/p10/p10042998/s56935198.txt,Pleural effusion,negative,negative,False,,There is no pneumothorax or pleural effusion.
10042998,56935198,/mnt/c/Users/Zila/Downloads/BN5212/MIMIC-CXR/p10/p10/p10042998/s56935198.txt,Pneumonia,negative,negative,False,,No evidence of pneumonia.
10042998,56935198,/mnt/c/Users/Zila/Downloads/BN5212/MIMIC-CXR/p10/p10/p10042998/s56935198.txt,Pulmonary hypertension,positive,positive,False,,"There is suggestion of mildly prominent left and right pulmonary arteries, raising the possibility of pulmonary hypertension. | Prominent central pulmonary arteries raise the possibility of pulmonary hypertension."
10043103,51472940,/mnt/c/Users/Zila/Downloads/BN5212/MIMIC-CXR/p10/p10/p10043103/s51472940.txt,Pneumonia,negative,negative,False,,The lungs are clear without evidence of focal consolidations concerning for pneumonia. | No acute focal consolidations concerning for pneumonia identified.
10043115,58460599,/mnt/c/Users/Zila/Downloads/BN5212/MIMIC-CXR/p10/p10/p10043115/s58460599.txt,Hernia,positive,positive,False,,Redemonstrated is a large hiatal hernia. | Large hiatal hernia.
10043115,58460599,/mnt/c/Users/Zila/Downloads/BN5212/MIMIC-CXR/p10/p10/p10043115/s58460599.txt,Pleural effusion,negative,negative,False,,"There is no focal airspace opacity, pulmonary edema, pleural effusion, or pneumothorax."
10043115,58460599,/mnt/c/Users/Zila/Downloads/BN5212/MIMIC-CXR/p10/p10/p10043115/s58460599.txt,Pneumonia,negative,negative,False,,No focal opacity to suggest pneumonia.
10043115,58460599,/mnt/c/Users/Zila/Downloads/BN5212/MIMIC-CXR/p10/p10/p10043115/s58460599.txt,Pulmonary edema,negative,negative,False,,"There is no focal airspace opacity, pulmonary edema, pleural effusion, or pneumothorax."
10043115,58467930,/mnt/c/Users/Zila/Downloads/BN5212/MIMIC-CXR/p10/p10/p10043115/s58467930.txt,Hernia,positive,positive,False,,Moderate hiatus hernia is longstanding.
10043139,51632240,/mnt/c/Users/Zila/Downloads/BN5212/MIMIC-CXR/p10/p10/p10043139/s51632240.txt,Cardiomegaly,positive,positive,False,,Enlarged cardiac silhouette may reflect cardiomegaly and/or pericardial effusion.
10043139,51632240,/mnt/c/Users/Zila/Downloads/BN5212/MIMIC-CXR/p10/p10/p10043139/s51632240.txt,Pneumonia,positive,positive,False,,"Bibasilar patchy and linear opacities, which may be secondary to atelectasis, pneumonia, or aspiration."
10043177,54813548,/mnt/c/Users/Zila/Downloads/BN5212/MIMIC-CXR/p10/p10/p10043177/s54813548.txt,Pleural effusion,negative,negative,False,,"The lungs are clear without focal consolidation, pleural effusion or pneumothorax."
10043177,54813548,/mnt/c/Users/Zila/Downloads/BN5212/MIMIC-CXR/p10/p10/p10043177/s54813548.txt,Pulmonary edema,negative,negative,False,,There is no pulmonary edema.
10043321,51406412,/mnt/c/Users/Zila/Downloads/BN5212/MIMIC-CXR/p10/p10/p10043321/s51406412.txt,Cardiomegaly,positive,positive,False,,The patient shows mild fluid overload and moderate cardiomegaly.
10043321,51406412,/mnt/c/Users/Zila/Downloads/BN5212/MIMIC-CXR/p10/p10/p10043321/s51406412.txt,Fluid overload,positive,positive,False,,The patient shows mild fluid overload and moderate cardiomegaly.
10043321,53004485,/mnt/c/Users/Zila/Downloads/BN5212/MIMIC-CXR/p10/p10/p10043321/s53004485.txt,Cardiomegaly,positive,positive,False,,Moderate cardiomegaly persists.
10043321,53004485,/mnt/c/Users/Zila/Downloads/BN5212/MIMIC-CXR/p10/p10/p10043321/s53004485.txt,Pleural effusion,positive,positive,False,,"The postoperative parenchymal changes on the right, as well as a small right pleural effusion, are unchanged."
10043321,56415759,/mnt/c/Users/Zila/Downloads/BN5212/MIMIC-CXR/p10/p10/p10043321/s56415759.txt,Edema,positive,positive,False,,There is minimal prominence of the interstitium which may be due to slight interstitial edema versus atypical infection. | Slight increase in interstitial markings could be due to minimal interstitial edema versus atypical infection.
10043321,56415759,/mnt/c/Users/Zila/Downloads/BN5212/MIMIC-CXR/p10/p10/p10043321/s56415759.txt,Pleural effusion,negative,negative,False,,There is no pleural effusion or pneumothorax.
10043321,57676358,/mnt/c/Users/Zila/Downloads/BN5212/MIMIC-CXR/p10/p10/p10043321/s57676358.txt,Cardiomegaly,positive,positive,False,,There is mild cardiomegaly.
10043321,57676358,/mnt/c/Users/Zila/Downloads/BN5212/MIMIC-CXR/p10/p10/p10043321/s57676358.txt,Hypersensitivity pneumonitis,positive,positive,False,,"Upper lobe predominant interstitial lung disease, which could be due to chronic hypersensitivity pneumonitis or (if the patient is a smoker) smoking-related interstitial lung disease."
10043321,57676358,/mnt/c/Users/Zila/Downloads/BN5212/MIMIC-CXR/p10/p10/p10043321/s57676358.txt,Pneumonia,negative,negative,False,,There is no focal consolidation concerning for pneumonia.
10043321,59164130,/mnt/c/Users/Zila/Downloads/BN5212/MIMIC-CXR/p10/p10/p10043321/s59164130.txt,Cardiomegaly,positive,positive,False,,"Stable moderate cardiomegaly with improvement in pulmonary edema, now mild."
10043321,59164130,/mnt/c/Users/Zila/Downloads/BN5212/MIMIC-CXR/p10/p10/p10043321/s59164130.txt,Pleural effusion,positive,positive,False,,A small right pleural effusion is present.
10043321,59164130,/mnt/c/Users/Zila/Downloads/BN5212/MIMIC-CXR/p10/p10/p10043321/s59164130.txt,Pulmonary edema,positive,positive,False,,"Stable moderate cardiomegaly with improvement in pulmonary edema, now mild."
10043339,55353743,/mnt/c/Users/Zila/Downloads/BN5212/MIMIC-CXR/p10/p10/p10043339/s55353743.txt,Pleural effusion,negative,negative,False,,"No focal consolidation, pleural effusion or pneumothorax is identified."
10043339,55353743,/mnt/c/Users/Zila/Downloads/BN5212/MIMIC-CXR/p10/p10/p10043339/s55353743.txt,Pulmonary edema,negative,negative,False,,There is no overt pulmonary edema.
10043423,57983886,/mnt/c/Users/Zila/Downloads/BN5212/MIMIC-CXR/p10/p10/p10043423/s57983886.txt,Pleural effusion,negative,negative,False,,"Frontal and lateral views of the chest demonstrate normal lung volumes without pleural effusion, focal consolidation or pneumothorax."
10043423,57983886,/mnt/c/Users/Zila/Downloads/BN5212/MIMIC-CXR/p10/p10/p10043423/s57983886.txt,Pulmonary edema,negative,negative,False,,There is no pulmonary edema.
10043514,52308461,/mnt/c/Users/Zila/Downloads/BN5212/MIMIC-CXR/p10/p10/p10043514/s52308461.txt,Pleural effusion,negative,negative,False,,No pleural effusion or pneumothorax is seen.
10043646,52835668,/mnt/c/Users/Zila/Downloads/BN5212/MIMIC-CXR/p10/p10/p10043646/s52835668.txt,Pleural effusion,negative,negative,False,,There is no pleural effusion or pneumothorax.
10043750,50967294,/mnt/c/Users/Zila/Downloads/BN5212/MIMIC-CXR/p10/p10/p10043750/s50967294.txt,Ileus,uncertain,uncertain,True,,Possible ileus or obstruction.
10043750,50967294,/mnt/c/Users/Zila/Downloads/BN5212/MIMIC-CXR/p10/p10/p10043750/s50967294.txt,Pneumonia,uncertain,uncertain,True,,"Extremely low lung volumes with basilar opacities, right greater than left, possible atelectasis or pneumonia in the appropriate clinical setting."
10044096,52927278,/mnt/c/Users/Zila/Downloads/BN5212/MIMIC-CXR/p10/p10/p10044096/s52927278.txt,Pleural effusion,negative,negative,False,,There is no pleural effusion or pneumothorax.
10044096,56482600,/mnt/c/Users/Zila/Downloads/BN5212/MIMIC-CXR/p10/p10/p10044096/s56482600.txt,Pneumonia,positive,positive,False,,"Right upper lobe pneumonia present in ___, has finely resolved."
10044096,56859736,/mnt/c/Users/Zila/Downloads/BN5212/MIMIC-CXR/p10/p10/p10044096/s56859736.txt,Pleural effusion,negative,negative,False,,There is no pneumothorax or pleural effusion.
10044096,56859736,/mnt/c/Users/Zila/Downloads/BN5212/MIMIC-CXR/p10/p10/p10044096/s56859736.txt,Pneumonia,conflicting,negative|positive,True,,"Right perihilar pneumonia has almost completely resolved, there are no new lung abnormalities. | Almost completely resolved right perihilar pneumonia"
10044096,57282397,/mnt/c/Users/Zila/Downloads/BN5212/MIMIC-CXR/p10/p10/p10044096/s57282397.txt,Pleural effusion,negative,negative,False,,There is no pleural effusion and no pneumothorax.
10044096,57401874,/mnt/c/Users/Zila/Downloads/BN5212/MIMIC-CXR/p10/p10/p10044096/s57401874.txt,Pleural effusion,negative,negative,False,,No pleural effusion or pneumothorax.
10044096,57401874,/mnt/c/Users/Zila/Downloads/BN5212/MIMIC-CXR/p10/p10/p10044096/s57401874.txt,Pneumonia,positive,positive,False,,"Right mid lung consolidation, consistent with pneumonia."
10044096,58651937,/mnt/c/Users/Zila/Downloads/BN5212/MIMIC-CXR/p10/p10/p10044096/s58651937.txt,Pneumonia,negative,negative,False,,"As compared to the previous radiograph, there is proof of complete resolution of a pre-existing right-sided pneumonia."
10044189,53647608,/mnt/c/Users/Zila/Downloads/BN5212/MIMIC-CXR/p10/p10/p10044189/s53647608.txt,Cardiomegaly,positive,positive,False,,Mild cardiomegaly is unchanged compared to the prior exam.
10044189,53647608,/mnt/c/Users/Zila/Downloads/BN5212/MIMIC-CXR/p10/p10/p10044189/s53647608.txt,Pleural effusion,positive,positive,False,,There is a new small left-sided pleural effusion. | New small left pleural effusion.
10044189,53647608,/mnt/c/Users/Zila/Downloads/BN5212/MIMIC-CXR/p10/p10/p10044189/s53647608.txt,Pneumonia,negative,negative,False,,The lungs are clear without evidence of focal consolidations concerning for pneumonia. | No focal consolidations concerning for pneumonia identified.
10044189,53945669,/mnt/c/Users/Zila/Downloads/BN5212/MIMIC-CXR/p10/p10/p10044189/s53945669.txt,Pleural effusion,negative,negative,False,,"Upright AP and lateral views of the chest demonstrate the lungs are well expanded, with no evidence of pleural effusion, pneumothorax, or focal airspace opacification."
10044189,56174180,/mnt/c/Users/Zila/Downloads/BN5212/MIMIC-CXR/p10/p10/p10044189/s56174180.txt,Pleural effusion,negative,negative,False,,"Frontal and lateral views of the chest show no pleural effusion, pneumothorax or focal airspace consolidation."
10044189,56367844,/mnt/c/Users/Zila/Downloads/BN5212/MIMIC-CXR/p10/p10/p10044189/s56367844.txt,Pleural effusion,negative,negative,False,,"No focal consolidation, pleural effusion, pneumothorax, or pulmonary edema is seen."
10044189,56367844,/mnt/c/Users/Zila/Downloads/BN5212/MIMIC-CXR/p10/p10/p10044189/s56367844.txt,Pulmonary edema,negative,negative,False,,"No focal consolidation, pleural effusion, pneumothorax, or pulmonary edema is seen."
10044316,50174192,/mnt/c/Users/Zila/Downloads/BN5212/MIMIC-CXR/p10/p10/p10044316/s50174192.txt,Pleural effusion,negative,negative,False,,No pleural effusion or pneumothorax is seen.
10044316,50174192,/mnt/c/Users/Zila/Downloads/BN5212/MIMIC-CXR/p10/p10/p10044316/s50174192.txt,Pneumonia,negative,negative,False,,Interval resolution of left upper lobe pneumonia.
10044316,55641540,/mnt/c/Users/Zila/Downloads/BN5212/MIMIC-CXR/p10/p10/p10044316/s55641540.txt,Pleural effusion,negative,negative,False,,No pleural effusion is seen.
10044316,55641540,/mnt/c/Users/Zila/Downloads/BN5212/MIMIC-CXR/p10/p10/p10044316/s55641540.txt,Pneumonia,uncertain,negative|uncertain,True,,Mild opacity in the left upper lobe disc concerning for left upper lobe pneumonia. | RECOMMENDATION(S): Followup of the patient 4 weeks after completion of antibiotic therapy for documentation of resolution of left upper lobe pneumonia is recommended.
10044419,52720363,/mnt/c/Users/Zila/Downloads/BN5212/MIMIC-CXR/p10/p10/p10044419/s52720363.txt,Pleural effusion,negative,negative,False,,No pleural effusion or pneumothorax is seen.
10045099,53634153,/mnt/c/Users/Zila/Downloads/BN5212/MIMIC-CXR/p10/p10/p10045099/s53634153.txt,Fractures,negative,negative,False,,No definite rib fractures. | No displaced rib fractures seen based on this nondedicated examination.
10045099,53634153,/mnt/c/Users/Zila/Downloads/BN5212/MIMIC-CXR/p10/p10/p10045099/s53634153.txt,Pleural effusion,negative,negative,False,,There is no pleural effusion and no pneumothorax.
10045574,52738750,/mnt/c/Users/Zila/Downloads/BN5212/MIMIC-CXR/p10/p10/p10045574/s52738750.txt,Pleural effusion,negative,negative,False,,No pleural effusion or pneumothorax is seen.
10045929,52686702,/mnt/c/Users/Zila/Downloads/BN5212/MIMIC-CXR/p10/p10/p10045929/s52686702.txt,Emphysema,positive,positive,False,,There is persistent but resolving subcutaneous emphysema within the right lateral chest wall soft tissues.
10045929,52686702,/mnt/c/Users/Zila/Downloads/BN5212/MIMIC-CXR/p10/p10/p10045929/s52686702.txt,Fractures,positive,positive,False,,"Subacute fractures of at least the right third, fifth, and sixth posterolateral ribs better appreciated on the CT dated ___."
10045929,52686702,/mnt/c/Users/Zila/Downloads/BN5212/MIMIC-CXR/p10/p10/p10045929/s52686702.txt,Pulmonary edema,negative,negative,False,,No pulmonary edema.
10045929,58067291,/mnt/c/Users/Zila/Downloads/BN5212/MIMIC-CXR/p10/p10/p10045929/s58067291.txt,Emphysema,positive,positive,False,,Residual right lateral chest wall subcutaneous emphysema.
10045929,58067291,/mnt/c/Users/Zila/Downloads/BN5212/MIMIC-CXR/p10/p10/p10045929/s58067291.txt,Pulmonary edema,negative,negative,False,,No pulmonary edema.
10045929,58111227,/mnt/c/Users/Zila/Downloads/BN5212/MIMIC-CXR/p10/p10/p10045929/s58111227.txt,Fractures,positive,positive,False,,Multiple rib fractures noted.
10045929,58111227,/mnt/c/Users/Zila/Downloads/BN5212/MIMIC-CXR/p10/p10/p10045929/s58111227.txt,Pleural effusion,positive,positive,False,,"Small residual left pleural effusion, stable."
10045929,58508761,/mnt/c/Users/Zila/Downloads/BN5212/MIMIC-CXR/p10/p10/p10045929/s58508761.txt,Pleural effusion,positive,positive,False,,"As compared to previous radiograph of 1 day earlier, right chest tube has been removed, with persistent tiny right apical pneumothorax and small right pleural effusion."
10045929,59881596,/mnt/c/Users/Zila/Downloads/BN5212/MIMIC-CXR/p10/p10/p10045929/s59881596.txt,Emphysema,positive,positive,False,,Previously noted subcutaneous emphysema is largely unchanged. | Multiple fractures and subcutaneous emphysema are unchanged.
10045929,59881596,/mnt/c/Users/Zila/Downloads/BN5212/MIMIC-CXR/p10/p10/p10045929/s59881596.txt,Fractures,positive,positive,False,,Multiple rib fractures are again seen. | Multiple fractures and subcutaneous emphysema are unchanged.
10046041,58110001,/mnt/c/Users/Zila/Downloads/BN5212/MIMIC-CXR/p10/p10/p10046041/s58110001.txt,Pleural effusion,negative,negative,False,,"No focal consolidation, pleural effusion, or evidence of pneumothorax is seen. | No pleural effusion or pneumothorax."
10046166,50051329,/mnt/c/Users/Zila/Downloads/BN5212/MIMIC-CXR/p10/p10/p10046166/s50051329.txt,Pneumonia,negative,negative,False,,There is no focal airspace consolidation to suggest pneumonia.
10046166,50051329,/mnt/c/Users/Zila/Downloads/BN5212/MIMIC-CXR/p10/p10/p10046166/s50051329.txt,Pulmonary edema,negative,negative,False,,No pleural effusions or pulmonary edema.
10046166,53492798,/mnt/c/Users/Zila/Downloads/BN5212/MIMIC-CXR/p10/p10/p10046166/s53492798.txt,Pleural effusion,negative,negative,False,,"No pleural effusion, pneumothorax or focal consolidation is present."
10046166,57379357,/mnt/c/Users/Zila/Downloads/BN5212/MIMIC-CXR/p10/p10/p10046166/s57379357.txt,Pleural effusion,negative,negative,False,,There is no pleural effusion or pneumothorax.
10046166,57379357,/mnt/c/Users/Zila/Downloads/BN5212/MIMIC-CXR/p10/p10/p10046166/s57379357.txt,Pneumonia,negative,negative,False,,No radiographic findings to suggest pneumonia.
10046282,59720796,/mnt/c/Users/Zila/Downloads/BN5212/MIMIC-CXR/p10/p10/p10046282/s59720796.txt,Edema,negative,negative,False,,"No pneumonia, edema, or effusion."
10046282,59720796,/mnt/c/Users/Zila/Downloads/BN5212/MIMIC-CXR/p10/p10/p10046282/s59720796.txt,Pleural effusion,negative,negative,False,,"The lungs are well expanded and clear without focal consolidation, pleural effusion or pneumothorax."
10046282,59720796,/mnt/c/Users/Zila/Downloads/BN5212/MIMIC-CXR/p10/p10/p10046282/s59720796.txt,Pneumonia,negative,negative,False,,"No pneumonia, edema, or effusion."
10046503,50134126,/mnt/c/Users/Zila/Downloads/BN5212/MIMIC-CXR/p10/p10/p10046503/s50134126.txt,Pleural effusion,negative,negative,False,,No pleural effusion or pneumothorax is seen.
10046592,54827752,/mnt/c/Users/Zila/Downloads/BN5212/MIMIC-CXR/p10/p10/p10046592/s54827752.txt,Pleural effusion,negative,negative,False,,There is no pleural effusion or pneumothorax.
10046592,55152804,/mnt/c/Users/Zila/Downloads/BN5212/MIMIC-CXR/p10/p10/p10046592/s55152804.txt,Cough,negative,negative,False,,No signs of pneumonia or other acute findings to account for patient's chronic cough.
10046592,55152804,/mnt/c/Users/Zila/Downloads/BN5212/MIMIC-CXR/p10/p10/p10046592/s55152804.txt,Pneumonia,negative,negative,False,,No signs of pneumonia or other acute findings to account for patient's chronic cough.
10046592,55960637,/mnt/c/Users/Zila/Downloads/BN5212/MIMIC-CXR/p10/p10/p10046592/s55960637.txt,Pleural effusion,negative,negative,False,,"No pleural effusion, pulmonary edema, or pneumothorax is present."
10046592,55960637,/mnt/c/Users/Zila/Downloads/BN5212/MIMIC-CXR/p10/p10/p10046592/s55960637.txt,Pneumonia,negative,negative,False,,No focal opacity to suggest pneumonia is seen.
10046592,55960637,/mnt/c/Users/Zila/Downloads/BN5212/MIMIC-CXR/p10/p10/p10046592/s55960637.txt,Pulmonary edema,negative,negative,False,,"No pleural effusion, pulmonary edema, or pneumothorax is present."
10046679,50744827,/mnt/c/Users/Zila/Downloads/BN5212/MIMIC-CXR/p10/p10/p10046679/s50744827.txt,Pulmonary edema,uncertain,uncertain,True,,"Minimal interval change in the appearance of the lungs with low inspiratory volumes, and findings suggestive of pulmonary edema."
10046679,51410749,/mnt/c/Users/Zila/Downloads/BN5212/MIMIC-CXR/p10/p10/p10046679/s51410749.txt,Pleural effusion,positive,positive,False,,Left pleural effusion is mild. | Worsening left lower lobe atelectasis and left pleural effusion.
10046679,51410749,/mnt/c/Users/Zila/Downloads/BN5212/MIMIC-CXR/p10/p10/p10046679/s51410749.txt,Pulmonary edema,negative,negative,False,,No pulmonary edema.
10046679,52056662,/mnt/c/Users/Zila/Downloads/BN5212/MIMIC-CXR/p10/p10/p10046679/s52056662.txt,Cardiomegaly,positive,positive,False,,Stable low lung volumes with bilateral areas of atelectasis and moderate cardiomegaly.
10046679,52056662,/mnt/c/Users/Zila/Downloads/BN5212/MIMIC-CXR/p10/p10/p10046679/s52056662.txt,Pleural effusion,positive,positive,False,,Minimal left pleural effusion persists.
10046679,52056662,/mnt/c/Users/Zila/Downloads/BN5212/MIMIC-CXR/p10/p10/p10046679/s52056662.txt,Pulmonary edema,negative,negative,False,,No pulmonary edema.
10046679,52944223,/mnt/c/Users/Zila/Downloads/BN5212/MIMIC-CXR/p10/p10/p10046679/s52944223.txt,Cardiomegaly,positive,positive,False,,"As before, there is moderately severe cardiomegaly prominence of both hila upper zone two-view shin and diffuse vascular blurring, consistent with CHF and interstitial edema. | Continued cardiomegaly."
10046679,52944223,/mnt/c/Users/Zila/Downloads/BN5212/MIMIC-CXR/p10/p10/p10046679/s52944223.txt,Edema,positive,positive,False,,"As before, there is moderately severe cardiomegaly prominence of both hila upper zone two-view shin and diffuse vascular blurring, consistent with CHF and interstitial edema. | Continued CHF with interstitial edema. | The differential diagnosis includes opacity due to alveolar edema, but underlying pneumonic infiltrates cannot be entirely excluded."
10046679,53936527,/mnt/c/Users/Zila/Downloads/BN5212/MIMIC-CXR/p10/p10/p10046679/s53936527.txt,Cardiomegaly,positive,positive,False,,Mild cardiomegaly.
10046679,53936527,/mnt/c/Users/Zila/Downloads/BN5212/MIMIC-CXR/p10/p10/p10046679/s53936527.txt,Edema,negative,negative,False,,"There is no new edema, focal consolidation, effusion, or pneumothorax."
10046679,54480315,/mnt/c/Users/Zila/Downloads/BN5212/MIMIC-CXR/p10/p10/p10046679/s54480315.txt,Pleural effusion,negative,negative,False,,There is continued enlargement of the cardiac silhouette without vascular congestion or pleural effusion.
10046679,54480315,/mnt/c/Users/Zila/Downloads/BN5212/MIMIC-CXR/p10/p10/p10046679/s54480315.txt,Pneumonia,negative,negative,False,,No evidence of acute focal pneumonia.
10046679,57374230,/mnt/c/Users/Zila/Downloads/BN5212/MIMIC-CXR/p10/p10/p10046679/s57374230.txt,Pleural effusion,positive,positive,False,,There is increased opacity in the left lung base obscuring the left hemidiaphragm consistent with left lower lobe collapse and pleural effusion. | Left lower lobe collapse with pleural effusion
10046679,57374230,/mnt/c/Users/Zila/Downloads/BN5212/MIMIC-CXR/p10/p10/p10046679/s57374230.txt,Pneumonia,positive,positive,False,,There is a new left mid lung opacity consistent with pneumonia. | Left mid lung pneumonia
10046679,58048905,/mnt/c/Users/Zila/Downloads/BN5212/MIMIC-CXR/p10/p10/p10046679/s58048905.txt,Cardiomegaly,positive,positive,False,,Severe cardiomegaly cannot be assessed.
10046679,58048905,/mnt/c/Users/Zila/Downloads/BN5212/MIMIC-CXR/p10/p10/p10046679/s58048905.txt,Pleural effusion,positive,positive,False,,Right pleural effusion and atelectasis have markedly improved.
10046679,58689398,/mnt/c/Users/Zila/Downloads/BN5212/MIMIC-CXR/p10/p10/p10046679/s58689398.txt,Cardiomegaly,positive,positive,False,,Moderate cardiomegaly is unchanged.
10046679,58689398,/mnt/c/Users/Zila/Downloads/BN5212/MIMIC-CXR/p10/p10/p10046679/s58689398.txt,Pneumonia,uncertain,uncertain,True,,Focal opacity in the right lower lobe is new from ___ and concerning for pneumonia.
10046922,59373859,/mnt/c/Users/Zila/Downloads/BN5212/MIMIC-CXR/p10/p10/p10046922/s59373859.txt,Pneumonia,negative,negative,False,,The current image provides no evidence for parenchymal abnormalities suggestive of pneumonia.
10047172,50770204,/mnt/c/Users/Zila/Downloads/BN5212/MIMIC-CXR/p10/p10/p10047172/s50770204.txt,Pleural effusion,negative,negative,False,,No pleural effusion or pneumothorax is seen.
10047172,54544556,/mnt/c/Users/Zila/Downloads/BN5212/MIMIC-CXR/p10/p10/p10047172/s54544556.txt,Pneumonia,negative,negative,False,,No evidence of pneumonia.
10047172,54544556,/mnt/c/Users/Zila/Downloads/BN5212/MIMIC-CXR/p10/p10/p10047172/s54544556.txt,Pulmonary edema,negative,negative,False,,"No pulmonary edema, no pleural effusions."
10047172,56356284,/mnt/c/Users/Zila/Downloads/BN5212/MIMIC-CXR/p10/p10/p10047172/s56356284.txt,Cardiomegaly,positive,positive,False,,Mild cardiomegaly with enlargement of the left ventricle.
10047172,56356284,/mnt/c/Users/Zila/Downloads/BN5212/MIMIC-CXR/p10/p10/p10047172/s56356284.txt,Pneumonia,negative,negative,False,,No pneumonia.
10047172,56356284,/mnt/c/Users/Zila/Downloads/BN5212/MIMIC-CXR/p10/p10/p10047172/s56356284.txt,Pulmonary edema,negative,negative,False,,No pulmonary edema.
10047766,52278032,/mnt/c/Users/Zila/Downloads/BN5212/MIMIC-CXR/p10/p10/p10047766/s52278032.txt,Cardiomegaly,positive,positive,False,,Moderate cardiomegaly is stable.
10047766,54423775,/mnt/c/Users/Zila/Downloads/BN5212/MIMIC-CXR/p10/p10/p10047766/s54423775.txt,Cardiomegaly,positive,positive,False,,Cardiomegaly cannot be assessed.
10047766,55277368,/mnt/c/Users/Zila/Downloads/BN5212/MIMIC-CXR/p10/p10/p10047766/s55277368.txt,Cardiomegaly,positive,positive,False,,Cardiomegaly cannot be assessed.
10047766,55277368,/mnt/c/Users/Zila/Downloads/BN5212/MIMIC-CXR/p10/p10/p10047766/s55277368.txt,Pleural effusion,positive,positive,False,,Large left pleural effusion has increased. | Right pleural effusion and right lower lobe and right middle lobe consolidations have increased.
10047766,55339630,/mnt/c/Users/Zila/Downloads/BN5212/MIMIC-CXR/p10/p10/p10047766/s55339630.txt,Cardiomegaly,positive,positive,False,,"Moderate cardiomegaly, numerous mediastinal clips, and a prosthetic valve are unchanged."
10047766,55339630,/mnt/c/Users/Zila/Downloads/BN5212/MIMIC-CXR/p10/p10/p10047766/s55339630.txt,Pleural effusion,positive,positive|uncertain,True,,"Compared with the most recent prior study, lung volumes are improved and a moderate to large left pleural effusion is likely unchanged. | Improved lung volumes with a probably unchanged moderate to large left pleural effusion."
10047766,55339630,/mnt/c/Users/Zila/Downloads/BN5212/MIMIC-CXR/p10/p10/p10047766/s55339630.txt,Pulmonary edema,negative,negative,False,,"There is no focal consolidation, pulmonary edema, or pneumothorax."
10047766,55339630,/mnt/c/Users/Zila/Downloads/BN5212/MIMIC-CXR/p10/p10/p10047766/s55339630.txt,Splenomegaly,uncertain,uncertain,True,,Probable splenomegaly is noted.
10048001,52519083,/mnt/c/Users/Zila/Downloads/BN5212/MIMIC-CXR/p10/p10/p10048001/s52519083.txt,Pulmonary edema,positive,positive,False,,"There is also vascular enlargement, consistent with pulmonary edema."
10048001,53330064,/mnt/c/Users/Zila/Downloads/BN5212/MIMIC-CXR/p10/p10/p10048001/s53330064.txt,Pleural effusion,positive,positive,False,,"The right lung base is particularly elevated, most likely due to right upper quadrant mass effect or fluid and/or right subpulmonic pleural effusion."
10048001,53330064,/mnt/c/Users/Zila/Downloads/BN5212/MIMIC-CXR/p10/p10/p10048001/s53330064.txt,Pulmonary edema,positive,positive,False,,"Mediastinal veins are engorged, but I doubt that there is pulmonary edema."
10048001,55896992,/mnt/c/Users/Zila/Downloads/BN5212/MIMIC-CXR/p10/p10/p10048001/s55896992.txt,Pneumonia,negative,negative,False,,No evidence of congestive failure or acute pneumonia on this quite limited study.
10048001,56731990,/mnt/c/Users/Zila/Downloads/BN5212/MIMIC-CXR/p10/p10/p10048001/s56731990.txt,Cardiomegaly,positive,positive,False,,Moderate cardiomegaly.
10048001,56731990,/mnt/c/Users/Zila/Downloads/BN5212/MIMIC-CXR/p10/p10/p10048001/s56731990.txt,Pulmonary edema,positive,positive,False,,Mild pulmonary edema.
10048001,57185874,/mnt/c/Users/Zila/Downloads/BN5212/MIMIC-CXR/p10/p10/p10048001/s57185874.txt,Edema,positive,positive,False,,"Pulmonary vasculature and mild interstitial edema have not improved, but mediastinal venous engorgement has decreased."
10048001,57185874,/mnt/c/Users/Zila/Downloads/BN5212/MIMIC-CXR/p10/p10/p10048001/s57185874.txt,Pleural effusion,positive,positive,False,,"Volume of right pleural effusion is indeterminate, but at least small."
10048001,57376621,/mnt/c/Users/Zila/Downloads/BN5212/MIMIC-CXR/p10/p10/p10048001/s57376621.txt,Pleural effusion,negative,negative,False,,"The heart size is unchanged and there is no evidence of vascular congestion, pleural effusion, or pneumothorax."
10048001,57376621,/mnt/c/Users/Zila/Downloads/BN5212/MIMIC-CXR/p10/p10/p10048001/s57376621.txt,Pneumonia,uncertain,uncertain,True,,Slight interval increase in left lower lobe linear opacities that are most likely atelectasis but in the proper clinical setting could represent pneumonia.
10048001,58174077,/mnt/c/Users/Zila/Downloads/BN5212/MIMIC-CXR/p10/p10/p10048001/s58174077.txt,Pleural effusion,negative,negative,False,,No pleural effusion or pneumothorax is detected.
10048001,58174077,/mnt/c/Users/Zila/Downloads/BN5212/MIMIC-CXR/p10/p10/p10048001/s58174077.txt,Pulmonary edema,negative,negative,False,,There is crowding of the bronchovascular structures without overt pulmonary edema.
10048001,58465122,/mnt/c/Users/Zila/Downloads/BN5212/MIMIC-CXR/p10/p10/p10048001/s58465122.txt,Pleural effusion,positive,positive,False,,There is a very small right-sided pleural effusion.
10048001,58465122,/mnt/c/Users/Zila/Downloads/BN5212/MIMIC-CXR/p10/p10/p10048001/s58465122.txt,Pneumonia,negative,negative,False,,No evidence of pneumonia.
10048001,59223098,/mnt/c/Users/Zila/Downloads/BN5212/MIMIC-CXR/p10/p10/p10048001/s59223098.txt,Pleural effusion,negative,negative,False,,"There is no vascular congestion, pleural effusion or pneumothorax."
10048001,59223098,/mnt/c/Users/Zila/Downloads/BN5212/MIMIC-CXR/p10/p10/p10048001/s59223098.txt,Pneumonia,positive,positive,False,,Linear opacity in the left lower lung is most likely due to atelectasis but in view of the clinical history pneumonia should be considered.
10048001,59666772,/mnt/c/Users/Zila/Downloads/BN5212/MIMIC-CXR/p10/p10/p10048001/s59666772.txt,Pneumonia,negative,negative,False,,"Bibasilar atelectatic changes, but no evidence of acute focal pneumonia or vascular congestion."
10048244,50891588,/mnt/c/Users/Zila/Downloads/BN5212/MIMIC-CXR/p10/p10/p10048244/s50891588.txt,Pleural effusion,negative,negative,False,,No pleural effusion.
10048244,52960881,/mnt/c/Users/Zila/Downloads/BN5212/MIMIC-CXR/p10/p10/p10048244/s52960881.txt,Pleural effusion,negative,negative,False,,There was no pleural effusion or pneumothorax.
10048244,55126369,/mnt/c/Users/Zila/Downloads/BN5212/MIMIC-CXR/p10/p10/p10048244/s55126369.txt,Pneumonia,negative,negative,False,,"No acute disease, in particular no pneumonia, pleural effusions, or pulmonary edema."
10048244,55126369,/mnt/c/Users/Zila/Downloads/BN5212/MIMIC-CXR/p10/p10/p10048244/s55126369.txt,Pulmonary edema,negative,negative,False,,"No acute disease, in particular no pneumonia, pleural effusions, or pulmonary edema."
10048244,57365558,/mnt/c/Users/Zila/Downloads/BN5212/MIMIC-CXR/p10/p10/p10048244/s57365558.txt,Pleural effusion,positive,positive,False,,Small right pleural effusion has enlarged.
10048244,57971406,/mnt/c/Users/Zila/Downloads/BN5212/MIMIC-CXR/p10/p10/p10048244/s57971406.txt,Cardiomegaly,positive,positive,False,,Mild cardiomegaly is stable.
10048244,57971406,/mnt/c/Users/Zila/Downloads/BN5212/MIMIC-CXR/p10/p10/p10048244/s57971406.txt,Pleural effusion,positive,positive,False,,There appears to be interval improvement of the moderate right-sided pleural effusion. | Interval improvement of the moderate right-sided pleural effusion and left-sided atelectasis.
10048244,58471828,/mnt/c/Users/Zila/Downloads/BN5212/MIMIC-CXR/p10/p10/p10048244/s58471828.txt,Cardiomegaly,positive,positive,False,,"Mild cardiomegaly is stable, while distention of mediastinal and pulmonary circulation suggest volume overload."
10048244,58471828,/mnt/c/Users/Zila/Downloads/BN5212/MIMIC-CXR/p10/p10/p10048244/s58471828.txt,Pleural effusion,positive,positive,False,,Moderate right pleural effusion is substantially larger today than on ___.
10048244,58732361,/mnt/c/Users/Zila/Downloads/BN5212/MIMIC-CXR/p10/p10/p10048244/s58732361.txt,Pleural effusion,conflicting,negative|positive,True,,There might be a small right-sided pleural effusion. | There is no left-sided pleural effusion or pneumothorax.
10048244,59453425,/mnt/c/Users/Zila/Downloads/BN5212/MIMIC-CXR/p10/p10/p10048244/s59453425.txt,Pleural effusion,negative,negative,False,,"There is no pneumothorax, pulmonary vascular congestion, or pleural effusion."
10048244,59707821,/mnt/c/Users/Zila/Downloads/BN5212/MIMIC-CXR/p10/p10/p10048244/s59707821.txt,Pneumonia,negative,negative,False,,There are no pulmonary findings to suggest pneumonia.
10048451,51673029,/mnt/c/Users/Zila/Downloads/BN5212/MIMIC-CXR/p10/p10/p10048451/s51673029.txt,Pleural effusion,negative,negative,False,,"No evidence of acute pneumonia, vascular congestion, or pleural effusion."
10048451,51673029,/mnt/c/Users/Zila/Downloads/BN5212/MIMIC-CXR/p10/p10/p10048451/s51673029.txt,Pneumonia,negative,negative,False,,"No evidence of acute pneumonia, vascular congestion, or pleural effusion."
10048451,51889569,/mnt/c/Users/Zila/Downloads/BN5212/MIMIC-CXR/p10/p10/p10048451/s51889569.txt,Emphysema,positive,positive,False,,Paucity of vessels in the upper zones is consistent with emphysema.
10048451,53489305,/mnt/c/Users/Zila/Downloads/BN5212/MIMIC-CXR/p10/p10/p10048451/s53489305.txt,Pleural effusion,negative,negative,False,,No pleural effusion or pneumothorax is seen.
10048451,53489305,/mnt/c/Users/Zila/Downloads/BN5212/MIMIC-CXR/p10/p10/p10048451/s53489305.txt,Pneumonia,positive,positive|uncertain,True,,Focal opacity in the lingular lobe consistent with pneumonia with possible increased opacity of the left lower lobe suggestive of pneumonia. | Lingular lobe pneumonia with possible right lower lobe pneumonia.
10048451,54883941,/mnt/c/Users/Zila/Downloads/BN5212/MIMIC-CXR/p10/p10/p10048451/s54883941.txt,Emphysema,positive,positive,False,,Frontal and lateral radiographs demonstrate hyperinflated lungs with diaphragmatic flattening and paucity of vessels in the bilateral upper lobes consistent with patient's known emphysema.
10048451,54883941,/mnt/c/Users/Zila/Downloads/BN5212/MIMIC-CXR/p10/p10/p10048451/s54883941.txt,Pleural effusion,positive,positive,False,,There is a small left pleural effusion. | Small left pleural effusion.
10048451,56379266,/mnt/c/Users/Zila/Downloads/BN5212/MIMIC-CXR/p10/p10/p10048451/s56379266.txt,Emphysema,positive,positive,False,,"Redemonstrated is a paucity of vessels seen within the bilateral upper zones, consistent with the patient's known emphysema."
10048451,56379266,/mnt/c/Users/Zila/Downloads/BN5212/MIMIC-CXR/p10/p10/p10048451/s56379266.txt,Pleural effusion,negative,negative,False,,"There is no pleural effusion, pneumothorax, or pulmonary edema identified."
10048451,56379266,/mnt/c/Users/Zila/Downloads/BN5212/MIMIC-CXR/p10/p10/p10048451/s56379266.txt,Pneumonia,positive,positive,False,,"As compared to the prior examination, there has been an increase in the overall density of the bilateral lower lobes, which likely represents a developing pneumonia. | Increased bibasilar opacities, which likely represents a developing pneumonia."
10048451,56379266,/mnt/c/Users/Zila/Downloads/BN5212/MIMIC-CXR/p10/p10/p10048451/s56379266.txt,Pulmonary edema,negative,negative,False,,"There is no pleural effusion, pneumothorax, or pulmonary edema identified."
10048451,57319650,/mnt/c/Users/Zila/Downloads/BN5212/MIMIC-CXR/p10/p10/p10048451/s57319650.txt,Pleural effusion,negative,negative,False,,No focal pulmonary abnormality is present and there is no pleural effusion.
10048522,52414596,/mnt/c/Users/Zila/Downloads/BN5212/MIMIC-CXR/p10/p10/p10048522/s52414596.txt,Pleural effusion,negative,negative,False,,"No pleural effusion, pulmonary edema or pneumothorax is present."
10048522,52414596,/mnt/c/Users/Zila/Downloads/BN5212/MIMIC-CXR/p10/p10/p10048522/s52414596.txt,Pneumonia,negative,negative,False,,No focal opacity to suggest pneumonia is seen.
10048522,52414596,/mnt/c/Users/Zila/Downloads/BN5212/MIMIC-CXR/p10/p10/p10048522/s52414596.txt,Pulmonary edema,negative,negative,False,,"No pleural effusion, pulmonary edema or pneumothorax is present."
10048703,55889095,/mnt/c/Users/Zila/Downloads/BN5212/MIMIC-CXR/p10/p10/p10048703/s55889095.txt,Pleural effusion,negative,negative,False,,There is no pleural effusion or pneumothorax.
10048710,53729967,/mnt/c/Users/Zila/Downloads/BN5212/MIMIC-CXR/p10/p10/p10048710/s53729967.txt,Pleural effusion,negative,negative,False,,There is no pleural effusion.
10048900,51327894,/mnt/c/Users/Zila/Downloads/BN5212/MIMIC-CXR/p10/p10/p10048900/s51327894.txt,Pneumonia,negative,negative,False,,"No pneumonia, no pulmonary edema, no pleural effusions."
10048900,51327894,/mnt/c/Users/Zila/Downloads/BN5212/MIMIC-CXR/p10/p10/p10048900/s51327894.txt,Pulmonary edema,negative,negative,False,,"No pneumonia, no pulmonary edema, no pleural effusions."
10048986,51337401,/mnt/c/Users/Zila/Downloads/BN5212/MIMIC-CXR/p10/p10/p10048986/s51337401.txt,Pleural effusion,negative,negative,False,,There is no pleural effusion or pneumothorax.
10048986,54900831,/mnt/c/Users/Zila/Downloads/BN5212/MIMIC-CXR/p10/p10/p10048986/s54900831.txt,Pleural effusion,negative,negative,False,,"There is no focal consolidation, pleural effusion or pneumothorax."
10048986,54900831,/mnt/c/Users/Zila/Downloads/BN5212/MIMIC-CXR/p10/p10/p10048986/s54900831.txt,Pulmonary edema,positive,positive,False,,There is mild intersitial pulmonary edema. | Mild interstitial pulmonary edema.
10048986,54969955,/mnt/c/Users/Zila/Downloads/BN5212/MIMIC-CXR/p10/p10/p10048986/s54969955.txt,Pleural effusion,negative,negative,False,,There is no pneumothorax or pleural effusion.
10048986,54969955,/mnt/c/Users/Zila/Downloads/BN5212/MIMIC-CXR/p10/p10/p10048986/s54969955.txt,Pneumonia,negative,negative,False,,No focal consolidations concerning for pneumonia are identified.
10048986,56135417,/mnt/c/Users/Zila/Downloads/BN5212/MIMIC-CXR/p10/p10/p10048986/s56135417.txt,Pleural effusion,negative,negative,False,,There is no pleural effusion or pneumothorax.
10048986,56135417,/mnt/c/Users/Zila/Downloads/BN5212/MIMIC-CXR/p10/p10/p10048986/s56135417.txt,Pneumonia,negative,negative,False,,No new focal consolidations suggestive of pneumonia.
10048986,56592156,/mnt/c/Users/Zila/Downloads/BN5212/MIMIC-CXR/p10/p10/p10048986/s56592156.txt,Pleural effusion,negative,negative,False,,There is no pleural effusion or pneumothorax.
10048986,56592156,/mnt/c/Users/Zila/Downloads/BN5212/MIMIC-CXR/p10/p10/p10048986/s56592156.txt,Pulmonary edema,negative,negative,False,,"The compared to chest radiograph dated ___, there is much decreased interstitial fluid indicating resolution of prior pulmonary edema."
10048986,58116858,/mnt/c/Users/Zila/Downloads/BN5212/MIMIC-CXR/p10/p10/p10048986/s58116858.txt,Pleural effusion,negative,negative,False,,There is no pleural effusion or pneumothorax.
10049334,54625686,/mnt/c/Users/Zila/Downloads/BN5212/MIMIC-CXR/p10/p10/p10049334/s54625686.txt,Cardiomegaly,positive,positive,False,,Mild cardiomegaly with mild edema.
10049334,54625686,/mnt/c/Users/Zila/Downloads/BN5212/MIMIC-CXR/p10/p10/p10049334/s54625686.txt,Edema,positive,positive,False,,Mild cardiomegaly with mild edema.
10049334,54625686,/mnt/c/Users/Zila/Downloads/BN5212/MIMIC-CXR/p10/p10/p10049334/s54625686.txt,Fractures,positive,positive,False,,Prior rib fractures are noted.
10049334,54625686,/mnt/c/Users/Zila/Downloads/BN5212/MIMIC-CXR/p10/p10/p10049334/s54625686.txt,Pulmonary edema,positive,positive,False,,The heart is mildly enlarged with mild pulmonary edema.
10049334,55820511,/mnt/c/Users/Zila/Downloads/BN5212/MIMIC-CXR/p10/p10/p10049334/s55820511.txt,Pleural effusion,positive,positive,False,,Hazy opacifications bilaterally with poor definition of the hemi diaphragms suggests layering pleural effusion with underlying compressive atelectasis.
10049334,55820511,/mnt/c/Users/Zila/Downloads/BN5212/MIMIC-CXR/p10/p10/p10049334/s55820511.txt,Pneumonia,positive,positive,False,,"As previously, it would be difficult to unequivocally exclude superimposed pneumonia, especially in the absence of a lateral view."
10049334,55820511,/mnt/c/Users/Zila/Downloads/BN5212/MIMIC-CXR/p10/p10/p10049334/s55820511.txt,Pulmonary edema,positive,positive,False,,"In comparison with the study of ___, there again is enlargement of the cardiac silhouette with asymmetric pulmonary edema."
10049334,58877721,/mnt/c/Users/Zila/Downloads/BN5212/MIMIC-CXR/p10/p10/p10049334/s58877721.txt,Edema,uncertain,uncertain,True,,"Opacification at the lung bases is probably a combination of atelectasis, dependent edema overlying pleural effusion."
10049334,58877721,/mnt/c/Users/Zila/Downloads/BN5212/MIMIC-CXR/p10/p10/p10049334/s58877721.txt,Pleural effusion,uncertain,uncertain,True,,"Opacification at the lung bases is probably a combination of atelectasis, dependent edema overlying pleural effusion."
10049334,58877721,/mnt/c/Users/Zila/Downloads/BN5212/MIMIC-CXR/p10/p10/p10049334/s58877721.txt,Pulmonary edema,positive,positive,False,,"Previous moderate pulmonary edema has improved, moderate bilateral pleural effusions have redistributed dependently, but probably not enlarged, and now obscure the right heart border."
10049341,52059571,/mnt/c/Users/Zila/Downloads/BN5212/MIMIC-CXR/p10/p10/p10049341/s52059571.txt,Pleural effusion,negative,negative,False,,"No pleural effusion, focal consolidation or pneumothorax is present."
10049341,56327756,/mnt/c/Users/Zila/Downloads/BN5212/MIMIC-CXR/p10/p10/p10049341/s56327756.txt,Pleural effusion,negative,negative,False,,No pleural effusion or pneumothorax is seen.
10049782,56823406,/mnt/c/Users/Zila/Downloads/BN5212/MIMIC-CXR/p10/p10/p10049782/s56823406.txt,Cardiomegaly,positive,positive,False,,Again seen is marked cardiomegaly.
10049782,56823406,/mnt/c/Users/Zila/Downloads/BN5212/MIMIC-CXR/p10/p10/p10049782/s56823406.txt,Pleural effusion,negative,negative,False,,There is no pleural effusion or pneumothorax.
10049782,56823406,/mnt/c/Users/Zila/Downloads/BN5212/MIMIC-CXR/p10/p10/p10049782/s56823406.txt,Pneumonia,negative,negative,False,,No focal consolidations concerning for pneumonia are identified.
10049851,55477894,/mnt/c/Users/Zila/Downloads/BN5212/MIMIC-CXR/p10/p10/p10049851/s55477894.txt,Pleural effusion,negative,negative,False,,There is no pleural effusion or pneumothorax.
10049851,55477894,/mnt/c/Users/Zila/Downloads/BN5212/MIMIC-CXR/p10/p10/p10049851/s55477894.txt,Pneumonia,uncertain,uncertain,True,,Increased opacity over the spine on the lateral view may represent pneumonia in the appropriate clinical context. | Increased airspace opacity over the spine could represent pneumonia in the appropriate clinical context.
10049897,52851881,/mnt/c/Users/Zila/Downloads/BN5212/MIMIC-CXR/p10/p10/p10049897/s52851881.txt,Pleural effusion,positive,positive,False,,There is an acute fracture in the left posterior eight rib with new small pleural effusion and atelectasis. | New acute fracture in the left posterior eight rib with an associated small pleural effusion and atelectasis.
10049897,52851881,/mnt/c/Users/Zila/Downloads/BN5212/MIMIC-CXR/p10/p10/p10049897/s52851881.txt,Pneumonia,negative,negative,False,,There is no focal consolidation concerning for pneumonia.
10049902,50158897,/mnt/c/Users/Zila/Downloads/BN5212/MIMIC-CXR/p10/p10/p10049902/s50158897.txt,Pneumonia,positive,positive,False,,"Since the prior examination, there has been interval development of right middle lobe consolidation, most compatible with pneumonia. | Right middle lobe opacification, compatible with pneumonia."
10049902,50339410,/mnt/c/Users/Zila/Downloads/BN5212/MIMIC-CXR/p10/p10/p10049902/s50339410.txt,Pleural effusion,negative,negative,False,,No pneumothorax or pleural effusion.
10049902,50339410,/mnt/c/Users/Zila/Downloads/BN5212/MIMIC-CXR/p10/p10/p10049902/s50339410.txt,Pneumonia,positive,positive,False,,Improving right middle lobe pneumonia.
10049902,55662406,/mnt/c/Users/Zila/Downloads/BN5212/MIMIC-CXR/p10/p10/p10049902/s55662406.txt,Pleural effusion,negative,negative,False,,No pleural effusion or pneumothorax evident.
10049902,55662406,/mnt/c/Users/Zila/Downloads/BN5212/MIMIC-CXR/p10/p10/p10049902/s55662406.txt,Pneumonia,negative,negative,False,,Interval resolution of pneumonia.
10050106,56680686,/mnt/c/Users/Zila/Downloads/BN5212/MIMIC-CXR/p10/p10/p10050106/s56680686.txt,Edema,negative,negative,False,,"The lungs are clear without focal consolidation, effusion, or edema."
10050154,51171138,/mnt/c/Users/Zila/Downloads/BN5212/MIMIC-CXR/p10/p10/p10050154/s51171138.txt,Pleural effusion,negative,negative,False,,There is no pleural effusion or pneumothorax.
10050205,55215808,/mnt/c/Users/Zila/Downloads/BN5212/MIMIC-CXR/p10/p10/p10050205/s55215808.txt,Pleural effusion,negative,negative,False,,"There is no focal consolidation, large pleural effusion or pneumothorax."
10050755,53573770,/mnt/c/Users/Zila/Downloads/BN5212/MIMIC-CXR/p10/p10/p10050755/s53573770.txt,Pneumonia,uncertain,uncertain,True,,There is new consolidation in the left mid to upper lung which is concerning for pneumonia. | Findings concerning for new pneumonia in the left mid lung.
10050755,56440546,/mnt/c/Users/Zila/Downloads/BN5212/MIMIC-CXR/p10/p10/p10050755/s56440546.txt,Pleural effusion,negative,negative,False,,"The lungs are well-expanded, with no evidence of pleural effusion, pulmonary edema, pneumothorax, or focal consolidation."
10050755,56440546,/mnt/c/Users/Zila/Downloads/BN5212/MIMIC-CXR/p10/p10/p10050755/s56440546.txt,Pulmonary edema,negative,negative,False,,"The lungs are well-expanded, with no evidence of pleural effusion, pulmonary edema, pneumothorax, or focal consolidation."
10050755,57168919,/mnt/c/Users/Zila/Downloads/BN5212/MIMIC-CXR/p10/p10/p10050755/s57168919.txt,Pneumonia,positive,positive,False,,"There again are bilateral areas of opacification at the bases, more prominent on the right, consistent with aspiration or infectious pneumonia."
10050790,59861876,/mnt/c/Users/Zila/Downloads/BN5212/MIMIC-CXR/p10/p10/p10050790/s59861876.txt,Pleural effusion,negative,negative,False,,There is no pleural effusion or pneumothorax.
10051043,50094291,/mnt/c/Users/Zila/Downloads/BN5212/MIMIC-CXR/p10/p10/p10051043/s50094291.txt,Edema,positive,positive,False,,Mild interstitial edema has developed in the uninvolved portions of the lungs.
10051043,50094291,/mnt/c/Users/Zila/Downloads/BN5212/MIMIC-CXR/p10/p10/p10051043/s50094291.txt,Hemorrhage,positive,positive,False,,"Severe multifocal pulmonary consolidation, hemorrhage, and/or pneumonia have not improved."
10051043,50094291,/mnt/c/Users/Zila/Downloads/BN5212/MIMIC-CXR/p10/p10/p10051043/s50094291.txt,Pneumonia,positive,positive,False,,"Severe multifocal pulmonary consolidation, hemorrhage, and/or pneumonia have not improved."
10051043,51121067,/mnt/c/Users/Zila/Downloads/BN5212/MIMIC-CXR/p10/p10/p10051043/s51121067.txt,Hemorrhage,positive,positive,False,,"Multifocal areas of airspace consolidation involving the right lung to a greater degree than the left have increased in severity, and may be due to a combination of multifocal pneumonia and diffuse alveolar hemorrhage."
10051043,51121067,/mnt/c/Users/Zila/Downloads/BN5212/MIMIC-CXR/p10/p10/p10051043/s51121067.txt,Pneumonia,positive,positive,False,,"Multifocal areas of airspace consolidation involving the right lung to a greater degree than the left have increased in severity, and may be due to a combination of multifocal pneumonia and diffuse alveolar hemorrhage."
10051043,51917464,/mnt/c/Users/Zila/Downloads/BN5212/MIMIC-CXR/p10/p10/p10051043/s51917464.txt,Edema,positive,positive|uncertain,True,,"Some improvement may be due to decrease in edema. | Mild improvement in aeration, possibly due to decreased edema superimposed on severe bilateral heterogeneous opacification which is otherwise unchanged."
10051043,54678972,/mnt/c/Users/Zila/Downloads/BN5212/MIMIC-CXR/p10/p10/p10051043/s54678972.txt,Cardiomegaly,positive,positive,False,,"Mild cardiomegaly, no larger pleural effusions."
10051043,56775724,/mnt/c/Users/Zila/Downloads/BN5212/MIMIC-CXR/p10/p10/p10051043/s56775724.txt,Pulmonary edema,positive,positive,False,,Component of mild pulmonary edema would be difficult to detect radiographically.
10051043,57250953,/mnt/c/Users/Zila/Downloads/BN5212/MIMIC-CXR/p10/p10/p10051043/s57250953.txt,Hemorrhage,uncertain,uncertain,True,,"Multifocal bilateral areas of heterogeneous consolidation have worsened in the interval, suggestive of a progressive multifocal pneumonia coexisting with diffuse alveolar hemorrhage."
10051043,57250953,/mnt/c/Users/Zila/Downloads/BN5212/MIMIC-CXR/p10/p10/p10051043/s57250953.txt,Pneumonia,positive,positive|uncertain,True,,"Multifocal bilateral areas of heterogeneous consolidation have worsened in the interval, suggestive of a progressive multifocal pneumonia coexisting with diffuse alveolar hemorrhage. | A rounded lucency in the right upper lobe may reflect a region of spared lung parenchyma, but attention to this region on short-term followup radiograph would be helpful to exclude developing cavitation from necrotizing pneumonia."
10051043,57250953,/mnt/c/Users/Zila/Downloads/BN5212/MIMIC-CXR/p10/p10/p10051043/s57250953.txt,Term,positive,positive,False,,"A rounded lucency in the right upper lobe may reflect a region of spared lung parenchyma, but attention to this region on short-term followup radiograph would be helpful to exclude developing cavitation from necrotizing pneumonia."
10051043,57716752,/mnt/c/Users/Zila/Downloads/BN5212/MIMIC-CXR/p10/p10/p10051043/s57716752.txt,Hemorrhage,positive,positive,False,,"Severe multifocal consolidation, pneumonia, or hemorrhage has not improved."
10051043,57716752,/mnt/c/Users/Zila/Downloads/BN5212/MIMIC-CXR/p10/p10/p10051043/s57716752.txt,Pneumonia,positive,positive,False,,"Severe multifocal consolidation, pneumonia, or hemorrhage has not improved."
10051242,55764890,/mnt/c/Users/Zila/Downloads/BN5212/MIMIC-CXR/p10/p10/p10051242/s55764890.txt,Pleural effusion,negative,negative,False,,There is no pleural effusion or pneumothorax.
10051658,50859022,/mnt/c/Users/Zila/Downloads/BN5212/MIMIC-CXR/p10/p10/p10051658/s50859022.txt,Dislocation,positive,positive,False,,Apparent dislocation of the right sternoclavicular joint.
10051658,50859022,/mnt/c/Users/Zila/Downloads/BN5212/MIMIC-CXR/p10/p10/p10051658/s50859022.txt,Pleural effusion,negative,negative,False,,"There is no pleural effusion, pneumothorax or focal airspace consolidation."
10051990,51068958,/mnt/c/Users/Zila/Downloads/BN5212/MIMIC-CXR/p10/p10/p10051990/s51068958.txt,Edema,negative,negative,False,,There is increased pulmonary vascularity bilateral but no evidence of pulmonary congestion or edema.
10051990,51068958,/mnt/c/Users/Zila/Downloads/BN5212/MIMIC-CXR/p10/p10/p10051990/s51068958.txt,Pneumonia,negative,negative,False,,No acute cardiopulmonary process or evidence pneumonia.
10051990,53765613,/mnt/c/Users/Zila/Downloads/BN5212/MIMIC-CXR/p10/p10/p10051990/s53765613.txt,Pleural effusion,negative,negative,False,,No pleural effusion.
10052047,52056537,/mnt/c/Users/Zila/Downloads/BN5212/MIMIC-CXR/p10/p10/p10052047/s52056537.txt,Cardiomegaly,positive,positive,False,,Mild interstitial edema and mild cardiomegaly.
10052047,52056537,/mnt/c/Users/Zila/Downloads/BN5212/MIMIC-CXR/p10/p10/p10052047/s52056537.txt,Edema,positive,positive,False,,Mild interstitial edema and mild cardiomegaly.
10052047,52056537,/mnt/c/Users/Zila/Downloads/BN5212/MIMIC-CXR/p10/p10/p10052047/s52056537.txt,Pulmonary edema,positive,positive,False,,The heart is mildly enlarged and there is mild interstitial pulmonary edema.
10052077,56683733,/mnt/c/Users/Zila/Downloads/BN5212/MIMIC-CXR/p10/p10/p10052077/s56683733.txt,Pleural effusion,negative,negative,False,,There is no pleural effusion or pneumothorax.
10052277,50476467,/mnt/c/Users/Zila/Downloads/BN5212/MIMIC-CXR/p10/p10/p10052277/s50476467.txt,Pleural effusion,negative,negative,False,,No pleural effusion or pneumothorax is present.
10052277,53511796,/mnt/c/Users/Zila/Downloads/BN5212/MIMIC-CXR/p10/p10/p10052277/s53511796.txt,Pleural effusion,negative,negative,False,,No pleural effusion or pneumothorax is seen.
10052407,52273402,/mnt/c/Users/Zila/Downloads/BN5212/MIMIC-CXR/p10/p10/p10052407/s52273402.txt,Bacterial pneumonia,positive,positive,False,,This has more of the features of the small viral pneumonia or bronchitis than bacterial pneumonia.
10052407,52273402,/mnt/c/Users/Zila/Downloads/BN5212/MIMIC-CXR/p10/p10/p10052407/s52273402.txt,Bronchitis,positive,positive,False,,This has more of the features of the small viral pneumonia or bronchitis than bacterial pneumonia.
10052407,52273402,/mnt/c/Users/Zila/Downloads/BN5212/MIMIC-CXR/p10/p10/p10052407/s52273402.txt,Pleural effusion,negative,negative,False,,There is no pleural effusion or evidence of central adenopathy.
10052407,52273402,/mnt/c/Users/Zila/Downloads/BN5212/MIMIC-CXR/p10/p10/p10052407/s52273402.txt,Viral pneumonia,positive,positive,False,,This has more of the features of the small viral pneumonia or bronchitis than bacterial pneumonia.
10052802,53840405,/mnt/c/Users/Zila/Downloads/BN5212/MIMIC-CXR/p10/p10/p10052802/s53840405.txt,Pleural effusion,negative,negative,False,,Cardiac silhouette is within normal limits and there is no evidence of vascular congestion or pleural effusion.
10052802,53840405,/mnt/c/Users/Zila/Downloads/BN5212/MIMIC-CXR/p10/p10/p10052802/s53840405.txt,Pneumonia,negative,negative,False,,"Specifically, there is no evidence of acute focal pneumonia or old healed tuberculous disease."
10052926,50472162,/mnt/c/Users/Zila/Downloads/BN5212/MIMIC-CXR/p10/p10/p10052926/s50472162.txt,Pleural effusion,negative,negative,False,,"There is no pneumothorax, pulmonary edema, or pleural effusion."
10052926,50472162,/mnt/c/Users/Zila/Downloads/BN5212/MIMIC-CXR/p10/p10/p10052926/s50472162.txt,Pneumonia,negative,negative,False,,Lungs are clear without a focal opacity convincing for pneumonia.
10052926,50472162,/mnt/c/Users/Zila/Downloads/BN5212/MIMIC-CXR/p10/p10/p10052926/s50472162.txt,Pulmonary edema,negative,negative,False,,"There is no pneumothorax, pulmonary edema, or pleural effusion."
10052926,50929633,/mnt/c/Users/Zila/Downloads/BN5212/MIMIC-CXR/p10/p10/p10052926/s50929633.txt,Pleural effusion,negative,negative,False,,No pleural effusion or pneumothorax is seen.
10052926,50929633,/mnt/c/Users/Zila/Downloads/BN5212/MIMIC-CXR/p10/p10/p10052926/s50929633.txt,Pneumonia,positive,positive|uncertain,True,,"Compared with prior radiographs on ___, there is a opacity in the right lower lung, which is not substantially changed from previous radiographs, however may represent pneumonia in the appropriate clinical setting. | Right lower lung opacity is not substantially changed from priors, however may represent pneumonia in the appropriate clinical setting. | If further confirmation of pneumonia is desired, obtain oblique radiographs for further evaluation. | RECOMMENDATION(S): If further confirmation OF pneumonia is desired, recommend oblique radiographs for further evaluation."
10052926,51808680,/mnt/c/Users/Zila/Downloads/BN5212/MIMIC-CXR/p10/p10/p10052926/s51808680.txt,Pneumonia,negative,negative,False,,No definite vascular congestion or acute focal pneumonia.
10052926,54704427,/mnt/c/Users/Zila/Downloads/BN5212/MIMIC-CXR/p10/p10/p10052926/s54704427.txt,Pleural effusion,negative,negative,False,,There is no pneumothorax or pleural effusion.
10052926,54704427,/mnt/c/Users/Zila/Downloads/BN5212/MIMIC-CXR/p10/p10/p10052926/s54704427.txt,Pneumonia,uncertain,uncertain,True,,Opacity at the base of the right lung is not significantly changed from multiple prior chest radiographs however this could represent pneumonia in the appropriate clinical setting.
10052926,56799999,/mnt/c/Users/Zila/Downloads/BN5212/MIMIC-CXR/p10/p10/p10052926/s56799999.txt,Cardiomegaly,negative,negative,False,,Mediastinum: There is no cardiomegaly.
10052926,56799999,/mnt/c/Users/Zila/Downloads/BN5212/MIMIC-CXR/p10/p10/p10052926/s56799999.txt,Pleural effusion,positive,positive,False,,Pleura: Likely small left pleural effusion. | Likely small left pleural effusion with left lower lobe linear atelectasis.
10052926,59395476,/mnt/c/Users/Zila/Downloads/BN5212/MIMIC-CXR/p10/p10/p10052926/s59395476.txt,Pleural effusion,negative,negative,False,,There is no pleural effusion or pneumothorax.
10052926,59395476,/mnt/c/Users/Zila/Downloads/BN5212/MIMIC-CXR/p10/p10/p10052926/s59395476.txt,Pneumonia,positive,positive,False,,Retrocardiac opacity which may reflect pneumonia in the appropriate clinical setting.
10052992,51784751,/mnt/c/Users/Zila/Downloads/BN5212/MIMIC-CXR/p10/p10/p10052992/s51784751.txt,Cardiomegaly,positive,positive,False,,"Mild right basal atelectasis, mild cardiomegaly."
10052992,51784751,/mnt/c/Users/Zila/Downloads/BN5212/MIMIC-CXR/p10/p10/p10052992/s51784751.txt,Edema,negative,negative,False,,No overt signs of edema.
10052992,55087891,/mnt/c/Users/Zila/Downloads/BN5212/MIMIC-CXR/p10/p10/p10052992/s55087891.txt,Pneumonia,positive,positive,False,,New right lower lobe opacity compatible with pneumonia in the proper clinical setting.
10053000,55754919,/mnt/c/Users/Zila/Downloads/BN5212/MIMIC-CXR/p10/p10/p10053000/s55754919.txt,Cardiomegaly,positive,positive,False,,Mild cardiomegaly.
10053207,58225815,/mnt/c/Users/Zila/Downloads/BN5212/MIMIC-CXR/p10/p10/p10053207/s58225815.txt,Pleural effusion,negative,negative,False,,"No pleural effusion, focal consolidation, or pneumothorax is present."
10053357,59379546,/mnt/c/Users/Zila/Downloads/BN5212/MIMIC-CXR/p10/p10/p10053357/s59379546.txt,Pleural effusion,negative,negative,False,,"The heart is normal in size and there is no vascular congestion, pleural effusion, or acute focal pneumonia."
10053357,59379546,/mnt/c/Users/Zila/Downloads/BN5212/MIMIC-CXR/p10/p10/p10053357/s59379546.txt,Pneumonia,negative,negative,False,,"The heart is normal in size and there is no vascular congestion, pleural effusion, or acute focal pneumonia."
10053611,50053035,/mnt/c/Users/Zila/Downloads/BN5212/MIMIC-CXR/p10/p10/p10053611/s50053035.txt,Pleural effusion,negative,negative,False,,No pleural effusion or pneumothorax is seen.
10053611,50053035,/mnt/c/Users/Zila/Downloads/BN5212/MIMIC-CXR/p10/p10/p10053611/s50053035.txt,Pulmonary edema,negative,negative,False,,No pulmonary edema is seen.
10053611,50546425,/mnt/c/Users/Zila/Downloads/BN5212/MIMIC-CXR/p10/p10/p10053611/s50546425.txt,Pleural effusion,negative,negative,False,,There is no pleural effusion or pneumothorax.
10053611,54306622,/mnt/c/Users/Zila/Downloads/BN5212/MIMIC-CXR/p10/p10/p10053611/s54306622.txt,Pleural effusion,negative,negative,False,,There is no pleural effusion or pneumothorax.
10053611,54306622,/mnt/c/Users/Zila/Downloads/BN5212/MIMIC-CXR/p10/p10/p10053611/s54306622.txt,Pulmonary edema,negative,negative,False,,The lungs are clear bilaterally with no evidence of focal consolidation or pulmonary edema.
10053782,51271155,/mnt/c/Users/Zila/Downloads/BN5212/MIMIC-CXR/p10/p10/p10053782/s51271155.txt,Pneumonia,negative,negative,False,,There are no focal consolidations worrisome for pneumonia.
10053782,51271155,/mnt/c/Users/Zila/Downloads/BN5212/MIMIC-CXR/p10/p10/p10053782/s51271155.txt,Pulmonary edema,negative,negative,False,,No pulmonary edema.
10053918,51118387,/mnt/c/Users/Zila/Downloads/BN5212/MIMIC-CXR/p10/p10/p10053918/s51118387.txt,Edema,negative,negative,False,,"The lungs are clear without focal consolidation, effusion, or edema."
10054277,58516571,/mnt/c/Users/Zila/Downloads/BN5212/MIMIC-CXR/p10/p10/p10054277/s58516571.txt,Pleural effusion,positive,positive,False,,"As compared to the previous radiograph, the patient has developed a relatively extensive left lower lobe atelectasis, combines to a left pleural effusion and elevation of the left hemidiaphragm."
10054277,58951907,/mnt/c/Users/Zila/Downloads/BN5212/MIMIC-CXR/p10/p10/p10054277/s58951907.txt,Pleural effusion,positive,positive,False,,"On the left, a pre-existing pleural effusion and elevation of the hemidiaphragm has decreased in severity. | However, the left hemidiaphragm is still elevated and areas of atelectasis and, potentially, a small left pleural effusion are still present."
10054277,59617838,/mnt/c/Users/Zila/Downloads/BN5212/MIMIC-CXR/p10/p10/p10054277/s59617838.txt,Pleural effusion,negative,negative,False,,No large pleural effusion is seen.
10054639,52018146,/mnt/c/Users/Zila/Downloads/BN5212/MIMIC-CXR/p10/p10/p10054639/s52018146.txt,Pleural effusion,negative,negative,False,,There is no pleural effusion or pneumothorax.
10054639,55344325,/mnt/c/Users/Zila/Downloads/BN5212/MIMIC-CXR/p10/p10/p10054639/s55344325.txt,Edema,negative,negative,False,,"The lungs remain clear without consolidation, effusion or edema."
10054639,58535890,/mnt/c/Users/Zila/Downloads/BN5212/MIMIC-CXR/p10/p10/p10054639/s58535890.txt,Pleural effusion,negative,negative,False,,No pleural effusion.
10054639,58535890,/mnt/c/Users/Zila/Downloads/BN5212/MIMIC-CXR/p10/p10/p10054639/s58535890.txt,Pneumonia,negative,negative,False,,"No pneumonia, no pulmonary edema."
10054639,58535890,/mnt/c/Users/Zila/Downloads/BN5212/MIMIC-CXR/p10/p10/p10054639/s58535890.txt,Pulmonary edema,negative,negative,False,,"No pneumonia, no pulmonary edema."
10054639,58535890,/mnt/c/Users/Zila/Downloads/BN5212/MIMIC-CXR/p10/p10/p10054639/s58535890.txt,Scoliosis,positive,positive,False,,Substantial scoliosis with asymmetry of the rib cage.
10055034,50874464,/mnt/c/Users/Zila/Downloads/BN5212/MIMIC-CXR/p10/p10/p10055034/s50874464.txt,Pleural effusion,negative,negative,False,,No vascular congestion or pleural effusion.
10055034,52988883,/mnt/c/Users/Zila/Downloads/BN5212/MIMIC-CXR/p10/p10/p10055034/s52988883.txt,Pleural effusion,negative,negative,False,,No evidence of acute focal pneumonia or pleural effusion.
10055034,52988883,/mnt/c/Users/Zila/Downloads/BN5212/MIMIC-CXR/p10/p10/p10055034/s52988883.txt,Pneumonia,negative,negative,False,,No evidence of acute focal pneumonia or pleural effusion.
10055034,55957750,/mnt/c/Users/Zila/Downloads/BN5212/MIMIC-CXR/p10/p10/p10055034/s55957750.txt,Pleural effusion,negative,negative,False,,No focal consolidation is seen peer there is no large pleural effusion or pneumothorax peer The cardiac and mediastinal silhouettes are stable.
10055034,56527119,/mnt/c/Users/Zila/Downloads/BN5212/MIMIC-CXR/p10/p10/p10055034/s56527119.txt,Edema,negative,negative,False,,There is mild engorgement of pulmonary vasculature without frank edema. | Engorgement of pulmonary vasculature without frank edema.
10055034,56527119,/mnt/c/Users/Zila/Downloads/BN5212/MIMIC-CXR/p10/p10/p10055034/s56527119.txt,Pleural effusion,negative,negative,False,,"No pneumothorax, pleural effusion, or consolidation."
10055034,56527119,/mnt/c/Users/Zila/Downloads/BN5212/MIMIC-CXR/p10/p10/p10055034/s56527119.txt,Pneumonia,negative,negative,False,,No pneumonia.
10055034,57890116,/mnt/c/Users/Zila/Downloads/BN5212/MIMIC-CXR/p10/p10/p10055034/s57890116.txt,Edema,positive,positive,False,,The diffuse interstitial edema is also improved. | Interval improvement in interstitial edema.
10055034,57890116,/mnt/c/Users/Zila/Downloads/BN5212/MIMIC-CXR/p10/p10/p10055034/s57890116.txt,Pleural effusion,positive,positive,False,,A tiny left pleural effusion is present.
10055072,55002915,/mnt/c/Users/Zila/Downloads/BN5212/MIMIC-CXR/p10/p10/p10055072/s55002915.txt,Pneumonia,negative,negative,False,,No pneumonia.
10055344,54584237,/mnt/c/Users/Zila/Downloads/BN5212/MIMIC-CXR/p10/p10/p10055344/s54584237.txt,Pleural effusion,negative,negative,False,,No pleural effusion or pneumothorax is identified.
10055344,55260214,/mnt/c/Users/Zila/Downloads/BN5212/MIMIC-CXR/p10/p10/p10055344/s55260214.txt,Cardiomegaly,positive,positive,False,,Moderate cardiomegaly and pulmonary vascular engorgement are more pronounced today.
10055344,55260214,/mnt/c/Users/Zila/Downloads/BN5212/MIMIC-CXR/p10/p10/p10055344/s55260214.txt,Pulmonary edema,negative,negative,False,,There is no pulmonary edema.
10055344,55693941,/mnt/c/Users/Zila/Downloads/BN5212/MIMIC-CXR/p10/p10/p10055344/s55693941.txt,Pleural effusion,negative,negative,False,,"Cardiac silhouette remains somewhat enlarged, though there is no evidence of vascular congestion, pleural effusion, or acute focal pneumonia."
10055344,55693941,/mnt/c/Users/Zila/Downloads/BN5212/MIMIC-CXR/p10/p10/p10055344/s55693941.txt,Pneumonia,negative,negative,False,,"Cardiac silhouette remains somewhat enlarged, though there is no evidence of vascular congestion, pleural effusion, or acute focal pneumonia."
10055344,58045520,/mnt/c/Users/Zila/Downloads/BN5212/MIMIC-CXR/p10/p10/p10055344/s58045520.txt,Pulmonary edema,negative,negative,False,,No overt pulmonary edema.
10055361,50608704,/mnt/c/Users/Zila/Downloads/BN5212/MIMIC-CXR/p10/p10/p10055361/s50608704.txt,Cardiomegaly,positive,positive,False,,Cardiomediastinal silhouette including moderate cardiomegaly is stable.
10055361,50608704,/mnt/c/Users/Zila/Downloads/BN5212/MIMIC-CXR/p10/p10/p10055361/s50608704.txt,Edema,uncertain,uncertain,True,,"Interval development of increased opacification in the right lower lung probably reflects asymmetric edema and a layering effusion. | Increased right lower lung opacification probably relates to interval development of asymmetric edema and a layering right effusion, less likely pneumonia."
10055361,50608704,/mnt/c/Users/Zila/Downloads/BN5212/MIMIC-CXR/p10/p10/p10055361/s50608704.txt,Pneumonia,positive,positive,False,,"Increased right lower lung opacification probably relates to interval development of asymmetric edema and a layering right effusion, less likely pneumonia."
10055361,51116681,/mnt/c/Users/Zila/Downloads/BN5212/MIMIC-CXR/p10/p10/p10055361/s51116681.txt,Cardiomegaly,positive,positive,False,,Moderate cardiomegaly is unchanged.
10055361,54927720,/mnt/c/Users/Zila/Downloads/BN5212/MIMIC-CXR/p10/p10/p10055361/s54927720.txt,Cardiomegaly,positive,positive,False,,Severe cardiomegaly is stable.
10055361,54927720,/mnt/c/Users/Zila/Downloads/BN5212/MIMIC-CXR/p10/p10/p10055361/s54927720.txt,Pleural effusion,negative,negative,False,,"There is no pulmonary edema, pulmonary or mediastinal vascular engorgement or pleural effusion. | There is no pneumothorax or plate appreciable pleural effusion."
10055361,54927720,/mnt/c/Users/Zila/Downloads/BN5212/MIMIC-CXR/p10/p10/p10055361/s54927720.txt,Pulmonary edema,negative,negative,False,,"There is no pulmonary edema, pulmonary or mediastinal vascular engorgement or pleural effusion."
10055361,56381894,/mnt/c/Users/Zila/Downloads/BN5212/MIMIC-CXR/p10/p10/p10055361/s56381894.txt,Cardiomegaly,positive,positive,False,,Cardiomegaly is mild to moderate.
10055361,56381894,/mnt/c/Users/Zila/Downloads/BN5212/MIMIC-CXR/p10/p10/p10055361/s56381894.txt,Pleural effusion,negative,negative,False,,There is no appreciable pleural effusion.
10055361,58669595,/mnt/c/Users/Zila/Downloads/BN5212/MIMIC-CXR/p10/p10/p10055361/s58669595.txt,Pleural effusion,positive,positive,False,,Apparent opacity projecting over the costophrenic sulcus on the lateral radiograph is not confirmed on the frontal projection and may be artifactual or reflect pleural effusion.
10055361,58669595,/mnt/c/Users/Zila/Downloads/BN5212/MIMIC-CXR/p10/p10/p10055361/s58669595.txt,Pneumonia,uncertain,uncertain,True,,Right lower lobe opacity is somewhat less prominent possibly reflecting redistribution of pulmonary edema or clearing of pneumonia.
10055361,58669595,/mnt/c/Users/Zila/Downloads/BN5212/MIMIC-CXR/p10/p10/p10055361/s58669595.txt,Pulmonary edema,uncertain,uncertain,True,,Right lower lobe opacity is somewhat less prominent possibly reflecting redistribution of pulmonary edema or clearing of pneumonia.
10055361,59790370,/mnt/c/Users/Zila/Downloads/BN5212/MIMIC-CXR/p10/p10/p10055361/s59790370.txt,Pleural effusion,negative,negative,False,,Continued enlargement of the cardiac silhouette without vascular congestion or pleural effusion or acute focal pneumonia.
10055361,59790370,/mnt/c/Users/Zila/Downloads/BN5212/MIMIC-CXR/p10/p10/p10055361/s59790370.txt,Pneumonia,negative,negative,False,,Continued enlargement of the cardiac silhouette without vascular congestion or pleural effusion or acute focal pneumonia.
10055694,52767042,/mnt/c/Users/Zila/Downloads/BN5212/MIMIC-CXR/p10/p10/p10055694/s52767042.txt,Pleural effusion,negative,negative,False,,There is no appreciable pleural effusion.
10055694,52767042,/mnt/c/Users/Zila/Downloads/BN5212/MIMIC-CXR/p10/p10/p10055694/s52767042.txt,Pulmonary edema,positive,positive,False,,"Mild pulmonary edema has improved since ___ and ___, but the heart is still severely if not chronically enlarged and hilar vessels are also chronically dilated."
10055694,53544097,/mnt/c/Users/Zila/Downloads/BN5212/MIMIC-CXR/p10/p10/p10055694/s53544097.txt,Cardiomegaly,positive,positive,False,,"There is cardiomegaly and pulmonary edema, as well as a right pleural effusion. | Pulmonary edema, right pleural effusion, and unchanged cardiomegaly."
10055694,53544097,/mnt/c/Users/Zila/Downloads/BN5212/MIMIC-CXR/p10/p10/p10055694/s53544097.txt,Pleural effusion,positive,positive,False,,"There is cardiomegaly and pulmonary edema, as well as a right pleural effusion. | Pulmonary edema, right pleural effusion, and unchanged cardiomegaly."
10055694,53544097,/mnt/c/Users/Zila/Downloads/BN5212/MIMIC-CXR/p10/p10/p10055694/s53544097.txt,Pulmonary edema,positive,positive,False,,"There is cardiomegaly and pulmonary edema, as well as a right pleural effusion. | No clear focal consolidation is seen, although pulmonary edema makes it difficult to exclude. | Pulmonary edema, right pleural effusion, and unchanged cardiomegaly."
10055694,54669448,/mnt/c/Users/Zila/Downloads/BN5212/MIMIC-CXR/p10/p10/p10055694/s54669448.txt,Cardiomegaly,positive,positive,False,,Increased cardiomegaly with signs of volume overload.
10055694,54669448,/mnt/c/Users/Zila/Downloads/BN5212/MIMIC-CXR/p10/p10/p10055694/s54669448.txt,Edema,uncertain,uncertain,True,,"Opacities in the bilateral mid lungs could represent atelectasis or edema although a superimposed infectious process is also possible. | Opacities in the bilateral mid lungs could represent atelectasis or edema; however, superimposed infection is possible."
10055694,54669448,/mnt/c/Users/Zila/Downloads/BN5212/MIMIC-CXR/p10/p10/p10055694/s54669448.txt,Pulmonary edema,positive,positive,False,,There is pulmonary vascular congestion and mild pulmonary edema.
10055694,54848722,/mnt/c/Users/Zila/Downloads/BN5212/MIMIC-CXR/p10/p10/p10055694/s54848722.txt,Pleural effusion,negative,negative,False,,There is no pleural effusion.
10055694,54848722,/mnt/c/Users/Zila/Downloads/BN5212/MIMIC-CXR/p10/p10/p10055694/s54848722.txt,Pulmonary edema,uncertain,uncertain,True,,"Mild interstitial abnormality is probably residual of previous episodes of pulmonary edema, not an indication of acute decompensation."
10055694,55036106,/mnt/c/Users/Zila/Downloads/BN5212/MIMIC-CXR/p10/p10/p10055694/s55036106.txt,Cardiomegaly,positive,positive,False,,"Severe cardiomegaly persists, although another indication of improved cardiac function is a decrease in mediastinal venous engorgement."
10055694,55036106,/mnt/c/Users/Zila/Downloads/BN5212/MIMIC-CXR/p10/p10/p10055694/s55036106.txt,Pleural effusion,positive,positive,False,,Small right pleural effusion has increased.
10055694,55036106,/mnt/c/Users/Zila/Downloads/BN5212/MIMIC-CXR/p10/p10/p10055694/s55036106.txt,Pulmonary edema,uncertain,uncertain,True,,What was probably concurrent pulmonary edema in the left lung has improved.
10055694,55081774,/mnt/c/Users/Zila/Downloads/BN5212/MIMIC-CXR/p10/p10/p10055694/s55081774.txt,Cardiomegaly,positive,positive,False,,There is moderate cardiomegaly as on prior.
10055694,55081774,/mnt/c/Users/Zila/Downloads/BN5212/MIMIC-CXR/p10/p10/p10055694/s55081774.txt,Pulmonary edema,positive,positive,False,,Engorged hila and indistinct pulmonary vascular markings suggest pulmonary edema. | Mild pulmonary edema.
10055694,55786904,/mnt/c/Users/Zila/Downloads/BN5212/MIMIC-CXR/p10/p10/p10055694/s55786904.txt,Cardiomegaly,positive,positive,False,,There is persistent mild cardiomegaly.
10055694,55786904,/mnt/c/Users/Zila/Downloads/BN5212/MIMIC-CXR/p10/p10/p10055694/s55786904.txt,Pulmonary edema,positive,positive,False,,Hilar congestion and moderate pulmonary edema is noted. | Moderate pulmonary edema.
10055694,56008505,/mnt/c/Users/Zila/Downloads/BN5212/MIMIC-CXR/p10/p10/p10055694/s56008505.txt,Pleural effusion,negative,negative,False,,There is no pneumothorax or pleural effusion.
10055694,56008505,/mnt/c/Users/Zila/Downloads/BN5212/MIMIC-CXR/p10/p10/p10055694/s56008505.txt,Pulmonary edema,positive,positive,False,,"Bilateral airspace opacities with a central predominance likely reflects pulmonary vascular congestion and mild pulmonary edema, although superimposed infection is difficult to exclude in the appropriate clinical setting. | Bilateral airspace opacities with a central predominance likely reflect pulmonary vascular congestion and mild pulmonary edema."
10055694,57963923,/mnt/c/Users/Zila/Downloads/BN5212/MIMIC-CXR/p10/p10/p10055694/s57963923.txt,Cardiomegaly,positive,positive,False,,"There is cardiomegaly, which is stable."
10055694,57963923,/mnt/c/Users/Zila/Downloads/BN5212/MIMIC-CXR/p10/p10/p10055694/s57963923.txt,Pulmonary edema,negative,negative,False,,No overt pulmonary edema is seen.
10055694,59377047,/mnt/c/Users/Zila/Downloads/BN5212/MIMIC-CXR/p10/p10/p10055694/s59377047.txt,Cardiomegaly,positive,positive,False,,Stable moderate cardiomegaly.
10055694,59377047,/mnt/c/Users/Zila/Downloads/BN5212/MIMIC-CXR/p10/p10/p10055694/s59377047.txt,Pleural effusion,uncertain,uncertain,True,,Possible small right pleural effusion.
10055694,59632945,/mnt/c/Users/Zila/Downloads/BN5212/MIMIC-CXR/p10/p10/p10055694/s59632945.txt,Pleural effusion,negative,negative,False,,There is no new confluent consolidation or pleural effusion.
10055694,59844689,/mnt/c/Users/Zila/Downloads/BN5212/MIMIC-CXR/p10/p10/p10055694/s59844689.txt,Pleural effusion,positive,positive,False,,"Moderate-to-large right pleural effusion, slightly increased from prior, with right basilar atelectasis."
10055694,59844689,/mnt/c/Users/Zila/Downloads/BN5212/MIMIC-CXR/p10/p10/p10055694/s59844689.txt,Pulmonary edema,positive,positive,False,,"Mild pulmonary edema, unchanged."
10055694,59993559,/mnt/c/Users/Zila/Downloads/BN5212/MIMIC-CXR/p10/p10/p10055694/s59993559.txt,Cardiomegaly,positive,positive,False,,Cardiomegaly with pulmonary edema.
10055694,59993559,/mnt/c/Users/Zila/Downloads/BN5212/MIMIC-CXR/p10/p10/p10055694/s59993559.txt,Edema,positive,positive,False,,Focal opacities in the left mid lung and right upper lung could be asymmetric edema or infectious process in the appropriate clinical setting.
10055694,59993559,/mnt/c/Users/Zila/Downloads/BN5212/MIMIC-CXR/p10/p10/p10055694/s59993559.txt,Pleural effusion,negative,negative,False,,There is near complete resolution of the previous right pleural effusion.
10055694,59993559,/mnt/c/Users/Zila/Downloads/BN5212/MIMIC-CXR/p10/p10/p10055694/s59993559.txt,Pulmonary edema,positive,positive,False,,A moderately enlarged heart is again seen with pulmonary edema. | Cardiomegaly with pulmonary edema.
10056209,55555237,/mnt/c/Users/Zila/Downloads/BN5212/MIMIC-CXR/p10/p10/p10056209/s55555237.txt,Pneumonia,negative,negative,False,,No pneumonia.
10056223,50233501,/mnt/c/Users/Zila/Downloads/BN5212/MIMIC-CXR/p10/p10/p10056223/s50233501.txt,Pleural effusion,negative,negative,False,,There is no pleural effusion or pneumothorax.
10056223,50510907,/mnt/c/Users/Zila/Downloads/BN5212/MIMIC-CXR/p10/p10/p10056223/s50510907.txt,Pleural effusion,conflicting,negative|positive,True,,There is no pleural effusion on the left lung. | New pleural effusion at the right lung.
10056223,50581723,/mnt/c/Users/Zila/Downloads/BN5212/MIMIC-CXR/p10/p10/p10056223/s50581723.txt,Pleural effusion,negative,negative,False,,No evidence of vascular congestion or pleural effusion.
10056223,50581723,/mnt/c/Users/Zila/Downloads/BN5212/MIMIC-CXR/p10/p10/p10056223/s50581723.txt,Pneumonia,negative,negative,False,,"Specifically, no acute focal pneumonia."
10056223,51129298,/mnt/c/Users/Zila/Downloads/BN5212/MIMIC-CXR/p10/p10/p10056223/s51129298.txt,Fractures,positive,positive,False,,Unchanged healed rib fractures.
10056223,51129298,/mnt/c/Users/Zila/Downloads/BN5212/MIMIC-CXR/p10/p10/p10056223/s51129298.txt,Pleural effusion,negative,negative,False,,There is no pleural effusion or pneumothorax.
10056223,51129298,/mnt/c/Users/Zila/Downloads/BN5212/MIMIC-CXR/p10/p10/p10056223/s51129298.txt,Pneumonia,negative,negative,False,,No focal consolidation concerning for pneumonia is identified. | No focal consolidation concerning for pneumonia.
10056223,51632024,/mnt/c/Users/Zila/Downloads/BN5212/MIMIC-CXR/p10/p10/p10056223/s51632024.txt,Pneumonia,negative,negative,False,,No evidence of pulmonary edema or pneumonia.
10056223,51632024,/mnt/c/Users/Zila/Downloads/BN5212/MIMIC-CXR/p10/p10/p10056223/s51632024.txt,Pulmonary edema,negative,negative,False,,No evidence of pulmonary edema or pneumonia.
10056223,52121411,/mnt/c/Users/Zila/Downloads/BN5212/MIMIC-CXR/p10/p10/p10056223/s52121411.txt,Pleural effusion,negative,negative,False,,There is no pleural effusion or pneumothorax.
10056223,53347394,/mnt/c/Users/Zila/Downloads/BN5212/MIMIC-CXR/p10/p10/p10056223/s53347394.txt,Fractures,positive,positive,False,,Multiple healed right rib fractures are present.
10056223,53347394,/mnt/c/Users/Zila/Downloads/BN5212/MIMIC-CXR/p10/p10/p10056223/s53347394.txt,Pneumonia,negative,negative,False,,No evidence of pneumonia.
10056223,53347987,/mnt/c/Users/Zila/Downloads/BN5212/MIMIC-CXR/p10/p10/p10056223/s53347987.txt,Pleural effusion,positive,positive,False,,"Lung volume are slightly increased, with reduced opacification of the right lung mainly for reduced pleural effusion. | Persistent atelectasis and small pleural effusion left lung. | Improvement of the ventilation at the right base with reduced pleural effusion. | Unchanged atelectasis and small pleural effusion on the left base."
10056223,54557046,/mnt/c/Users/Zila/Downloads/BN5212/MIMIC-CXR/p10/p10/p10056223/s54557046.txt,Fractures,positive,positive,False,,There appears to be old posterolateral right sixth rib and posterior right fourth rib fractures.
10056223,54557046,/mnt/c/Users/Zila/Downloads/BN5212/MIMIC-CXR/p10/p10/p10056223/s54557046.txt,Pleural effusion,negative,negative,False,,There is no pleural effusion or pneumothorax.
10056223,54590321,/mnt/c/Users/Zila/Downloads/BN5212/MIMIC-CXR/p10/p10/p10056223/s54590321.txt,Cardiomegaly,positive,positive,False,,Moderate cardiomegaly.
10056223,54590321,/mnt/c/Users/Zila/Downloads/BN5212/MIMIC-CXR/p10/p10/p10056223/s54590321.txt,Fractures,positive,positive,False,,Old right-sided rib fractures.
10056223,54590321,/mnt/c/Users/Zila/Downloads/BN5212/MIMIC-CXR/p10/p10/p10056223/s54590321.txt,Pneumonia,negative,negative,False,,"No pneumonia, no pleural effusions."
10056223,54590321,/mnt/c/Users/Zila/Downloads/BN5212/MIMIC-CXR/p10/p10/p10056223/s54590321.txt,Pulmonary edema,negative,negative,False,,No pulmonary edema.
10056223,54982251,/mnt/c/Users/Zila/Downloads/BN5212/MIMIC-CXR/p10/p10/p10056223/s54982251.txt,Pulmonary edema,negative,negative,False,,No overt pulmonary edema is seen.
10056223,55763184,/mnt/c/Users/Zila/Downloads/BN5212/MIMIC-CXR/p10/p10/p10056223/s55763184.txt,Fractures,positive,positive,False,,Remote right rib fractures are again seen.
10056223,55763184,/mnt/c/Users/Zila/Downloads/BN5212/MIMIC-CXR/p10/p10/p10056223/s55763184.txt,Pleural effusion,negative,negative,False,,"There is no focal pneumonia, pleural effusion, or evidence of pneumothorax."
10056223,55763184,/mnt/c/Users/Zila/Downloads/BN5212/MIMIC-CXR/p10/p10/p10056223/s55763184.txt,Pneumonia,negative,negative,False,,"There is no focal pneumonia, pleural effusion, or evidence of pneumothorax."
10056223,57733074,/mnt/c/Users/Zila/Downloads/BN5212/MIMIC-CXR/p10/p10/p10056223/s57733074.txt,Pleural effusion,negative,negative,False,,There is no pleural effusion or pneumothorax.
10056223,57733074,/mnt/c/Users/Zila/Downloads/BN5212/MIMIC-CXR/p10/p10/p10056223/s57733074.txt,Pneumonia,positive,positive,False,,Left lower lobe pneumonia.
10056223,58799130,/mnt/c/Users/Zila/Downloads/BN5212/MIMIC-CXR/p10/p10/p10056223/s58799130.txt,Pleural effusion,negative,negative,False,,No pleural effusion or pneumothorax is seen.
10056441,57565663,/mnt/c/Users/Zila/Downloads/BN5212/MIMIC-CXR/p10/p10/p10056441/s57565663.txt,Pleural effusion,negative,negative,False,,No pleural effusion or pneumothorax.
10056612,51282729,/mnt/c/Users/Zila/Downloads/BN5212/MIMIC-CXR/p10/p10/p10056612/s51282729.txt,Pleural effusion,negative,negative,False,,"There is no focal consolidation, pleural effusion or pneumothorax."
10057005,56057364,/mnt/c/Users/Zila/Downloads/BN5212/MIMIC-CXR/p10/p10/p10057005/s56057364.txt,Aspiration pneumonia,uncertain,uncertain,True,,"In addition, there is increasing consolidation in the retrocardiac region which would be concerning for aspiration pneumonia."
10057005,56057364,/mnt/c/Users/Zila/Downloads/BN5212/MIMIC-CXR/p10/p10/p10057005/s56057364.txt,Edema,positive,positive,False,,There has been interval appearance of mild pulmonary and interstitial edema.
10057009,52592034,/mnt/c/Users/Zila/Downloads/BN5212/MIMIC-CXR/p10/p10/p10057009/s52592034.txt,Cardiomegaly,positive,positive,False,,There is moderate cardiomegaly.
10057009,52592034,/mnt/c/Users/Zila/Downloads/BN5212/MIMIC-CXR/p10/p10/p10057009/s52592034.txt,Pleural effusion,negative,negative,False,,There is no pneumothorax or pleural effusion.
10057009,52592034,/mnt/c/Users/Zila/Downloads/BN5212/MIMIC-CXR/p10/p10/p10057009/s52592034.txt,Pneumonia,negative,negative,False,,No evidence of pneumonia.
10057009,55685825,/mnt/c/Users/Zila/Downloads/BN5212/MIMIC-CXR/p10/p10/p10057009/s55685825.txt,Hernia,negative,negative,False,,There is a probable hiatal hernia not seen on prior.
10057009,55685825,/mnt/c/Users/Zila/Downloads/BN5212/MIMIC-CXR/p10/p10/p10057009/s55685825.txt,Pleural effusion,negative,negative,False,,There is no pneumothorax or pleural effusion.
10057009,55685825,/mnt/c/Users/Zila/Downloads/BN5212/MIMIC-CXR/p10/p10/p10057009/s55685825.txt,Pneumonia,negative,negative,False,,"Specifically, no visualized focal consolidation concerning for pneumonia."
10057178,57239632,/mnt/c/Users/Zila/Downloads/BN5212/MIMIC-CXR/p10/p10/p10057178/s57239632.txt,Pleural effusion,negative,negative,False,,No pleural effusion or pneumothorax is seen.
10057482,52168780,/mnt/c/Users/Zila/Downloads/BN5212/MIMIC-CXR/p10/p10/p10057482/s52168780.txt,Pleural effusion,negative,negative,False,,No evidence of vascular congestion or pleural effusion.
10057482,52168780,/mnt/c/Users/Zila/Downloads/BN5212/MIMIC-CXR/p10/p10/p10057482/s52168780.txt,Pneumonia,negative,negative,False,,"No convincing evidence of acute pneumonia, though there are some atelectatic changes at the left base."
10057559,54225705,/mnt/c/Users/Zila/Downloads/BN5212/MIMIC-CXR/p10/p10/p10057559/s54225705.txt,Fractures,negative,negative,False,,"No displaced rib fractures are seen. | Specifically, no pneumothorax or displaced rib fractures."
10057559,54225705,/mnt/c/Users/Zila/Downloads/BN5212/MIMIC-CXR/p10/p10/p10057559/s54225705.txt,Pleural effusion,negative,negative,False,,There is no pleural effusion or pneumothorax.
10057763,50343567,/mnt/c/Users/Zila/Downloads/BN5212/MIMIC-CXR/p10/p10/p10057763/s50343567.txt,Edema,negative,negative,False,,"Increase in heart size since ___ suggests mild cardiac decompensation or volume overload but there is no edema, or definite pleural effusion."
10057763,50343567,/mnt/c/Users/Zila/Downloads/BN5212/MIMIC-CXR/p10/p10/p10057763/s50343567.txt,Pleural effusion,negative,negative,False,,"Increase in heart size since ___ suggests mild cardiac decompensation or volume overload but there is no edema, or definite pleural effusion."
10057763,51945040,/mnt/c/Users/Zila/Downloads/BN5212/MIMIC-CXR/p10/p10/p10057763/s51945040.txt,Pleural effusion,negative,negative,False,,There is no pleural effusion and no pneumothorax.
10058033,55746324,/mnt/c/Users/Zila/Downloads/BN5212/MIMIC-CXR/p10/p10/p10058033/s55746324.txt,Edema,negative,negative,False,,"No pneumonia, edema or effusion."
10058033,55746324,/mnt/c/Users/Zila/Downloads/BN5212/MIMIC-CXR/p10/p10/p10058033/s55746324.txt,Pleural effusion,negative,negative,False,,"The lungs are well expanded and clear without focal consolidation, pleural effusion or pneumothorax."
10058033,55746324,/mnt/c/Users/Zila/Downloads/BN5212/MIMIC-CXR/p10/p10/p10058033/s55746324.txt,Pneumonia,negative,negative,False,,"No pneumonia, edema or effusion."
10058116,52708578,/mnt/c/Users/Zila/Downloads/BN5212/MIMIC-CXR/p10/p10/p10058116/s52708578.txt,Pleural effusion,negative,negative,False,,"There is no pneumothorax, pulmonary edema, or pleural effusion."
10058116,52708578,/mnt/c/Users/Zila/Downloads/BN5212/MIMIC-CXR/p10/p10/p10058116/s52708578.txt,Pulmonary edema,negative,negative,False,,"There is no pneumothorax, pulmonary edema, or pleural effusion."
10058150,52848611,/mnt/c/Users/Zila/Downloads/BN5212/MIMIC-CXR/p10/p10/p10058150/s52848611.txt,Edema,negative,negative,False,,Hilar congestion is noted without frank edema. | Top normal heart size with mild hilar congestion without frank edema.
10058150,52848611,/mnt/c/Users/Zila/Downloads/BN5212/MIMIC-CXR/p10/p10/p10058150/s52848611.txt,Pneumonia,negative,negative,False,,No convincing signs of pneumonia.
10058150,55135339,/mnt/c/Users/Zila/Downloads/BN5212/MIMIC-CXR/p10/p10/p10058150/s55135339.txt,Pleural effusion,negative,negative,False,,No evidence of pleural effusion or acute focal pneumonia.
10058150,55135339,/mnt/c/Users/Zila/Downloads/BN5212/MIMIC-CXR/p10/p10/p10058150/s55135339.txt,Pneumonia,negative,negative,False,,No evidence of pleural effusion or acute focal pneumonia.
10058575,50255541,/mnt/c/Users/Zila/Downloads/BN5212/MIMIC-CXR/p10/p10/p10058575/s50255541.txt,Edema,positive,positive,False,,"Right lower lobe consolidation has improved since it worsened on ___, could be asymmetric edema, but more likely pneumonia."
10058575,50255541,/mnt/c/Users/Zila/Downloads/BN5212/MIMIC-CXR/p10/p10/p10058575/s50255541.txt,Pleural effusion,negative,negative,False,,No appreciable pleural effusion.
10058575,50255541,/mnt/c/Users/Zila/Downloads/BN5212/MIMIC-CXR/p10/p10/p10058575/s50255541.txt,Pneumonia,positive,positive,False,,"Right lower lobe consolidation has improved since it worsened on ___, could be asymmetric edema, but more likely pneumonia. | Less severe consolidation in the left lower lobe is still present, either another focus of pneumonia or atelectasis."
10058575,50325664,/mnt/c/Users/Zila/Downloads/BN5212/MIMIC-CXR/p10/p10/p10058575/s50325664.txt,Pleural effusion,positive,positive,False,,"Small left pleural effusion difficult to exclude, but this appears improved. | Equivocal minimal right pleural effusion."
10058575,51872105,/mnt/c/Users/Zila/Downloads/BN5212/MIMIC-CXR/p10/p10/p10058575/s51872105.txt,Cardiomegaly,positive,positive,False,,Cardiomegaly is stable.
10058575,53122863,/mnt/c/Users/Zila/Downloads/BN5212/MIMIC-CXR/p10/p10/p10058575/s53122863.txt,Pleural effusion,negative,negative,False,,No evidence of pleural effusion.
10058575,53122863,/mnt/c/Users/Zila/Downloads/BN5212/MIMIC-CXR/p10/p10/p10058575/s53122863.txt,Pneumonia,positive,positive,False,,"There again is opacification at the left base that may be increasing, consistent with the known pneumonia in this region."
10058575,53774370,/mnt/c/Users/Zila/Downloads/BN5212/MIMIC-CXR/p10/p10/p10058575/s53774370.txt,Pleural effusion,positive,positive,False,,A small layering left pleural effusion is also suspected.
10058575,53774370,/mnt/c/Users/Zila/Downloads/BN5212/MIMIC-CXR/p10/p10/p10058575/s53774370.txt,Pneumonia,positive,positive,False,,Increasing left lower lobe opacification which again may reflect atelectasis or pneumonia. | Increasing opacity at the left lung base may reflect atelectasis and/or pneumonia.
10058575,57299045,/mnt/c/Users/Zila/Downloads/BN5212/MIMIC-CXR/p10/p10/p10058575/s57299045.txt,Pleural effusion,negative,negative,False,,No appreciable pleural effusion or pneumothorax seen.
10058575,57299045,/mnt/c/Users/Zila/Downloads/BN5212/MIMIC-CXR/p10/p10/p10058575/s57299045.txt,Pneumonia,positive,positive,False,,"Left lower lobe opacity is unchanged, consistent with known pneumonia."
10058575,59404180,/mnt/c/Users/Zila/Downloads/BN5212/MIMIC-CXR/p10/p10/p10058575/s59404180.txt,Pulmonary edema,positive,positive,False,,There is mild pulmonary edema. | Mild pulmonary edema.
10058974,53583135,/mnt/c/Users/Zila/Downloads/BN5212/MIMIC-CXR/p10/p10/p10058974/s53583135.txt,Pleural effusion,negative,negative,False,,There is no pleural effusion and no pneumothorax.
10058974,57577174,/mnt/c/Users/Zila/Downloads/BN5212/MIMIC-CXR/p10/p10/p10058974/s57577174.txt,Pleural effusion,negative,negative,False,,There is no pleural effusion or pneumothorax.
10059690,50008601,/mnt/c/Users/Zila/Downloads/BN5212/MIMIC-CXR/p10/p10/p10059690/s50008601.txt,Pleural effusion,negative,negative,False,,No pleural effusion or pneumothorax is seen.
10059690,52147847,/mnt/c/Users/Zila/Downloads/BN5212/MIMIC-CXR/p10/p10/p10059690/s52147847.txt,Fluid overload,positive,positive,False,,"Subtle patchy basilar opacities could relate to fluid overload however, underlying infection and/or aspiration may be present."
10059690,52147847,/mnt/c/Users/Zila/Downloads/BN5212/MIMIC-CXR/p10/p10/p10059690/s52147847.txt,Pleural effusion,negative,negative,False,,No pleural effusion is seen.
10059690,54149097,/mnt/c/Users/Zila/Downloads/BN5212/MIMIC-CXR/p10/p10/p10059690/s54149097.txt,Pleural effusion,negative,negative,False,,No pleural effusion or pneumothorax is seen.
10059690,54149097,/mnt/c/Users/Zila/Downloads/BN5212/MIMIC-CXR/p10/p10/p10059690/s54149097.txt,Pulmonary edema,negative,negative,False,,No overt pulmonary edema is seen.
10060142,50063022,/mnt/c/Users/Zila/Downloads/BN5212/MIMIC-CXR/p10/p10/p10060142/s50063022.txt,Pleural effusion,negative,negative,False,,"No focal consolidation, substantial pleural effusion, or pneumothorax."
10060142,52590350,/mnt/c/Users/Zila/Downloads/BN5212/MIMIC-CXR/p10/p10/p10060142/s52590350.txt,Pleural effusion,positive,positive,False,,There is a small left pleural effusion.
10060142,56946673,/mnt/c/Users/Zila/Downloads/BN5212/MIMIC-CXR/p10/p10/p10060142/s56946673.txt,Pleural effusion,positive,positive,False,,"Increasing left pleural effusion is small to moderate in size and accompanied by a left retrocardiac opacity, which may reflect atelectasis and less likely a focus of infection."
10060142,59490715,/mnt/c/Users/Zila/Downloads/BN5212/MIMIC-CXR/p10/p10/p10060142/s59490715.txt,Pulmonary edema,negative,negative,False,,No pleural effusions or pulmonary edema.
10060204,51650444,/mnt/c/Users/Zila/Downloads/BN5212/MIMIC-CXR/p10/p10/p10060204/s51650444.txt,Pleural effusion,negative,negative,False,,There is no pleural effusion or pneumothorax
10060204,51650444,/mnt/c/Users/Zila/Downloads/BN5212/MIMIC-CXR/p10/p10/p10060204/s51650444.txt,Pulmonary edema,negative,negative,False,,No evidence of pulmonary edema is seen.
10060204,53765730,/mnt/c/Users/Zila/Downloads/BN5212/MIMIC-CXR/p10/p10/p10060204/s53765730.txt,Fluid overload,positive,positive,False,,"Subtle prominence of the interstitial markings could relate to mild fluid overload, although atypical infection is not excluded."
10060204,53765730,/mnt/c/Users/Zila/Downloads/BN5212/MIMIC-CXR/p10/p10/p10060204/s53765730.txt,Pleural effusion,negative,negative,False,,No pleural effusion or pneumothorax is seen.
10060703,55310039,/mnt/c/Users/Zila/Downloads/BN5212/MIMIC-CXR/p10/p10/p10060703/s55310039.txt,Pleural effusion,negative,negative,False,,"No pneumonia, vascular congestion, or pleural effusion."
10060703,55310039,/mnt/c/Users/Zila/Downloads/BN5212/MIMIC-CXR/p10/p10/p10060703/s55310039.txt,Pneumonia,negative,negative,False,,"No pneumonia, vascular congestion, or pleural effusion."
10060703,57167111,/mnt/c/Users/Zila/Downloads/BN5212/MIMIC-CXR/p10/p10/p10060703/s57167111.txt,Pleural effusion,negative,negative,False,,"The lungs are clear without focal opacity, pleural effusion or pneumothorax."
10061468,50197892,/mnt/c/Users/Zila/Downloads/BN5212/MIMIC-CXR/p10/p10/p10061468/s50197892.txt,Pleural effusion,negative,negative,False,,"No focal consolidation, pleural effusion, or pneumothorax."
10061593,53221797,/mnt/c/Users/Zila/Downloads/BN5212/MIMIC-CXR/p10/p10/p10061593/s53221797.txt,Pleural effusion,negative,negative,False,,No pleural effusion or pneumothorax is seen.
10061593,56718765,/mnt/c/Users/Zila/Downloads/BN5212/MIMIC-CXR/p10/p10/p10061593/s56718765.txt,Pleural effusion,negative,negative,False,,No pleural effusion or pneumothorax is seen.
10061593,58463156,/mnt/c/Users/Zila/Downloads/BN5212/MIMIC-CXR/p10/p10/p10061593/s58463156.txt,Pleural effusion,negative,negative,False,,There is no pleural effusion or pneumothorax.
10061731,57693716,/mnt/c/Users/Zila/Downloads/BN5212/MIMIC-CXR/p10/p10/p10061731/s57693716.txt,Pleural effusion,negative,negative,False,,There is no pleural effusion or pneumothorax.
10061731,57693716,/mnt/c/Users/Zila/Downloads/BN5212/MIMIC-CXR/p10/p10/p10061731/s57693716.txt,Pneumonia,negative,negative,False,,No focal consolidation to suggest pneumonia.
10062020,55700573,/mnt/c/Users/Zila/Downloads/BN5212/MIMIC-CXR/p10/p10/p10062020/s55700573.txt,Fluid overload,positive,positive,False,,"Overall, the lung volumes have decreased and signs of mild fluid overload continue to be present."
10062020,55700573,/mnt/c/Users/Zila/Downloads/BN5212/MIMIC-CXR/p10/p10/p10062020/s55700573.txt,Pleural effusion,positive,positive,False,,"As compared to the previous radiographs, there is unchanged evidence of mild-to-moderate left pleural effusion with subsequent areas of atelectasis at the left lung base. | New is a small pleural effusion on the right that also causes mild atelectasis."
10062020,55700573,/mnt/c/Users/Zila/Downloads/BN5212/MIMIC-CXR/p10/p10/p10062020/s55700573.txt,Pneumonia,uncertain,uncertain,True,,Coexisting abnormalities such as pneumonia cannot be excluded.
10062020,58785934,/mnt/c/Users/Zila/Downloads/BN5212/MIMIC-CXR/p10/p10/p10062020/s58785934.txt,Pleural effusion,negative,negative,False,,No large pleural effusion or pneumothorax is seen.
10062501,57987233,/mnt/c/Users/Zila/Downloads/BN5212/MIMIC-CXR/p10/p10/p10062501/s57987233.txt,Pleural effusion,negative,negative,False,,There is no pleural effusion or pneumothorax.
10062522,56625487,/mnt/c/Users/Zila/Downloads/BN5212/MIMIC-CXR/p10/p10/p10062522/s56625487.txt,Pleural effusion,positive,positive,False,,There is pleural effusion or pneumothorax.
10062617,50247193,/mnt/c/Users/Zila/Downloads/BN5212/MIMIC-CXR/p10/p10/p10062617/s50247193.txt,Hernia,positive,positive,False,,Outpouching of the left hemidiaphragm may reflect a hiatal hernia or eventration which can be better assessed with a conventional PA radiograph.
10062617,50247193,/mnt/c/Users/Zila/Downloads/BN5212/MIMIC-CXR/p10/p10/p10062617/s50247193.txt,Pleural effusion,positive,positive,False,,There is a small left pleural effusion or pleural thickening. | Small left pleural effusion or pleural thickening.
10062617,50247193,/mnt/c/Users/Zila/Downloads/BN5212/MIMIC-CXR/p10/p10/p10062617/s50247193.txt,Pneumonia,negative,negative,False,,No pneumonia or pulmonary edema.
10062617,50247193,/mnt/c/Users/Zila/Downloads/BN5212/MIMIC-CXR/p10/p10/p10062617/s50247193.txt,Pulmonary edema,negative,negative,False,,No pneumonia or pulmonary edema.
10062617,50346563,/mnt/c/Users/Zila/Downloads/BN5212/MIMIC-CXR/p10/p10/p10062617/s50346563.txt,Cardiomegaly,positive,positive,False,,Severe cardiomegaly is unchanged since ___.
10062617,50346563,/mnt/c/Users/Zila/Downloads/BN5212/MIMIC-CXR/p10/p10/p10062617/s50346563.txt,Pneumonia,uncertain,uncertain,True,,"There is a new opacity in the right medial lung base, concerning for pneumonia. | New opacity at the right medial lung base is concerning for pneumonia."
10062617,52207698,/mnt/c/Users/Zila/Downloads/BN5212/MIMIC-CXR/p10/p10/p10062617/s52207698.txt,Cardiomegaly,positive,positive,False,,"Severe cardiomegaly is chronic, unchanged since ___, but improved since ___."
10062617,52207698,/mnt/c/Users/Zila/Downloads/BN5212/MIMIC-CXR/p10/p10/p10062617/s52207698.txt,Pleural effusion,positive,positive,False,,Lungs are clear of pneumonia or pulmonary edema is the the the small right pleural effusion in is new or newly apparent.
10062617,52207698,/mnt/c/Users/Zila/Downloads/BN5212/MIMIC-CXR/p10/p10/p10062617/s52207698.txt,Pneumonia,positive,positive,False,,Lungs are clear of pneumonia or pulmonary edema is the the the small right pleural effusion in is new or newly apparent.
10062617,52207698,/mnt/c/Users/Zila/Downloads/BN5212/MIMIC-CXR/p10/p10/p10062617/s52207698.txt,Pulmonary edema,positive,positive,False,,Lungs are clear of pneumonia or pulmonary edema is the the the small right pleural effusion in is new or newly apparent.
10062617,52442584,/mnt/c/Users/Zila/Downloads/BN5212/MIMIC-CXR/p10/p10/p10062617/s52442584.txt,Pulmonary edema,positive,positive,False,,Mild pulmonary edema is present on today's examination.
10062617,53916328,/mnt/c/Users/Zila/Downloads/BN5212/MIMIC-CXR/p10/p10/p10062617/s53916328.txt,Cardiomegaly,positive,positive,False,,Severe cardiomegaly is unchanged.
10062617,53916328,/mnt/c/Users/Zila/Downloads/BN5212/MIMIC-CXR/p10/p10/p10062617/s53916328.txt,Pleural effusion,negative,negative,False,,"No focal consolidation, pleural effusion or pneumothorax is detected."
10062617,54889099,/mnt/c/Users/Zila/Downloads/BN5212/MIMIC-CXR/p10/p10/p10062617/s54889099.txt,Cardiomegaly,positive,positive,False,,Moderate cardiomegaly persists.
10062617,54889099,/mnt/c/Users/Zila/Downloads/BN5212/MIMIC-CXR/p10/p10/p10062617/s54889099.txt,Pneumonia,negative,negative,False,,"No pneumonia, no pleural effusions."
10062617,54889099,/mnt/c/Users/Zila/Downloads/BN5212/MIMIC-CXR/p10/p10/p10062617/s54889099.txt,Pulmonary edema,negative,negative,False,,No overt pulmonary edema.
10062617,55170181,/mnt/c/Users/Zila/Downloads/BN5212/MIMIC-CXR/p10/p10/p10062617/s55170181.txt,Cardiomegaly,positive,positive,False,,Moderate cardiomegaly is re- demonstrated with a left ventricular predominance.
10062617,55170181,/mnt/c/Users/Zila/Downloads/BN5212/MIMIC-CXR/p10/p10/p10062617/s55170181.txt,Pleural effusion,negative,negative,False,,No pleural effusion or pneumothorax is clearly noted.
10062617,58048417,/mnt/c/Users/Zila/Downloads/BN5212/MIMIC-CXR/p10/p10/p10062617/s58048417.txt,Pneumonia,uncertain,uncertain,True,,Retrocardiac opacity is incompletely assessed and could represent atelectasis and or pneumonia.
10062617,58274130,/mnt/c/Users/Zila/Downloads/BN5212/MIMIC-CXR/p10/p10/p10062617/s58274130.txt,Heart failure,negative,negative,False,,No evidence for congestive heart failure.
10062617,58274130,/mnt/c/Users/Zila/Downloads/BN5212/MIMIC-CXR/p10/p10/p10062617/s58274130.txt,Loss of height,positive,positive,False,,"There are multilevel degenerative changes in the thoracic spine with mild loss of height of a mid thoracic vertebral body anteriorly, which is unchanged."
10062617,58274130,/mnt/c/Users/Zila/Downloads/BN5212/MIMIC-CXR/p10/p10/p10062617/s58274130.txt,Pulmonary edema,negative,negative,False,,Previous pattern of pulmonary edema has resolved.
10062617,59986994,/mnt/c/Users/Zila/Downloads/BN5212/MIMIC-CXR/p10/p10/p10062617/s59986994.txt,Pleural effusion,uncertain,uncertain,True,,"Overall appearance of the chest is relatively similar to the recent study except for worsening left retrocardiac opacity which probably represents a combination of small-to-moderate left pleural effusion and adjacent left lower lobe atelectasis and/or consolidation; additionally, patchy and linear opacities at the right lung base have also slightly worsened."
10062692,53731682,/mnt/c/Users/Zila/Downloads/BN5212/MIMIC-CXR/p10/p10/p10062692/s53731682.txt,Sarcoidosis,positive,positive,False,,Diffuse interstitial opacities are noted and most likely represent sequela of known sarcoidosis.
10062692,55587830,/mnt/c/Users/Zila/Downloads/BN5212/MIMIC-CXR/p10/p10/p10062692/s55587830.txt,Pleural effusion,negative,negative,False,,There is no pleural effusion or pneumothorax.
10062692,55587830,/mnt/c/Users/Zila/Downloads/BN5212/MIMIC-CXR/p10/p10/p10062692/s55587830.txt,Pneumonia,positive,positive,False,,"There is faint opacity at the left lower lobe which may be atelectasis however pneumonia is also possible in correct clinical setting. | Faint opacity at the left lower lobe may be atelectasis, however pneumonia is also possible in correct clinical setting."
10062692,59688344,/mnt/c/Users/Zila/Downloads/BN5212/MIMIC-CXR/p10/p10/p10062692/s59688344.txt,Pleural effusion,negative,negative,False,,"There has been no change in the extent of central adenopathy, and there is no pleural effusion."
10062692,59688344,/mnt/c/Users/Zila/Downloads/BN5212/MIMIC-CXR/p10/p10/p10062692/s59688344.txt,Pneumonia,positive,positive,False,,"Findings are certainly consistent with acute pneumonia, but given the geographic association of the upper lobe infection with a region of chronic abnormality, this area needs to be followed closely to make sure there is no indolent infection, in a region of sarcoid involvement, or any structural explanation such as bronchial stricture. | ___ by telephone of possibility of pneumonia, 5:30 p.m."
10062981,56136181,/mnt/c/Users/Zila/Downloads/BN5212/MIMIC-CXR/p10/p10/p10062981/s56136181.txt,Pleural effusion,negative,negative,False,,There is no pneumothorax or pleural effusion.
10063280,52504796,/mnt/c/Users/Zila/Downloads/BN5212/MIMIC-CXR/p10/p10/p10063280/s52504796.txt,Pleural effusion,negative,negative,False,,There is no pleural effusion or pneumothorax.
10063280,52504796,/mnt/c/Users/Zila/Downloads/BN5212/MIMIC-CXR/p10/p10/p10063280/s52504796.txt,Pulmonary edema,negative,negative,False,,No overt pulmonary edema is seen.
10063534,50088361,/mnt/c/Users/Zila/Downloads/BN5212/MIMIC-CXR/p10/p10/p10063534/s50088361.txt,Pneumonia,positive,positive|uncertain,True,,Worsening retrocardiac opacity persists and may represent atelectasis or pneumonia in the correct clinical setting. | Left retrocardiac opacity may reflect atelectasis or pneumonia in the correct clinical setting.
10063534,50088361,/mnt/c/Users/Zila/Downloads/BN5212/MIMIC-CXR/p10/p10/p10063534/s50088361.txt,Pulmonary edema,positive,positive,False,,There are new bilateral pleural effusions and moderate pulmonary edema. | New bilateral pleural effusions and moderate pulmonary edema.
10063534,54266862,/mnt/c/Users/Zila/Downloads/BN5212/MIMIC-CXR/p10/p10/p10063534/s54266862.txt,Cardiomegaly,positive,positive,False,,Severe cardiomegaly with slight increase in size compared to ___. | Severe global cardiomegaly slightly increased in size from prior examination.
10063534,54266862,/mnt/c/Users/Zila/Downloads/BN5212/MIMIC-CXR/p10/p10/p10063534/s54266862.txt,Edema,negative,negative,False,,No frank interstitial edema.
10063534,54266862,/mnt/c/Users/Zila/Downloads/BN5212/MIMIC-CXR/p10/p10/p10063534/s54266862.txt,Pleural effusion,negative,negative,False,,There is no large pleural effusion or pneumothorax.
10063534,54266862,/mnt/c/Users/Zila/Downloads/BN5212/MIMIC-CXR/p10/p10/p10063534/s54266862.txt,Pneumonia,negative,negative,False,,"No focal consolidation worrisome for pneumonia; however, left lung base is difficult to assess."
10063762,56113372,/mnt/c/Users/Zila/Downloads/BN5212/MIMIC-CXR/p10/p10/p10063762/s56113372.txt,Pleural effusion,negative,negative,False,,"There is no pneumothorax, pleural effusion, or consolidation."
10063856,54814005,/mnt/c/Users/Zila/Downloads/BN5212/MIMIC-CXR/p10/p10/p10063856/s54814005.txt,Pleural effusion,positive,positive,False,,"A small left-sided pleural effusion is seen. | Left upper lobe collapse, with large hilar mass and small pleural effusion."
10063856,54814005,/mnt/c/Users/Zila/Downloads/BN5212/MIMIC-CXR/p10/p10/p10063856/s54814005.txt,Scoliosis,positive,positive,False,,Marked scoliosis convex to the right.
10063856,56759094,/mnt/c/Users/Zila/Downloads/BN5212/MIMIC-CXR/p10/p10/p10063856/s56759094.txt,Pleural effusion,positive,positive,False,,"There is a trace left pleural effusion. | Persistent left upper lobe collapse, with a similar appearing large left hilar mass and trace left pleural effusion."
10063856,56759094,/mnt/c/Users/Zila/Downloads/BN5212/MIMIC-CXR/p10/p10/p10063856/s56759094.txt,Scoliosis,positive,positive,False,,Marked scoliosis the thoracic spine is again seen.
10063856,59111503,/mnt/c/Users/Zila/Downloads/BN5212/MIMIC-CXR/p10/p10/p10063856/s59111503.txt,Pleural effusion,negative,negative,False,,No definite pleural effusion or pneumothorax identified.
10063856,59111503,/mnt/c/Users/Zila/Downloads/BN5212/MIMIC-CXR/p10/p10/p10063856/s59111503.txt,Pneumonia,negative,negative,False,,"There is no radiographic evidence of pneumonia, though evaluation on recent CT is more specific. | Persistent left upper lobe collapse without evidence of pneumonia."
10063856,59111503,/mnt/c/Users/Zila/Downloads/BN5212/MIMIC-CXR/p10/p10/p10063856/s59111503.txt,Pulmonary embolism,negative,negative,False,,This examination neither suggests nor excludes the diagnosis of pulmonary embolism.
10063856,59903306,/mnt/c/Users/Zila/Downloads/BN5212/MIMIC-CXR/p10/p10/p10063856/s59903306.txt,Pleural effusion,negative,negative,False,,No pleural effusion is seen.
10064049,50590063,/mnt/c/Users/Zila/Downloads/BN5212/MIMIC-CXR/p10/p10/p10064049/s50590063.txt,Cardiomegaly,positive,positive,False,,Moderate cardiomegaly is stable. | Stable moderate cardiomegaly.
10064049,50590063,/mnt/c/Users/Zila/Downloads/BN5212/MIMIC-CXR/p10/p10/p10064049/s50590063.txt,Pleural effusion,negative,negative,False,,No pleural effusion or pneumothorax.
10064049,50590063,/mnt/c/Users/Zila/Downloads/BN5212/MIMIC-CXR/p10/p10/p10064049/s50590063.txt,Pneumonia,negative,negative,False,,No pneumonia or pulmonary edema.
10064049,50590063,/mnt/c/Users/Zila/Downloads/BN5212/MIMIC-CXR/p10/p10/p10064049/s50590063.txt,Pulmonary edema,negative,negative,False,,No pneumonia or pulmonary edema.
10064049,51327292,/mnt/c/Users/Zila/Downloads/BN5212/MIMIC-CXR/p10/p10/p10064049/s51327292.txt,Pleural effusion,positive,positive,False,,"This is small left and moderate right pleural effusion, both unchanged since ___."
10064049,51327292,/mnt/c/Users/Zila/Downloads/BN5212/MIMIC-CXR/p10/p10/p10064049/s51327292.txt,Pulmonary edema,positive,positive,False,,Mild pulmonary edema seen on the ___ study appears improved | Improved mild pulmonary edema.
10064049,51334169,/mnt/c/Users/Zila/Downloads/BN5212/MIMIC-CXR/p10/p10/p10064049/s51334169.txt,Pleural effusion,negative,negative,False,,There is no pleural effusion or pneumothorax.
10064049,51373990,/mnt/c/Users/Zila/Downloads/BN5212/MIMIC-CXR/p10/p10/p10064049/s51373990.txt,Cardiomegaly,positive,positive,False,,Mild cardiomegaly is similar.
10064049,51373990,/mnt/c/Users/Zila/Downloads/BN5212/MIMIC-CXR/p10/p10/p10064049/s51373990.txt,Pleural effusion,negative,negative,False,,"No focal consolidation, pleural effusion or pneumothorax is present."
10064049,53745704,/mnt/c/Users/Zila/Downloads/BN5212/MIMIC-CXR/p10/p10/p10064049/s53745704.txt,Cardiomegaly,positive,positive,False,,Unchanged mild pulmonary edema and moderate cardiomegaly.
10064049,53745704,/mnt/c/Users/Zila/Downloads/BN5212/MIMIC-CXR/p10/p10/p10064049/s53745704.txt,Pleural effusion,positive,positive,False,,The known right pleural effusion with moderate basal atelectasis. | The left minimal pleural effusion is also unchanged.
10064049,53745704,/mnt/c/Users/Zila/Downloads/BN5212/MIMIC-CXR/p10/p10/p10064049/s53745704.txt,Pulmonary edema,positive,positive,False,,Unchanged mild pulmonary edema and moderate cardiomegaly.
10064049,53998334,/mnt/c/Users/Zila/Downloads/BN5212/MIMIC-CXR/p10/p10/p10064049/s53998334.txt,Cardiomegaly,positive,positive,False,,Moderate cardiomegaly persists.
10064049,54392870,/mnt/c/Users/Zila/Downloads/BN5212/MIMIC-CXR/p10/p10/p10064049/s54392870.txt,Pulmonary edema,positive,positive,False,,Perihilar haziness with vascular indistinctness is compatible moderate pulmonary edema. | Moderate pulmonary edema with small bilateral pleural effusions.
10064049,54536926,/mnt/c/Users/Zila/Downloads/BN5212/MIMIC-CXR/p10/p10/p10064049/s54536926.txt,Cardiomegaly,positive,positive,False,,Increased heart size may indicate cardiomegaly and/or pericardial effusion.
10064049,55505244,/mnt/c/Users/Zila/Downloads/BN5212/MIMIC-CXR/p10/p10/p10064049/s55505244.txt,Edema,positive,positive,False,,"New are small bilateral pleural effusions, likely caused by lymphatic drainage of the edema."
10064049,55505244,/mnt/c/Users/Zila/Downloads/BN5212/MIMIC-CXR/p10/p10/p10064049/s55505244.txt,Pulmonary edema,positive,positive,False,,"As compared to the previous radiograph, the severity of pulmonary edema has decreased."
10064049,55829478,/mnt/c/Users/Zila/Downloads/BN5212/MIMIC-CXR/p10/p10/p10064049/s55829478.txt,Pleural effusion,positive,positive,False,,"Tiny pleural effusion, collected posteriorly, is new since ___ ___, side indeterminate."
10064049,55829478,/mnt/c/Users/Zila/Downloads/BN5212/MIMIC-CXR/p10/p10/p10064049/s55829478.txt,Pneumonia,negative,negative,False,,No pneumonia.
10064049,55829478,/mnt/c/Users/Zila/Downloads/BN5212/MIMIC-CXR/p10/p10/p10064049/s55829478.txt,Pulmonary edema,negative,negative,False,,There is no pulmonary edema or vascular congestion in the lungs or mediastinum.
10064049,56368658,/mnt/c/Users/Zila/Downloads/BN5212/MIMIC-CXR/p10/p10/p10064049/s56368658.txt,Cardiomegaly,positive,positive,False,,Moderate cardiomegaly is chronic.
10064049,56368658,/mnt/c/Users/Zila/Downloads/BN5212/MIMIC-CXR/p10/p10/p10064049/s56368658.txt,Edema,negative,negative,False,,But there is no pulmonary vascular congestion or edema.
10064049,56368658,/mnt/c/Users/Zila/Downloads/BN5212/MIMIC-CXR/p10/p10/p10064049/s56368658.txt,Pleural effusion,negative,negative,False,,No pleural effusion.
10064049,56368658,/mnt/c/Users/Zila/Downloads/BN5212/MIMIC-CXR/p10/p10/p10064049/s56368658.txt,Pneumonia,uncertain,uncertain,True,,New consolidation in the right upper lobe probable pneumonia.
10064049,57160141,/mnt/c/Users/Zila/Downloads/BN5212/MIMIC-CXR/p10/p10/p10064049/s57160141.txt,Pneumonia,positive,positive,False,,"In the appropriate clinical setting, superimposed pneumonia would have to be considered."
10064049,57279039,/mnt/c/Users/Zila/Downloads/BN5212/MIMIC-CXR/p10/p10/p10064049/s57279039.txt,Pneumonia,positive,positive,False,,Lateral view would be helpful in detection of basal pneumonia or small pleural effusions.
10064049,57371365,/mnt/c/Users/Zila/Downloads/BN5212/MIMIC-CXR/p10/p10/p10064049/s57371365.txt,Cardiomegaly,positive,positive,False,,"Allowing for differences in radiographic technique, moderate cardiomegaly is unchanged."
10064049,57371365,/mnt/c/Users/Zila/Downloads/BN5212/MIMIC-CXR/p10/p10/p10064049/s57371365.txt,Edema,negative,negative,False,,There is no pulmonary or mediastinal vascular engorgement and no edema or pleural effusion.
10064049,57371365,/mnt/c/Users/Zila/Downloads/BN5212/MIMIC-CXR/p10/p10/p10064049/s57371365.txt,Pleural effusion,negative,negative,False,,There is no pulmonary or mediastinal vascular engorgement and no edema or pleural effusion. | There is no pneumothorax mediastinal widening or associated pleural effusion.
10064049,57816907,/mnt/c/Users/Zila/Downloads/BN5212/MIMIC-CXR/p10/p10/p10064049/s57816907.txt,Cardiomegaly,positive,positive,False,,"There is cardiomegaly, similar to ___, including marked enlargement of the atrium. | Cardiomegaly, unchanged."
10064049,57816907,/mnt/c/Users/Zila/Downloads/BN5212/MIMIC-CXR/p10/p10/p10064049/s57816907.txt,Pleural effusion,negative,negative,False,,No CHF or obvious pleural effusion.
10064049,57819907,/mnt/c/Users/Zila/Downloads/BN5212/MIMIC-CXR/p10/p10/p10064049/s57819907.txt,Cardiomegaly,positive,positive,False,,"Mild to moderate cardiomegaly is chronic, but improved since ___."
10064049,57819907,/mnt/c/Users/Zila/Downloads/BN5212/MIMIC-CXR/p10/p10/p10064049/s57819907.txt,Pulmonary edema,positive,positive,False,,Previous pulmonary edema and pleural effusions have also resolved.
10064049,57850450,/mnt/c/Users/Zila/Downloads/BN5212/MIMIC-CXR/p10/p10/p10064049/s57850450.txt,Pneumonia,negative,negative,False,,"Small bilateral pleural effusions are again seen in a patient with enlargement of the cardiac silhouette, but no vascular congestion or acute focal pneumonia."
10064049,57926554,/mnt/c/Users/Zila/Downloads/BN5212/MIMIC-CXR/p10/p10/p10064049/s57926554.txt,Cardiomegaly,positive,positive,False,,"Bibasilar parenchymal opacities with cardiomegaly suggests underlying pulmonary edema, but cannot exclude right lung base pneumonia."
10064049,57926554,/mnt/c/Users/Zila/Downloads/BN5212/MIMIC-CXR/p10/p10/p10064049/s57926554.txt,Pleural effusion,positive,positive,False,,"Since the prior chest x-ray on ___, there has been interval development of a new small to moderate right-sided pleural effusion. | New small/moderate right pleural effusion."
10064049,57926554,/mnt/c/Users/Zila/Downloads/BN5212/MIMIC-CXR/p10/p10/p10064049/s57926554.txt,Pneumonia,uncertain,uncertain,True,,"Bibasilar parenchymal opacities with cardiomegaly suggests underlying pulmonary edema, but cannot exclude right lung base pneumonia."
10064049,57926554,/mnt/c/Users/Zila/Downloads/BN5212/MIMIC-CXR/p10/p10/p10064049/s57926554.txt,Pulmonary edema,positive,positive,False,,"Bibasilar parenchymal opacities with cardiomegaly suggests underlying pulmonary edema, but cannot exclude right lung base pneumonia."
10064049,58833217,/mnt/c/Users/Zila/Downloads/BN5212/MIMIC-CXR/p10/p10/p10064049/s58833217.txt,Cardiomegaly,positive,positive,False,,Mild cardiomegaly is chronic.
10064049,58833217,/mnt/c/Users/Zila/Downloads/BN5212/MIMIC-CXR/p10/p10/p10064049/s58833217.txt,Pleural effusion,negative,negative,False,,No pleural effusion.
10064049,58833217,/mnt/c/Users/Zila/Downloads/BN5212/MIMIC-CXR/p10/p10/p10064049/s58833217.txt,Pneumonia,positive,positive,False,,New consolidation in the right lower lobe is likely pneumonia.
10064049,59114682,/mnt/c/Users/Zila/Downloads/BN5212/MIMIC-CXR/p10/p10/p10064049/s59114682.txt,Pulmonary edema,negative,negative,False,,There is no overt pulmonary edema.
10064049,59540552,/mnt/c/Users/Zila/Downloads/BN5212/MIMIC-CXR/p10/p10/p10064049/s59540552.txt,Cardiomegaly,positive,positive,False,,There is unchanged moderate cardiomegaly and elongation of the descending aorta.
10064049,59540552,/mnt/c/Users/Zila/Downloads/BN5212/MIMIC-CXR/p10/p10/p10064049/s59540552.txt,Pneumonia,negative,negative,False,,"No pneumonia, no atelectasis, no pleural effusions."
10064049,59540552,/mnt/c/Users/Zila/Downloads/BN5212/MIMIC-CXR/p10/p10/p10064049/s59540552.txt,Pulmonary edema,positive,positive,False,,"The current radiograph shows mild pulmonary edema, as manifested by an increase in diameter of the pulmonary vessels in the perihilar lung regions."
10064124,55777240,/mnt/c/Users/Zila/Downloads/BN5212/MIMIC-CXR/p10/p10/p10064124/s55777240.txt,Pleural effusion,negative,negative,False,,There is no pleural effusion or pneumothorax.
10064176,51282081,/mnt/c/Users/Zila/Downloads/BN5212/MIMIC-CXR/p10/p10/p10064176/s51282081.txt,Pleural effusion,negative,negative,False,,No pleural effusion or pneumothorax is seen.
10064390,52896409,/mnt/c/Users/Zila/Downloads/BN5212/MIMIC-CXR/p10/p10/p10064390/s52896409.txt,Cardiomegaly,positive,positive,False,,"Moderate to severe cardiomegaly worsened between ___ and ___, subsequently stable, although mild edema and previous vascular congestion have improved."
10064390,52896409,/mnt/c/Users/Zila/Downloads/BN5212/MIMIC-CXR/p10/p10/p10064390/s52896409.txt,Edema,positive,positive,False,,"Moderate to severe cardiomegaly worsened between ___ and ___, subsequently stable, although mild edema and previous vascular congestion have improved."
10064390,52896409,/mnt/c/Users/Zila/Downloads/BN5212/MIMIC-CXR/p10/p10/p10064390/s52896409.txt,Pneumonia,positive,positive,False,,Slight increase in heterogeneous opacification in the left mid and lower lung zone to be due to worsening atelectasis or pneumonia.
10064390,53483779,/mnt/c/Users/Zila/Downloads/BN5212/MIMIC-CXR/p10/p10/p10064390/s53483779.txt,Pneumonia,positive,positive,False,,This is either atelectasis or pneumonia.
10064390,53483779,/mnt/c/Users/Zila/Downloads/BN5212/MIMIC-CXR/p10/p10/p10064390/s53483779.txt,Pulmonary edema,positive,positive,False,,Previous moderate pulmonary edema has improved.
10064390,53553355,/mnt/c/Users/Zila/Downloads/BN5212/MIMIC-CXR/p10/p10/p10064390/s53553355.txt,Cardiomegaly,positive,positive,False,,Mild cardiomegaly stable.
10064390,53553355,/mnt/c/Users/Zila/Downloads/BN5212/MIMIC-CXR/p10/p10/p10064390/s53553355.txt,Pleural effusion,positive,positive,False,,Pleural effusion small if any.
10064390,53553355,/mnt/c/Users/Zila/Downloads/BN5212/MIMIC-CXR/p10/p10/p10064390/s53553355.txt,Pulmonary edema,positive,positive,False,,"Large calcified pleural plaques obscure much of the left lower lung, but there appears to be at least mild, new, bilateral perihilar pulmonary edema."
10064678,53148023,/mnt/c/Users/Zila/Downloads/BN5212/MIMIC-CXR/p10/p10/p10064678/s53148023.txt,Pneumonia,negative,negative,False,,No evidence of acute pneumonia or vascular congestion.
10064678,53173852,/mnt/c/Users/Zila/Downloads/BN5212/MIMIC-CXR/p10/p10/p10064678/s53173852.txt,Pleural effusion,negative,negative,False,,There is no pleural effusion or pneumothorax.
10064678,53173852,/mnt/c/Users/Zila/Downloads/BN5212/MIMIC-CXR/p10/p10/p10064678/s53173852.txt,Pneumonia,negative,negative,False,,There is no focal consolidation concerning for pneumonia.
10064678,54227874,/mnt/c/Users/Zila/Downloads/BN5212/MIMIC-CXR/p10/p10/p10064678/s54227874.txt,Pleural effusion,negative,negative,False,,No pleural effusion.
10064678,54227874,/mnt/c/Users/Zila/Downloads/BN5212/MIMIC-CXR/p10/p10/p10064678/s54227874.txt,Pulmonary edema,negative,negative,False,,Borderline size of the cardiac silhouette without overt pulmonary edema.
10064678,54868430,/mnt/c/Users/Zila/Downloads/BN5212/MIMIC-CXR/p10/p10/p10064678/s54868430.txt,Cardiomegaly,positive,positive,False,,Mild cardiomegaly with mild pulmonary edema.
10064678,54868430,/mnt/c/Users/Zila/Downloads/BN5212/MIMIC-CXR/p10/p10/p10064678/s54868430.txt,Pleural effusion,positive,positive,False,,"As compared to the previous radiograph, there is unchanged evidence of a relatively extensive right pleural effusion with subsequent areas of atelectasis. | A minimal left pleural effusion is also present."
10064678,54868430,/mnt/c/Users/Zila/Downloads/BN5212/MIMIC-CXR/p10/p10/p10064678/s54868430.txt,Pulmonary edema,positive,positive,False,,Mild cardiomegaly with mild pulmonary edema.
10064678,55354126,/mnt/c/Users/Zila/Downloads/BN5212/MIMIC-CXR/p10/p10/p10064678/s55354126.txt,Cardiomegaly,positive,positive,False,,Mild cardiomegaly is noted.
10064678,55354126,/mnt/c/Users/Zila/Downloads/BN5212/MIMIC-CXR/p10/p10/p10064678/s55354126.txt,Pleural effusion,conflicting,negative|positive,True,,Frontal and lateral radiographs of the chest demonstrate a new moderate right pleural effusion with adjacent atelectasis. | There is no left pleural effusion. | New moderate right pleural effusion with new opacity in the left upper lobe which may represent pneumonia in the appropriate clinical setting.
10064678,55354126,/mnt/c/Users/Zila/Downloads/BN5212/MIMIC-CXR/p10/p10/p10064678/s55354126.txt,Pneumonia,uncertain,uncertain,True,,There is a focus of opacity in the left upper lobe which is new since the prior study and may represent pneumonia in the appropriate clinical setting. | New moderate right pleural effusion with new opacity in the left upper lobe which may represent pneumonia in the appropriate clinical setting.
10064678,59792119,/mnt/c/Users/Zila/Downloads/BN5212/MIMIC-CXR/p10/p10/p10064678/s59792119.txt,Pleural effusion,positive,positive,False,,"There are unchanged findings as compared with prior radiograph from three days ago with stable right pleural effusion with probable associated compressive lower lobe atelectasis. | There is a small left pleural effusion with subtle increase in left lower lobe consolidation, likely atelectasis."
10064678,59792119,/mnt/c/Users/Zila/Downloads/BN5212/MIMIC-CXR/p10/p10/p10064678/s59792119.txt,Pneumonia,uncertain,uncertain,True,,"Please note pneumonia cannot be excluded. | Bilateral pleural effusions with lower lobe consolidation is likely atelectasis, though cannot exclude pneumonia."
10065125,53891313,/mnt/c/Users/Zila/Downloads/BN5212/MIMIC-CXR/p10/p10/p10065125/s53891313.txt,Pleural effusion,negative,negative,False,,There is no large pleural effusion.
10065125,54719123,/mnt/c/Users/Zila/Downloads/BN5212/MIMIC-CXR/p10/p10/p10065125/s54719123.txt,Pneumonia,negative,negative,False,,Bibasilar atelectatic changes are seen without evidence of acute focal pneumonia.
10065220,50984843,/mnt/c/Users/Zila/Downloads/BN5212/MIMIC-CXR/p10/p10/p10065220/s50984843.txt,Pleural effusion,negative,negative,False,,"No pleural effusion, focal consolidation or pneumothorax is identified."
10065354,51090606,/mnt/c/Users/Zila/Downloads/BN5212/MIMIC-CXR/p10/p10/p10065354/s51090606.txt,Pleural effusion,negative,negative,False,,No pleural effusion or pneumothorax is present.
10065354,54049005,/mnt/c/Users/Zila/Downloads/BN5212/MIMIC-CXR/p10/p10/p10065354/s54049005.txt,Pleural effusion,negative,negative,False,,No evidence of acute focal pneumonia or vascular congestion or pleural effusion.
10065354,54049005,/mnt/c/Users/Zila/Downloads/BN5212/MIMIC-CXR/p10/p10/p10065354/s54049005.txt,Pneumonia,negative,negative,False,,No evidence of acute focal pneumonia or vascular congestion or pleural effusion.
10065383,51407501,/mnt/c/Users/Zila/Downloads/BN5212/MIMIC-CXR/p10/p10/p10065383/s51407501.txt,Pleural effusion,positive,positive,False,,"Widespread bilateral airspace opacities involving the left lung to a greater degree than the right have slightly progressed in the interval, and a moderate-sized left pleural effusion has also worsened."
10065383,52292453,/mnt/c/Users/Zila/Downloads/BN5212/MIMIC-CXR/p10/p10/p10065383/s52292453.txt,Emphysema,positive,positive,False,,Cystic and linear lucencies in the right lung are likely due to pulmonary interstitial emphysema (PIE).
10065383,54059506,/mnt/c/Users/Zila/Downloads/BN5212/MIMIC-CXR/p10/p10/p10065383/s54059506.txt,Pneumonia,positive,positive,False,,"There is worsening airspace consolidation in the right upper, right middle and lower lobes as well as within the left upper and lower lobes consistent with worsening pneumonia, less likely pulmonary edema."
10065383,54059506,/mnt/c/Users/Zila/Downloads/BN5212/MIMIC-CXR/p10/p10/p10065383/s54059506.txt,Pulmonary edema,positive,positive,False,,"There is worsening airspace consolidation in the right upper, right middle and lower lobes as well as within the left upper and lower lobes consistent with worsening pneumonia, less likely pulmonary edema."
10065383,54100577,/mnt/c/Users/Zila/Downloads/BN5212/MIMIC-CXR/p10/p10/p10065383/s54100577.txt,Hemorrhage,positive,positive,False,,Differential diagnosis would also include pulmonary hemorrhage depending on the clinical scenario.
10065383,54100577,/mnt/c/Users/Zila/Downloads/BN5212/MIMIC-CXR/p10/p10/p10065383/s54100577.txt,Pleural effusion,negative,negative,False,,No large pleural effusion is seen.
10065383,54100577,/mnt/c/Users/Zila/Downloads/BN5212/MIMIC-CXR/p10/p10/p10065383/s54100577.txt,Pneumonia,positive,positive,False,,Extensive multifocal consolidations highly worrisome for multifocal pneumonia.
10065383,55971968,/mnt/c/Users/Zila/Downloads/BN5212/MIMIC-CXR/p10/p10/p10065383/s55971968.txt,Emphysema,positive,positive,False,,"Widespread bilateral parenchymal opacification is consistent with history of ARDS, and may be complicated by pulmonary interstitial emphysema."
10065383,56624805,/mnt/c/Users/Zila/Downloads/BN5212/MIMIC-CXR/p10/p10/p10065383/s56624805.txt,Pulmonary edema,positive,positive,False,,"The characteristic quality of diffuse pulmonary opacification, larger areas of consolidation as well as some discrete nodules has not changed appreciably over the past several days, but there is the suggestion of mild-to-moderate pulmonary edema, having developed at the right lung base since ___."
10065383,58507709,/mnt/c/Users/Zila/Downloads/BN5212/MIMIC-CXR/p10/p10/p10065383/s58507709.txt,Emphysema,positive,positive,False,,"Widespread bilateral lung opacities are in keeping with history of ARDS, and may be accompanied by pulmonary interstitial emphysema."
10065383,59841945,/mnt/c/Users/Zila/Downloads/BN5212/MIMIC-CXR/p10/p10/p10065383/s59841945.txt,Pleural effusion,positive,positive,False,,"Pleural effusion on the left is presumed, on the right is small."
10065615,52827353,/mnt/c/Users/Zila/Downloads/BN5212/MIMIC-CXR/p10/p10/p10065615/s52827353.txt,Pleural effusion,negative,negative,False,,There is no pleural effusion or pneumothorax.
10065767,52662409,/mnt/c/Users/Zila/Downloads/BN5212/MIMIC-CXR/p10/p10/p10065767/s52662409.txt,Cardiomegaly,positive,positive,False,,Single portable upright chest radiograph demonstrate cardiomegaly.
10065767,52662409,/mnt/c/Users/Zila/Downloads/BN5212/MIMIC-CXR/p10/p10/p10065767/s52662409.txt,Pneumonia,negative,negative,False,,No opacification concerning for pneumonia.
10065767,54518839,/mnt/c/Users/Zila/Downloads/BN5212/MIMIC-CXR/p10/p10/p10065767/s54518839.txt,Cardiomegaly,positive,positive,False,,Mild cardiomegaly is unchanged and there is no pulmonary vascular congestion or pleural effusion.
10065767,54518839,/mnt/c/Users/Zila/Downloads/BN5212/MIMIC-CXR/p10/p10/p10065767/s54518839.txt,Pleural effusion,negative,negative,False,,Mild cardiomegaly is unchanged and there is no pulmonary vascular congestion or pleural effusion.
10065767,58161378,/mnt/c/Users/Zila/Downloads/BN5212/MIMIC-CXR/p10/p10/p10065767/s58161378.txt,Pleural effusion,negative,negative,False,,No pleural effusion.
10065767,58161378,/mnt/c/Users/Zila/Downloads/BN5212/MIMIC-CXR/p10/p10/p10065767/s58161378.txt,Pneumonia,negative,negative,False,,There are no new lung opacities worrisome for pneumonia or pulmonary edema. | No new opacities concerning for pneumonia.
10065767,58161378,/mnt/c/Users/Zila/Downloads/BN5212/MIMIC-CXR/p10/p10/p10065767/s58161378.txt,Pulmonary edema,negative,negative,False,,There are no new lung opacities worrisome for pneumonia or pulmonary edema.
10065767,59395809,/mnt/c/Users/Zila/Downloads/BN5212/MIMIC-CXR/p10/p10/p10065767/s59395809.txt,Pleural effusion,negative,negative,False,,No large pleural effusion or pneumothorax is seen.
10065767,59819791,/mnt/c/Users/Zila/Downloads/BN5212/MIMIC-CXR/p10/p10/p10065767/s59819791.txt,Cardiomegaly,positive,positive,False,,Mildly cardiomegaly is stable.
10065767,59819791,/mnt/c/Users/Zila/Downloads/BN5212/MIMIC-CXR/p10/p10/p10065767/s59819791.txt,Pleural effusion,positive,positive,False,,There is a small stable left pleural effusion.
10065767,59819791,/mnt/c/Users/Zila/Downloads/BN5212/MIMIC-CXR/p10/p10/p10065767/s59819791.txt,Pneumonia,negative,negative,False,,No acute interval changes to suggest pneumonia.
10065990,52572574,/mnt/c/Users/Zila/Downloads/BN5212/MIMIC-CXR/p10/p10/p10065990/s52572574.txt,Pleural effusion,negative,negative,False,,No pleural effusion or pneumothorax is present.
10065990,56988122,/mnt/c/Users/Zila/Downloads/BN5212/MIMIC-CXR/p10/p10/p10065990/s56988122.txt,Pleural effusion,negative,negative,False,,"No pneumonia, vascular congestion, or pleural effusion."
10065990,56988122,/mnt/c/Users/Zila/Downloads/BN5212/MIMIC-CXR/p10/p10/p10065990/s56988122.txt,Pneumonia,negative,negative,False,,"No pneumonia, vascular congestion, or pleural effusion."
10065997,50352457,/mnt/c/Users/Zila/Downloads/BN5212/MIMIC-CXR/p10/p10/p10065997/s50352457.txt,Pleural effusion,negative,negative,False,,No pleural effusion.
10065997,52040687,/mnt/c/Users/Zila/Downloads/BN5212/MIMIC-CXR/p10/p10/p10065997/s52040687.txt,Pneumonia,positive,positive|uncertain,True,,A subtle area of increased opacity is present in the right infrahilar region and could potentially represent an early focus of pneumonia. | Possible early/focal pneumonia in right infrahilar region.
10066039,56626587,/mnt/c/Users/Zila/Downloads/BN5212/MIMIC-CXR/p10/p10/p10066039/s56626587.txt,Cardiomegaly,positive,positive,False,,Moderate cardiomegaly.
10066039,56626587,/mnt/c/Users/Zila/Downloads/BN5212/MIMIC-CXR/p10/p10/p10066039/s56626587.txt,Pleural effusion,positive,positive,False,,Small left pleural effusion.
10066039,56626587,/mnt/c/Users/Zila/Downloads/BN5212/MIMIC-CXR/p10/p10/p10066039/s56626587.txt,Pulmonary edema,negative,negative,False,,"Mild pulmonary vascular congestion with widening of right upper mediastinal vessels, no overt pulmonary edema."
10066209,57171245,/mnt/c/Users/Zila/Downloads/BN5212/MIMIC-CXR/p10/p10/p10066209/s57171245.txt,Cardiomegaly,positive,positive,False,,Moderate cardiomegaly is stable but pulmonary vasculature and mediastinal veins are more dilated.
10066209,57171245,/mnt/c/Users/Zila/Downloads/BN5212/MIMIC-CXR/p10/p10/p10066209/s57171245.txt,Pleural effusion,positive,positive,False,,Pleural effusion is likely but not large.
10066209,57171245,/mnt/c/Users/Zila/Downloads/BN5212/MIMIC-CXR/p10/p10/p10066209/s57171245.txt,Pulmonary edema,positive,positive,False,,Lower lung volumes exaggerates the severity of new pulmonary edema.
10066209,59285576,/mnt/c/Users/Zila/Downloads/BN5212/MIMIC-CXR/p10/p10/p10066209/s59285576.txt,Pulmonary edema,negative,negative,False,,There is no pulmonary edema.
10066209,59978802,/mnt/c/Users/Zila/Downloads/BN5212/MIMIC-CXR/p10/p10/p10066209/s59978802.txt,Cardiomegaly,positive,positive,False,,Moderate cardiomegaly persists.
10066209,59978802,/mnt/c/Users/Zila/Downloads/BN5212/MIMIC-CXR/p10/p10/p10066209/s59978802.txt,Pulmonary edema,positive,positive,False,,Mild pulmonary edema.
10066415,51058270,/mnt/c/Users/Zila/Downloads/BN5212/MIMIC-CXR/p10/p10/p10066415/s51058270.txt,Cardiomegaly,positive,positive,False,,Mild cardiomegaly is re- demonstrated.
10066415,51058270,/mnt/c/Users/Zila/Downloads/BN5212/MIMIC-CXR/p10/p10/p10066415/s51058270.txt,Pleural effusion,negative,negative,False,,"No focal consolidation, pleural effusion or pneumothorax is demonstrated."
10066489,57690363,/mnt/c/Users/Zila/Downloads/BN5212/MIMIC-CXR/p10/p10/p10066489/s57690363.txt,Hernia,positive,positive,False,,There is a moderate-sized hiatus hernia. | Moderate hiatus hernia.
10066489,57690363,/mnt/c/Users/Zila/Downloads/BN5212/MIMIC-CXR/p10/p10/p10066489/s57690363.txt,Pleural effusion,negative,negative,False,,There is no pleural effusion or pneumothorax.
10066767,59965534,/mnt/c/Users/Zila/Downloads/BN5212/MIMIC-CXR/p10/p10/p10066767/s59965534.txt,Pleural effusion,negative,negative,False,,"There is no pleural effusion, or pneumothorax."
10067530,52026760,/mnt/c/Users/Zila/Downloads/BN5212/MIMIC-CXR/p10/p10/p10067530/s52026760.txt,Cough,positive,positive,False,,Right paracardiac opacity most likely represent fat pad by giving the abnormality in status persistent cough correlation with chest CT might be considered.
10067530,52026760,/mnt/c/Users/Zila/Downloads/BN5212/MIMIC-CXR/p10/p10/p10067530/s52026760.txt,Pleural effusion,negative,negative,False,,There is no pleural effusion or pneumothorax
10067530,56543992,/mnt/c/Users/Zila/Downloads/BN5212/MIMIC-CXR/p10/p10/p10067530/s56543992.txt,Pleural effusion,negative,negative,False,,"No pneumonia, vascular congestion, or pleural effusion."
10067530,56543992,/mnt/c/Users/Zila/Downloads/BN5212/MIMIC-CXR/p10/p10/p10067530/s56543992.txt,Pneumonia,negative,negative,False,,"No pneumonia, vascular congestion, or pleural effusion."
10067562,58948497,/mnt/c/Users/Zila/Downloads/BN5212/MIMIC-CXR/p10/p10/p10067562/s58948497.txt,Pleural effusion,negative,negative,False,,"The lungs are clear without focal consolidation concerning for pneumonia, pleural effusion, or pneumothorax."
10067562,58948497,/mnt/c/Users/Zila/Downloads/BN5212/MIMIC-CXR/p10/p10/p10067562/s58948497.txt,Pneumonia,negative,negative,False,,"The lungs are clear without focal consolidation concerning for pneumonia, pleural effusion, or pneumothorax."
10067702,52093291,/mnt/c/Users/Zila/Downloads/BN5212/MIMIC-CXR/p10/p10/p10067702/s52093291.txt,Pneumonia,negative,negative,False,,No pneumonia.
10067702,52093291,/mnt/c/Users/Zila/Downloads/BN5212/MIMIC-CXR/p10/p10/p10067702/s52093291.txt,Pulmonary edema,positive,positive,False,,There is mild pulmonary vascular congestion and mild asymmetric pulmonary edema in the left lung. | There is mild asymmetric pulmonary edema in the left lung.
10067702,54176488,/mnt/c/Users/Zila/Downloads/BN5212/MIMIC-CXR/p10/p10/p10067702/s54176488.txt,Pneumonia,negative,negative,False,,There are no focal consolidations to suggest pneumonia. | Stable post-surgical changes without evidence of pneumonia.
10067702,55566141,/mnt/c/Users/Zila/Downloads/BN5212/MIMIC-CXR/p10/p10/p10067702/s55566141.txt,Pleural effusion,negative,negative,False,,There is no appreciable residual right pleural effusion and no findings to suggest pneumonia.
10067702,55566141,/mnt/c/Users/Zila/Downloads/BN5212/MIMIC-CXR/p10/p10/p10067702/s55566141.txt,Pneumonia,negative,negative,False,,There is no appreciable residual right pleural effusion and no findings to suggest pneumonia.
10067702,56666405,/mnt/c/Users/Zila/Downloads/BN5212/MIMIC-CXR/p10/p10/p10067702/s56666405.txt,Pleural effusion,positive,positive,False,,"There is a small left-sided pleural effusion, not significantly changed from the prior study."
10067702,57325376,/mnt/c/Users/Zila/Downloads/BN5212/MIMIC-CXR/p10/p10/p10067702/s57325376.txt,Pleural effusion,negative,negative,False,,No pleural effusion or pneumothorax is present.
10067702,58493449,/mnt/c/Users/Zila/Downloads/BN5212/MIMIC-CXR/p10/p10/p10067702/s58493449.txt,Pneumonia,uncertain,uncertain,True,,"In view of the clinical history, this could represent developing pneumonia."
10068026,50712393,/mnt/c/Users/Zila/Downloads/BN5212/MIMIC-CXR/p10/p10/p10068026/s50712393.txt,Cardiomegaly,positive,positive,False,,Mild cardiomegaly.
10068026,50712393,/mnt/c/Users/Zila/Downloads/BN5212/MIMIC-CXR/p10/p10/p10068026/s50712393.txt,Pneumonia,positive,positive,False,,"In the appropriate clinical setting, pneumonia is the most likely differential diagnosis."
10068026,50712393,/mnt/c/Users/Zila/Downloads/BN5212/MIMIC-CXR/p10/p10/p10068026/s50712393.txt,Pulmonary edema,negative,negative,False,,No pulmonary edema.
10068137,51872543,/mnt/c/Users/Zila/Downloads/BN5212/MIMIC-CXR/p10/p10/p10068137/s51872543.txt,Pleural effusion,negative,negative,False,,There is no pleural effusion or pneumothorax.
10068157,59348662,/mnt/c/Users/Zila/Downloads/BN5212/MIMIC-CXR/p10/p10/p10068157/s59348662.txt,Pleural effusion,negative,negative,False,,No pleural effusion or pneumothorax is seen.
10068304,51829800,/mnt/c/Users/Zila/Downloads/BN5212/MIMIC-CXR/p10/p10/p10068304/s51829800.txt,Cardiomegaly,positive,positive,False,,"Cardiomegaly, with upper zone redistribution, but no overt CHF."
10068304,51829800,/mnt/c/Users/Zila/Downloads/BN5212/MIMIC-CXR/p10/p10/p10068304/s51829800.txt,Pleural effusion,positive,positive,False,,Opacification of the lower left lung likely relates to subsegmental relaxation atelectasis in the setting of a small left pleural effusion.
10068304,52523230,/mnt/c/Users/Zila/Downloads/BN5212/MIMIC-CXR/p10/p10/p10068304/s52523230.txt,Pulmonary edema,positive,positive,False,,Mild interstitial pulmonary edema.
10068304,52523257,/mnt/c/Users/Zila/Downloads/BN5212/MIMIC-CXR/p10/p10/p10068304/s52523257.txt,Cardiomegaly,positive,positive,False,,Moderate to severe cardiomegaly is long-standing.
10068304,52523257,/mnt/c/Users/Zila/Downloads/BN5212/MIMIC-CXR/p10/p10/p10068304/s52523257.txt,Pleural effusion,positive,positive,False,,Pleural effusion minimal if any.
10068304,52523257,/mnt/c/Users/Zila/Downloads/BN5212/MIMIC-CXR/p10/p10/p10068304/s52523257.txt,Pulmonary edema,negative,negative,False,,Pulmonary vascular congestion is mild and there is no longer any pulmonary edema or focal pulmonary abnormality.
10068304,53442406,/mnt/c/Users/Zila/Downloads/BN5212/MIMIC-CXR/p10/p10/p10068304/s53442406.txt,Cardiomegaly,positive,positive,False,,Unchanged moderate cardiomegaly.
10068304,53442406,/mnt/c/Users/Zila/Downloads/BN5212/MIMIC-CXR/p10/p10/p10068304/s53442406.txt,Pulmonary edema,positive,positive,False,,Unchanged mild pulmonary edema
10068304,54027769,/mnt/c/Users/Zila/Downloads/BN5212/MIMIC-CXR/p10/p10/p10068304/s54027769.txt,Pneumonia,negative,negative,False,,No acute focal pneumonia.
10068304,54831452,/mnt/c/Users/Zila/Downloads/BN5212/MIMIC-CXR/p10/p10/p10068304/s54831452.txt,Cardiomegaly,positive,positive,False,,Heart size and mediastinum are stable including cardiomegaly.
10068304,54831452,/mnt/c/Users/Zila/Downloads/BN5212/MIMIC-CXR/p10/p10/p10068304/s54831452.txt,Pulmonary edema,negative,negative,False,,Mild vascular enlargement is demonstrated but no overt pulmonary edema is seen.
10068304,56918136,/mnt/c/Users/Zila/Downloads/BN5212/MIMIC-CXR/p10/p10/p10068304/s56918136.txt,Edema,positive,positive,False,,New pulmonary vascular congestion is accompanied by interstitial edema.
10068304,57038126,/mnt/c/Users/Zila/Downloads/BN5212/MIMIC-CXR/p10/p10/p10068304/s57038126.txt,Pleural effusion,positive,positive,False,,Basilar atelectatic changes are seen with retrocardiac opacification consistent with volume loss in the left lower lobe and small pleural effusion.
10068304,57038126,/mnt/c/Users/Zila/Downloads/BN5212/MIMIC-CXR/p10/p10/p10068304/s57038126.txt,Pneumonia,positive,positive,False,,"In the appropriate clinical setting, superimposed pneumonia would be difficult to exclude."
10068304,59277690,/mnt/c/Users/Zila/Downloads/BN5212/MIMIC-CXR/p10/p10/p10068304/s59277690.txt,Cardiomegaly,positive,positive,False,,Unchanged moderate cardiomegaly.
10068304,59277690,/mnt/c/Users/Zila/Downloads/BN5212/MIMIC-CXR/p10/p10/p10068304/s59277690.txt,Pulmonary edema,positive,positive,False,,Unchanged mild pulmonary edema.
10068741,52806019,/mnt/c/Users/Zila/Downloads/BN5212/MIMIC-CXR/p10/p10/p10068741/s52806019.txt,Cardiomyopathy,positive,positive,False,,This discordance raises the possibility of cardiomyopathy or pericardial effusion.
10068741,58252032,/mnt/c/Users/Zila/Downloads/BN5212/MIMIC-CXR/p10/p10/p10068741/s58252032.txt,Cardiomegaly,positive,positive,False,,Marked cardiomegaly without overt edema.
10068741,58252032,/mnt/c/Users/Zila/Downloads/BN5212/MIMIC-CXR/p10/p10/p10068741/s58252032.txt,Edema,negative,negative,False,,Marked cardiomegaly without overt edema.
10068741,58252032,/mnt/c/Users/Zila/Downloads/BN5212/MIMIC-CXR/p10/p10/p10068741/s58252032.txt,Pleural effusion,negative,negative,False,,There is no large pleural effusion or pneumothorax.
10068741,58252032,/mnt/c/Users/Zila/Downloads/BN5212/MIMIC-CXR/p10/p10/p10068741/s58252032.txt,Pulmonary edema,negative,negative,False,,The heart is markedly enlarged without overt pulmonary edema.
10068880,59302019,/mnt/c/Users/Zila/Downloads/BN5212/MIMIC-CXR/p10/p10/p10068880/s59302019.txt,Pleural effusion,negative,negative,False,,"No pneumonia, vascular congestion, or pleural effusion."
10068880,59302019,/mnt/c/Users/Zila/Downloads/BN5212/MIMIC-CXR/p10/p10/p10068880/s59302019.txt,Pneumonia,negative,negative,False,,"No pneumonia, vascular congestion, or pleural effusion."
10068987,50816251,/mnt/c/Users/Zila/Downloads/BN5212/MIMIC-CXR/p10/p10/p10068987/s50816251.txt,Pneumonia,negative,negative,False,,No convincing signs of pneumonia or CHF.
10069423,54213212,/mnt/c/Users/Zila/Downloads/BN5212/MIMIC-CXR/p10/p10/p10069423/s54213212.txt,Pleural effusion,negative,negative,False,,No definitive pleural effusion on the left; a small one may be present on the right.
10069423,55700778,/mnt/c/Users/Zila/Downloads/BN5212/MIMIC-CXR/p10/p10/p10069423/s55700778.txt,Pleural effusion,positive,positive,False,,There is a small left pleural effusion. | Small left pleural effusion.
10069423,59981182,/mnt/c/Users/Zila/Downloads/BN5212/MIMIC-CXR/p10/p10/p10069423/s59981182.txt,Pleural effusion,positive,positive,False,,Small left pleural effusion is unchanged.
10070011,50650870,/mnt/c/Users/Zila/Downloads/BN5212/MIMIC-CXR/p10/p10/p10070011/s50650870.txt,Pleural effusion,negative,negative,False,,There is no pleural effusion or pneumothorax.
10070226,56372514,/mnt/c/Users/Zila/Downloads/BN5212/MIMIC-CXR/p10/p10/p10070226/s56372514.txt,Pleural effusion,negative,negative,False,,No pleural effusion or pneumothorax is seen.
10070288,56486389,/mnt/c/Users/Zila/Downloads/BN5212/MIMIC-CXR/p10/p10/p10070288/s56486389.txt,Pleural effusion,uncertain,uncertain,True,,There is slight blunting of the posterior left costophrenic angle and a trace pleural effusion is not excluded. | Slight blunting of the posterior left costophrenic angle may relate to hyperinflation but trace pleural effusion not excluded.
10070288,57218599,/mnt/c/Users/Zila/Downloads/BN5212/MIMIC-CXR/p10/p10/p10070288/s57218599.txt,Pleural effusion,negative,negative,False,,There is no pleural effusion or pneumothorax.
10070311,55001140,/mnt/c/Users/Zila/Downloads/BN5212/MIMIC-CXR/p10/p10/p10070311/s55001140.txt,Pleural effusion,negative,negative,False,,"No focal consolidation, pleural effusion, or evidence of pneumothorax is seen."
10070311,55001140,/mnt/c/Users/Zila/Downloads/BN5212/MIMIC-CXR/p10/p10/p10070311/s55001140.txt,Pulmonary edema,negative,negative,False,,There may be very minimal central pulmonary vascular congestion without overt pulmonary edema. | Possible minimal central pulmonary vascular congestion without overt pulmonary edema.
10070311,58690770,/mnt/c/Users/Zila/Downloads/BN5212/MIMIC-CXR/p10/p10/p10070311/s58690770.txt,Pleural effusion,negative,negative,False,,No pleural effusion or pneumothorax is seen.
10070330,57110005,/mnt/c/Users/Zila/Downloads/BN5212/MIMIC-CXR/p10/p10/p10070330/s57110005.txt,Fractures,negative,negative,False,,No acute fractures are identified.
10070330,59331037,/mnt/c/Users/Zila/Downloads/BN5212/MIMIC-CXR/p10/p10/p10070330/s59331037.txt,Pleural effusion,negative,negative,False,,There is no pleural effusion or pneumothorax.
10070592,50488552,/mnt/c/Users/Zila/Downloads/BN5212/MIMIC-CXR/p10/p10/p10070592/s50488552.txt,Pleural effusion,negative,negative,False,,There is no pleural effusion or pneumothorax.
10070592,58936443,/mnt/c/Users/Zila/Downloads/BN5212/MIMIC-CXR/p10/p10/p10070592/s58936443.txt,Pleural effusion,negative,negative,False,,There is no pneumothorax or pleural effusion.
10070592,59696628,/mnt/c/Users/Zila/Downloads/BN5212/MIMIC-CXR/p10/p10/p10070592/s59696628.txt,Pleural effusion,negative,negative,False,,"No focal consolidation, pleural effusion, or pneumothorax."
10070614,52470047,/mnt/c/Users/Zila/Downloads/BN5212/MIMIC-CXR/p10/p10/p10070614/s52470047.txt,Cardiomegaly,positive,positive,False,,Mild cardiomegaly has been stable compared to exams dated back to ___.
10070614,52470047,/mnt/c/Users/Zila/Downloads/BN5212/MIMIC-CXR/p10/p10/p10070614/s52470047.txt,Pleural effusion,negative,negative,False,,There is no pleural effusion or pneumothorax.
10070614,52470047,/mnt/c/Users/Zila/Downloads/BN5212/MIMIC-CXR/p10/p10/p10070614/s52470047.txt,Pneumonia,negative,negative,False,,The lungs are clear without evidence of focal consolidations concerning for pneumonia.
10070614,58864875,/mnt/c/Users/Zila/Downloads/BN5212/MIMIC-CXR/p10/p10/p10070614/s58864875.txt,Heart failure,negative,negative,False,,Findings suggestive of pulmonary venous hypertension without frank congestive heart failure.
10070614,58864875,/mnt/c/Users/Zila/Downloads/BN5212/MIMIC-CXR/p10/p10/p10070614/s58864875.txt,Hypertension,positive,positive|uncertain,True,,"There is minimal interstitial prominence including upper zone redistribution of pulmonary vascularity suggestin of pulmonary venous hypertension, but not to a striking extent. | Findings suggestive of pulmonary venous hypertension without frank congestive heart failure."
10070614,58864875,/mnt/c/Users/Zila/Downloads/BN5212/MIMIC-CXR/p10/p10/p10070614/s58864875.txt,Pleural effusion,negative,negative,False,,There is no pleural effusion or pneumothorax.
10070735,55120856,/mnt/c/Users/Zila/Downloads/BN5212/MIMIC-CXR/p10/p10/p10070735/s55120856.txt,Cardiomegaly,positive,positive,False,,Cardiomegaly without acute cardiopulmonary process.
10070735,55120856,/mnt/c/Users/Zila/Downloads/BN5212/MIMIC-CXR/p10/p10/p10070735/s55120856.txt,Edema,negative,negative,False,,"There is no focal consolidation, effusion, or edema."
10070928,54506701,/mnt/c/Users/Zila/Downloads/BN5212/MIMIC-CXR/p10/p10/p10070928/s54506701.txt,Pleural effusion,positive,positive,False,,This matches the bilateral pleural effusion that extends into the posterior pleural sinuses as identified on the lateral view.
10070928,56508815,/mnt/c/Users/Zila/Downloads/BN5212/MIMIC-CXR/p10/p10/p10070928/s56508815.txt,Pneumonia,positive,positive,False,,"Interval progression of diffuse patchy pulmonary opacities, compatible with multifocal pneumonia - cannot exclude a component of pulmonary edema."
10070928,56508815,/mnt/c/Users/Zila/Downloads/BN5212/MIMIC-CXR/p10/p10/p10070928/s56508815.txt,Pulmonary edema,uncertain,uncertain,True,,"Interval progression of diffuse patchy pulmonary opacities, compatible with multifocal pneumonia - cannot exclude a component of pulmonary edema."
10070928,57036840,/mnt/c/Users/Zila/Downloads/BN5212/MIMIC-CXR/p10/p10/p10070928/s57036840.txt,Fluid overload,positive,positive,False,,The increase in diameter of the vascular structures appears to indicate mild fluid overload.
10070928,57036840,/mnt/c/Users/Zila/Downloads/BN5212/MIMIC-CXR/p10/p10/p10070928/s57036840.txt,Pleural effusion,positive,positive,False,,"As compared to the previous radiograph, there is an increase in extent of the known bilateral inflammatory opacities and a slight increase in extent of a pre-existing and known left pleural effusion."
10070928,57557577,/mnt/c/Users/Zila/Downloads/BN5212/MIMIC-CXR/p10/p10/p10070928/s57557577.txt,Pleural effusion,positive,positive,False,,"As compared to the previous radiograph, there is an ongoing moderate left pleural effusion."
10070928,57557577,/mnt/c/Users/Zila/Downloads/BN5212/MIMIC-CXR/p10/p10/p10070928/s57557577.txt,Pneumonia,positive,positive,False,,These changes could reflect aspiration or pneumonia.
10070928,57557577,/mnt/c/Users/Zila/Downloads/BN5212/MIMIC-CXR/p10/p10/p10070928/s57557577.txt,Pulmonary edema,negative,negative,False,,No pulmonary edema.
10070928,57837461,/mnt/c/Users/Zila/Downloads/BN5212/MIMIC-CXR/p10/p10/p10070928/s57837461.txt,Pulmonary edema,positive,positive,False,,Improved pulmonary edema which may account for the improvement in appearance of bilateral multifocal opacities.
10070928,58510069,/mnt/c/Users/Zila/Downloads/BN5212/MIMIC-CXR/p10/p10/p10070928/s58510069.txt,Cardiomegaly,positive,positive,False,,"Otherwise, the radiograph is unchanged, unchanged moderate cardiomegaly."
10070928,58510069,/mnt/c/Users/Zila/Downloads/BN5212/MIMIC-CXR/p10/p10/p10070928/s58510069.txt,Pleural effusion,positive,positive,False,,"Moreover, a small left pleural effusion has newly occurred."
10070928,58997709,/mnt/c/Users/Zila/Downloads/BN5212/MIMIC-CXR/p10/p10/p10070928/s58997709.txt,Cardiomegaly,positive,positive,False,,Unchanged is the moderate cardiomegaly and the appearance of the mediastinal structures.
10070928,58997709,/mnt/c/Users/Zila/Downloads/BN5212/MIMIC-CXR/p10/p10/p10070928/s58997709.txt,Pneumonia,positive,positive,False,,The newly appeared bilateral parenchymal opacities suggest the presence of acute focal pneumonia.
10070999,53563530,/mnt/c/Users/Zila/Downloads/BN5212/MIMIC-CXR/p10/p10/p10070999/s53563530.txt,Pleural effusion,negative,negative,False,,There is no pleural effusion or pneumothorax.
10071070,58126888,/mnt/c/Users/Zila/Downloads/BN5212/MIMIC-CXR/p10/p10/p10071070/s58126888.txt,Fractures,negative,negative,False,,No definite fractures are seen.
10071070,58126888,/mnt/c/Users/Zila/Downloads/BN5212/MIMIC-CXR/p10/p10/p10071070/s58126888.txt,Pleural effusion,negative,negative,False,,"The lungs are low in volume but otherwise clear without focal consolidation, pleural effusion or pneumothorax."
10071281,50095640,/mnt/c/Users/Zila/Downloads/BN5212/MIMIC-CXR/p10/p10/p10071281/s50095640.txt,Cardiomegaly,negative,negative,False,,No evidence of vascular congestion or cardiomegaly at this time.
10071281,50639339,/mnt/c/Users/Zila/Downloads/BN5212/MIMIC-CXR/p10/p10/p10071281/s50639339.txt,Pleural effusion,negative,negative,False,,"There is no pneumothorax, pleural effusion, or overt pulmonary edema identified."
10071281,50639339,/mnt/c/Users/Zila/Downloads/BN5212/MIMIC-CXR/p10/p10/p10071281/s50639339.txt,Pulmonary edema,negative,negative,False,,"There is no pneumothorax, pleural effusion, or overt pulmonary edema identified."
10071281,54567010,/mnt/c/Users/Zila/Downloads/BN5212/MIMIC-CXR/p10/p10/p10071281/s54567010.txt,Pulmonary edema,negative,negative,False,,There is no pulmonary edema.
10071281,54893356,/mnt/c/Users/Zila/Downloads/BN5212/MIMIC-CXR/p10/p10/p10071281/s54893356.txt,Pneumonia,positive,positive,False,,"Although this could merely reflect atelectatic changes, the possibility of superimposed pneumonia would have to be considered in the appropriate clinical setting (especially on the left)."
10071281,56760248,/mnt/c/Users/Zila/Downloads/BN5212/MIMIC-CXR/p10/p10/p10071281/s56760248.txt,Aspiration pneumonia,positive,positive,False,,Increase left lower lobe opacity with trace right pleural effusion is worrisome for pneumonia or aspiration pneumonia.
10071281,56760248,/mnt/c/Users/Zila/Downloads/BN5212/MIMIC-CXR/p10/p10/p10071281/s56760248.txt,Pleural effusion,conflicting,negative|positive,True,,Interval increase in left lower lobe opacity which trace right pleural effusion. | No left pleural effusion or pneumothorax. | Increase left lower lobe opacity with trace right pleural effusion is worrisome for pneumonia or aspiration pneumonia.
10071281,56760248,/mnt/c/Users/Zila/Downloads/BN5212/MIMIC-CXR/p10/p10/p10071281/s56760248.txt,Pneumonia,positive,positive,False,,Increase left lower lobe opacity with trace right pleural effusion is worrisome for pneumonia or aspiration pneumonia.
10071281,58830246,/mnt/c/Users/Zila/Downloads/BN5212/MIMIC-CXR/p10/p10/p10071281/s58830246.txt,Pulmonary edema,negative,negative,False,,There is no evidence of pulmonary edema.
10071403,51248215,/mnt/c/Users/Zila/Downloads/BN5212/MIMIC-CXR/p10/p10/p10071403/s51248215.txt,Pleural effusion,positive,positive|uncertain,True,,Moderate left pleural effusion and probable small right pleural effusion are unchanged.
10071403,51389402,/mnt/c/Users/Zila/Downloads/BN5212/MIMIC-CXR/p10/p10/p10071403/s51389402.txt,Pleural effusion,positive,positive,False,,"As compared to previous radiograph of 2 days earlier, pulmonary edema has in approved in severity and a small to moderate left pleural effusion has slightly decreased in size with associated improving adjacent left basilar atelectasis or consolidation."
10071403,51389402,/mnt/c/Users/Zila/Downloads/BN5212/MIMIC-CXR/p10/p10/p10071403/s51389402.txt,Pneumonia,positive,positive,False,,"A worsening patchy opacity at the medial right lung base could reflect atelectasis, aspiration, or developing infectious pneumonia."
10071403,51389402,/mnt/c/Users/Zila/Downloads/BN5212/MIMIC-CXR/p10/p10/p10071403/s51389402.txt,Pulmonary edema,positive,positive,False,,"As compared to previous radiograph of 2 days earlier, pulmonary edema has in approved in severity and a small to moderate left pleural effusion has slightly decreased in size with associated improving adjacent left basilar atelectasis or consolidation."
10071403,51389402,/mnt/c/Users/Zila/Downloads/BN5212/MIMIC-CXR/p10/p10/p10071403/s51389402.txt,Term,positive,positive,False,,Short-term followup radiographs may be helpful in this regard.
10071403,53732712,/mnt/c/Users/Zila/Downloads/BN5212/MIMIC-CXR/p10/p10/p10071403/s53732712.txt,Cardiomegaly,positive,positive,False,,"As compared to ___ chest radiograph, cardiomegaly is now accompanied by pulmonary vascular congestion and interstitial edema."
10071403,53732712,/mnt/c/Users/Zila/Downloads/BN5212/MIMIC-CXR/p10/p10/p10071403/s53732712.txt,Edema,positive,positive,False,,"As compared to ___ chest radiograph, cardiomegaly is now accompanied by pulmonary vascular congestion and interstitial edema."
10071403,53732712,/mnt/c/Users/Zila/Downloads/BN5212/MIMIC-CXR/p10/p10/p10071403/s53732712.txt,Pleural effusion,positive,positive,False,,Moderate left pleural effusion has apparently slightly increased in size with associated worsening adjacent atelectasis and or consolidation of the left lung base.
10071403,55130499,/mnt/c/Users/Zila/Downloads/BN5212/MIMIC-CXR/p10/p10/p10071403/s55130499.txt,Pleural effusion,positive,positive,False,,Left pleural effusion and left basal mass consolidation are unchanged.
10071403,58362117,/mnt/c/Users/Zila/Downloads/BN5212/MIMIC-CXR/p10/p10/p10071403/s58362117.txt,Pleural effusion,positive,positive,False,,"In comparison to chest radiographs dated ___, there is new left lower lobe collapse with an increased left pleural effusion. | New left lower lobe collapse and an increased, now moderate, left pleural effusion."
10071620,50877078,/mnt/c/Users/Zila/Downloads/BN5212/MIMIC-CXR/p10/p10/p10071620/s50877078.txt,Fractures,positive,positive,False,,Prior old rib fractures of the left fifth and sixth ribs are seen.
10071620,50877078,/mnt/c/Users/Zila/Downloads/BN5212/MIMIC-CXR/p10/p10/p10071620/s50877078.txt,Pleural effusion,negative,negative,False,,"There is no focal consolidation, pleural effusion or pneumothorax."
10071620,58349596,/mnt/c/Users/Zila/Downloads/BN5212/MIMIC-CXR/p10/p10/p10071620/s58349596.txt,Fractures,positive,positive,False,,Multiple healed rib fractures noted.
10071690,59119498,/mnt/c/Users/Zila/Downloads/BN5212/MIMIC-CXR/p10/p10/p10071690/s59119498.txt,Pleural effusion,negative,negative,False,,No pleural effusion or pneumothorax is present.
10071766,56655222,/mnt/c/Users/Zila/Downloads/BN5212/MIMIC-CXR/p10/p10/p10071766/s56655222.txt,Multiple myeloma,positive,positive,False,,multiple myeloma) or prior imaging to assess stability. | multiple myeloma) and comparison with prior imaging to assess stability.
10071766,56655222,/mnt/c/Users/Zila/Downloads/BN5212/MIMIC-CXR/p10/p10/p10071766/s56655222.txt,Pleural effusion,negative,negative,False,,"Lungs are clear without any focal opacities, pleural effusion or pulmonary edema."
10071766,56655222,/mnt/c/Users/Zila/Downloads/BN5212/MIMIC-CXR/p10/p10/p10071766/s56655222.txt,Pulmonary edema,negative,negative,False,,"Lungs are clear without any focal opacities, pleural effusion or pulmonary edema."
10071869,50216971,/mnt/c/Users/Zila/Downloads/BN5212/MIMIC-CXR/p10/p10/p10071869/s50216971.txt,Cardiomegaly,positive,positive,False,,Moderate cardiomegaly persists.
10071869,53370316,/mnt/c/Users/Zila/Downloads/BN5212/MIMIC-CXR/p10/p10/p10071869/s53370316.txt,Pneumonia,positive,positive,False,,Observed findings may be due to a combination of widespread pneumonia and pulmonary edema.
10071869,53370316,/mnt/c/Users/Zila/Downloads/BN5212/MIMIC-CXR/p10/p10/p10071869/s53370316.txt,Pulmonary edema,positive,positive,False,,Observed findings may be due to a combination of widespread pneumonia and pulmonary edema.
10071869,54202380,/mnt/c/Users/Zila/Downloads/BN5212/MIMIC-CXR/p10/p10/p10071869/s54202380.txt,Pleural effusion,positive,positive,False,,Pleural effusion is small if any.
10071869,54271988,/mnt/c/Users/Zila/Downloads/BN5212/MIMIC-CXR/p10/p10/p10071869/s54271988.txt,Pleural effusion,negative,negative,False,,No large pleural effusion.
10071869,54271988,/mnt/c/Users/Zila/Downloads/BN5212/MIMIC-CXR/p10/p10/p10071869/s54271988.txt,Pneumonia,positive,positive,False,,"Right greater than left pulmonary opacities have increased since 4 days prior, compatible with multifocal pneumonia."
10071869,55911123,/mnt/c/Users/Zila/Downloads/BN5212/MIMIC-CXR/p10/p10/p10071869/s55911123.txt,Pneumonia,positive,positive,False,,The accompanying increase in caliber of the mediastinum due to greater vascular engorgement suggests that the interval progression may be due to deposition of pulmonary edema on what could have been pneumonia.
10071869,55911123,/mnt/c/Users/Zila/Downloads/BN5212/MIMIC-CXR/p10/p10/p10071869/s55911123.txt,Pulmonary edema,positive,positive,False,,The accompanying increase in caliber of the mediastinum due to greater vascular engorgement suggests that the interval progression may be due to deposition of pulmonary edema on what could have been pneumonia.
10071869,56653718,/mnt/c/Users/Zila/Downloads/BN5212/MIMIC-CXR/p10/p10/p10071869/s56653718.txt,Edema,uncertain,uncertain,True,,"Difficult to exclude a component of edema. | Extensive bilateral pulmonary opacities concerning for multifocal pneumonia, likely with a component of edema."
10071869,56653718,/mnt/c/Users/Zila/Downloads/BN5212/MIMIC-CXR/p10/p10/p10071869/s56653718.txt,Pneumonia,uncertain,uncertain,True,,"Extensive bilateral pulmonary opacities concerning for pneumonia. | Extensive bilateral pulmonary opacities concerning for multifocal pneumonia, likely with a component of edema."
10072153,54655799,/mnt/c/Users/Zila/Downloads/BN5212/MIMIC-CXR/p10/p10/p10072153/s54655799.txt,Pneumonia,uncertain,uncertain,True,,"Evidence of failure, basilar pneumonia not excluded."
10072153,55066102,/mnt/c/Users/Zila/Downloads/BN5212/MIMIC-CXR/p10/p10/p10072153/s55066102.txt,Cardiomegaly,positive,positive,False,,The resulting atelectasis at the left and right lung bases as well as the cardiomegaly with mild pulmonary edema persist.
10072153,55066102,/mnt/c/Users/Zila/Downloads/BN5212/MIMIC-CXR/p10/p10/p10072153/s55066102.txt,Pleural effusion,positive,positive|uncertain,True,,"As compared to the previous radiograph, the pre-existing right pleural effusion has minimally increased. | Blunting of the left costophrenic sinus, so that the presence of a small pleural effusion cannot be excluded."
10072153,55066102,/mnt/c/Users/Zila/Downloads/BN5212/MIMIC-CXR/p10/p10/p10072153/s55066102.txt,Pulmonary edema,positive,positive,False,,The resulting atelectasis at the left and right lung bases as well as the cardiomegaly with mild pulmonary edema persist.
10072153,59129101,/mnt/c/Users/Zila/Downloads/BN5212/MIMIC-CXR/p10/p10/p10072153/s59129101.txt,Cardiomegaly,positive,positive,False,,"The effusions are seen, in combination with moderate cardiomegaly and signs of mild-to-moderate fluid overload."
10072153,59129101,/mnt/c/Users/Zila/Downloads/BN5212/MIMIC-CXR/p10/p10/p10072153/s59129101.txt,Fluid overload,positive,positive,False,,"The effusions are seen, in combination with moderate cardiomegaly and signs of mild-to-moderate fluid overload."
10072167,53625240,/mnt/c/Users/Zila/Downloads/BN5212/MIMIC-CXR/p10/p10/p10072167/s53625240.txt,Pleural effusion,negative,negative,False,,There is no pleural effusion or pneumothorax.
10072167,53950117,/mnt/c/Users/Zila/Downloads/BN5212/MIMIC-CXR/p10/p10/p10072167/s53950117.txt,Pleural effusion,negative,negative,False,,There is no pleural effusion or pneumothorax.
10072167,55283974,/mnt/c/Users/Zila/Downloads/BN5212/MIMIC-CXR/p10/p10/p10072167/s55283974.txt,Pleural effusion,negative,negative,False,,"No pneumonia, vascular congestion, or pleural effusion."
10072167,55283974,/mnt/c/Users/Zila/Downloads/BN5212/MIMIC-CXR/p10/p10/p10072167/s55283974.txt,Pneumonia,negative,negative,False,,"No pneumonia, vascular congestion, or pleural effusion."
10072264,53451069,/mnt/c/Users/Zila/Downloads/BN5212/MIMIC-CXR/p10/p10/p10072264/s53451069.txt,Cardiomegaly,positive,positive,False,,"Low lung volumes exaggerate the extent of mild cardiomegaly and hilar size, but pulmonary arteries are dilated."
10072264,53451069,/mnt/c/Users/Zila/Downloads/BN5212/MIMIC-CXR/p10/p10/p10072264/s53451069.txt,Pleural effusion,positive,positive,False,,"Pleural effusion is small, on the right, if any."
10072264,53451069,/mnt/c/Users/Zila/Downloads/BN5212/MIMIC-CXR/p10/p10/p10072264/s53451069.txt,Pulmonary edema,negative,negative,False,,There is no pulmonary edema.
10072264,54246115,/mnt/c/Users/Zila/Downloads/BN5212/MIMIC-CXR/p10/p10/p10072264/s54246115.txt,Cardiomegaly,positive,positive,False,,Unchanged mild cardiomegaly without pulmonary edema.
10072264,54246115,/mnt/c/Users/Zila/Downloads/BN5212/MIMIC-CXR/p10/p10/p10072264/s54246115.txt,Pleural effusion,conflicting,negative|positive|uncertain,True,,"Blunting of the right costophrenic angle persists, potentially reflective of a trace right pleural effusion. | No left-sided pleural effusion or pneumothorax is present. | Bibasilar atelectasis and possible trace right pleural effusion."
10072264,54246115,/mnt/c/Users/Zila/Downloads/BN5212/MIMIC-CXR/p10/p10/p10072264/s54246115.txt,Pulmonary edema,negative,negative,False,,Crowding of bronchovascular structures is present without overt pulmonary edema. | Unchanged mild cardiomegaly without pulmonary edema.
10072890,57844374,/mnt/c/Users/Zila/Downloads/BN5212/MIMIC-CXR/p10/p10/p10072890/s57844374.txt,Hemorrhage,positive,positive,False,,There are several bilateral ill-defined opacities which likely correspond to postprocedural hemorrhage.
10072945,54011869,/mnt/c/Users/Zila/Downloads/BN5212/MIMIC-CXR/p10/p10/p10072945/s54011869.txt,Pneumonia,negative,negative,False,,"However, there is no other parenchymal abnormality, notably no evidence of pneumonia or pulmonary edema."
10072945,54011869,/mnt/c/Users/Zila/Downloads/BN5212/MIMIC-CXR/p10/p10/p10072945/s54011869.txt,Pulmonary edema,negative,negative,False,,"However, there is no other parenchymal abnormality, notably no evidence of pneumonia or pulmonary edema."
10072945,54011869,/mnt/c/Users/Zila/Downloads/BN5212/MIMIC-CXR/p10/p10/p10072945/s54011869.txt,Scoliosis,positive,positive,False,,Mild scoliosis of the thoracic spine.
10072945,58239820,/mnt/c/Users/Zila/Downloads/BN5212/MIMIC-CXR/p10/p10/p10072945/s58239820.txt,Pleural effusion,negative,negative,False,,There is no pleural effusion or pneumothorax.
10073182,51617685,/mnt/c/Users/Zila/Downloads/BN5212/MIMIC-CXR/p10/p10/p10073182/s51617685.txt,Hernia,positive,positive,False,,Hiatal hernia is again noted.
10073182,56721247,/mnt/c/Users/Zila/Downloads/BN5212/MIMIC-CXR/p10/p10/p10073182/s56721247.txt,Edema,positive,positive,False,,"As compared to ___ radiograph, bilateral interstitial opacities affecting the left lung to a greater degree than the right have worsened, and may reflect asymmetrical edema or atypical pneumonia."
10073182,56721247,/mnt/c/Users/Zila/Downloads/BN5212/MIMIC-CXR/p10/p10/p10073182/s56721247.txt,Pleural effusion,positive,positive,False,,Small left pleural effusion is also evident.
10073182,56721247,/mnt/c/Users/Zila/Downloads/BN5212/MIMIC-CXR/p10/p10/p10073182/s56721247.txt,Pneumonia,positive,positive,False,,"As compared to ___ radiograph, bilateral interstitial opacities affecting the left lung to a greater degree than the right have worsened, and may reflect asymmetrical edema or atypical pneumonia."
10073336,55528000,/mnt/c/Users/Zila/Downloads/BN5212/MIMIC-CXR/p10/p10/p10073336/s55528000.txt,Pulmonary edema,negative,negative,False,,No pulmonary edema.
10073336,57056744,/mnt/c/Users/Zila/Downloads/BN5212/MIMIC-CXR/p10/p10/p10073336/s57056744.txt,Pulmonary edema,negative,negative,False,,No pulmonary edema.
10073544,50569442,/mnt/c/Users/Zila/Downloads/BN5212/MIMIC-CXR/p10/p10/p10073544/s50569442.txt,Fractures,negative,negative,False,,No evidence of rib fractures.
10073544,50569442,/mnt/c/Users/Zila/Downloads/BN5212/MIMIC-CXR/p10/p10/p10073544/s50569442.txt,Pleural effusion,negative,negative,False,,There is no pleural effusion or pneumothorax.
10073646,54852967,/mnt/c/Users/Zila/Downloads/BN5212/MIMIC-CXR/p10/p10/p10073646/s54852967.txt,Cardiomegaly,positive,positive,False,,Moderate cardiomegaly with minimal fluid overload persists.
10073646,54852967,/mnt/c/Users/Zila/Downloads/BN5212/MIMIC-CXR/p10/p10/p10073646/s54852967.txt,Fluid overload,positive,positive,False,,Moderate cardiomegaly with minimal fluid overload persists.
10073646,54852967,/mnt/c/Users/Zila/Downloads/BN5212/MIMIC-CXR/p10/p10/p10073646/s54852967.txt,Fractures,negative,negative,False,,No new all rib fractures.
10073646,55302510,/mnt/c/Users/Zila/Downloads/BN5212/MIMIC-CXR/p10/p10/p10073646/s55302510.txt,Cardiomegaly,positive,positive,False,,There is substantial cardiomegaly.
10073646,55302510,/mnt/c/Users/Zila/Downloads/BN5212/MIMIC-CXR/p10/p10/p10073646/s55302510.txt,Pleural effusion,positive,positive,False,,"There is likely a small right pleural effusion, which is unchanged."
10073847,50470993,/mnt/c/Users/Zila/Downloads/BN5212/MIMIC-CXR/p10/p10/p10073847/s50470993.txt,Pneumonia,negative,negative,False,,No focal airspace consolidation is seen to suggest pneumonia.
10073847,50470993,/mnt/c/Users/Zila/Downloads/BN5212/MIMIC-CXR/p10/p10/p10073847/s50470993.txt,Pulmonary edema,negative,negative,False,,"No pleural effusions, pneumothorax or pulmonary edema."
10073847,51563555,/mnt/c/Users/Zila/Downloads/BN5212/MIMIC-CXR/p10/p10/p10073847/s51563555.txt,Pleural effusion,negative,negative,False,,"In comparison with the study of ___, there is better inspiration with no evidence of acute pneumonia, vascular congestion, or pleural effusion."
10073847,51563555,/mnt/c/Users/Zila/Downloads/BN5212/MIMIC-CXR/p10/p10/p10073847/s51563555.txt,Pneumonia,negative,negative,False,,"In comparison with the study of ___, there is better inspiration with no evidence of acute pneumonia, vascular congestion, or pleural effusion."
10073847,52072814,/mnt/c/Users/Zila/Downloads/BN5212/MIMIC-CXR/p10/p10/p10073847/s52072814.txt,Pleural effusion,negative,negative,False,,"No focal consolidation, pleural effusion or pneumothorax."
10073847,52318649,/mnt/c/Users/Zila/Downloads/BN5212/MIMIC-CXR/p10/p10/p10073847/s52318649.txt,Bronchitis,positive,positive,False,,"No new areas of consolidation are identified, but note is made of prominent central peribronchial cuffing, which could be secondary to bronchitis or aspiration in the appropriate clinical setting."
10073847,52511930,/mnt/c/Users/Zila/Downloads/BN5212/MIMIC-CXR/p10/p10/p10073847/s52511930.txt,Pleural effusion,negative,negative,False,,There is no pleural effusion or pneumothorax.
10073847,53607195,/mnt/c/Users/Zila/Downloads/BN5212/MIMIC-CXR/p10/p10/p10073847/s53607195.txt,Pleural effusion,negative,negative,False,,There is no pleural effusion or pneumothorax.
10073847,54806306,/mnt/c/Users/Zila/Downloads/BN5212/MIMIC-CXR/p10/p10/p10073847/s54806306.txt,Pulmonary edema,negative,negative,False,,There are no signs for overt pulmonary edema.
10073847,55561081,/mnt/c/Users/Zila/Downloads/BN5212/MIMIC-CXR/p10/p10/p10073847/s55561081.txt,Pleural effusion,positive,positive,False,,Small pleural effusion may be present on the right.
10073847,55937094,/mnt/c/Users/Zila/Downloads/BN5212/MIMIC-CXR/p10/p10/p10073847/s55937094.txt,Cardiomegaly,positive,positive,False,,Moderate cardiomegaly unchanged.
10073847,55937094,/mnt/c/Users/Zila/Downloads/BN5212/MIMIC-CXR/p10/p10/p10073847/s55937094.txt,Edema,positive,positive,False,,"Since pulmonary and mediastinal vasculature are more engorged, some of the change could be due to concurrent edema, as well as crowding of previous abnormalities due to lower lung volumes, but possibility of worsening pneumonia should be considered."
10073847,55937094,/mnt/c/Users/Zila/Downloads/BN5212/MIMIC-CXR/p10/p10/p10073847/s55937094.txt,Pleural effusion,negative,negative,False,,No appreciable pleural effusion or pneumothorax.
10073847,55937094,/mnt/c/Users/Zila/Downloads/BN5212/MIMIC-CXR/p10/p10/p10073847/s55937094.txt,Pneumonia,positive,positive,False,,"Since pulmonary and mediastinal vasculature are more engorged, some of the change could be due to concurrent edema, as well as crowding of previous abnormalities due to lower lung volumes, but possibility of worsening pneumonia should be considered."
10073847,57134488,/mnt/c/Users/Zila/Downloads/BN5212/MIMIC-CXR/p10/p10/p10073847/s57134488.txt,Pneumonia,negative,negative,False,,No evidence of pneumonia.
10073847,57900053,/mnt/c/Users/Zila/Downloads/BN5212/MIMIC-CXR/p10/p10/p10073847/s57900053.txt,Pleural effusion,negative,negative,False,,"On today's radiograph, there is no evidence of pleural effusion."
10073847,57900053,/mnt/c/Users/Zila/Downloads/BN5212/MIMIC-CXR/p10/p10/p10073847/s57900053.txt,Pneumonia,negative,negative,False,,"Minimal basal areas of atelectasis, but no pneumonia or pulmonary edema."
10073847,57900053,/mnt/c/Users/Zila/Downloads/BN5212/MIMIC-CXR/p10/p10/p10073847/s57900053.txt,Pulmonary edema,negative,negative,False,,"Minimal basal areas of atelectasis, but no pneumonia or pulmonary edema."
10074282,51450408,/mnt/c/Users/Zila/Downloads/BN5212/MIMIC-CXR/p10/p10/p10074282/s51450408.txt,Cardiomegaly,uncertain,uncertain,True,,Probable mild cardiomegaly.
10074282,51450408,/mnt/c/Users/Zila/Downloads/BN5212/MIMIC-CXR/p10/p10/p10074282/s51450408.txt,Pulmonary edema,positive,positive,False,,"Given the rapid change, this likely reflects area pulmonary edema. | Given the rapid interval improvement this likely represented pulmonary edema."
10074282,51903341,/mnt/c/Users/Zila/Downloads/BN5212/MIMIC-CXR/p10/p10/p10074282/s51903341.txt,Pulmonary edema,negative,negative,False,,No pulmonary edema
10074282,55129139,/mnt/c/Users/Zila/Downloads/BN5212/MIMIC-CXR/p10/p10/p10074282/s55129139.txt,Pleural effusion,uncertain,uncertain,True,,"Within the left lung, there is a subtle opacity at the left base which is probably due to a combination of a small pleural effusion and adjacent atelectasis as demonstrated on recent CT abdomen of ___."
10074282,55129139,/mnt/c/Users/Zila/Downloads/BN5212/MIMIC-CXR/p10/p10/p10074282/s55129139.txt,Pneumonia,negative,negative,False,,No definite new areas of consolidation are identified to suggest an infectious pneumonia.
10074282,56730462,/mnt/c/Users/Zila/Downloads/BN5212/MIMIC-CXR/p10/p10/p10074282/s56730462.txt,Pleural effusion,positive,positive,False,,Small right pleural effusion.
10074282,56730462,/mnt/c/Users/Zila/Downloads/BN5212/MIMIC-CXR/p10/p10/p10074282/s56730462.txt,Pneumonia,uncertain,uncertain,True,,New right lower lobe opacity concerning for pneumonia or aspiration.
10074321,52215958,/mnt/c/Users/Zila/Downloads/BN5212/MIMIC-CXR/p10/p10/p10074321/s52215958.txt,Pleural effusion,negative,negative,False,,There is no pleural effusion or pneumothorax.
10074321,53894176,/mnt/c/Users/Zila/Downloads/BN5212/MIMIC-CXR/p10/p10/p10074321/s53894176.txt,Pleural effusion,negative,negative,False,,There is no pleural effusion or pneumothorax.
10074323,52846390,/mnt/c/Users/Zila/Downloads/BN5212/MIMIC-CXR/p10/p10/p10074323/s52846390.txt,Pleural effusion,negative,negative,False,,No large pleural effusion or pneumothorax.
10074323,54031601,/mnt/c/Users/Zila/Downloads/BN5212/MIMIC-CXR/p10/p10/p10074323/s54031601.txt,Cardiomegaly,positive,positive,False,,Moderate cardiomegaly.
10074323,54031601,/mnt/c/Users/Zila/Downloads/BN5212/MIMIC-CXR/p10/p10/p10074323/s54031601.txt,Fluid overload,positive,positive,False,,Minimal fluid overload.
10074323,54031601,/mnt/c/Users/Zila/Downloads/BN5212/MIMIC-CXR/p10/p10/p10074323/s54031601.txt,Pneumonia,negative,negative,False,,Atelectasis at the lung bases but no evidence of pneumonia.
10074323,57695149,/mnt/c/Users/Zila/Downloads/BN5212/MIMIC-CXR/p10/p10/p10074323/s57695149.txt,Bronchiectasis,positive,positive,False,,Bronchiectasis seen on the prior CT chest from ___ might reflect chronic aspiration as well.
10074434,50250623,/mnt/c/Users/Zila/Downloads/BN5212/MIMIC-CXR/p10/p10/p10074434/s50250623.txt,Cardiomegaly,positive,positive,False,,Frontal and lateral chest radiographs demonstrate stable cardiomegaly with predominantly left ventricle enlargement. | Stable moderate cardiomegaly with predominantly left ventricle enlargement.
10074434,50250623,/mnt/c/Users/Zila/Downloads/BN5212/MIMIC-CXR/p10/p10/p10074434/s50250623.txt,Pleural effusion,negative,negative,False,,No pleural effusion or pneumothorax present.
10074434,51649373,/mnt/c/Users/Zila/Downloads/BN5212/MIMIC-CXR/p10/p10/p10074434/s51649373.txt,Cardiomegaly,positive,positive,False,,"Mild cardiomegaly, stable."
10074434,51649373,/mnt/c/Users/Zila/Downloads/BN5212/MIMIC-CXR/p10/p10/p10074434/s51649373.txt,Pneumonia,negative,negative,False,,Lungs are clear without signs of pneumonia or CHF.
10074434,54951608,/mnt/c/Users/Zila/Downloads/BN5212/MIMIC-CXR/p10/p10/p10074434/s54951608.txt,Kyphosis,positive,positive,False,,Thoracic kyphosis is re-demonstrated.
10074434,54951608,/mnt/c/Users/Zila/Downloads/BN5212/MIMIC-CXR/p10/p10/p10074434/s54951608.txt,Pleural effusion,negative,negative,False,,"There is no evidence of focal consolidation, pleural effusion, or pneumothorax."
10074434,57980377,/mnt/c/Users/Zila/Downloads/BN5212/MIMIC-CXR/p10/p10/p10074434/s57980377.txt,Cardiomegaly,positive,positive,False,,Moderate cardiomegaly is chronic but there is no pulmonary vascular congestion or other evidence of acute cardiac decompensation.
10074434,57980377,/mnt/c/Users/Zila/Downloads/BN5212/MIMIC-CXR/p10/p10/p10074434/s57980377.txt,Emphysema,positive,positive,False,,"Hyperinflation reflects substantial emphysema, a chronic finding."
10074434,57980377,/mnt/c/Users/Zila/Downloads/BN5212/MIMIC-CXR/p10/p10/p10074434/s57980377.txt,Pleural effusion,negative,negative,False,,No central adenopathy or pleural effusion.
10074556,52494638,/mnt/c/Users/Zila/Downloads/BN5212/MIMIC-CXR/p10/p10/p10074556/s52494638.txt,Pleural effusion,negative,negative,False,,There is no pulmonary edema or pleural effusion.
10074556,52494638,/mnt/c/Users/Zila/Downloads/BN5212/MIMIC-CXR/p10/p10/p10074556/s52494638.txt,Pulmonary edema,negative,negative,False,,There is no pulmonary edema or pleural effusion.
10074556,52583306,/mnt/c/Users/Zila/Downloads/BN5212/MIMIC-CXR/p10/p10/p10074556/s52583306.txt,Pleural effusion,positive,positive,False,,"Bilateral areas of atelectasis with, potentially, a small left pleural effusion."
10074556,53079175,/mnt/c/Users/Zila/Downloads/BN5212/MIMIC-CXR/p10/p10/p10074556/s53079175.txt,Fluid overload,positive,positive,False,,Mild fluid overload but no overt pulmonary edema.
10074556,53079175,/mnt/c/Users/Zila/Downloads/BN5212/MIMIC-CXR/p10/p10/p10074556/s53079175.txt,Pneumonia,negative,negative,False,,No pneumonia.
10074556,53079175,/mnt/c/Users/Zila/Downloads/BN5212/MIMIC-CXR/p10/p10/p10074556/s53079175.txt,Pulmonary edema,negative,negative,False,,Mild fluid overload but no overt pulmonary edema.
10074556,58876517,/mnt/c/Users/Zila/Downloads/BN5212/MIMIC-CXR/p10/p10/p10074556/s58876517.txt,Pleural effusion,positive,positive,False,,Minimal left pleural effusion with left retrocardiac atelectasis.
10074556,58876517,/mnt/c/Users/Zila/Downloads/BN5212/MIMIC-CXR/p10/p10/p10074556/s58876517.txt,Pneumonia,negative,negative,False,,"No pneumonia, no pulmonary edema."
10074556,58876517,/mnt/c/Users/Zila/Downloads/BN5212/MIMIC-CXR/p10/p10/p10074556/s58876517.txt,Pulmonary edema,negative,negative,False,,"No pneumonia, no pulmonary edema."
10074567,58718684,/mnt/c/Users/Zila/Downloads/BN5212/MIMIC-CXR/p10/p10/p10074567/s58718684.txt,Pleural effusion,negative,negative,False,,No pleural effusion or pneumothorax is seen.
10074605,59245019,/mnt/c/Users/Zila/Downloads/BN5212/MIMIC-CXR/p10/p10/p10074605/s59245019.txt,Pleural effusion,negative,negative,False,,"There is no pneumothorax, pleural effusion, or consolidation."
10074649,55224562,/mnt/c/Users/Zila/Downloads/BN5212/MIMIC-CXR/p10/p10/p10074649/s55224562.txt,Pleural effusion,negative,negative,False,,No pleural effusion or pneumothorax is seen. | No pleural effusion.
10074908,51534562,/mnt/c/Users/Zila/Downloads/BN5212/MIMIC-CXR/p10/p10/p10074908/s51534562.txt,Fractures,positive,positive,False,,Single frontal view shows old healed rib fractures on the left without definite acute fracture or pneumothorax.
10074908,51534562,/mnt/c/Users/Zila/Downloads/BN5212/MIMIC-CXR/p10/p10/p10074908/s51534562.txt,Pleural effusion,negative,negative,False,,"There are lower lung volumes, but no evidence of acute pneumonia, vascular congestion, or pleural effusion."
10074908,51534562,/mnt/c/Users/Zila/Downloads/BN5212/MIMIC-CXR/p10/p10/p10074908/s51534562.txt,Pneumonia,negative,negative,False,,"There are lower lung volumes, but no evidence of acute pneumonia, vascular congestion, or pleural effusion."
10075002,56977907,/mnt/c/Users/Zila/Downloads/BN5212/MIMIC-CXR/p10/p10/p10075002/s56977907.txt,Cardiomegaly,positive,positive,False,,Moderate cardiomegaly without frank pulmonary edema.
10075002,56977907,/mnt/c/Users/Zila/Downloads/BN5212/MIMIC-CXR/p10/p10/p10075002/s56977907.txt,Pleural effusion,negative,negative,False,,There is no pleural effusion or pneumothorax.
10075002,56977907,/mnt/c/Users/Zila/Downloads/BN5212/MIMIC-CXR/p10/p10/p10075002/s56977907.txt,Pulmonary edema,negative,negative,False,,The cardiac silhouette is moderately enlarged without frank pulmonary edema. | Moderate cardiomegaly without frank pulmonary edema.
10075925,51010496,/mnt/c/Users/Zila/Downloads/BN5212/MIMIC-CXR/p10/p10/p10075925/s51010496.txt,Cardiomegaly,positive,positive,False,,Mild cardiomegaly has increased compared with the immediate prior study. | New mild pulmonary vascular congestion with mild to moderate interstitial pulmonary edema and increased mild cardiomegaly.
10075925,51010496,/mnt/c/Users/Zila/Downloads/BN5212/MIMIC-CXR/p10/p10/p10075925/s51010496.txt,Pleural effusion,negative,negative,False,,"There is no pleural effusion, pneumothorax, or focal consolidation."
10075925,51010496,/mnt/c/Users/Zila/Downloads/BN5212/MIMIC-CXR/p10/p10/p10075925/s51010496.txt,Pulmonary edema,positive,positive,False,,Mild pulmonary vascular congestion with mild to moderate interstitial pulmonary edema are new compared with the prior study. | New mild pulmonary vascular congestion with mild to moderate interstitial pulmonary edema and increased mild cardiomegaly.
10076095,51516696,/mnt/c/Users/Zila/Downloads/BN5212/MIMIC-CXR/p10/p10/p10076095/s51516696.txt,Pleural effusion,negative,negative,False,,There is no pleural effusion or pneumothorax.
10076095,51516696,/mnt/c/Users/Zila/Downloads/BN5212/MIMIC-CXR/p10/p10/p10076095/s51516696.txt,Pneumonia,negative,negative,False,,The lungs are well-expanded and clear without focal consolidation concerning for pneumonia.
10076144,51491771,/mnt/c/Users/Zila/Downloads/BN5212/MIMIC-CXR/p10/p10/p10076144/s51491771.txt,Pneumonia,negative,negative,False,,No evidence of pneumonia.
10076144,54873685,/mnt/c/Users/Zila/Downloads/BN5212/MIMIC-CXR/p10/p10/p10076144/s54873685.txt,Pleural effusion,negative,negative,False,,"PA and lateral views of the chest shows clear lungs with no focal opacity, pleural effusion or pneumothorax."
10076144,58535769,/mnt/c/Users/Zila/Downloads/BN5212/MIMIC-CXR/p10/p10/p10076144/s58535769.txt,Pleural effusion,negative,negative,False,,There is no pneumothorax or pleural effusion.
10076263,51723085,/mnt/c/Users/Zila/Downloads/BN5212/MIMIC-CXR/p10/p10/p10076263/s51723085.txt,Pleural effusion,negative,negative,False,,There is no pleural effusion or pneumothorax.
10076263,58170135,/mnt/c/Users/Zila/Downloads/BN5212/MIMIC-CXR/p10/p10/p10076263/s58170135.txt,Fractures,negative,negative,False,,No fractures present.
10076263,58170135,/mnt/c/Users/Zila/Downloads/BN5212/MIMIC-CXR/p10/p10/p10076263/s58170135.txt,Pleural effusion,negative,negative,False,,No pleural effusion or pneumothorax identified.
10076263,58861262,/mnt/c/Users/Zila/Downloads/BN5212/MIMIC-CXR/p10/p10/p10076263/s58861262.txt,Pleural effusion,negative,negative,False,,There is no pleural effusion or pneumothorax.
10076272,58567892,/mnt/c/Users/Zila/Downloads/BN5212/MIMIC-CXR/p10/p10/p10076272/s58567892.txt,Pleural effusion,negative,negative,False,,"There is no pneumothorax, focal consolidation, or pleural effusion."
10076492,54413342,/mnt/c/Users/Zila/Downloads/BN5212/MIMIC-CXR/p10/p10/p10076492/s54413342.txt,Pleural effusion,positive,positive,False,,With persistent adjacent small left pleural effusion.
10076526,50032808,/mnt/c/Users/Zila/Downloads/BN5212/MIMIC-CXR/p10/p10/p10076526/s50032808.txt,Aspiration pneumonia,positive,positive,False,,Differential diagnosis includes aspiration pneumonia (given history of seizure) and asymmetrical pulmonary edema.
10076526,50032808,/mnt/c/Users/Zila/Downloads/BN5212/MIMIC-CXR/p10/p10/p10076526/s50032808.txt,Pulmonary edema,positive,positive,False,,Differential diagnosis includes aspiration pneumonia (given history of seizure) and asymmetrical pulmonary edema.
10076526,50896827,/mnt/c/Users/Zila/Downloads/BN5212/MIMIC-CXR/p10/p10/p10076526/s50896827.txt,Pneumonia,uncertain,uncertain,True,,"Since the prior exam, there is again noted to be extensive pulmonary airspace consolidation, slightly more confluent in the right lung, concerning for pneumonia. | Diffuse pulmonary airspace consolidation concerning for pneumonia and/or pulmonary edema."
10076526,50896827,/mnt/c/Users/Zila/Downloads/BN5212/MIMIC-CXR/p10/p10/p10076526/s50896827.txt,Pulmonary edema,positive,positive|uncertain,True,,The possibility of pulmonary edema is also raised. | Diffuse pulmonary airspace consolidation concerning for pneumonia and/or pulmonary edema.
10076526,54021960,/mnt/c/Users/Zila/Downloads/BN5212/MIMIC-CXR/p10/p10/p10076526/s54021960.txt,Edema,positive,positive,False,,"Perihilar opacification, right greater than left is unchanged as is mild edema. | Bilateral perihilar opacification and mild edema are unchanged."
10076526,54021960,/mnt/c/Users/Zila/Downloads/BN5212/MIMIC-CXR/p10/p10/p10076526/s54021960.txt,Pleural effusion,negative,negative,False,,There is no large pleural effusion or pneumothorax.
10076526,59199952,/mnt/c/Users/Zila/Downloads/BN5212/MIMIC-CXR/p10/p10/p10076526/s59199952.txt,Pneumonia,positive,positive,False,,Interval clearing of multifocal pneumonia
10076549,57094382,/mnt/c/Users/Zila/Downloads/BN5212/MIMIC-CXR/p10/p10/p10076549/s57094382.txt,Pectus excavatum,positive,positive,False,,PA and lateral views of the chest provided demonstrate obscuration of the right heart border which is likely due to the pectus excavatum deformity. | Obscuration of the right hemidiaphragm due to pectus excavatum deformity.
10076549,57094382,/mnt/c/Users/Zila/Downloads/BN5212/MIMIC-CXR/p10/p10/p10076549/s57094382.txt,Pleural effusion,negative,negative,False,,No pleural effusion or pneumothorax seen.
10076549,57094382,/mnt/c/Users/Zila/Downloads/BN5212/MIMIC-CXR/p10/p10/p10076549/s57094382.txt,Pneumonia,negative,negative,False,,No definite sign of pneumonia or CHF.
10076616,51437161,/mnt/c/Users/Zila/Downloads/BN5212/MIMIC-CXR/p10/p10/p10076616/s51437161.txt,Pleural effusion,positive,positive,False,,Consider a standard PA and lateral chest x-ray to exclude the possibility of a small left pleural effusion when the patient's condition permits.
10076617,54255555,/mnt/c/Users/Zila/Downloads/BN5212/MIMIC-CXR/p10/p10/p10076617/s54255555.txt,Edema,negative,negative,False,,"The lungs are otherwise clear without focal consolidation, effusion, or edema."
10076617,54989308,/mnt/c/Users/Zila/Downloads/BN5212/MIMIC-CXR/p10/p10/p10076617/s54989308.txt,Pleural effusion,negative,negative,False,,"There is no focal consolidation, pleural effusion or pneumothorax."
10076617,57107231,/mnt/c/Users/Zila/Downloads/BN5212/MIMIC-CXR/p10/p10/p10076617/s57107231.txt,Pleural effusion,negative,negative,False,,There is no pneumothorax or pleural effusion.
10076617,57107231,/mnt/c/Users/Zila/Downloads/BN5212/MIMIC-CXR/p10/p10/p10076617/s57107231.txt,Pulmonary edema,positive,positive,False,,"There is new engorgement and indistinctness of the pulmonary vasculature, consistent with moderate pulmonary edema. | New, moderate pulmonary edema."
10076617,57107231,/mnt/c/Users/Zila/Downloads/BN5212/MIMIC-CXR/p10/p10/p10076617/s57107231.txt,Scoliosis,positive,positive,False,,Mild right convex thoracic scoliosis.
10076617,58890733,/mnt/c/Users/Zila/Downloads/BN5212/MIMIC-CXR/p10/p10/p10076617/s58890733.txt,Pleural effusion,negative,negative,False,,No large pleural effusion is seen.
10076617,58890733,/mnt/c/Users/Zila/Downloads/BN5212/MIMIC-CXR/p10/p10/p10076617/s58890733.txt,Pulmonary edema,positive,positive,False,,Moderate pulmonary edema is re- demonstrated. | Re- demonstrated moderate pulmonary edema without definite focal consolidation.
10076958,50003651,/mnt/c/Users/Zila/Downloads/BN5212/MIMIC-CXR/p10/p10/p10076958/s50003651.txt,Pleural effusion,negative,negative,False,,There is no pleural effusion or pneumothorax.
10076958,50003651,/mnt/c/Users/Zila/Downloads/BN5212/MIMIC-CXR/p10/p10/p10076958/s50003651.txt,Vomiting,positive,positive,False,,Obstruction of the pull-up is a possibility to consider clinically in the setting of recent vomiting.
10076958,51036150,/mnt/c/Users/Zila/Downloads/BN5212/MIMIC-CXR/p10/p10/p10076958/s51036150.txt,Pleural effusion,positive,positive,False,,Slightly increased right basilar atelectasis and/or small pleural effusion. | Decreased small left pleural effusion.
10076958,51098622,/mnt/c/Users/Zila/Downloads/BN5212/MIMIC-CXR/p10/p10/p10076958/s51098622.txt,Pleural effusion,negative,negative,False,,There is no pleural effusion or pneumothorax.
10076958,51098622,/mnt/c/Users/Zila/Downloads/BN5212/MIMIC-CXR/p10/p10/p10076958/s51098622.txt,Pneumonia,negative,negative,False,,No new focal consolidation to suggest pneumonia.
10076958,51200380,/mnt/c/Users/Zila/Downloads/BN5212/MIMIC-CXR/p10/p10/p10076958/s51200380.txt,Pulmonary edema,positive,positive,False,,These findings together likely reflect interval development of mild-to-moderate pulmonary edema.
10076958,51561578,/mnt/c/Users/Zila/Downloads/BN5212/MIMIC-CXR/p10/p10/p10076958/s51561578.txt,Pleural effusion,negative,negative,False,,"Again noted is postoperative esophagus with gastric pull-up, with adjacent atelectasis.No pleural effusion or pneumothorax is seen."
10076958,51642095,/mnt/c/Users/Zila/Downloads/BN5212/MIMIC-CXR/p10/p10/p10076958/s51642095.txt,Emphysema,positive,positive,False,,Minimal right apical pneumothorax with right sided subcutaneous emphysema.
10076958,51642095,/mnt/c/Users/Zila/Downloads/BN5212/MIMIC-CXR/p10/p10/p10076958/s51642095.txt,Pulmonary edema,negative,negative,False,,No pulmonary edema or focal opacity.
10076958,51801244,/mnt/c/Users/Zila/Downloads/BN5212/MIMIC-CXR/p10/p10/p10076958/s51801244.txt,Pleural effusion,negative,negative,False,,"The lungs are clear without focal consolidation, pleural effusion or pneumothorax."
10076958,51809334,/mnt/c/Users/Zila/Downloads/BN5212/MIMIC-CXR/p10/p10/p10076958/s51809334.txt,Pulmonary edema,negative,negative,False,,No new focal opacity or pulmonary edema.
10076958,51811757,/mnt/c/Users/Zila/Downloads/BN5212/MIMIC-CXR/p10/p10/p10076958/s51811757.txt,Emphysema,positive,positive,False,,Interval removal of right chest tube with decrease in subcutaneous emphysema and resolution of right apical pneumothorax.
10076958,51916780,/mnt/c/Users/Zila/Downloads/BN5212/MIMIC-CXR/p10/p10/p10076958/s51916780.txt,Edema,positive,positive,False,,"New bilateral interstitial opacities in the mid and lower lungs may be due to interstitial edema or, in the appropriate clinical setting, an atypical pneumonia."
10076958,51916780,/mnt/c/Users/Zila/Downloads/BN5212/MIMIC-CXR/p10/p10/p10076958/s51916780.txt,Pneumonia,positive,positive,False,,"New bilateral interstitial opacities in the mid and lower lungs may be due to interstitial edema or, in the appropriate clinical setting, an atypical pneumonia."
10076958,54475823,/mnt/c/Users/Zila/Downloads/BN5212/MIMIC-CXR/p10/p10/p10076958/s54475823.txt,Edema,negative,negative,False,,"No edema, no larger pleural effusions."
10076958,54746884,/mnt/c/Users/Zila/Downloads/BN5212/MIMIC-CXR/p10/p10/p10076958/s54746884.txt,Edema,positive,positive,False,,"There are diffuse reticular, interstitial opacities, particularly at the left base which likely reflect edema."
10076958,54746884,/mnt/c/Users/Zila/Downloads/BN5212/MIMIC-CXR/p10/p10/p10076958/s54746884.txt,Pulmonary edema,positive,positive,False,,"Diffuse, interstitial opacities, predominantly at the left base likely refect pulmonary edema, however superimposed infection/ aspiration should be considered given the clinical history."
10076958,54933716,/mnt/c/Users/Zila/Downloads/BN5212/MIMIC-CXR/p10/p10/p10076958/s54933716.txt,Pleural effusion,negative,negative,False,,"The lungs are clear with no pleural effusion or pneumothorax detected. | Minimal interval change with no acute consolidation, pneumothorax, or pleural effusion."
10076958,55255863,/mnt/c/Users/Zila/Downloads/BN5212/MIMIC-CXR/p10/p10/p10076958/s55255863.txt,Emphysema,negative,negative,False,,No pneumothorax and decreased subcutaneous emphysema.
10076958,56409487,/mnt/c/Users/Zila/Downloads/BN5212/MIMIC-CXR/p10/p10/p10076958/s56409487.txt,Pneumonia,negative,negative,False,,The lungs appear clear without focal consolidation concerning for pneumonia.
10076958,58152647,/mnt/c/Users/Zila/Downloads/BN5212/MIMIC-CXR/p10/p10/p10076958/s58152647.txt,Pleural effusion,negative,negative,False,,"No focal consolidation, pleural effusion or pneumothorax."
10076958,58850885,/mnt/c/Users/Zila/Downloads/BN5212/MIMIC-CXR/p10/p10/p10076958/s58850885.txt,Fluid overload,positive,positive,False,,Mild fluid overload is present.
10076958,59006685,/mnt/c/Users/Zila/Downloads/BN5212/MIMIC-CXR/p10/p10/p10076958/s59006685.txt,Pleural effusion,negative,negative,False,,There is no pneumothorax or pleural effusion.
10076958,59180098,/mnt/c/Users/Zila/Downloads/BN5212/MIMIC-CXR/p10/p10/p10076958/s59180098.txt,Pleural effusion,negative,negative,False,,There is no pleural effusion.
10076958,59518886,/mnt/c/Users/Zila/Downloads/BN5212/MIMIC-CXR/p10/p10/p10076958/s59518886.txt,Edema,positive,positive,False,,Heart size is normal but mild interstitial edema is new.
10076958,59518886,/mnt/c/Users/Zila/Downloads/BN5212/MIMIC-CXR/p10/p10/p10076958/s59518886.txt,Intussusception,positive,positive,False,,It is unclear whether the neo esophagus is distended by a large bezoar or whether there is intussusception of the more distal GI tract into the neo esophagus or alongside the neo esophagus into the mediastinum.
10076958,59518886,/mnt/c/Users/Zila/Downloads/BN5212/MIMIC-CXR/p10/p10/p10076958/s59518886.txt,Pneumonia,negative,negative,False,,There is no good evidence for pneumonia or pneumothorax.
10077018,53130387,/mnt/c/Users/Zila/Downloads/BN5212/MIMIC-CXR/p10/p10/p10077018/s53130387.txt,Heart failure,negative,negative,False,,No evidence of pneumonia or heart failure.
10077018,53130387,/mnt/c/Users/Zila/Downloads/BN5212/MIMIC-CXR/p10/p10/p10077018/s53130387.txt,Pleural effusion,negative,negative,False,,No pleural effusion or pneumothorax.
10077018,53130387,/mnt/c/Users/Zila/Downloads/BN5212/MIMIC-CXR/p10/p10/p10077018/s53130387.txt,Pneumonia,negative,negative,False,,There is no new consolidation concerning for pneumonia. | No evidence of pneumonia or heart failure.
10077298,54371773,/mnt/c/Users/Zila/Downloads/BN5212/MIMIC-CXR/p10/p10/p10077298/s54371773.txt,Pleural effusion,negative,negative,False,,"PA and lateral chest radiographs demonstrate no focal consolidation, pleural effusion, or pneumothorax."
10077619,54834728,/mnt/c/Users/Zila/Downloads/BN5212/MIMIC-CXR/p10/p10/p10077619/s54834728.txt,Fractures,negative,negative,False,,No displaced rib fractures identified (within the limits of this study).
10077619,54834728,/mnt/c/Users/Zila/Downloads/BN5212/MIMIC-CXR/p10/p10/p10077619/s54834728.txt,Pleural effusion,negative,negative,False,,"No focal pulmonary opacity, pleural effusion, or evidence of pneumothorax."
10078008,50676846,/mnt/c/Users/Zila/Downloads/BN5212/MIMIC-CXR/p10/p10/p10078008/s50676846.txt,Cardiomegaly,positive,positive,False,,"Single AP view of the chest demonstrates mild-to-moderate cardiomegaly, accentuated by AP projection. | Moderate cardiomegaly and mild pulmonary edema."
10078008,50676846,/mnt/c/Users/Zila/Downloads/BN5212/MIMIC-CXR/p10/p10/p10078008/s50676846.txt,Edema,positive,positive,False,,There is pulmonary vascular congestion and mild interstitial edema.
10078008,50676846,/mnt/c/Users/Zila/Downloads/BN5212/MIMIC-CXR/p10/p10/p10078008/s50676846.txt,Osteoarthritis,positive,positive,False,,Moderate right greater than left glenohumeral osteoarthritis is present.
10078008,50676846,/mnt/c/Users/Zila/Downloads/BN5212/MIMIC-CXR/p10/p10/p10078008/s50676846.txt,Pulmonary edema,positive,positive,False,,Moderate cardiomegaly and mild pulmonary edema.
10078072,51097951,/mnt/c/Users/Zila/Downloads/BN5212/MIMIC-CXR/p10/p10/p10078072/s51097951.txt,Cardiomegaly,positive,positive,False,,There is cardiomegaly.
10078072,51097951,/mnt/c/Users/Zila/Downloads/BN5212/MIMIC-CXR/p10/p10/p10078072/s51097951.txt,Pulmonary edema,negative,negative,False,,There are no signs for overt pulmonary edema.
10078072,51430214,/mnt/c/Users/Zila/Downloads/BN5212/MIMIC-CXR/p10/p10/p10078072/s51430214.txt,Pleural effusion,positive,positive,False,,Moderate right pleural effusion has enlarged.
10078115,50377264,/mnt/c/Users/Zila/Downloads/BN5212/MIMIC-CXR/p10/p10/p10078115/s50377264.txt,Pulmonary edema,negative,negative,False,,There is minimal prominence of the pulmonary vascular markings without pulmonary edema.
10078115,50922710,/mnt/c/Users/Zila/Downloads/BN5212/MIMIC-CXR/p10/p10/p10078115/s50922710.txt,Edema,uncertain,uncertain,True,,"Left perihilar haziness probably reflects asymmetrical edema, but radiographic followup would be helpful to exclude a developing pneumonia in the appropriate clinical setting."
10078115,50922710,/mnt/c/Users/Zila/Downloads/BN5212/MIMIC-CXR/p10/p10/p10078115/s50922710.txt,Pneumonia,positive,positive,False,,"Left perihilar haziness probably reflects asymmetrical edema, but radiographic followup would be helpful to exclude a developing pneumonia in the appropriate clinical setting."
10078115,51407800,/mnt/c/Users/Zila/Downloads/BN5212/MIMIC-CXR/p10/p10/p10078115/s51407800.txt,Pulmonary edema,negative,negative,False,,There is mild prominence of the pulmonary vascular markings without overt pulmonary edema.
10078115,51981600,/mnt/c/Users/Zila/Downloads/BN5212/MIMIC-CXR/p10/p10/p10078115/s51981600.txt,Cardiomegaly,positive,positive,False,,"Moderate cardiomegaly has been present throughout, though today, there is no pulmonary edema."
10078115,51981600,/mnt/c/Users/Zila/Downloads/BN5212/MIMIC-CXR/p10/p10/p10078115/s51981600.txt,Pleural effusion,positive,positive,False,,"Small left pleural effusion may have developed, often seen with persistent lower lobe collapse."
10078115,51981600,/mnt/c/Users/Zila/Downloads/BN5212/MIMIC-CXR/p10/p10/p10078115/s51981600.txt,Pneumonia,positive,positive,False,,Whether this is pneumonia or atelectasis is difficult to say since the appearance has been similar on many of the chest radiographs over the past 10 days.
10078115,51981600,/mnt/c/Users/Zila/Downloads/BN5212/MIMIC-CXR/p10/p10/p10078115/s51981600.txt,Pulmonary edema,negative,negative,False,,"Moderate cardiomegaly has been present throughout, though today, there is no pulmonary edema."
10078115,52233115,/mnt/c/Users/Zila/Downloads/BN5212/MIMIC-CXR/p10/p10/p10078115/s52233115.txt,Cardiomegaly,positive,positive,False,,Constant moderate cardiomegaly.
10078115,52233115,/mnt/c/Users/Zila/Downloads/BN5212/MIMIC-CXR/p10/p10/p10078115/s52233115.txt,Pulmonary edema,positive,positive,False,,The mild-to-moderate pulmonary edema is constant.
10078115,52365458,/mnt/c/Users/Zila/Downloads/BN5212/MIMIC-CXR/p10/p10/p10078115/s52365458.txt,Edema,positive,positive,False,,"Interval decrease in lung volumes with increase in bibasilar atelectasis and small bilateral pleural effusions, although edema has improved."
10078115,56712964,/mnt/c/Users/Zila/Downloads/BN5212/MIMIC-CXR/p10/p10/p10078115/s56712964.txt,Cardiomegaly,positive,positive,False,,Mild cardiomegaly is similar in appearance. | Unchanged subsegmental left retrocardiac atelectasis and mild cardiomegaly.
10078115,56712964,/mnt/c/Users/Zila/Downloads/BN5212/MIMIC-CXR/p10/p10/p10078115/s56712964.txt,Pulmonary edema,negative,negative,False,,There is central pulmonary vascular congestion without frank interstitial pulmonary edema.
10078115,57467562,/mnt/c/Users/Zila/Downloads/BN5212/MIMIC-CXR/p10/p10/p10078115/s57467562.txt,Cardiomegaly,positive,positive,False,,Moderate cardiomegaly with mild fluid overload and retrocardiac atelectasis.
10078115,57467562,/mnt/c/Users/Zila/Downloads/BN5212/MIMIC-CXR/p10/p10/p10078115/s57467562.txt,Fluid overload,positive,positive,False,,Moderate cardiomegaly with mild fluid overload and retrocardiac atelectasis.
10078115,58319102,/mnt/c/Users/Zila/Downloads/BN5212/MIMIC-CXR/p10/p10/p10078115/s58319102.txt,Cardiomegaly,positive,positive,False,,Moderate cardiomegaly is longstanding.
10078115,58448677,/mnt/c/Users/Zila/Downloads/BN5212/MIMIC-CXR/p10/p10/p10078115/s58448677.txt,Pleural effusion,negative,negative,False,,There is no pleural effusion or pneumothorax.
10078115,59562487,/mnt/c/Users/Zila/Downloads/BN5212/MIMIC-CXR/p10/p10/p10078115/s59562487.txt,Cardiomegaly,positive,positive,False,,"It also exaggerates mild cardiomegaly and the increase in caliber of the mediastinal veins, but findings suggest volume overload."
10078115,59562487,/mnt/c/Users/Zila/Downloads/BN5212/MIMIC-CXR/p10/p10/p10078115/s59562487.txt,Pulmonary edema,positive,positive,False,,"Lung volumes are lower today than on ___, exaggerating and interval development of mild pulmonary edema."
10078115,59919639,/mnt/c/Users/Zila/Downloads/BN5212/MIMIC-CXR/p10/p10/p10078115/s59919639.txt,Cardiomegaly,positive,positive,False,,Persistent cardiomegaly and pulmonary vascular congestion accompanied by interstitial edema.
10078115,59919639,/mnt/c/Users/Zila/Downloads/BN5212/MIMIC-CXR/p10/p10/p10078115/s59919639.txt,Edema,positive,positive,False,,Persistent cardiomegaly and pulmonary vascular congestion accompanied by interstitial edema.
10078297,57167962,/mnt/c/Users/Zila/Downloads/BN5212/MIMIC-CXR/p10/p10/p10078297/s57167962.txt,Cardiomegaly,positive,positive,False,,Moderate enlargement of the cardiac silhouette is unchanged consistent with cardiomegaly and/or pericardial effusion.
10078297,57167962,/mnt/c/Users/Zila/Downloads/BN5212/MIMIC-CXR/p10/p10/p10078297/s57167962.txt,Edema,negative,negative,False,,Previous vascular congestion and mild edema have resolved.
10078480,55492778,/mnt/c/Users/Zila/Downloads/BN5212/MIMIC-CXR/p10/p10/p10078480/s55492778.txt,Pleural effusion,negative,negative,False,,No pleural effusion or pneumothorax is seen.
10078805,52741797,/mnt/c/Users/Zila/Downloads/BN5212/MIMIC-CXR/p10/p10/p10078805/s52741797.txt,Kyphosis,positive,positive,False,,"Extensive degenerative change in the thoracic spine is consistent with loss of height, kyphosis, osteophyte formation and disc space narrowing."
10078805,52741797,/mnt/c/Users/Zila/Downloads/BN5212/MIMIC-CXR/p10/p10/p10078805/s52741797.txt,Loss of height,positive,positive,False,,"Extensive degenerative change in the thoracic spine is consistent with loss of height, kyphosis, osteophyte formation and disc space narrowing."
10078805,53458039,/mnt/c/Users/Zila/Downloads/BN5212/MIMIC-CXR/p10/p10/p10078805/s53458039.txt,Pulmonary edema,positive,positive,False,,Mild pulmonary edema is present. | Mild pulmonary edema.
10078805,57630654,/mnt/c/Users/Zila/Downloads/BN5212/MIMIC-CXR/p10/p10/p10078805/s57630654.txt,Pulmonary edema,conflicting,negative|positive,True,,Compared to the prior radiograph there has been significant improvement in pulmonary edema. | Interval resolution of pulmonary edema.
10079117,56816862,/mnt/c/Users/Zila/Downloads/BN5212/MIMIC-CXR/p10/p10/p10079117/s56816862.txt,Fever,positive,positive,False,,It may have been a function of tachycardia due to transient fever.
10079117,56816862,/mnt/c/Users/Zila/Downloads/BN5212/MIMIC-CXR/p10/p10/p10079117/s56816862.txt,Pleural effusion,negative,negative,False,,Lungs are clear and there is no pleural effusion.
10079117,56816862,/mnt/c/Users/Zila/Downloads/BN5212/MIMIC-CXR/p10/p10/p10079117/s56816862.txt,Tachycardia,positive,positive,False,,It may have been a function of tachycardia due to transient fever.
10079117,57518177,/mnt/c/Users/Zila/Downloads/BN5212/MIMIC-CXR/p10/p10/p10079117/s57518177.txt,Pleural effusion,negative,negative,False,,There is no pleural effusion or pneumothorax.
10079117,57518177,/mnt/c/Users/Zila/Downloads/BN5212/MIMIC-CXR/p10/p10/p10079117/s57518177.txt,Pneumonia,uncertain,uncertain,True,,Opacities in the right upper or middle lobe and possibly the left lower lobe concerning for early developing pneumonia.
10079290,56735314,/mnt/c/Users/Zila/Downloads/BN5212/MIMIC-CXR/p10/p10/p10079290/s56735314.txt,Pleural effusion,negative,negative,False,,No pleural effusion or pneumothorax.
10079290,56735314,/mnt/c/Users/Zila/Downloads/BN5212/MIMIC-CXR/p10/p10/p10079290/s56735314.txt,Pneumonia,positive,positive,False,,Opacity partially obscuring right heart border is most consistent with atelectasis however differential includes pneumonia in the appropriate clinical setting.
10079431,56577485,/mnt/c/Users/Zila/Downloads/BN5212/MIMIC-CXR/p10/p10/p10079431/s56577485.txt,Edema,negative,negative,False,,No pulmonary vascular engorgement or edema is present.
10079431,56577485,/mnt/c/Users/Zila/Downloads/BN5212/MIMIC-CXR/p10/p10/p10079431/s56577485.txt,Pleural effusion,negative,negative,False,,"The lungs are clear without focal consolidation, pleural effusion or pneumothorax."
10079467,53311005,/mnt/c/Users/Zila/Downloads/BN5212/MIMIC-CXR/p10/p10/p10079467/s53311005.txt,Pleural effusion,negative,negative,False,,There is no pleural effusion or pneumothorax.
10079467,56978596,/mnt/c/Users/Zila/Downloads/BN5212/MIMIC-CXR/p10/p10/p10079467/s56978596.txt,Pleural effusion,negative,negative,False,,There is no pleural effusion or pneumothorax.
10079467,56978596,/mnt/c/Users/Zila/Downloads/BN5212/MIMIC-CXR/p10/p10/p10079467/s56978596.txt,Pneumonia,uncertain,uncertain,True,,Possibly patchy opacity at the left lung base may represent early pneumonia or atelectasis.
10079807,59770023,/mnt/c/Users/Zila/Downloads/BN5212/MIMIC-CXR/p10/p10/p10079807/s59770023.txt,Pleural effusion,negative,negative,False,,"No focal consolidation, pleural effusion, pneumothorax, or pulmonary edema is seen."
10079807,59770023,/mnt/c/Users/Zila/Downloads/BN5212/MIMIC-CXR/p10/p10/p10079807/s59770023.txt,Pulmonary edema,negative,negative,False,,"No focal consolidation, pleural effusion, pneumothorax, or pulmonary edema is seen."
10079964,59380682,/mnt/c/Users/Zila/Downloads/BN5212/MIMIC-CXR/p10/p10/p10079964/s59380682.txt,Cardiomegaly,positive,positive,False,,"Cardiomegaly, probable mild hilar engorgement."
10079964,59380682,/mnt/c/Users/Zila/Downloads/BN5212/MIMIC-CXR/p10/p10/p10079964/s59380682.txt,Pneumonia,negative,negative,False,,Two views of the chest provided demonstrate low lung volumes though there is no evidence of pneumonia or CHF.
10079964,59380682,/mnt/c/Users/Zila/Downloads/BN5212/MIMIC-CXR/p10/p10/p10079964/s59380682.txt,Pulmonary edema,negative,negative,False,,Mild hilar engorgement difficult to exclude though there is no frank pulmonary edema.
10080299,55316761,/mnt/c/Users/Zila/Downloads/BN5212/MIMIC-CXR/p10/p10/p10080299/s55316761.txt,Pleural effusion,negative,negative,False,,"No focal consolidation, pleural effusion or pneumothorax is present."
10080392,54351641,/mnt/c/Users/Zila/Downloads/BN5212/MIMIC-CXR/p10/p10/p10080392/s54351641.txt,Pleural effusion,negative,negative,False,,No pleural effusion or pneumothorax is present.
10080421,50488665,/mnt/c/Users/Zila/Downloads/BN5212/MIMIC-CXR/p10/p10/p10080421/s50488665.txt,Pleural effusion,negative,negative,False,,"No evidence of acute pneumonia, vascular congestion, or pleural effusion."
10080421,50488665,/mnt/c/Users/Zila/Downloads/BN5212/MIMIC-CXR/p10/p10/p10080421/s50488665.txt,Pneumonia,negative,negative,False,,"No evidence of acute pneumonia, vascular congestion, or pleural effusion."
10080421,52735204,/mnt/c/Users/Zila/Downloads/BN5212/MIMIC-CXR/p10/p10/p10080421/s52735204.txt,Pleural effusion,negative,negative,False,,"Cardiac silhouette is within upper limits of normal and there is no vascular congestion, pleural effusion, or acute focal pneumonia."
10080421,52735204,/mnt/c/Users/Zila/Downloads/BN5212/MIMIC-CXR/p10/p10/p10080421/s52735204.txt,Pneumonia,negative,negative,False,,"Cardiac silhouette is within upper limits of normal and there is no vascular congestion, pleural effusion, or acute focal pneumonia."
10080443,59351204,/mnt/c/Users/Zila/Downloads/BN5212/MIMIC-CXR/p10/p10/p10080443/s59351204.txt,Pleural effusion,negative,negative,False,,"Frontal and lateral chest radiographs demonstrate a normal cardiomediastinal silhouette and well-aerated lungs without focal consolidation, pleural effusion, or pneumothorax."
10080527,51056759,/mnt/c/Users/Zila/Downloads/BN5212/MIMIC-CXR/p10/p10/p10080527/s51056759.txt,Pleural effusion,negative,negative,False,,There is no pleural effusion or pneumothorax.
10080679,55770800,/mnt/c/Users/Zila/Downloads/BN5212/MIMIC-CXR/p10/p10/p10080679/s55770800.txt,Pleural effusion,negative,negative,False,,There is no pleural effusion or pneumothorax.
10080695,52418569,/mnt/c/Users/Zila/Downloads/BN5212/MIMIC-CXR/p10/p10/p10080695/s52418569.txt,Pneumonia,negative,negative,False,,No evidence of acute focal pneumonia.
10080695,57985622,/mnt/c/Users/Zila/Downloads/BN5212/MIMIC-CXR/p10/p10/p10080695/s57985622.txt,Pleural effusion,negative,negative,False,,No definite pleural effusion.
10080695,57985622,/mnt/c/Users/Zila/Downloads/BN5212/MIMIC-CXR/p10/p10/p10080695/s57985622.txt,Pneumonia,positive,positive,False,,"Bibasilar opacities which could reflect atelectasis, aspiration or developing infectious pneumonia in the appropriate clinical setting."
10080928,54842185,/mnt/c/Users/Zila/Downloads/BN5212/MIMIC-CXR/p10/p10/p10080928/s54842185.txt,Pleural effusion,negative,negative,False,,There is no pleural effusion or pneumothorax.
10080928,56145954,/mnt/c/Users/Zila/Downloads/BN5212/MIMIC-CXR/p10/p10/p10080928/s56145954.txt,Pleural effusion,negative,negative,False,,"The cardiac silhouette is within normal limits and there is no evidence of pulmonary vascular congestion, pleural effusion, or acute focal pneumonia at this time."
10080928,56145954,/mnt/c/Users/Zila/Downloads/BN5212/MIMIC-CXR/p10/p10/p10080928/s56145954.txt,Pneumonia,negative,negative,False,,"The cardiac silhouette is within normal limits and there is no evidence of pulmonary vascular congestion, pleural effusion, or acute focal pneumonia at this time."
10080928,58142273,/mnt/c/Users/Zila/Downloads/BN5212/MIMIC-CXR/p10/p10/p10080928/s58142273.txt,Pneumonia,positive,positive,False,,"Atelectasis, aspiration or pneumonia could be considered although atelectasis may be implied by coinciding volume loss."
10080928,59397987,/mnt/c/Users/Zila/Downloads/BN5212/MIMIC-CXR/p10/p10/p10080928/s59397987.txt,Pleural effusion,negative,negative,False,,"No consolidation, pleural effusion, pneumothorax, or pulmonary edema is detected on this single view."
10080928,59397987,/mnt/c/Users/Zila/Downloads/BN5212/MIMIC-CXR/p10/p10/p10080928/s59397987.txt,Pulmonary edema,negative,negative,False,,"No consolidation, pleural effusion, pneumothorax, or pulmonary edema is detected on this single view."
10080961,50262495,/mnt/c/Users/Zila/Downloads/BN5212/MIMIC-CXR/p10/p10/p10080961/s50262495.txt,Pleural effusion,negative,negative,False,,No pneumothorax mediastinal widening or pleural effusion.
10080961,51592221,/mnt/c/Users/Zila/Downloads/BN5212/MIMIC-CXR/p10/p10/p10080961/s51592221.txt,Pleural effusion,negative,negative,False,,"The cardiac silhouette remains at the upper limits of normal in size without vascular congestion, pleural effusion, or acute focal pneumonia."
10080961,51592221,/mnt/c/Users/Zila/Downloads/BN5212/MIMIC-CXR/p10/p10/p10080961/s51592221.txt,Pneumonia,negative,negative,False,,"The cardiac silhouette remains at the upper limits of normal in size without vascular congestion, pleural effusion, or acute focal pneumonia."
10080961,51856852,/mnt/c/Users/Zila/Downloads/BN5212/MIMIC-CXR/p10/p10/p10080961/s51856852.txt,Pulmonary edema,negative,negative,False,,No pulmonary edema.
10080961,53189887,/mnt/c/Users/Zila/Downloads/BN5212/MIMIC-CXR/p10/p10/p10080961/s53189887.txt,Pneumonia,negative,negative,False,,No evidence of pneumonia.
10080961,58001323,/mnt/c/Users/Zila/Downloads/BN5212/MIMIC-CXR/p10/p10/p10080961/s58001323.txt,Edema,negative,negative,False,,The lungs are otherwise clear without consolidation or edema.
10081045,55782574,/mnt/c/Users/Zila/Downloads/BN5212/MIMIC-CXR/p10/p10/p10081045/s55782574.txt,Pneumonia,positive,positive|uncertain,True,,Increased retrocardiac opacity is concerning for left lower lobe pneumonia. | Left lower lobe pneumonia.
10081045,58073915,/mnt/c/Users/Zila/Downloads/BN5212/MIMIC-CXR/p10/p10/p10081045/s58073915.txt,Pleural effusion,negative,negative,False,,No pleural effusion or pneumothorax is seen.
10081045,58073915,/mnt/c/Users/Zila/Downloads/BN5212/MIMIC-CXR/p10/p10/p10081045/s58073915.txt,Pneumonia,negative,negative,False,,No evidence of pneumonia.
10081525,50361595,/mnt/c/Users/Zila/Downloads/BN5212/MIMIC-CXR/p10/p10/p10081525/s50361595.txt,Pleural effusion,negative,negative,False,,Displaced fracture of the one of the left lower ribs is noted without definite pneumothorax or pleural effusion on this supine film.
10081525,51427176,/mnt/c/Users/Zila/Downloads/BN5212/MIMIC-CXR/p10/p10/p10081525/s51427176.txt,Pleural effusion,positive,positive,False,,There is likely a new small left pleural effusion. | A new small left pleural effusion is likely present.
10081525,51427176,/mnt/c/Users/Zila/Downloads/BN5212/MIMIC-CXR/p10/p10/p10081525/s51427176.txt,Pneumonia,negative,negative,False,,There are no focal airspace opacities to suggest pneumonia.
10081525,57673535,/mnt/c/Users/Zila/Downloads/BN5212/MIMIC-CXR/p10/p10/p10081525/s57673535.txt,Pleural effusion,negative,negative,False,,There is no pneumothorax or large pleural effusion.
10081525,58356313,/mnt/c/Users/Zila/Downloads/BN5212/MIMIC-CXR/p10/p10/p10081525/s58356313.txt,Fractures,conflicting,negative|positive,True,,There is no evidence of new changes in the previously described rib fractures and on the frontal view can identify several non-displaced rib fractures.
10081525,58356313,/mnt/c/Users/Zila/Downloads/BN5212/MIMIC-CXR/p10/p10/p10081525/s58356313.txt,Pleural effusion,positive,positive,False,,"The on next previous examination identified temporarily increased pleural effusion that blunted the left lateral pleural sinus and extended into the posterior pleural spaces has now decreased markedly and only a very mild peripheral blunting of the lateral pleural sinus remains. | When comparison is extended to the chest examinations of ___, there was indeed a temporary increase of the pleural effusion on examination of ___. | Normalization of pleural effusion and left lower lobe atelectasis related to previous trauma."
10081525,58389005,/mnt/c/Users/Zila/Downloads/BN5212/MIMIC-CXR/p10/p10/p10081525/s58389005.txt,Fractures,positive,positive,False,,Snal left hemothorax secondary to rib fractures have decreased with adjacent compressive atelectasis.
10081869,50880271,/mnt/c/Users/Zila/Downloads/BN5212/MIMIC-CXR/p10/p10/p10081869/s50880271.txt,Pleural effusion,positive,positive,False,,"There is similarly sized, small right pneumothorax with apical component with increasing pleural effusion compared to the exam performed 12 hours earlier. | There is a small left pleural effusion. | Unchanged small right pneumothorax and slightly increased right pleural effusion. | Unchanged small left pleural effusion."
10081869,57027309,/mnt/c/Users/Zila/Downloads/BN5212/MIMIC-CXR/p10/p10/p10081869/s57027309.txt,Pleural effusion,positive,positive,False,,"There is a small right pleural effusion, consistent with history of interval talc pleurodesis. | New pleural effusion, likely due to interval top pleurodesis."
10081869,59547400,/mnt/c/Users/Zila/Downloads/BN5212/MIMIC-CXR/p10/p10/p10081869/s59547400.txt,Pleural effusion,negative,negative,False,,"No evidence of pleural effusion, vascular congestion, or acute pneumonia at this time."
10081869,59547400,/mnt/c/Users/Zila/Downloads/BN5212/MIMIC-CXR/p10/p10/p10081869/s59547400.txt,Pneumonia,negative,negative,False,,"No evidence of pleural effusion, vascular congestion, or acute pneumonia at this time."
10081891,56639766,/mnt/c/Users/Zila/Downloads/BN5212/MIMIC-CXR/p10/p10/p10081891/s56639766.txt,Pleural effusion,positive,positive,False,,"A moderate right pleural effusion is unchanged. | Moderate left pleural effusion layers posteriorly in somewhat different distribution, likely related to positioning."
10081891,58454343,/mnt/c/Users/Zila/Downloads/BN5212/MIMIC-CXR/p10/p10/p10081891/s58454343.txt,Pulmonary edema,negative,negative,False,,There are low lung volumes and resultant bibasilar atelectasis; otherwise the lungs are clear without consolidation or pulmonary edema.
10081891,58454343,/mnt/c/Users/Zila/Downloads/BN5212/MIMIC-CXR/p10/p10/p10081891/s58454343.txt,Spondylosis,positive,positive,False,,Mild multilevel thoracolumbar spondylosis is unchanged.
10081891,58788499,/mnt/c/Users/Zila/Downloads/BN5212/MIMIC-CXR/p10/p10/p10081891/s58788499.txt,Pneumonia,negative,negative,False,,No definite evidence to suggest pneumonia.
10081891,58788499,/mnt/c/Users/Zila/Downloads/BN5212/MIMIC-CXR/p10/p10/p10081891/s58788499.txt,Spondylosis,positive,positive,False,,Mild multilevel thoracolumbar spondylosis is noted.
10082014,50194136,/mnt/c/Users/Zila/Downloads/BN5212/MIMIC-CXR/p10/p10/p10082014/s50194136.txt,Aspiration pneumonia,positive,positive,False,,There is new opacification at the right lung base which could be an acute aspiration pneumonia.
10082014,50194136,/mnt/c/Users/Zila/Downloads/BN5212/MIMIC-CXR/p10/p10/p10082014/s50194136.txt,Hernia,positive,positive,False,,Large hiatus hernia is significantly more distended today than on ___.
10082014,50194136,/mnt/c/Users/Zila/Downloads/BN5212/MIMIC-CXR/p10/p10/p10082014/s50194136.txt,Pleural effusion,positive,positive,False,,A small right pleural effusion is new.
10082014,52838923,/mnt/c/Users/Zila/Downloads/BN5212/MIMIC-CXR/p10/p10/p10082014/s52838923.txt,Hernia,positive,positive,False,,A moderate size hiatal hernia is present. | Moderate size hiatal hernia.
10082014,52838923,/mnt/c/Users/Zila/Downloads/BN5212/MIMIC-CXR/p10/p10/p10082014/s52838923.txt,Pleural effusion,negative,negative,False,,No pleural effusion or pneumothorax is seen.
10082014,54290113,/mnt/c/Users/Zila/Downloads/BN5212/MIMIC-CXR/p10/p10/p10082014/s54290113.txt,Pneumonia,uncertain,uncertain,True,,Superimposed pneumonia cannot be excluded.
10082014,54290113,/mnt/c/Users/Zila/Downloads/BN5212/MIMIC-CXR/p10/p10/p10082014/s54290113.txt,Pulmonary edema,negative,negative,False,,No evidence of pulmonary edema.
10082014,54419001,/mnt/c/Users/Zila/Downloads/BN5212/MIMIC-CXR/p10/p10/p10082014/s54419001.txt,Hernia,positive,positive,False,,The moderate hiatal hernia is also unchanged.
10082014,54419001,/mnt/c/Users/Zila/Downloads/BN5212/MIMIC-CXR/p10/p10/p10082014/s54419001.txt,Pulmonary edema,negative,negative,False,,"Otherwise, no focal consolidation, overt pulmonary edema, or pneumothorax."
10082014,55731615,/mnt/c/Users/Zila/Downloads/BN5212/MIMIC-CXR/p10/p10/p10082014/s55731615.txt,Pleural effusion,negative,negative,False,,There is no pleural effusion or pneumothorax.
10082014,55731615,/mnt/c/Users/Zila/Downloads/BN5212/MIMIC-CXR/p10/p10/p10082014/s55731615.txt,Pneumonia,negative,negative,False,,No focal opacities concerning for pneumonia identified.
10082014,59471145,/mnt/c/Users/Zila/Downloads/BN5212/MIMIC-CXR/p10/p10/p10082014/s59471145.txt,Hernia,positive,positive,False,,"New esophageal ube loops and ends within the thorax, likely within a large hiatal hernia. | New esophageal tube ends above the diaphragm, likely within a large hiatal hernia."
10082014,59471145,/mnt/c/Users/Zila/Downloads/BN5212/MIMIC-CXR/p10/p10/p10082014/s59471145.txt,Pleural effusion,negative,negative,False,,No pleural effusion is identified. | No evidence of pleural effusion or pneumothorax.
10082014,59471145,/mnt/c/Users/Zila/Downloads/BN5212/MIMIC-CXR/p10/p10/p10082014/s59471145.txt,Pneumonia,negative,negative,False,,No focal opacities concerning for pneumonia identified.
10082543,54115520,/mnt/c/Users/Zila/Downloads/BN5212/MIMIC-CXR/p10/p10/p10082543/s54115520.txt,Pleural effusion,negative,negative,False,,There is no pneumothorax or pleural effusion.
10082543,54115520,/mnt/c/Users/Zila/Downloads/BN5212/MIMIC-CXR/p10/p10/p10082543/s54115520.txt,Pneumonia,negative,negative,False,,No focal airspace consolidation concerning for pneumonia is identified.
10082560,50563159,/mnt/c/Users/Zila/Downloads/BN5212/MIMIC-CXR/p10/p10/p10082560/s50563159.txt,Edema,positive,positive,False,,"It is difficult to distinguish moderate-to-large posteriorly layering pleural effusions from a combination of some pleural effusion and generalized pulmonary opacification, most commonly edema."
10082560,50563159,/mnt/c/Users/Zila/Downloads/BN5212/MIMIC-CXR/p10/p10/p10082560/s50563159.txt,Pleural effusion,positive,positive,False,,"It is difficult to distinguish moderate-to-large posteriorly layering pleural effusions from a combination of some pleural effusion and generalized pulmonary opacification, most commonly edema."
10082560,57681520,/mnt/c/Users/Zila/Downloads/BN5212/MIMIC-CXR/p10/p10/p10082560/s57681520.txt,Hernia,positive,positive,False,,Again a hiatal hernia is present.
10082560,57681520,/mnt/c/Users/Zila/Downloads/BN5212/MIMIC-CXR/p10/p10/p10082560/s57681520.txt,Intestinal obstruction,positive,positive,False,,No evidence of pneumonia; question of intestinal obstruction or slowed intestinal transit.
10082560,57681520,/mnt/c/Users/Zila/Downloads/BN5212/MIMIC-CXR/p10/p10/p10082560/s57681520.txt,Pleural effusion,negative,negative,False,,There is no pleural effusion or pneumothorax.
10082560,57681520,/mnt/c/Users/Zila/Downloads/BN5212/MIMIC-CXR/p10/p10/p10082560/s57681520.txt,Pneumonia,negative,negative,False,,No evidence of pneumonia; question of intestinal obstruction or slowed intestinal transit.
10082560,58667997,/mnt/c/Users/Zila/Downloads/BN5212/MIMIC-CXR/p10/p10/p10082560/s58667997.txt,Pleural effusion,positive,positive,False,,"There has been interval minimal decreased in size of the right pleural effusion, now moderate in size with overall improved aeration of the right lung base. | Minimally improved right pleural effusion now small in size. | Stable large left pleural effusion."
10082560,59221835,/mnt/c/Users/Zila/Downloads/BN5212/MIMIC-CXR/p10/p10/p10082560/s59221835.txt,Fluid overload,positive,positive,False,,Evidence of mild-to-moderate fluid overload.
10082560,59544711,/mnt/c/Users/Zila/Downloads/BN5212/MIMIC-CXR/p10/p10/p10082560/s59544711.txt,Cardiomegaly,positive,positive,False,,Past spine radiograph suggests substantial bilateral pleural effusion and moderate-to-severe cardiomegaly unchanged.
10082560,59544711,/mnt/c/Users/Zila/Downloads/BN5212/MIMIC-CXR/p10/p10/p10082560/s59544711.txt,Pleural effusion,positive,positive,False,,"Past spine radiograph suggests substantial bilateral pleural effusion and moderate-to-severe cardiomegaly unchanged. | Given the obscuration by pleural effusion and soft tissue, little can be said about the lungs, except that most of the right lung and the left mid and upper lung are clear of consolidation."
10082986,58051413,/mnt/c/Users/Zila/Downloads/BN5212/MIMIC-CXR/p10/p10/p10082986/s58051413.txt,Pneumonia,positive,positive,False,,"Patchy opacity at the left base may reflect atelectasis in the setting of low volumes, although an early pneumonia should also be considered."
10082986,58051413,/mnt/c/Users/Zila/Downloads/BN5212/MIMIC-CXR/p10/p10/p10082986/s58051413.txt,Pulmonary edema,negative,negative,False,,No pulmonary edema.
10083678,58403667,/mnt/c/Users/Zila/Downloads/BN5212/MIMIC-CXR/p10/p10/p10083678/s58403667.txt,Pleural effusion,negative,negative,False,,"There is no pleural effusion, pneumothorax or pulmonary edema."
10083678,58403667,/mnt/c/Users/Zila/Downloads/BN5212/MIMIC-CXR/p10/p10/p10083678/s58403667.txt,Pulmonary edema,negative,negative,False,,"There is no pleural effusion, pneumothorax or pulmonary edema."
10083708,54375938,/mnt/c/Users/Zila/Downloads/BN5212/MIMIC-CXR/p10/p10/p10083708/s54375938.txt,Pleural effusion,negative,negative,False,,"No focal consolidation, pleural effusion, or pneumothorax."
10083708,58917174,/mnt/c/Users/Zila/Downloads/BN5212/MIMIC-CXR/p10/p10/p10083708/s58917174.txt,Edema,negative,negative,False,,"The lungs are clear without focal consolidation, effusion, or edema."
10083754,50779872,/mnt/c/Users/Zila/Downloads/BN5212/MIMIC-CXR/p10/p10/p10083754/s50779872.txt,Pleural effusion,negative,negative,False,,"The cardiac silhouette is within normal limits and there is no vascular congestion, pleural effusion, or acute focal pneumonia."
10083754,50779872,/mnt/c/Users/Zila/Downloads/BN5212/MIMIC-CXR/p10/p10/p10083754/s50779872.txt,Pneumonia,negative,negative,False,,"The cardiac silhouette is within normal limits and there is no vascular congestion, pleural effusion, or acute focal pneumonia."
10083754,54841118,/mnt/c/Users/Zila/Downloads/BN5212/MIMIC-CXR/p10/p10/p10083754/s54841118.txt,Pleural effusion,negative,negative,False,,There is no pneumothorax or pleural effusion.
10083754,54841118,/mnt/c/Users/Zila/Downloads/BN5212/MIMIC-CXR/p10/p10/p10083754/s54841118.txt,Pneumonia,negative,negative,False,,No evidence of pneumonia.
10083754,55837751,/mnt/c/Users/Zila/Downloads/BN5212/MIMIC-CXR/p10/p10/p10083754/s55837751.txt,Fever,uncertain,uncertain,True,,"In comparison to ___ radiograph, a new poorly defined area of consolidation at the right lung base is suspicious for pneumonia in the setting of fever and neutropenia."
10083754,55837751,/mnt/c/Users/Zila/Downloads/BN5212/MIMIC-CXR/p10/p10/p10083754/s55837751.txt,Neutropenia,uncertain,uncertain,True,,"In comparison to ___ radiograph, a new poorly defined area of consolidation at the right lung base is suspicious for pneumonia in the setting of fever and neutropenia."
10083754,55837751,/mnt/c/Users/Zila/Downloads/BN5212/MIMIC-CXR/p10/p10/p10083754/s55837751.txt,Pneumonia,uncertain,uncertain,True,,"In comparison to ___ radiograph, a new poorly defined area of consolidation at the right lung base is suspicious for pneumonia in the setting of fever and neutropenia."
10083754,58316418,/mnt/c/Users/Zila/Downloads/BN5212/MIMIC-CXR/p10/p10/p10083754/s58316418.txt,Pleural effusion,negative,negative,False,,There is no pleural effusion or pneumothorax.
10083754,59125232,/mnt/c/Users/Zila/Downloads/BN5212/MIMIC-CXR/p10/p10/p10083754/s59125232.txt,Pectus excavatum,positive,positive,False,,There is mild pectus excavatum.
10083754,59125232,/mnt/c/Users/Zila/Downloads/BN5212/MIMIC-CXR/p10/p10/p10083754/s59125232.txt,Pneumonia,negative,negative,False,,No evidence of pneumonia.
10083833,59766637,/mnt/c/Users/Zila/Downloads/BN5212/MIMIC-CXR/p10/p10/p10083833/s59766637.txt,Pulmonary edema,positive,positive,False,,This is compatible with patient's underlying chronic lung disease however component of infection or pulmonary edema is not completely excluded.
10084055,56115450,/mnt/c/Users/Zila/Downloads/BN5212/MIMIC-CXR/p10/p10/p10084055/s56115450.txt,Pulmonary edema,negative,negative,False,,"No focal consolidations, pleural effusions, pulmonary edema, or pneumothorax are seen."
10084069,59998484,/mnt/c/Users/Zila/Downloads/BN5212/MIMIC-CXR/p10/p10/p10084069/s59998484.txt,Edema,negative,negative,False,,Possible early cardiac decompensation; no edema or pneumonia.
10084069,59998484,/mnt/c/Users/Zila/Downloads/BN5212/MIMIC-CXR/p10/p10/p10084069/s59998484.txt,Pneumonia,negative,negative,False,,Possible early cardiac decompensation; no edema or pneumonia.
10084077,53547327,/mnt/c/Users/Zila/Downloads/BN5212/MIMIC-CXR/p10/p10/p10084077/s53547327.txt,Pneumonia,negative,negative,False,,No evidence of acute focal pneumonia or vascular congestion.
10084233,53106834,/mnt/c/Users/Zila/Downloads/BN5212/MIMIC-CXR/p10/p10/p10084233/s53106834.txt,Cardiomegaly,positive,positive,False,,There is moderate cardiomegaly. | Cardiomegaly without superimposed acute cardiopulmonary process.
10084233,53106834,/mnt/c/Users/Zila/Downloads/BN5212/MIMIC-CXR/p10/p10/p10084233/s53106834.txt,Pulmonary edema,negative,negative,False,,"The lungs are clear without focal consolidation, effusion, or pulmonary edema."
10084245,57866947,/mnt/c/Users/Zila/Downloads/BN5212/MIMIC-CXR/p10/p10/p10084245/s57866947.txt,Pleural effusion,negative,negative,False,,There is no pleural effusion and no pneumothorax.
10084454,54342243,/mnt/c/Users/Zila/Downloads/BN5212/MIMIC-CXR/p10/p10/p10084454/s54342243.txt,Cardiomegaly,positive,positive,False,,There is mild cardiomegaly and a large hernia containing stomach causing streak-like atelectatic change at the right lower lobe.
10084454,54342243,/mnt/c/Users/Zila/Downloads/BN5212/MIMIC-CXR/p10/p10/p10084454/s54342243.txt,Hernia,positive,positive,False,,There is mild cardiomegaly and a large hernia containing stomach causing streak-like atelectatic change at the right lower lobe. | Large hiatal hernia containing at least stomach.
10084454,54342243,/mnt/c/Users/Zila/Downloads/BN5212/MIMIC-CXR/p10/p10/p10084454/s54342243.txt,Pleural effusion,negative,negative,False,,No pleural effusion and no pneumothorax.
10084454,55952795,/mnt/c/Users/Zila/Downloads/BN5212/MIMIC-CXR/p10/p10/p10084454/s55952795.txt,Hernia,positive,positive,False,,Again seen is a large hiatal hernia containing stomach elevating the lower lobe of the right lung.
10084454,55952795,/mnt/c/Users/Zila/Downloads/BN5212/MIMIC-CXR/p10/p10/p10084454/s55952795.txt,Pleural effusion,negative,negative,False,,There is no pneumothorax or pleural effusion.
10084739,57855081,/mnt/c/Users/Zila/Downloads/BN5212/MIMIC-CXR/p10/p10/p10084739/s57855081.txt,Pleural effusion,negative,negative,False,,There is no pleural effusion or pneumothorax.
10085527,50483046,/mnt/c/Users/Zila/Downloads/BN5212/MIMIC-CXR/p10/p10/p10085527/s50483046.txt,Fractures,negative,negative,False,,No acute fractures are identified.
10085527,50483046,/mnt/c/Users/Zila/Downloads/BN5212/MIMIC-CXR/p10/p10/p10085527/s50483046.txt,Pneumonia,positive,positive,False,,"Right lower lobe opacity, with silhouetting of the right hemidiaphragm is most consistent with right lower lobe pneumonia."
10085527,50483046,/mnt/c/Users/Zila/Downloads/BN5212/MIMIC-CXR/p10/p10/p10085527/s50483046.txt,Pulmonary embolism,uncertain,uncertain,True,,"However, a peripheral infarction due to pulmonary embolism cannot be excluded."
10085902,53924698,/mnt/c/Users/Zila/Downloads/BN5212/MIMIC-CXR/p10/p10/p10085902/s53924698.txt,Pleural effusion,negative,negative,False,,There is no pleural effusion or pneumothorax.
10085902,53924698,/mnt/c/Users/Zila/Downloads/BN5212/MIMIC-CXR/p10/p10/p10085902/s53924698.txt,Pneumonia,negative,negative,False,,No evidence of pneumonia.
10086334,55251055,/mnt/c/Users/Zila/Downloads/BN5212/MIMIC-CXR/p10/p10/p10086334/s55251055.txt,Edema,negative,negative,False,,PA and lateral views the chest provided demonstrate no convincing evidence of pneumonia or edema.
10086334,55251055,/mnt/c/Users/Zila/Downloads/BN5212/MIMIC-CXR/p10/p10/p10086334/s55251055.txt,Pneumonia,negative,negative,False,,PA and lateral views the chest provided demonstrate no convincing evidence of pneumonia or edema. | No pneumonia.
10086390,52262699,/mnt/c/Users/Zila/Downloads/BN5212/MIMIC-CXR/p10/p10/p10086390/s52262699.txt,Bronchitis,positive,positive,False,,Bronchitis.
10086390,52262699,/mnt/c/Users/Zila/Downloads/BN5212/MIMIC-CXR/p10/p10/p10086390/s52262699.txt,Pneumonia,negative,negative,False,,No evidence of acute pneumonia.
10086390,54143095,/mnt/c/Users/Zila/Downloads/BN5212/MIMIC-CXR/p10/p10/p10086390/s54143095.txt,Pleural effusion,positive,positive,False,,Left lower lobe pleural effusion with consolidation.
10086390,54232849,/mnt/c/Users/Zila/Downloads/BN5212/MIMIC-CXR/p10/p10/p10086390/s54232849.txt,Pleural effusion,positive,positive,False,,"There is a moderate left and a small right pleural effusion, which are new since the prior study."
10086390,54232849,/mnt/c/Users/Zila/Downloads/BN5212/MIMIC-CXR/p10/p10/p10086390/s54232849.txt,Pneumonia,uncertain,uncertain,True,,"Hazy opacification in the right lung base, is concerning for pneumonia. | Bilateral pleural effusions, with associated basal consolidations, suggestive of pneumonia."
10086841,58132780,/mnt/c/Users/Zila/Downloads/BN5212/MIMIC-CXR/p10/p10/p10086841/s58132780.txt,Pneumonia,negative,negative,False,,"No pneumonia, no pulmonary edema, no pleural effusions."
10086841,58132780,/mnt/c/Users/Zila/Downloads/BN5212/MIMIC-CXR/p10/p10/p10086841/s58132780.txt,Pulmonary edema,negative,negative,False,,"No pneumonia, no pulmonary edema, no pleural effusions."
10086841,58132780,/mnt/c/Users/Zila/Downloads/BN5212/MIMIC-CXR/p10/p10/p10086841/s58132780.txt,Scoliosis,positive,positive,False,,Moderate scoliosis with subsequent asymmetry of the ribcage.
10087129,55233929,/mnt/c/Users/Zila/Downloads/BN5212/MIMIC-CXR/p10/p10/p10087129/s55233929.txt,Pleural effusion,negative,negative,False,,There is no pleural effusion or pneumothorax.
10087552,54335641,/mnt/c/Users/Zila/Downloads/BN5212/MIMIC-CXR/p10/p10/p10087552/s54335641.txt,Pulmonary edema,negative,negative,False,,No pulmonary edema or focal consolidation is identified.
10087588,56862893,/mnt/c/Users/Zila/Downloads/BN5212/MIMIC-CXR/p10/p10/p10087588/s56862893.txt,Pleural effusion,negative,negative,False,,"There is no consolidation, pleural effusion, or pneumothorax."
10087922,52581906,/mnt/c/Users/Zila/Downloads/BN5212/MIMIC-CXR/p10/p10/p10087922/s52581906.txt,Edema,negative,negative,False,,No convincing evidence for pneumonia or edema.
10087922,52581906,/mnt/c/Users/Zila/Downloads/BN5212/MIMIC-CXR/p10/p10/p10087922/s52581906.txt,Pneumonia,negative,negative,False,,No convincing evidence for pneumonia or edema.
10087922,54382419,/mnt/c/Users/Zila/Downloads/BN5212/MIMIC-CXR/p10/p10/p10087922/s54382419.txt,Pleural effusion,negative,negative,False,,No pleural effusion or pneumothorax is seen.
10087922,56799383,/mnt/c/Users/Zila/Downloads/BN5212/MIMIC-CXR/p10/p10/p10087922/s56799383.txt,Pneumonia,negative,negative,False,,No radiographic evidence of pneumonia.
10087981,55345449,/mnt/c/Users/Zila/Downloads/BN5212/MIMIC-CXR/p10/p10/p10087981/s55345449.txt,Pleural effusion,negative,negative,False,,There is no pleural effusion or pneumothorax.
10088198,50446121,/mnt/c/Users/Zila/Downloads/BN5212/MIMIC-CXR/p10/p10/p10088198/s50446121.txt,Cardiomegaly,positive,positive,False,,There is stable mild cardiomegaly present.
10088198,50446121,/mnt/c/Users/Zila/Downloads/BN5212/MIMIC-CXR/p10/p10/p10088198/s50446121.txt,Pneumonia,negative,negative,False,,No focal opacities are seen to suggest pneumonia.
10088198,53688200,/mnt/c/Users/Zila/Downloads/BN5212/MIMIC-CXR/p10/p10/p10088198/s53688200.txt,Pulmonary edema,positive,positive,False,,There is mild interstitial pulmonary edema. | Mild pulmonary edema and small to moderate size bilateral pleural effusions.
10088198,55536724,/mnt/c/Users/Zila/Downloads/BN5212/MIMIC-CXR/p10/p10/p10088198/s55536724.txt,Pulmonary edema,negative,negative,False,,There is no pneumothorax or pulmonary edema.
10088198,56778882,/mnt/c/Users/Zila/Downloads/BN5212/MIMIC-CXR/p10/p10/p10088198/s56778882.txt,Pulmonary edema,negative,negative,False,,No pulmonary edema.
10088198,56778882,/mnt/c/Users/Zila/Downloads/BN5212/MIMIC-CXR/p10/p10/p10088198/s56778882.txt,Scoliosis,positive,positive,False,,"There is an area of increased radiodensity at the level of the right upper lobe, which is likely caused by the rotation of the patient following relatively severe scoliosis."
10088198,57430622,/mnt/c/Users/Zila/Downloads/BN5212/MIMIC-CXR/p10/p10/p10088198/s57430622.txt,Pleural effusion,positive,positive,False,,"There has been significant interval improvement of the large right pleural effusion with residual right basilar atelectasis. | Interval improvement of the large right pleural effusion, stable small left pleural effusion, no evidence of a pneumothorax."
10088198,58202293,/mnt/c/Users/Zila/Downloads/BN5212/MIMIC-CXR/p10/p10/p10088198/s58202293.txt,Pulmonary edema,negative,negative,False,,Crowding of the pulmonary vasculature with no evidence of pulmonary edema.
10088198,58224105,/mnt/c/Users/Zila/Downloads/BN5212/MIMIC-CXR/p10/p10/p10088198/s58224105.txt,Pleural effusion,positive,positive,False,,"As compared to the previous radiograph, there is a mild increase in extent of the known left pleural effusion and a stable appearance of the right pleural effusion."
10088198,59061144,/mnt/c/Users/Zila/Downloads/BN5212/MIMIC-CXR/p10/p10/p10088198/s59061144.txt,Pleural effusion,negative,negative,False,,"Otherwise, little change with no evidence of pneumonia, vascular congestion, or pleural effusion."
10088198,59061144,/mnt/c/Users/Zila/Downloads/BN5212/MIMIC-CXR/p10/p10/p10088198/s59061144.txt,Pneumonia,negative,negative,False,,"Otherwise, little change with no evidence of pneumonia, vascular congestion, or pleural effusion."
10088355,59938935,/mnt/c/Users/Zila/Downloads/BN5212/MIMIC-CXR/p10/p10/p10088355/s59938935.txt,Loss of height,positive,positive,False,,Minimal loss of height of a mid thoracic vertebral body is unchanged.
10088355,59938935,/mnt/c/Users/Zila/Downloads/BN5212/MIMIC-CXR/p10/p10/p10088355/s59938935.txt,Pleural effusion,negative,negative,False,,No pleural effusion or pneumothorax is seen.
10088450,52495155,/mnt/c/Users/Zila/Downloads/BN5212/MIMIC-CXR/p10/p10/p10088450/s52495155.txt,Pneumonia,negative,negative,False,,"No pneumonia, no pulmonary edema."
10088450,52495155,/mnt/c/Users/Zila/Downloads/BN5212/MIMIC-CXR/p10/p10/p10088450/s52495155.txt,Pulmonary edema,negative,negative,False,,"No pneumonia, no pulmonary edema."
10088669,54662291,/mnt/c/Users/Zila/Downloads/BN5212/MIMIC-CXR/p10/p10/p10088669/s54662291.txt,Hypertension,positive,positive,False,,Continued evidence of mild pulmonary venous hypertension.
10088669,54959574,/mnt/c/Users/Zila/Downloads/BN5212/MIMIC-CXR/p10/p10/p10088669/s54959574.txt,Pleural effusion,negative,negative,False,,"There is no consolidation, pleural effusion, or pneumothorax."
10088669,56400029,/mnt/c/Users/Zila/Downloads/BN5212/MIMIC-CXR/p10/p10/p10088669/s56400029.txt,Pleural effusion,negative,negative,False,,No pleural effusion or pneumothorax is seen.
10088669,57194095,/mnt/c/Users/Zila/Downloads/BN5212/MIMIC-CXR/p10/p10/p10088669/s57194095.txt,Pleural effusion,negative,negative,False,,"No pneumothorax, pleural effusion, or consolidation."
10088799,54800083,/mnt/c/Users/Zila/Downloads/BN5212/MIMIC-CXR/p10/p10/p10088799/s54800083.txt,Fractures,negative,negative,False,,No acute fractures identified.
10088799,54800083,/mnt/c/Users/Zila/Downloads/BN5212/MIMIC-CXR/p10/p10/p10088799/s54800083.txt,Pneumonia,positive,positive,False,,"However, more focal opacity in the right middle lobe may be representative of a developing right middle lobe pneumonia."
10088799,56288685,/mnt/c/Users/Zila/Downloads/BN5212/MIMIC-CXR/p10/p10/p10088799/s56288685.txt,Pleural effusion,positive,positive,False,,There is a small left pleural effusion. | Small left pleural effusion with left basal linear density most compatible with scarring or atelectasis.
10088799,56288685,/mnt/c/Users/Zila/Downloads/BN5212/MIMIC-CXR/p10/p10/p10088799/s56288685.txt,Pulmonary edema,negative,negative,False,,There is no focal consolidation or signs of pulmonary edema.
10088799,58205745,/mnt/c/Users/Zila/Downloads/BN5212/MIMIC-CXR/p10/p10/p10088799/s58205745.txt,Pneumonia,negative,negative,False,,No focal consolidation concerning for pneumonia.
10088799,58205745,/mnt/c/Users/Zila/Downloads/BN5212/MIMIC-CXR/p10/p10/p10088799/s58205745.txt,Pulmonary edema,negative,negative,False,,"There is no evidence for pulmonary edema, pulmonary consolidation or pneumothorax."
10088966,50069691,/mnt/c/Users/Zila/Downloads/BN5212/MIMIC-CXR/p10/p10/p10088966/s50069691.txt,Pulmonary edema,positive,positive,False,,Signs of mild hydrostatic pulmonary edema.
10088966,51792934,/mnt/c/Users/Zila/Downloads/BN5212/MIMIC-CXR/p10/p10/p10088966/s51792934.txt,Fractures,negative,negative,False,,No other displaced rib fractures.
10088966,51792934,/mnt/c/Users/Zila/Downloads/BN5212/MIMIC-CXR/p10/p10/p10088966/s51792934.txt,Pleural effusion,negative,negative,False,,No pleural effusion or pneumothorax is seen.
10088966,54520029,/mnt/c/Users/Zila/Downloads/BN5212/MIMIC-CXR/p10/p10/p10088966/s54520029.txt,Cardiomegaly,positive,positive,False,,Mild cardiomegaly with mild pulmonary vascular congestion.
10088966,54520029,/mnt/c/Users/Zila/Downloads/BN5212/MIMIC-CXR/p10/p10/p10088966/s54520029.txt,Pleural effusion,negative,negative,False,,No pleural effusion or pneumothorax is present.
10088966,54520029,/mnt/c/Users/Zila/Downloads/BN5212/MIMIC-CXR/p10/p10/p10088966/s54520029.txt,Pulmonary edema,negative,negative,False,,No pulmonary edema is present.
10088966,56032947,/mnt/c/Users/Zila/Downloads/BN5212/MIMIC-CXR/p10/p10/p10088966/s56032947.txt,Cardiomegaly,positive,positive,False,,"There is mild cardiomegaly with mild pulmonary edema, as well as small bilateral pleural effusions. | Mild cardiomegaly with mild pulmonary edema and small bilateral pleural effusions."
10088966,56032947,/mnt/c/Users/Zila/Downloads/BN5212/MIMIC-CXR/p10/p10/p10088966/s56032947.txt,Pneumonia,negative,negative,False,,No focal opacity concerning for pneumonia is identified. | No focal opacity concerning for pneumonia.
10088966,56032947,/mnt/c/Users/Zila/Downloads/BN5212/MIMIC-CXR/p10/p10/p10088966/s56032947.txt,Pulmonary edema,positive,positive,False,,"There is mild cardiomegaly with mild pulmonary edema, as well as small bilateral pleural effusions. | Mild cardiomegaly with mild pulmonary edema and small bilateral pleural effusions."
10088966,56754337,/mnt/c/Users/Zila/Downloads/BN5212/MIMIC-CXR/p10/p10/p10088966/s56754337.txt,Pleural effusion,negative,negative,False,,There is no pleural effusion.
10088966,59763427,/mnt/c/Users/Zila/Downloads/BN5212/MIMIC-CXR/p10/p10/p10088966/s59763427.txt,Pneumonia,negative,negative,False,,Mild atelectatic changes without evidence of acute pneumonia.
10088966,59946493,/mnt/c/Users/Zila/Downloads/BN5212/MIMIC-CXR/p10/p10/p10088966/s59946493.txt,Cardiomegaly,positive,positive,False,,Stable moderate cardiomegaly.
10088966,59946493,/mnt/c/Users/Zila/Downloads/BN5212/MIMIC-CXR/p10/p10/p10088966/s59946493.txt,Pneumonia,positive,positive,False,,The changes could reflect developing pneumonia or moderate interstitial pulmonary edema.
10088966,59946493,/mnt/c/Users/Zila/Downloads/BN5212/MIMIC-CXR/p10/p10/p10088966/s59946493.txt,Pulmonary edema,positive,positive,False,,The changes could reflect developing pneumonia or moderate interstitial pulmonary edema.
10089085,53475993,/mnt/c/Users/Zila/Downloads/BN5212/MIMIC-CXR/p10/p10/p10089085/s53475993.txt,Pneumonia,uncertain,uncertain,True,,Multilobar bilateral opacities concerning for pneumonia.
10089085,56214736,/mnt/c/Users/Zila/Downloads/BN5212/MIMIC-CXR/p10/p10/p10089085/s56214736.txt,Pleural effusion,positive,positive,False,,"Evidence of hazy densities, partially obscuring the diaphragms, similar as before and most likely represents pleural effusion layering partially in posterior pleural compartments as the patient is in semi-erect position."
10089085,56314113,/mnt/c/Users/Zila/Downloads/BN5212/MIMIC-CXR/p10/p10/p10089085/s56314113.txt,Cardiomegaly,positive,positive,False,,"Mild cardiomegaly is not significantly changed. | Mild cardiomegaly, not significantly changed."
10089085,56364174,/mnt/c/Users/Zila/Downloads/BN5212/MIMIC-CXR/p10/p10/p10089085/s56364174.txt,Pleural effusion,positive,positive,False,,Unchanged are the known right hilar masses as well as the small right pleural effusion.
10089085,57318427,/mnt/c/Users/Zila/Downloads/BN5212/MIMIC-CXR/p10/p10/p10089085/s57318427.txt,Emphysema,negative,negative,False,,No evidence of pneumothorax or suspicious findings for mediastinal emphysema.
10089085,57616538,/mnt/c/Users/Zila/Downloads/BN5212/MIMIC-CXR/p10/p10/p10089085/s57616538.txt,Pleural effusion,positive,positive,False,,Small right pleural effusion persists. | Small right pleural effusion.
10089085,57616538,/mnt/c/Users/Zila/Downloads/BN5212/MIMIC-CXR/p10/p10/p10089085/s57616538.txt,Pulmonary edema,negative,negative,False,,There is no pulmonary edema.
10089085,59024338,/mnt/c/Users/Zila/Downloads/BN5212/MIMIC-CXR/p10/p10/p10089085/s59024338.txt,Pulmonary edema,negative,negative,False,,There is minimal pulmonary vascular re-distribution but no overt pulmonary edema.
10089171,56360829,/mnt/c/Users/Zila/Downloads/BN5212/MIMIC-CXR/p10/p10/p10089171/s56360829.txt,Fractures,negative,negative,False,,There are no rib fractures or rib lesions identified. | No rib fractures or rib lesions identified.
10089171,56360829,/mnt/c/Users/Zila/Downloads/BN5212/MIMIC-CXR/p10/p10/p10089171/s56360829.txt,Pleural effusion,negative,negative,False,,There is no pneumothorax or pleural effusion.
10089438,52014166,/mnt/c/Users/Zila/Downloads/BN5212/MIMIC-CXR/p10/p10/p10089438/s52014166.txt,Pleural effusion,negative,negative,False,,There is no pleural effusion or pneumothorax.
10089767,52342913,/mnt/c/Users/Zila/Downloads/BN5212/MIMIC-CXR/p10/p10/p10089767/s52342913.txt,Pleural effusion,negative,negative,False,,"There is no pleural effusion, focal consolidation or pneumothorax."
10089767,52342913,/mnt/c/Users/Zila/Downloads/BN5212/MIMIC-CXR/p10/p10/p10089767/s52342913.txt,Pulmonary edema,negative,negative,False,,There is no pulmonary edema.
10089894,56710090,/mnt/c/Users/Zila/Downloads/BN5212/MIMIC-CXR/p10/p10/p10089894/s56710090.txt,Pleural effusion,positive,positive|uncertain,True,,There is a small right pleural effusion and probable small left pleural effusion.
10089894,56710090,/mnt/c/Users/Zila/Downloads/BN5212/MIMIC-CXR/p10/p10/p10089894/s56710090.txt,Pneumonia,uncertain,uncertain,True,,"There are new bilateral lower lung heterogeneous opacities, left greater than right, highly concerning for multifocal pneumonia. | New bilateral lower lung opacities, concerning for multifocal pneumonia."
10089922,58498202,/mnt/c/Users/Zila/Downloads/BN5212/MIMIC-CXR/p10/p10/p10089922/s58498202.txt,Pleural effusion,negative,negative,False,,"There is no pneumothorax, pleural effusion, or consolidation."
10089922,58498202,/mnt/c/Users/Zila/Downloads/BN5212/MIMIC-CXR/p10/p10/p10089922/s58498202.txt,Pneumonia,negative,negative,False,,No pneumonia.
10090257,54873348,/mnt/c/Users/Zila/Downloads/BN5212/MIMIC-CXR/p10/p10/p10090257/s54873348.txt,Cardiomegaly,positive,positive,False,,"Mild cardiomegaly, mediastinal and pulmonary vascular engorgement suggest volume overload and/or mild biventricular decompensation."
10090257,54873348,/mnt/c/Users/Zila/Downloads/BN5212/MIMIC-CXR/p10/p10/p10090257/s54873348.txt,Pneumonia,positive,positive,False,,LLL scarring or atelectasis more likely than pneumonia.
10090257,55957078,/mnt/c/Users/Zila/Downloads/BN5212/MIMIC-CXR/p10/p10/p10090257/s55957078.txt,Bronchitis,uncertain,uncertain,True,,"Possible left lower lobe bronchitis, less likely mild pneumonia."
10090257,55957078,/mnt/c/Users/Zila/Downloads/BN5212/MIMIC-CXR/p10/p10/p10090257/s55957078.txt,Cardiomegaly,positive,positive,False,,Mild cardiomegaly and mediastinal and pulmonary vascular engorgement are unchanged.
10090257,55957078,/mnt/c/Users/Zila/Downloads/BN5212/MIMIC-CXR/p10/p10/p10090257/s55957078.txt,Pneumonia,positive,positive|uncertain,True,,"Peribronchial opacification in the left lower lobe is more likely due to bronchial inflammation than pneumonia. | Possible left lower lobe bronchitis, less likely mild pneumonia."
10090257,55957078,/mnt/c/Users/Zila/Downloads/BN5212/MIMIC-CXR/p10/p10/p10090257/s55957078.txt,Tachycardia,positive,positive,False,,Vascular engorgement could be due to mild congestive failure and/or volume overload or a hyperdynamic circulation due to febrile tachycardia.
10090768,57224414,/mnt/c/Users/Zila/Downloads/BN5212/MIMIC-CXR/p10/p10/p10090768/s57224414.txt,Pleural effusion,negative,negative,False,,No pleural effusion or pneumothorax is seen.
10090787,51728233,/mnt/c/Users/Zila/Downloads/BN5212/MIMIC-CXR/p10/p10/p10090787/s51728233.txt,Pleural effusion,positive,positive,False,,"Normal heart size, pulmonary vascularity Suggestion of tiny pleural effusion or thickening posterior costophrenic angle. | Tiny pleural effusion or thickening"
10090828,54772108,/mnt/c/Users/Zila/Downloads/BN5212/MIMIC-CXR/p10/p10/p10090828/s54772108.txt,Pleural effusion,uncertain,uncertain,True,,A small left pleural effusion is not excluded.
10090919,55754486,/mnt/c/Users/Zila/Downloads/BN5212/MIMIC-CXR/p10/p10/p10090919/s55754486.txt,Cardiomegaly,positive,positive,False,,Mild cardiomegaly.
10090919,55754486,/mnt/c/Users/Zila/Downloads/BN5212/MIMIC-CXR/p10/p10/p10090919/s55754486.txt,Pleural effusion,negative,negative,False,,No pleural effusion or pneumothorax.
10091065,50129178,/mnt/c/Users/Zila/Downloads/BN5212/MIMIC-CXR/p10/p10/p10091065/s50129178.txt,Pleural effusion,negative,negative,False,,"The heart is normal in size, and the lungs are clear without vascular congestion or pleural effusion."
10091225,57392898,/mnt/c/Users/Zila/Downloads/BN5212/MIMIC-CXR/p10/p10/p10091225/s57392898.txt,Pleural effusion,negative,negative,False,,"No pleural effusion is evident, but right costophrenic sulcus has been excluded from the study."
10091327,52696885,/mnt/c/Users/Zila/Downloads/BN5212/MIMIC-CXR/p10/p10/p10091327/s52696885.txt,Pulmonary edema,negative,negative,False,,"There are no signs of pulmonary edema, pneumothoraces, or focal consolidation."
10091327,54871621,/mnt/c/Users/Zila/Downloads/BN5212/MIMIC-CXR/p10/p10/p10091327/s54871621.txt,Acute pulmonary edema,negative,negative,False,,"There are slightly low lung volumes without focal consolidation, pleural effusions, or signs for acute pulmonary edema."
10091327,55157414,/mnt/c/Users/Zila/Downloads/BN5212/MIMIC-CXR/p10/p10/p10091327/s55157414.txt,Edema,negative,negative,False,,"No pneumonia, edema or effusion."
10091327,55157414,/mnt/c/Users/Zila/Downloads/BN5212/MIMIC-CXR/p10/p10/p10091327/s55157414.txt,Pleural effusion,negative,negative,False,,"There is no focal consolidation, pleural effusion or pneumothorax."
10091327,55157414,/mnt/c/Users/Zila/Downloads/BN5212/MIMIC-CXR/p10/p10/p10091327/s55157414.txt,Pneumonia,negative,negative,False,,"No pneumonia, edema or effusion."
10091327,55193209,/mnt/c/Users/Zila/Downloads/BN5212/MIMIC-CXR/p10/p10/p10091327/s55193209.txt,Pleural effusion,negative,negative,False,,Lungs are clear and there is no pleural effusion.
10091327,55699728,/mnt/c/Users/Zila/Downloads/BN5212/MIMIC-CXR/p10/p10/p10091327/s55699728.txt,Pleural effusion,negative,negative,False,,No pleural effusion or pneumothorax present.
10091385,53514384,/mnt/c/Users/Zila/Downloads/BN5212/MIMIC-CXR/p10/p10/p10091385/s53514384.txt,Pleural effusion,negative,negative,False,,"No focal consolidation, pleural effusion or pneumothorax is present."
10091629,54107569,/mnt/c/Users/Zila/Downloads/BN5212/MIMIC-CXR/p10/p10/p10091629/s54107569.txt,Pleural effusion,negative,negative,False,,There is no pneumothorax or pleural effusion.
10091629,54759914,/mnt/c/Users/Zila/Downloads/BN5212/MIMIC-CXR/p10/p10/p10091629/s54759914.txt,Loss of height,positive,positive,False,,There is loss of height of multiple thoracic vertebral bodies similar to the appearance on the thoracic spine study of ___.
10091747,52039112,/mnt/c/Users/Zila/Downloads/BN5212/MIMIC-CXR/p10/p10/p10091747/s52039112.txt,Pleural effusion,negative,negative,False,,"There is no focal consolidation, pleural effusion or pneumothorax."
10091873,51220649,/mnt/c/Users/Zila/Downloads/BN5212/MIMIC-CXR/p10/p10/p10091873/s51220649.txt,Pleural effusion,negative,negative,False,,No pleural effusion or pneumothorax is seen.
10092009,54791790,/mnt/c/Users/Zila/Downloads/BN5212/MIMIC-CXR/p10/p10/p10092009/s54791790.txt,Edema,positive,positive,False,,"Follow-up standard PA and lateral radiographs are recommended after treatment of edema, if applicable, to assess left basilar opacification further if clinically indicated."
10092009,54791790,/mnt/c/Users/Zila/Downloads/BN5212/MIMIC-CXR/p10/p10/p10092009/s54791790.txt,Pleural effusion,positive,positive,False,,"Left basilar opacity, probably in the left lower lobe, suggesting pneumonia, atelectasis or potentially aspiration; potentially with loculated pleural effusion but not well delineated."
10092009,54791790,/mnt/c/Users/Zila/Downloads/BN5212/MIMIC-CXR/p10/p10/p10092009/s54791790.txt,Pneumonia,uncertain,uncertain,True,,"Left basilar opacity, probably in the left lower lobe, suggesting pneumonia, atelectasis or potentially aspiration; potentially with loculated pleural effusion but not well delineated."
10092009,54791790,/mnt/c/Users/Zila/Downloads/BN5212/MIMIC-CXR/p10/p10/p10092009/s54791790.txt,Pulmonary edema,positive,positive,False,,Mild to moderate interstitial pulmonary edema.
10092009,57379959,/mnt/c/Users/Zila/Downloads/BN5212/MIMIC-CXR/p10/p10/p10092009/s57379959.txt,Cardiomegaly,positive,positive,False,,"Cardiomegaly, unchanged."
10092009,57379959,/mnt/c/Users/Zila/Downloads/BN5212/MIMIC-CXR/p10/p10/p10092009/s57379959.txt,Loss of height,positive,positive,False,,Loss of height of a mid thoracic vertebral body is unchanged.
10092355,59927040,/mnt/c/Users/Zila/Downloads/BN5212/MIMIC-CXR/p10/p10/p10092355/s59927040.txt,Emphysema,positive,positive,False,,Lung hyperinflation compatible with emphysema.
10092355,59927040,/mnt/c/Users/Zila/Downloads/BN5212/MIMIC-CXR/p10/p10/p10092355/s59927040.txt,Pleural effusion,negative,negative,False,,There is no pleural effusion or pneumothorax.
10092355,59927040,/mnt/c/Users/Zila/Downloads/BN5212/MIMIC-CXR/p10/p10/p10092355/s59927040.txt,Pneumonia,negative,negative,False,,No focal parenchymal opacities to suggest pneumonia.
10092782,59949740,/mnt/c/Users/Zila/Downloads/BN5212/MIMIC-CXR/p10/p10/p10092782/s59949740.txt,Pleural effusion,negative,negative,False,,"There is no focal consolidation, pleural effusion, pneumothorax, or pulmonary edema identified."
10092782,59949740,/mnt/c/Users/Zila/Downloads/BN5212/MIMIC-CXR/p10/p10/p10092782/s59949740.txt,Pulmonary edema,negative,negative,False,,"There is no focal consolidation, pleural effusion, pneumothorax, or pulmonary edema identified."
10092870,59282255,/mnt/c/Users/Zila/Downloads/BN5212/MIMIC-CXR/p10/p10/p10092870/s59282255.txt,Pleural effusion,negative,negative,False,,Pleura: No pleural effusion is seen.
10092937,50576394,/mnt/c/Users/Zila/Downloads/BN5212/MIMIC-CXR/p10/p10/p10092937/s50576394.txt,Pleural effusion,negative,negative,False,,No pleural effusion or pneumothorax is evident on this single portable projection.
10093425,52219106,/mnt/c/Users/Zila/Downloads/BN5212/MIMIC-CXR/p10/p10/p10093425/s52219106.txt,Pleural effusion,positive,positive,False,,There is a small right pleural effusion with associated compressive atelectasis.
10093425,52517711,/mnt/c/Users/Zila/Downloads/BN5212/MIMIC-CXR/p10/p10/p10093425/s52517711.txt,Pulmonary fibrosis,negative,negative,False,,"Currently, there is no evidence of lung nodules, pulmonary fibrosis or other parenchymal change."
10093425,57166035,/mnt/c/Users/Zila/Downloads/BN5212/MIMIC-CXR/p10/p10/p10093425/s57166035.txt,Pneumonia,negative,negative,False,,No vascular congestion or acute focal pneumonia.
10093425,59189960,/mnt/c/Users/Zila/Downloads/BN5212/MIMIC-CXR/p10/p10/p10093425/s59189960.txt,Sarcoidosis,uncertain,uncertain,True,,"Bilateral hilar prominence is concerning for lymphadenopathy in the setting of clinical suspicion for sarcoidosis. | Bilateral hilar prominence, concerning for hilar lymphadenopathy in the setting of clinical suspicion for sarcoidosis."
10094107,52616515,/mnt/c/Users/Zila/Downloads/BN5212/MIMIC-CXR/p10/p10/p10094107/s52616515.txt,Fractures,positive,positive,False,,There are contiguous displaced left rib fractures involving at least the second through the fifth ribs. | Contiguous displaced left rib fractures involving at least the posterior aspect of the second through fifth ribs.
10094107,52616515,/mnt/c/Users/Zila/Downloads/BN5212/MIMIC-CXR/p10/p10/p10094107/s52616515.txt,Pleural effusion,positive,positive,False,,A left pleural effusion is present. | Small left pleural effusion. | Obscuration of the left hemidiaphragm which may be related to a combination of atelectasis and pleural effusion.
10094107,55774288,/mnt/c/Users/Zila/Downloads/BN5212/MIMIC-CXR/p10/p10/p10094107/s55774288.txt,Fractures,positive,positive,False,,There is again seen several left upper chest posterior rib fractures.
10094107,55774288,/mnt/c/Users/Zila/Downloads/BN5212/MIMIC-CXR/p10/p10/p10094107/s55774288.txt,Pleural effusion,positive,positive,False,,There is a small left-sided pleural effusion.
10094121,50182616,/mnt/c/Users/Zila/Downloads/BN5212/MIMIC-CXR/p10/p10/p10094121/s50182616.txt,Pleural effusion,negative,negative,False,,"No focal consolidation, pleural effusion, for evidence of pneumothorax is seen."
10094121,55725406,/mnt/c/Users/Zila/Downloads/BN5212/MIMIC-CXR/p10/p10/p10094121/s55725406.txt,Fractures,negative,negative,False,,No displaced fractures identified.
10094121,56649060,/mnt/c/Users/Zila/Downloads/BN5212/MIMIC-CXR/p10/p10/p10094121/s56649060.txt,Pleural effusion,negative,negative,False,,No pleural effusion or pneumothorax is present.
10094132,58036492,/mnt/c/Users/Zila/Downloads/BN5212/MIMIC-CXR/p10/p10/p10094132/s58036492.txt,Pneumonia,positive,positive,False,,"In the appropriate clinical setting, this opacity reflects pneumonia. | Left lower lobe pneumonia."
10094132,59047508,/mnt/c/Users/Zila/Downloads/BN5212/MIMIC-CXR/p10/p10/p10094132/s59047508.txt,Pleural effusion,negative,negative,False,,"There is no pneumothorax, vascular congestion, or pleural effusion."
10094132,59047508,/mnt/c/Users/Zila/Downloads/BN5212/MIMIC-CXR/p10/p10/p10094132/s59047508.txt,Pneumonia,negative,negative,False,,No acute cardiopulmonary process such as pneumonia.
10094132,59586246,/mnt/c/Users/Zila/Downloads/BN5212/MIMIC-CXR/p10/p10/p10094132/s59586246.txt,Pneumonia,negative,negative,False,,"In comparison with the study of ___, the left lower lung pneumonia has cleared."
10094496,55325996,/mnt/c/Users/Zila/Downloads/BN5212/MIMIC-CXR/p10/p10/p10094496/s55325996.txt,Fractures,negative,negative,False,,No acute fractures are identified.
10094496,55325996,/mnt/c/Users/Zila/Downloads/BN5212/MIMIC-CXR/p10/p10/p10094496/s55325996.txt,Pectus excavatum,positive,positive,False,,Pectus excavatum deformity is noted.
10094582,57503344,/mnt/c/Users/Zila/Downloads/BN5212/MIMIC-CXR/p10/p10/p10094582/s57503344.txt,Pleural effusion,negative,negative,False,,There is no pleural effusion or pneumothorax.
10094582,57503344,/mnt/c/Users/Zila/Downloads/BN5212/MIMIC-CXR/p10/p10/p10094582/s57503344.txt,Pulmonary edema,negative,negative,False,,No pulmonary edema is seen. | Top-normal to mildly enlarged cardiac silhouette without pulmonary edema.
10094629,54014505,/mnt/c/Users/Zila/Downloads/BN5212/MIMIC-CXR/p10/p10/p10094629/s54014505.txt,Cardiomegaly,positive,positive,False,,"The cardiac, mediastinal and hilar contours appear unchanged including mild cardiomegaly and calcification along the aortic arch."
10094629,54014505,/mnt/c/Users/Zila/Downloads/BN5212/MIMIC-CXR/p10/p10/p10094629/s54014505.txt,Heart failure,negative,negative,False,,"The central pulmonary vascularity shows upper zone redistribution with distinct but prominent vessels, similar to prior findings, suggesting pulmonary venous hypertension without congestive heart failure."
10094629,54014505,/mnt/c/Users/Zila/Downloads/BN5212/MIMIC-CXR/p10/p10/p10094629/s54014505.txt,Hypertension,positive,positive,False,,"The central pulmonary vascularity shows upper zone redistribution with distinct but prominent vessels, similar to prior findings, suggesting pulmonary venous hypertension without congestive heart failure."
10094629,54014505,/mnt/c/Users/Zila/Downloads/BN5212/MIMIC-CXR/p10/p10/p10094629/s54014505.txt,Pleural effusion,negative,negative,False,,There is no pleural effusion or pneumothorax.
10094706,51681931,/mnt/c/Users/Zila/Downloads/BN5212/MIMIC-CXR/p10/p10/p10094706/s51681931.txt,Pneumonia,uncertain,uncertain,True,,The morphology of the opacity is strongly suggestive of pneumonia.
10094971,50192640,/mnt/c/Users/Zila/Downloads/BN5212/MIMIC-CXR/p10/p10/p10094971/s50192640.txt,Cardiomegaly,positive,positive,False,,Mild cardiomegaly and interstitial pulmonary edema.
10094971,50192640,/mnt/c/Users/Zila/Downloads/BN5212/MIMIC-CXR/p10/p10/p10094971/s50192640.txt,Pleural effusion,negative,negative,False,,There is no pleural effusion.
10094971,50192640,/mnt/c/Users/Zila/Downloads/BN5212/MIMIC-CXR/p10/p10/p10094971/s50192640.txt,Pulmonary edema,positive,positive,False,,"There are prominent interstitial markings, compatible with interstitial pulmonary edema. | Mild cardiomegaly and interstitial pulmonary edema."
10094971,58409016,/mnt/c/Users/Zila/Downloads/BN5212/MIMIC-CXR/p10/p10/p10094971/s58409016.txt,Pneumonia,negative,negative,False,,"No definite focal pneumonia, though there is some asymmetry at the bases with opacification laterally on the left that should be followed on subsequent radiographs."
10094971,59974835,/mnt/c/Users/Zila/Downloads/BN5212/MIMIC-CXR/p10/p10/p10094971/s59974835.txt,Pleural effusion,negative,negative,False,,"No new focal consolidation, pleural effusion or pneumothorax is clearly noted."
10095139,56862352,/mnt/c/Users/Zila/Downloads/BN5212/MIMIC-CXR/p10/p10/p10095139/s56862352.txt,Pleural effusion,negative,negative,False,,There is no pleural effusion or pneumothorax.
10095141,51471366,/mnt/c/Users/Zila/Downloads/BN5212/MIMIC-CXR/p10/p10/p10095141/s51471366.txt,Cardiomegaly,positive,positive,False,,Moderate cardiomegaly is again noted.
10095141,56162064,/mnt/c/Users/Zila/Downloads/BN5212/MIMIC-CXR/p10/p10/p10095141/s56162064.txt,Cardiomegaly,positive,positive,False,,The cardiomediastinal silhouette is stable noting moderate cardiomegaly and atherosclerotic calcifications at the aortic arch. | Cardiomegaly without acute cardiopulmonary process.
10095141,56162064,/mnt/c/Users/Zila/Downloads/BN5212/MIMIC-CXR/p10/p10/p10095141/s56162064.txt,Edema,negative,negative,False,,"The lungs are clear without focal consolidation, effusion, or edema."
10095141,59265243,/mnt/c/Users/Zila/Downloads/BN5212/MIMIC-CXR/p10/p10/p10095141/s59265243.txt,Cardiomegaly,positive,positive,False,,"Cardiomegaly is unchanged. | Stable cardiomegaly, otherwise unremarkable."
10095141,59265243,/mnt/c/Users/Zila/Downloads/BN5212/MIMIC-CXR/p10/p10/p10095141/s59265243.txt,Edema,negative,negative,False,,No convincing signs of edema.
10095181,51068699,/mnt/c/Users/Zila/Downloads/BN5212/MIMIC-CXR/p10/p10/p10095181/s51068699.txt,Pleural effusion,positive,positive,False,,"Small left pleural effusion is demonstrated, similar compared to the prior exam. | Unchanged small left pleural effusion."
10095181,51702229,/mnt/c/Users/Zila/Downloads/BN5212/MIMIC-CXR/p10/p10/p10095181/s51702229.txt,Pleural effusion,positive,positive,False,,There is small left pleural effusion.
10095181,51702229,/mnt/c/Users/Zila/Downloads/BN5212/MIMIC-CXR/p10/p10/p10095181/s51702229.txt,Pulmonary edema,positive,positive,False,,"Diffuse bilateral opacities, most likely pulmonary edema, have progressed since prior studies."
10095181,52185486,/mnt/c/Users/Zila/Downloads/BN5212/MIMIC-CXR/p10/p10/p10095181/s52185486.txt,Fluid overload,positive,positive,False,,"Also, a component of minimal interstitial fluid overload is less severe than on the previous image."
10095181,56946146,/mnt/c/Users/Zila/Downloads/BN5212/MIMIC-CXR/p10/p10/p10095181/s56946146.txt,Pleural effusion,negative,negative,False,,There is no pleural effusion or pneumothorax.
10095181,57427058,/mnt/c/Users/Zila/Downloads/BN5212/MIMIC-CXR/p10/p10/p10095181/s57427058.txt,Pleural effusion,positive,positive,False,,Blunting of the left CP angle on the lateral views suggest a small left pleural effusion. | Tiny left pleural effusion.
10095181,59678597,/mnt/c/Users/Zila/Downloads/BN5212/MIMIC-CXR/p10/p10/p10095181/s59678597.txt,Edema,positive,positive,False,,There is unchanged background pulmonary interstitial edema.
10095181,59678597,/mnt/c/Users/Zila/Downloads/BN5212/MIMIC-CXR/p10/p10/p10095181/s59678597.txt,Pleural effusion,negative,negative,False,,No large pleural effusion or pneumothorax is appreciated.
10095181,59678597,/mnt/c/Users/Zila/Downloads/BN5212/MIMIC-CXR/p10/p10/p10095181/s59678597.txt,Pneumonia,positive,positive,False,,Concurrent right basilar pneumonia and possible multifocal infection involving the left lung base.
10095181,59678597,/mnt/c/Users/Zila/Downloads/BN5212/MIMIC-CXR/p10/p10/p10095181/s59678597.txt,Pulmonary edema,positive,positive,False,,Unchanged pulmonary edema.
10095258,55820483,/mnt/c/Users/Zila/Downloads/BN5212/MIMIC-CXR/p10/p10/p10095258/s55820483.txt,Pleural effusion,negative,negative,False,,"No focal consolidation, pleural effusion, or pneumothorax."
10095286,52801314,/mnt/c/Users/Zila/Downloads/BN5212/MIMIC-CXR/p10/p10/p10095286/s52801314.txt,Pleural effusion,positive,positive,False,,There is also a moderate right-sided pleural effusion.
10095286,52801314,/mnt/c/Users/Zila/Downloads/BN5212/MIMIC-CXR/p10/p10/p10095286/s52801314.txt,Pulmonary edema,negative,negative,False,,There are no signs for overt pulmonary edema.
10095286,54805682,/mnt/c/Users/Zila/Downloads/BN5212/MIMIC-CXR/p10/p10/p10095286/s54805682.txt,Pleural effusion,uncertain,uncertain,True,,"Haziness is seen in the right upper lung, which has an convex margin inferiorly and may represent loculated pleural effusion. | Haziness in the right upper lung, which may represent loculated pleural effusion."
10095286,56888033,/mnt/c/Users/Zila/Downloads/BN5212/MIMIC-CXR/p10/p10/p10095286/s56888033.txt,Fractures,positive,positive,False,,Old left upper rib fractures are seen.
10095286,56888033,/mnt/c/Users/Zila/Downloads/BN5212/MIMIC-CXR/p10/p10/p10095286/s56888033.txt,Hemorrhage,positive,positive,False,,There is some increased density and consolidation at the right base likely due to a combination of pulmonary hemorrhage related to the chest tube and consolidation.
10095361,51258475,/mnt/c/Users/Zila/Downloads/BN5212/MIMIC-CXR/p10/p10/p10095361/s51258475.txt,Pleural effusion,negative,negative,False,,"There is no focal consolidation, pleural effusion or pneumothorax."
10095552,52213992,/mnt/c/Users/Zila/Downloads/BN5212/MIMIC-CXR/p10/p10/p10095552/s52213992.txt,Dislocation,negative,negative,False,,"There is no pneumothorax, fracture or dislocation."
10095570,53351393,/mnt/c/Users/Zila/Downloads/BN5212/MIMIC-CXR/p10/p10/p10095570/s53351393.txt,Cardiomegaly,positive,positive,False,,Mild cardiomegaly.
10095570,53351393,/mnt/c/Users/Zila/Downloads/BN5212/MIMIC-CXR/p10/p10/p10095570/s53351393.txt,Fluid overload,positive,positive,False,,Mild fluid overload but no overt pulmonary edema.
10095570,53351393,/mnt/c/Users/Zila/Downloads/BN5212/MIMIC-CXR/p10/p10/p10095570/s53351393.txt,Pulmonary edema,negative,negative,False,,Mild fluid overload but no overt pulmonary edema.
10095570,56624188,/mnt/c/Users/Zila/Downloads/BN5212/MIMIC-CXR/p10/p10/p10095570/s56624188.txt,Edema,positive,positive,False,,Pulmonary vascular congestion is accompanied by mild edema.
10095570,59429006,/mnt/c/Users/Zila/Downloads/BN5212/MIMIC-CXR/p10/p10/p10095570/s59429006.txt,Pulmonary edema,positive,positive,False,,"Since prior study from earlier today, the degree of pulmonary edema has improved."
10095681,50667920,/mnt/c/Users/Zila/Downloads/BN5212/MIMIC-CXR/p10/p10/p10095681/s50667920.txt,Hernia,positive,positive,False,,"Low ablation along the left posterior medial diaphragm is demonstrated, unchanged since the prior study, consistent with small both iliac hernia."
10095681,50667920,/mnt/c/Users/Zila/Downloads/BN5212/MIMIC-CXR/p10/p10/p10095681/s50667920.txt,Pleural effusion,negative,negative,False,,There is no pleural effusion or pneumothorax.
10095681,50667920,/mnt/c/Users/Zila/Downloads/BN5212/MIMIC-CXR/p10/p10/p10095681/s50667920.txt,Pulmonary hypertension,positive,positive,False,,Pulmonary artery is prominent most likely consistent with pulmonary hypertension potentially related to provided history of COPD.
10095695,52921982,/mnt/c/Users/Zila/Downloads/BN5212/MIMIC-CXR/p10/p10/p10095695/s52921982.txt,Pneumonia,negative,negative,False,,There is no evidence of pneumonia. | No evidence of pneumonia.
10095982,51837053,/mnt/c/Users/Zila/Downloads/BN5212/MIMIC-CXR/p10/p10/p10095982/s51837053.txt,Pleural effusion,positive,positive,False,,"There is a small pleural effusion, partly loculated. | Small loculated pleural effusion on the right with patchy densities which may be due to coinciding atelectasis."
10095982,52132160,/mnt/c/Users/Zila/Downloads/BN5212/MIMIC-CXR/p10/p10/p10095982/s52132160.txt,Edema,positive,positive,False,,"Given that the left lung appears grossly clear, this more likely represents an infectious process rather than edema."
10095982,52132160,/mnt/c/Users/Zila/Downloads/BN5212/MIMIC-CXR/p10/p10/p10095982/s52132160.txt,Pleural effusion,positive,positive,False,,There is a small right basilar and lateral pleural effusion.
10095982,52867515,/mnt/c/Users/Zila/Downloads/BN5212/MIMIC-CXR/p10/p10/p10095982/s52867515.txt,Emphysema,positive,positive,False,,Underlying emphysema is better appreciated on the recent CT chest.
10095982,52867515,/mnt/c/Users/Zila/Downloads/BN5212/MIMIC-CXR/p10/p10/p10095982/s52867515.txt,Pleural effusion,positive,positive,False,,At least partially loculated right pleural effusion is noted.
10095982,54052225,/mnt/c/Users/Zila/Downloads/BN5212/MIMIC-CXR/p10/p10/p10095982/s54052225.txt,Cardiomegaly,positive,positive,False,,Moderate cardiomegaly persists.
10095982,54052225,/mnt/c/Users/Zila/Downloads/BN5212/MIMIC-CXR/p10/p10/p10095982/s54052225.txt,Pleural effusion,positive,positive,False,,Status post thoracocentesis of a right pleural effusion.
10095982,55531941,/mnt/c/Users/Zila/Downloads/BN5212/MIMIC-CXR/p10/p10/p10095982/s55531941.txt,Pleural effusion,negative,negative,False,,There is no pneumothorax or pleural effusion.
10095982,55545891,/mnt/c/Users/Zila/Downloads/BN5212/MIMIC-CXR/p10/p10/p10095982/s55545891.txt,Cardiomegaly,positive,positive,False,,Mild cardiomegaly is unchanged.
10095982,55545891,/mnt/c/Users/Zila/Downloads/BN5212/MIMIC-CXR/p10/p10/p10095982/s55545891.txt,Emphysema,positive,positive,False,,Mild pulmonary edema superimposed on chronic interstitial changes attributable to emphysema is unchanged. | Stable mild pulmonary edema superimposed on emphysema.
10095982,55545891,/mnt/c/Users/Zila/Downloads/BN5212/MIMIC-CXR/p10/p10/p10095982/s55545891.txt,Pleural effusion,positive,positive,False,,Moderate right pleural effusion is decreased with right basilar pigtail catheter in place. | A small left pleural effusion is unchanged. | Decreased moderate right pleural effusion with chest tube in place. | Stable small left pleural effusion.
10095982,55545891,/mnt/c/Users/Zila/Downloads/BN5212/MIMIC-CXR/p10/p10/p10095982/s55545891.txt,Pulmonary edema,positive,positive,False,,Mild pulmonary edema superimposed on chronic interstitial changes attributable to emphysema is unchanged. | Stable mild pulmonary edema superimposed on emphysema.
10095990,54862799,/mnt/c/Users/Zila/Downloads/BN5212/MIMIC-CXR/p10/p10/p10095990/s54862799.txt,Pleural effusion,negative,negative,False,,No pleural effusion or pneumothorax is seen.
10096075,52551983,/mnt/c/Users/Zila/Downloads/BN5212/MIMIC-CXR/p10/p10/p10096075/s52551983.txt,Pleural effusion,negative,negative,False,,"Cardiac silhouette is within normal limits and there is no vascular congestion, pleural effusion, or acute focal pneumonia."
10096075,52551983,/mnt/c/Users/Zila/Downloads/BN5212/MIMIC-CXR/p10/p10/p10096075/s52551983.txt,Pneumonia,negative,negative,False,,"Cardiac silhouette is within normal limits and there is no vascular congestion, pleural effusion, or acute focal pneumonia."
10096391,50175723,/mnt/c/Users/Zila/Downloads/BN5212/MIMIC-CXR/p10/p10/p10096391/s50175723.txt,Pleural effusion,negative,negative,False,,There is no pneumothorax or pleural effusion.
10096391,54848668,/mnt/c/Users/Zila/Downloads/BN5212/MIMIC-CXR/p10/p10/p10096391/s54848668.txt,Emphysema,positive,positive,False,,"This was probably due to either atypical atypical interstitial pneumonia or pulmonary edema, in the setting of moderately severe emphysema."
10096391,54848668,/mnt/c/Users/Zila/Downloads/BN5212/MIMIC-CXR/p10/p10/p10096391/s54848668.txt,Pneumonia,uncertain,uncertain,True,,"This was probably due to either atypical atypical interstitial pneumonia or pulmonary edema, in the setting of moderately severe emphysema."
10096391,54848668,/mnt/c/Users/Zila/Downloads/BN5212/MIMIC-CXR/p10/p10/p10096391/s54848668.txt,Pulmonary edema,uncertain,uncertain,True,,"This was probably due to either atypical atypical interstitial pneumonia or pulmonary edema, in the setting of moderately severe emphysema."
10096391,57076361,/mnt/c/Users/Zila/Downloads/BN5212/MIMIC-CXR/p10/p10/p10096391/s57076361.txt,Cardiomegaly,positive,positive,False,,Moderate cardiomegaly is stable.
10096391,57076361,/mnt/c/Users/Zila/Downloads/BN5212/MIMIC-CXR/p10/p10/p10096391/s57076361.txt,Pulmonary edema,positive,positive,False,,Mild to moderate pulmonary edema is new. | Mild to moderate pulmonary edema
10096420,56443198,/mnt/c/Users/Zila/Downloads/BN5212/MIMIC-CXR/p10/p10/p10096420/s56443198.txt,Pleural effusion,negative,negative,False,,No acute focal pneumonia or pleural effusion.
10096420,56443198,/mnt/c/Users/Zila/Downloads/BN5212/MIMIC-CXR/p10/p10/p10096420/s56443198.txt,Pneumonia,negative,negative,False,,No acute focal pneumonia or pleural effusion.
10096448,58015421,/mnt/c/Users/Zila/Downloads/BN5212/MIMIC-CXR/p10/p10/p10096448/s58015421.txt,Pleural effusion,negative,negative,False,,No pleural effusion or pneumothorax is seen.
10097232,51834590,/mnt/c/Users/Zila/Downloads/BN5212/MIMIC-CXR/p10/p10/p10097232/s51834590.txt,Pleural effusion,uncertain,uncertain,True,,There is probably a small left pleural effusion.
10097232,51834590,/mnt/c/Users/Zila/Downloads/BN5212/MIMIC-CXR/p10/p10/p10097232/s51834590.txt,Pneumonia,positive,positive|uncertain,True,,"Given clinical history, findings are concerning for multifocal pneumonia. | Multifocal pneumonia."
10097232,52168212,/mnt/c/Users/Zila/Downloads/BN5212/MIMIC-CXR/p10/p10/p10097232/s52168212.txt,Pleural effusion,positive,positive,False,,Silhouetting of the left hemidiaphragm suggests volume loss in the lower lobe as well as a small pleural effusion on this side.
10097232,53361278,/mnt/c/Users/Zila/Downloads/BN5212/MIMIC-CXR/p10/p10/p10097232/s53361278.txt,Pleural effusion,positive,positive,False,,Persistent small left pleural effusion is also demonstrated.
10097232,53361278,/mnt/c/Users/Zila/Downloads/BN5212/MIMIC-CXR/p10/p10/p10097232/s53361278.txt,Pneumonia,positive,positive,False,,Findings are consistent with history of multifocal pneumonia.
10097232,55995712,/mnt/c/Users/Zila/Downloads/BN5212/MIMIC-CXR/p10/p10/p10097232/s55995712.txt,Pleural effusion,positive,positive,False,,Presumed Small left pleural effusion is similar.
10097232,55995712,/mnt/c/Users/Zila/Downloads/BN5212/MIMIC-CXR/p10/p10/p10097232/s55995712.txt,Pneumonia,positive,positive|uncertain,True,,"Bilateral multifocal opacities predominantly in the lower lungs concerning for pneumonia, unchanged since yesterday. | Multifocal pneumonia, unchanged over last 24 hours."
10097491,57905428,/mnt/c/Users/Zila/Downloads/BN5212/MIMIC-CXR/p10/p10/p10097491/s57905428.txt,Pleural effusion,negative,negative,False,,"There is no pneumothorax, consolidation, or pleural effusion."
10097612,51532014,/mnt/c/Users/Zila/Downloads/BN5212/MIMIC-CXR/p10/p10/p10097612/s51532014.txt,Cardiomegaly,positive,positive,False,,"There is severe cardiomegaly, slightly increased compared to prior."
10097612,51664412,/mnt/c/Users/Zila/Downloads/BN5212/MIMIC-CXR/p10/p10/p10097612/s51664412.txt,Cardiomegaly,positive,positive,False,,Moderate cardiomegaly is stable.
10097612,51664412,/mnt/c/Users/Zila/Downloads/BN5212/MIMIC-CXR/p10/p10/p10097612/s51664412.txt,Pulmonary edema,negative,negative,False,,There is no pulmonary edema. | No pulmonary edema.
10097612,51968731,/mnt/c/Users/Zila/Downloads/BN5212/MIMIC-CXR/p10/p10/p10097612/s51968731.txt,Cardiomegaly,positive,positive,False,,Moderate cardiomegaly and findings suggesting mild vascular congestion.
10097612,51968731,/mnt/c/Users/Zila/Downloads/BN5212/MIMIC-CXR/p10/p10/p10097612/s51968731.txt,Pulmonary edema,negative,negative,False,,There is mild prominence of pulmonary vascularity and interstitium without frank pulmonary edema.
10097612,55662521,/mnt/c/Users/Zila/Downloads/BN5212/MIMIC-CXR/p10/p10/p10097612/s55662521.txt,Pleural effusion,positive,positive,False,,"There is atelectasis the left base, with a small pleural effusion. | Atelectasis at left base with a small pleural effusion."
10097612,56461207,/mnt/c/Users/Zila/Downloads/BN5212/MIMIC-CXR/p10/p10/p10097612/s56461207.txt,Cardiomegaly,positive,positive,False,,"Cardiomegaly is severe and appears worsened on the frontal view compared to prior exams, although this may be partly accounted for by AP technique and rotation of the patient. | Severe cardiomegaly which appears worsened compared to prior, which may be in part technical."
10097612,56461207,/mnt/c/Users/Zila/Downloads/BN5212/MIMIC-CXR/p10/p10/p10097612/s56461207.txt,Pleural effusion,negative,negative,False,,There is no pleural effusion or pneumothorax.
10097612,56461207,/mnt/c/Users/Zila/Downloads/BN5212/MIMIC-CXR/p10/p10/p10097612/s56461207.txt,Pneumonia,negative,negative,False,,There is no focal consolidation concerning for pneumonia.
10097612,56461207,/mnt/c/Users/Zila/Downloads/BN5212/MIMIC-CXR/p10/p10/p10097612/s56461207.txt,Pulmonary edema,negative,negative,False,,Mild interstitial prominence is again seen without pulmonary edema. | No pulmonary edema.
10097612,57886372,/mnt/c/Users/Zila/Downloads/BN5212/MIMIC-CXR/p10/p10/p10097612/s57886372.txt,Pleural effusion,positive,positive,False,,"As compared to ___ chest radiograph, pulmonary edema has improved along with a a right pleural effusion."
10097612,57886372,/mnt/c/Users/Zila/Downloads/BN5212/MIMIC-CXR/p10/p10/p10097612/s57886372.txt,Pulmonary edema,positive,positive,False,,"As compared to ___ chest radiograph, pulmonary edema has improved along with a a right pleural effusion."
10097612,58270224,/mnt/c/Users/Zila/Downloads/BN5212/MIMIC-CXR/p10/p10/p10097612/s58270224.txt,Pleural effusion,negative,negative,False,,"Given this, no pleural effusion is seen. | Right costophrenic angle not completely included on the image; given this, no pleural effusion seen."
10097612,58270224,/mnt/c/Users/Zila/Downloads/BN5212/MIMIC-CXR/p10/p10/p10097612/s58270224.txt,Pulmonary edema,negative,negative,False,,Persistent enlargement of the cardiac silhouette without overt pulmonary edema.
10097612,59679824,/mnt/c/Users/Zila/Downloads/BN5212/MIMIC-CXR/p10/p10/p10097612/s59679824.txt,Cardiomegaly,positive,positive,False,,"Moderate cardiomegaly increased from ___, with increased mild interstitial edema."
10097612,59679824,/mnt/c/Users/Zila/Downloads/BN5212/MIMIC-CXR/p10/p10/p10097612/s59679824.txt,Edema,positive,positive,False,,"Since the prior study, the cardiac silhouette is enlarged, there is more central vascular congestion, and there is mild interstitial edema. | Moderate cardiomegaly increased from ___, with increased mild interstitial edema."
10097612,59679824,/mnt/c/Users/Zila/Downloads/BN5212/MIMIC-CXR/p10/p10/p10097612/s59679824.txt,Pleural effusion,negative,negative,False,,No large pleural effusion.
10098008,51057848,/mnt/c/Users/Zila/Downloads/BN5212/MIMIC-CXR/p10/p10/p10098008/s51057848.txt,Pleural effusion,positive,positive,False,,"In comparison with the study of ___, there has been the development of a large left pleural effusion filling the hemithorax to the level of the hilum."
10098008,52637853,/mnt/c/Users/Zila/Downloads/BN5212/MIMIC-CXR/p10/p10/p10098008/s52637853.txt,Pleural effusion,positive,positive,False,,"Left pleural catheter has apparently been removed, with persistent small left pleural effusion. | Right pleural effusion has also improved in the interval."
10098008,53086305,/mnt/c/Users/Zila/Downloads/BN5212/MIMIC-CXR/p10/p10/p10098008/s53086305.txt,Pleural effusion,positive,positive,False,,"___ in with the study of ___, there has been placement of a pigtail catheter at the left base with substantial decrease in the degree of pleural effusion."
10098008,54267692,/mnt/c/Users/Zila/Downloads/BN5212/MIMIC-CXR/p10/p10/p10098008/s54267692.txt,Pneumonia,conflicting,negative|positive,True,,"The symmetry of the changes would favor pulmonary edema rather than pneumonia. | However, no other signs suggesting pulmonary edema are present so that bilateral pneumonia should be considered."
10098008,54267692,/mnt/c/Users/Zila/Downloads/BN5212/MIMIC-CXR/p10/p10/p10098008/s54267692.txt,Pulmonary edema,conflicting,negative|positive,True,,"The symmetry of the changes would favor pulmonary edema rather than pneumonia. | However, no other signs suggesting pulmonary edema are present so that bilateral pneumonia should be considered."
10098008,54312381,/mnt/c/Users/Zila/Downloads/BN5212/MIMIC-CXR/p10/p10/p10098008/s54312381.txt,Pleural effusion,positive,positive,False,,Left pleural effusion is minimal. | Moderate right subpulmonic pleural effusion may be slightly increased from before. | Right pleural effusion is moderate and may be slightly increased from before.
10098008,54312381,/mnt/c/Users/Zila/Downloads/BN5212/MIMIC-CXR/p10/p10/p10098008/s54312381.txt,Pulmonary edema,negative,negative,False,,There is no pulmonary edema.
10098008,59169031,/mnt/c/Users/Zila/Downloads/BN5212/MIMIC-CXR/p10/p10/p10098008/s59169031.txt,Pleural effusion,positive,positive,False,,"Bibasilar opacification process, more prominent on the left, consistent with pleural effusion and compressive atelectasis at the bases."
10098553,51091398,/mnt/c/Users/Zila/Downloads/BN5212/MIMIC-CXR/p10/p10/p10098553/s51091398.txt,Pleural effusion,negative,negative,False,,There is no pleural effusion or pneumothorax.
10098672,51363651,/mnt/c/Users/Zila/Downloads/BN5212/MIMIC-CXR/p10/p10/p10098672/s51363651.txt,Pneumonia,positive,positive,False,,"Pneumonia is considered less likely, but followup radiographs may be helpful in this regard."
10098672,53441621,/mnt/c/Users/Zila/Downloads/BN5212/MIMIC-CXR/p10/p10/p10098672/s53441621.txt,Cardiomegaly,positive,positive,False,,Cardiomegaly is again noted.
10098672,53441621,/mnt/c/Users/Zila/Downloads/BN5212/MIMIC-CXR/p10/p10/p10098672/s53441621.txt,Pleural effusion,negative,negative,False,,There is no pneumothorax or pleural effusion.
10098672,53441621,/mnt/c/Users/Zila/Downloads/BN5212/MIMIC-CXR/p10/p10/p10098672/s53441621.txt,Pneumonia,positive,positive|uncertain,True,,"PA and lateral images of the chest demonstrate a retrocardiac opacity that is consistent with a lower lobe pneumonia. | This opacity is not seen on frontal exam, so it is unclear which side the pneumonia is on. | Retrocardiac opacity concerning for lower lobe pneumonia."
10098672,53584500,/mnt/c/Users/Zila/Downloads/BN5212/MIMIC-CXR/p10/p10/p10098672/s53584500.txt,Pleural effusion,negative,negative,False,,There is no pneumothorax or pleural effusion.
10098672,58774567,/mnt/c/Users/Zila/Downloads/BN5212/MIMIC-CXR/p10/p10/p10098672/s58774567.txt,Cardiomegaly,positive,positive,False,,Increased cardiomegaly since the prior study of ___.
10098672,58774567,/mnt/c/Users/Zila/Downloads/BN5212/MIMIC-CXR/p10/p10/p10098672/s58774567.txt,Pleural effusion,negative,negative,False,,"There is no focal consolidation, pleural effusion, or pneumothorax."
10098993,52050071,/mnt/c/Users/Zila/Downloads/BN5212/MIMIC-CXR/p10/p10/p10098993/s52050071.txt,Pleural effusion,negative,negative,False,,There is no pleural effusion.
10098993,59302191,/mnt/c/Users/Zila/Downloads/BN5212/MIMIC-CXR/p10/p10/p10098993/s59302191.txt,Fluid overload,positive,positive,False,,"Mild fluid overload and probable trace pleural effusions, new since prior exam."
10099269,57938759,/mnt/c/Users/Zila/Downloads/BN5212/MIMIC-CXR/p10/p10/p10099269/s57938759.txt,Pulmonary edema,positive,positive,False,,Mild pulmonary edema.
10099480,51075500,/mnt/c/Users/Zila/Downloads/BN5212/MIMIC-CXR/p10/p10/p10099480/s51075500.txt,Pleural effusion,negative,negative,False,,"No pneumonia, vascular congestion, or pleural effusion."
10099480,51075500,/mnt/c/Users/Zila/Downloads/BN5212/MIMIC-CXR/p10/p10/p10099480/s51075500.txt,Pneumonia,negative,negative,False,,"No pneumonia, vascular congestion, or pleural effusion."
10099480,54991223,/mnt/c/Users/Zila/Downloads/BN5212/MIMIC-CXR/p10/p10/p10099480/s54991223.txt,Pleural effusion,negative,negative,False,,No pneumothorax or pleural effusion is seen.
10099480,58656590,/mnt/c/Users/Zila/Downloads/BN5212/MIMIC-CXR/p10/p10/p10099480/s58656590.txt,Pulmonary edema,positive,positive,False,,"Mild pulmonary edema has improved, however there is residual interstitial abnormality which may be appreciated on CT dated ___. | Mild pulmonary edema has improved but residual interstitial abnormality remains."
10099497,51408615,/mnt/c/Users/Zila/Downloads/BN5212/MIMIC-CXR/p10/p10/p10099497/s51408615.txt,Hernia,positive,positive,False,,A large hiatal hernia is re- demonstrated. | Large hiatal hernia.
10099497,51408615,/mnt/c/Users/Zila/Downloads/BN5212/MIMIC-CXR/p10/p10/p10099497/s51408615.txt,Pleural effusion,negative,negative,False,,"No focal consolidation, pleural effusion or pneumothorax is identified."
10099497,51408615,/mnt/c/Users/Zila/Downloads/BN5212/MIMIC-CXR/p10/p10/p10099497/s51408615.txt,Scoliosis,positive,positive,False,,Marked S-shaped scoliosis of the thoracic spine is re- demonstrated. | Severe S-shaped scoliosis.
10099497,55189170,/mnt/c/Users/Zila/Downloads/BN5212/MIMIC-CXR/p10/p10/p10099497/s55189170.txt,Hernia,positive,positive,False,,Again seen is a hiatal hernia.
10099652,51385293,/mnt/c/Users/Zila/Downloads/BN5212/MIMIC-CXR/p10/p10/p10099652/s51385293.txt,Pulmonary edema,negative,negative,False,,No pulmonary edema.
10099652,54674924,/mnt/c/Users/Zila/Downloads/BN5212/MIMIC-CXR/p10/p10/p10099652/s54674924.txt,Pleural effusion,negative,negative,False,,There is no pleural effusion or pneumothorax.
10099869,51274618,/mnt/c/Users/Zila/Downloads/BN5212/MIMIC-CXR/p10/p10/p10099869/s51274618.txt,Emphysema,positive,positive,False,,Decreasing subcutaneous emphysema along the right upper abdominal wall.
10099869,52511189,/mnt/c/Users/Zila/Downloads/BN5212/MIMIC-CXR/p10/p10/p10099869/s52511189.txt,Pneumonia,negative,negative,False,,No acute pneumonia.
10099869,53054935,/mnt/c/Users/Zila/Downloads/BN5212/MIMIC-CXR/p10/p10/p10099869/s53054935.txt,Pleural effusion,negative,negative,False,,There is no pleural effusion or pneumothorax.
10099869,53490649,/mnt/c/Users/Zila/Downloads/BN5212/MIMIC-CXR/p10/p10/p10099869/s53490649.txt,Emphysema,positive,positive,False,,Increased subcutaneous emphysema in the right lateral chest wall is noted. | Increased subcutaneous emphysema in the right lateral chest wall.
10099869,53490649,/mnt/c/Users/Zila/Downloads/BN5212/MIMIC-CXR/p10/p10/p10099869/s53490649.txt,Fractures,positive,positive,False,,Right lateral rib fractures are better assessed on the previous CT.
10099869,57972791,/mnt/c/Users/Zila/Downloads/BN5212/MIMIC-CXR/p10/p10/p10099869/s57972791.txt,Pleural effusion,negative,negative,False,,There is no appreciable pleural effusion.
10099869,59612696,/mnt/c/Users/Zila/Downloads/BN5212/MIMIC-CXR/p10/p10/p10099869/s59612696.txt,Pleural effusion,negative,negative,False,,No appreciable pleural effusion.
10100035,53798084,/mnt/c/Users/Zila/Downloads/BN5212/MIMIC-CXR/p10/p10/p10100035/s53798084.txt,Pleural effusion,positive,positive,False,,"Opacification at the lung bases is largely moderate atelectasis on the right, combination of moderate left pleural effusion and moderate atelectasis on the left. | Moderate left effusion with moderate bibasal opacities have not been placed changed, given the adjacent sub phrenic intra-abdominal collection, there is concern for infected left pleural effusion."
10100035,56674998,/mnt/c/Users/Zila/Downloads/BN5212/MIMIC-CXR/p10/p10/p10100035/s56674998.txt,Pleural effusion,positive,positive,False,,"Opacification at the lung bases is largely moderate atelectasis on the right, combination of moderate left pleural effusion and moderate atelectasis on the left."
10100177,58169230,/mnt/c/Users/Zila/Downloads/BN5212/MIMIC-CXR/p10/p10/p10100177/s58169230.txt,Pleural effusion,negative,negative,False,,"No pleural effusion, pneumothorax, or focal consolidation is present."
10100177,59248519,/mnt/c/Users/Zila/Downloads/BN5212/MIMIC-CXR/p10/p10/p10100177/s59248519.txt,Hypertension,positive,positive,False,,There is prominence of the main pulmonary artery contour which raises concern for pulmonary arterial hypertension.
10100177,59248519,/mnt/c/Users/Zila/Downloads/BN5212/MIMIC-CXR/p10/p10/p10100177/s59248519.txt,Pneumonia,negative,negative,False,,No pneumonia.
10100177,59248519,/mnt/c/Users/Zila/Downloads/BN5212/MIMIC-CXR/p10/p10/p10100177/s59248519.txt,Pulmonary hypertension,uncertain,uncertain,True,,Prominence of the main pulmonary artery contour is concerning for underlying pulmonary hypertension.
10100254,58357131,/mnt/c/Users/Zila/Downloads/BN5212/MIMIC-CXR/p10/p10/p10100254/s58357131.txt,Pheochromocytoma,positive,positive,False,,Multiple bilateral lung nodules consistent with the provided diagnosis of metastatic pheochromocytoma.
10100733,54658277,/mnt/c/Users/Zila/Downloads/BN5212/MIMIC-CXR/p10/p10/p10100733/s54658277.txt,Pleural effusion,negative,negative,False,,There is no pleural effusion or pneumothorax.
10100810,52006320,/mnt/c/Users/Zila/Downloads/BN5212/MIMIC-CXR/p10/p10/p10100810/s52006320.txt,Edema,negative,negative,False,,The lungs are clear without consolidation or edema.
10100810,52006320,/mnt/c/Users/Zila/Downloads/BN5212/MIMIC-CXR/p10/p10/p10100810/s52006320.txt,Pleural effusion,negative,negative,False,,There is no pleural effusion or pneumothorax.
10100810,57823070,/mnt/c/Users/Zila/Downloads/BN5212/MIMIC-CXR/p10/p10/p10100810/s57823070.txt,Pleural effusion,negative,negative,False,,There is no pleural effusion.
10101070,52571298,/mnt/c/Users/Zila/Downloads/BN5212/MIMIC-CXR/p10/p10/p10101070/s52571298.txt,Edema,negative,negative,False,,"However, there is no interstitial edema."
10101070,52571298,/mnt/c/Users/Zila/Downloads/BN5212/MIMIC-CXR/p10/p10/p10101070/s52571298.txt,Pleural effusion,positive,positive,False,,Lung volumes are still low with bibasilar atelectasis and a small pleural effusion on the right. | Bibasilar atelectasis and small right pleural effusion.
10101070,52909222,/mnt/c/Users/Zila/Downloads/BN5212/MIMIC-CXR/p10/p10/p10101070/s52909222.txt,Edema,positive,positive,False,,"Lung volumes continue to be low, and mild bilateral effusions and interstitial edema have increased since ___. | Increasing bilateral pleural effusions and interstitial edema."
10101070,52909222,/mnt/c/Users/Zila/Downloads/BN5212/MIMIC-CXR/p10/p10/p10101070/s52909222.txt,Pneumonia,negative,negative,False,,No consolidation to suggest pneumonia.
10101282,55599111,/mnt/c/Users/Zila/Downloads/BN5212/MIMIC-CXR/p10/p10/p10101282/s55599111.txt,Pleural effusion,positive,positive,False,,There is a a small right pleural effusion. | Small right pleural effusion.
10101282,58226723,/mnt/c/Users/Zila/Downloads/BN5212/MIMIC-CXR/p10/p10/p10101282/s58226723.txt,Pleural effusion,conflicting,negative|positive,True,,Small right pleural effusion is again noted. | No pleural effusion on the left.
10101518,54066080,/mnt/c/Users/Zila/Downloads/BN5212/MIMIC-CXR/p10/p10/p10101518/s54066080.txt,Pleural effusion,negative,negative,False,,"No pneumonia, vascular congestion, or pleural effusion."
10101518,54066080,/mnt/c/Users/Zila/Downloads/BN5212/MIMIC-CXR/p10/p10/p10101518/s54066080.txt,Pneumonia,negative,negative,False,,"No pneumonia, vascular congestion, or pleural effusion."
10101518,56571877,/mnt/c/Users/Zila/Downloads/BN5212/MIMIC-CXR/p10/p10/p10101518/s56571877.txt,Pneumonia,positive,positive|uncertain,True,,"There are patchy opacities in the left lower lobe suggestive of pneumonia in the appropriate setting, including a nodular component of opacification. | Left basilar opacity worrisome for pneumonia, but including a nodular component."
10101585,51437903,/mnt/c/Users/Zila/Downloads/BN5212/MIMIC-CXR/p10/p10/p10101585/s51437903.txt,Emphysema,positive,positive,False,,The hyperexpanded appearance of the lungs is compatible with underlying known emphysema. | Emphysema without superimposed pneumonia.
10101585,51437903,/mnt/c/Users/Zila/Downloads/BN5212/MIMIC-CXR/p10/p10/p10101585/s51437903.txt,Pneumonia,negative,negative,False,,Emphysema without superimposed pneumonia.
10101795,50042820,/mnt/c/Users/Zila/Downloads/BN5212/MIMIC-CXR/p10/p10/p10101795/s50042820.txt,Pleural effusion,negative,negative,False,,There is no pleural effusion or pneumothorax.
10101795,54300643,/mnt/c/Users/Zila/Downloads/BN5212/MIMIC-CXR/p10/p10/p10101795/s54300643.txt,Pleural effusion,negative,negative,False,,"The lungs are clear without pleural effusion, focal consolidation, or pneumothorax."
10101795,55056375,/mnt/c/Users/Zila/Downloads/BN5212/MIMIC-CXR/p10/p10/p10101795/s55056375.txt,Pleural effusion,negative,negative,False,,There is no pleural effusion or pneumothorax.
10101795,58084153,/mnt/c/Users/Zila/Downloads/BN5212/MIMIC-CXR/p10/p10/p10101795/s58084153.txt,Pleural effusion,negative,negative,False,,No pneumothorax or pleural effusion.
10101795,58084153,/mnt/c/Users/Zila/Downloads/BN5212/MIMIC-CXR/p10/p10/p10101795/s58084153.txt,Pneumonia,positive,positive,False,,"Left basilar opacity may represent atelectasis, however aspiration or pneumonia could be considered in the appropriate clinical setting."
10102653,53532963,/mnt/c/Users/Zila/Downloads/BN5212/MIMIC-CXR/p10/p10/p10102653/s53532963.txt,Pleural effusion,positive,positive|uncertain,True,,Minimal blunting of the left costophrenic angle on the frontal view is also noted compatible with a trace left pleural effusion. | Mild diffuse interstitial abnormality suggestive of an atypical infectious process with a trace left pleural effusion.
10102822,52273425,/mnt/c/Users/Zila/Downloads/BN5212/MIMIC-CXR/p10/p10/p10102822/s52273425.txt,Pneumonia,negative,negative,False,,No radiographic evidence of pneumonia or acute cardiopulmonary abnormalities.
10103318,50682969,/mnt/c/Users/Zila/Downloads/BN5212/MIMIC-CXR/p10/p10/p10103318/s50682969.txt,Pleural effusion,positive,positive,False,,The extent of the pre-existing loculated pleural effusion is constant.
10103318,57300677,/mnt/c/Users/Zila/Downloads/BN5212/MIMIC-CXR/p10/p10/p10103318/s57300677.txt,Emphysema,positive,positive,False,,Residual subcutaneous emphysema in the lower left lateral chest wall remains.
10103318,57300677,/mnt/c/Users/Zila/Downloads/BN5212/MIMIC-CXR/p10/p10/p10103318/s57300677.txt,Pleural effusion,positive,positive,False,,There is a stable small right pleural effusion and left lower lobe atelectasis.
10103318,57523244,/mnt/c/Users/Zila/Downloads/BN5212/MIMIC-CXR/p10/p10/p10103318/s57523244.txt,Emphysema,positive,positive,False,,A small amount of residual subcutaneous emphysema is seen in the lower lateral left chest wall.
10103318,58470002,/mnt/c/Users/Zila/Downloads/BN5212/MIMIC-CXR/p10/p10/p10103318/s58470002.txt,Pleural effusion,negative,negative,False,,There is no pleural effusion.
10103723,56018609,/mnt/c/Users/Zila/Downloads/BN5212/MIMIC-CXR/p10/p10/p10103723/s56018609.txt,Edema,negative,negative,False,,"The lungs are clear without focal consolidation, effusion, or edema. | No acute cardiopulmonary process, no edema."
10103748,50551427,/mnt/c/Users/Zila/Downloads/BN5212/MIMIC-CXR/p10/p10/p10103748/s50551427.txt,Pneumonia,positive,positive,False,,Whether this represents pneumonia or focal pulmonary edema is difficult to determine.
10103748,50551427,/mnt/c/Users/Zila/Downloads/BN5212/MIMIC-CXR/p10/p10/p10103748/s50551427.txt,Pulmonary edema,positive,positive,False,,Whether this represents pneumonia or focal pulmonary edema is difficult to determine.
10103748,50551427,/mnt/c/Users/Zila/Downloads/BN5212/MIMIC-CXR/p10/p10/p10103748/s50551427.txt,Scoliosis,positive,positive,False,,Scoliosis of the spine again is noted.
10103748,52069718,/mnt/c/Users/Zila/Downloads/BN5212/MIMIC-CXR/p10/p10/p10103748/s52069718.txt,Pleural effusion,positive,positive,False,,There has been no change in the degree of left-sided pleural effusion. | There has been interval improvement of the right-sided pleural effusion. | Stable left pleural effusion with interval improvement of right-sided pleural effusion.
10103748,52069718,/mnt/c/Users/Zila/Downloads/BN5212/MIMIC-CXR/p10/p10/p10103748/s52069718.txt,Scoliosis,positive,positive,False,,There is marked S-shaped scoliosis of the spine.
10103748,53858061,/mnt/c/Users/Zila/Downloads/BN5212/MIMIC-CXR/p10/p10/p10103748/s53858061.txt,Pleural effusion,positive,positive,False,,"There appears to be interval improvement of the left large pleural effusion; however, this may be secondary to differences in positioning. | Slight improvement in the left pleural effusion/hemothorax, although this may be secondary to positioning and technique."
10103748,53898980,/mnt/c/Users/Zila/Downloads/BN5212/MIMIC-CXR/p10/p10/p10103748/s53898980.txt,Pleural effusion,positive,positive,False,,There has been interval improvement of the large left-sided pleural effusion compared to the study from ___. | The moderate right-sided pleural effusion appears stable compared to multiple prior studies dating back to at-least ___. | Interval improvement of the left-sided pleural effusion compared to the study from ___.
10103748,53898980,/mnt/c/Users/Zila/Downloads/BN5212/MIMIC-CXR/p10/p10/p10103748/s53898980.txt,Scoliosis,positive,positive,False,,There is an S-shaped scoliosis of the spine.
10103748,54144563,/mnt/c/Users/Zila/Downloads/BN5212/MIMIC-CXR/p10/p10/p10103748/s54144563.txt,Fluid overload,positive,positive,False,,Minimal fluid overload.
10103748,54144563,/mnt/c/Users/Zila/Downloads/BN5212/MIMIC-CXR/p10/p10/p10103748/s54144563.txt,Scoliosis,positive,positive,False,,"As compared to the previous radiograph, there is unchanged scoliosis with subsequent asymmetry of the rib cage."
10103748,54173103,/mnt/c/Users/Zila/Downloads/BN5212/MIMIC-CXR/p10/p10/p10103748/s54173103.txt,Cardiomegaly,positive,positive,False,,"Cardiomegaly is difficult to assess because of scoliosis, but appears moderate, and there is probably mild pulmonary edema, though this interpretation is confounded by low lung volumes."
10103748,54173103,/mnt/c/Users/Zila/Downloads/BN5212/MIMIC-CXR/p10/p10/p10103748/s54173103.txt,Pulmonary edema,uncertain,uncertain,True,,"Cardiomegaly is difficult to assess because of scoliosis, but appears moderate, and there is probably mild pulmonary edema, though this interpretation is confounded by low lung volumes."
10103748,54173103,/mnt/c/Users/Zila/Downloads/BN5212/MIMIC-CXR/p10/p10/p10103748/s54173103.txt,Scoliosis,positive,positive,False,,"Cardiomegaly is difficult to assess because of scoliosis, but appears moderate, and there is probably mild pulmonary edema, though this interpretation is confounded by low lung volumes."
10103748,54870431,/mnt/c/Users/Zila/Downloads/BN5212/MIMIC-CXR/p10/p10/p10103748/s54870431.txt,Pleural effusion,positive,positive,False,,There has been no change in the large left-sided pleural effusion compared to the study from earlier this morning. | The moderate right-sided pleural effusion also appears stable compared to the exam from the same morning.
10103748,55376331,/mnt/c/Users/Zila/Downloads/BN5212/MIMIC-CXR/p10/p10/p10103748/s55376331.txt,Cardiomegaly,positive,positive,False,,Cardiomegaly is probably not severe:
10103748,55376331,/mnt/c/Users/Zila/Downloads/BN5212/MIMIC-CXR/p10/p10/p10103748/s55376331.txt,Edema,positive,positive,False,,Borderline interstitial edema has also improved.
10103748,55934580,/mnt/c/Users/Zila/Downloads/BN5212/MIMIC-CXR/p10/p10/p10103748/s55934580.txt,Pleural effusion,positive,positive,False,,Moderate left pleural effusion is smaller.
10103748,55934580,/mnt/c/Users/Zila/Downloads/BN5212/MIMIC-CXR/p10/p10/p10103748/s55934580.txt,Pneumonia,uncertain,uncertain,True,,"Consolidation in the right upper lobe has not worsened, but needs to be followed as possible pneumonia."
10103748,56182017,/mnt/c/Users/Zila/Downloads/BN5212/MIMIC-CXR/p10/p10/p10103748/s56182017.txt,Pneumonia,negative,negative,False,,"Right lower lobe consolidation is increased, in absence of significant signs of volume loss, this most likely represents pneumonia."
10103748,58750826,/mnt/c/Users/Zila/Downloads/BN5212/MIMIC-CXR/p10/p10/p10103748/s58750826.txt,Pleural effusion,positive,positive,False,,Regression of patchy basal infiltrates but remaining linear atelectasis and small left-sided pleural effusion.
10103748,59333384,/mnt/c/Users/Zila/Downloads/BN5212/MIMIC-CXR/p10/p10/p10103748/s59333384.txt,Cardiomegaly,positive,positive,False,,Cardiomegaly.
10103748,59333384,/mnt/c/Users/Zila/Downloads/BN5212/MIMIC-CXR/p10/p10/p10103748/s59333384.txt,Edema,positive,positive|uncertain,True,,"Focal parenchymal opacities again noted at the right base and appears stable, representing either pneumonia or asymmetric edema. | Again noted is moderate pulmonary edema with a right basilar opacity which may represent pneumonia or asymmetric edema."
10103748,59333384,/mnt/c/Users/Zila/Downloads/BN5212/MIMIC-CXR/p10/p10/p10103748/s59333384.txt,Pneumonia,positive,positive|uncertain,True,,"Focal parenchymal opacities again noted at the right base and appears stable, representing either pneumonia or asymmetric edema. | Again noted is moderate pulmonary edema with a right basilar opacity which may represent pneumonia or asymmetric edema."
10103748,59333384,/mnt/c/Users/Zila/Downloads/BN5212/MIMIC-CXR/p10/p10/p10103748/s59333384.txt,Pulmonary edema,positive,positive,False,,Again noted is moderate pulmonary edema with a right basilar opacity which may represent pneumonia or asymmetric edema.
10104308,51415625,/mnt/c/Users/Zila/Downloads/BN5212/MIMIC-CXR/p10/p10/p10104308/s51415625.txt,Cardiomegaly,positive,positive,False,,"Cardiomegaly is noted with pulmonary edema and trace pleural effusions, right greater than left."
10104308,51415625,/mnt/c/Users/Zila/Downloads/BN5212/MIMIC-CXR/p10/p10/p10104308/s51415625.txt,Heart failure,positive,positive,False,,Findings compatible with congestive heart failure.
10104308,51415625,/mnt/c/Users/Zila/Downloads/BN5212/MIMIC-CXR/p10/p10/p10104308/s51415625.txt,Pulmonary edema,positive,positive,False,,"Cardiomegaly is noted with pulmonary edema and trace pleural effusions, right greater than left."
10104308,52433992,/mnt/c/Users/Zila/Downloads/BN5212/MIMIC-CXR/p10/p10/p10104308/s52433992.txt,Pulmonary edema,negative,negative,False,,There is no pulmonary edema.
10104308,52457866,/mnt/c/Users/Zila/Downloads/BN5212/MIMIC-CXR/p10/p10/p10104308/s52457866.txt,Cardiomegaly,positive,positive,False,,"Moderate fluid overload, combined to cardiomegaly and a small right pleural effusion."
10104308,52457866,/mnt/c/Users/Zila/Downloads/BN5212/MIMIC-CXR/p10/p10/p10104308/s52457866.txt,Fluid overload,positive,positive,False,,"Moderate fluid overload, combined to cardiomegaly and a small right pleural effusion."
10104308,52457866,/mnt/c/Users/Zila/Downloads/BN5212/MIMIC-CXR/p10/p10/p10104308/s52457866.txt,Pleural effusion,positive,positive,False,,"Moderate fluid overload, combined to cardiomegaly and a small right pleural effusion."
10104308,52457866,/mnt/c/Users/Zila/Downloads/BN5212/MIMIC-CXR/p10/p10/p10104308/s52457866.txt,Pneumonia,negative,negative,False,,No newly appeared focal parenchymal opacities suggesting pneumonia.
10104335,53416858,/mnt/c/Users/Zila/Downloads/BN5212/MIMIC-CXR/p10/p10/p10104335/s53416858.txt,Pleural effusion,negative,negative,False,,"There is no focal consolidation, pleural effusion, or pneumothorax."
10104549,50210486,/mnt/c/Users/Zila/Downloads/BN5212/MIMIC-CXR/p10/p10/p10104549/s50210486.txt,Pleural effusion,negative,negative,False,,No large pleural effusion is seen on the be difficult to exclude a trace right pleural effusion.
10104549,50954705,/mnt/c/Users/Zila/Downloads/BN5212/MIMIC-CXR/p10/p10/p10104549/s50954705.txt,Pleural effusion,negative,negative,False,,There is no pleural effusion.
10104549,55079298,/mnt/c/Users/Zila/Downloads/BN5212/MIMIC-CXR/p10/p10/p10104549/s55079298.txt,Pleural effusion,negative,negative,False,,There is no focal consolidation or pleural effusion.
10104549,58782592,/mnt/c/Users/Zila/Downloads/BN5212/MIMIC-CXR/p10/p10/p10104549/s58782592.txt,Pneumonia,negative,negative,False,,There is no definite sign of pneumonia or CHF.
10104549,59280396,/mnt/c/Users/Zila/Downloads/BN5212/MIMIC-CXR/p10/p10/p10104549/s59280396.txt,Pleural effusion,negative,negative,False,,There is no pleural effusion.
10104549,59686004,/mnt/c/Users/Zila/Downloads/BN5212/MIMIC-CXR/p10/p10/p10104549/s59686004.txt,Pleural effusion,negative,negative,False,,There is no pleural effusion or pneumothorax.
10104549,59822754,/mnt/c/Users/Zila/Downloads/BN5212/MIMIC-CXR/p10/p10/p10104549/s59822754.txt,Pleural effusion,negative,negative,False,,"No pleural effusion, focal consolidation or pneumothorax is seen."
10104730,54295356,/mnt/c/Users/Zila/Downloads/BN5212/MIMIC-CXR/p10/p10/p10104730/s54295356.txt,Cardiomegaly,positive,positive,False,,Moderate cardiomegaly.
10104730,54295356,/mnt/c/Users/Zila/Downloads/BN5212/MIMIC-CXR/p10/p10/p10104730/s54295356.txt,Pulmonary edema,positive,positive,False,,Improved pulmonary edema and effusions.
10104730,55324041,/mnt/c/Users/Zila/Downloads/BN5212/MIMIC-CXR/p10/p10/p10104730/s55324041.txt,Pulmonary edema,positive,positive,False,,The patient is in mild interstitial pulmonary edema that has developed in the interim.
10104730,56952765,/mnt/c/Users/Zila/Downloads/BN5212/MIMIC-CXR/p10/p10/p10104730/s56952765.txt,Pleural effusion,positive,positive,False,,Increasing opacification at the left base is consistent with further pleural effusion and volume loss in the lower lobe. | Little change in the degree of pleural effusion on the right.
10104730,56952765,/mnt/c/Users/Zila/Downloads/BN5212/MIMIC-CXR/p10/p10/p10104730/s56952765.txt,Pulmonary edema,positive,positive,False,,"In comparison with the study of ___, the there is further enlargement of the cardiac silhouette with similar or even more pronounced pulmonary edema."
10104730,58014007,/mnt/c/Users/Zila/Downloads/BN5212/MIMIC-CXR/p10/p10/p10104730/s58014007.txt,Pleural effusion,conflicting,negative|positive|uncertain,True,,"There is blunting of the posterior left costophrenic angle concerning for a left pleural effusion. | No right pleural effusion is seen. | Left base retrocardiac opacity may be represent combination of pleural effusion and atelectasis, however, underlying consolidation is difficult to exclude. | Left pleural effusion."
10104730,58014007,/mnt/c/Users/Zila/Downloads/BN5212/MIMIC-CXR/p10/p10/p10104730/s58014007.txt,Pulmonary edema,negative,negative,False,,"While there may be minimal central pulmonary vascular engorgement, no overt pulmonary edema is seen. | No overt pulmonary edema."
10104730,58035785,/mnt/c/Users/Zila/Downloads/BN5212/MIMIC-CXR/p10/p10/p10104730/s58035785.txt,Pulmonary edema,negative,negative,False,,Perihilar vascular fullness but no overt pulmonary edema at this time.
10104732,50569022,/mnt/c/Users/Zila/Downloads/BN5212/MIMIC-CXR/p10/p10/p10104732/s50569022.txt,Pulmonary edema,positive,positive,False,,"Slight decrease in pulmonary edema, now mild."
10104732,52467156,/mnt/c/Users/Zila/Downloads/BN5212/MIMIC-CXR/p10/p10/p10104732/s52467156.txt,Pulmonary edema,negative,negative,False,,"Both lungs are well inflated without evidence of focal airspace consolidation, pulmonary edema, pleural effusions or pneumothorax."
10104732,53497865,/mnt/c/Users/Zila/Downloads/BN5212/MIMIC-CXR/p10/p10/p10104732/s53497865.txt,Pneumonia,uncertain,uncertain,True,,"There is increasing opacification in the retrocardiac region, concerning for pneumonia in view of the clinical history."
10104732,54570821,/mnt/c/Users/Zila/Downloads/BN5212/MIMIC-CXR/p10/p10/p10104732/s54570821.txt,Pulmonary edema,negative,negative,False,,No pulmonary edema.
10104732,55584988,/mnt/c/Users/Zila/Downloads/BN5212/MIMIC-CXR/p10/p10/p10104732/s55584988.txt,Pneumonia,negative,negative,False,,No evidence of pneumonia.
10104732,56033097,/mnt/c/Users/Zila/Downloads/BN5212/MIMIC-CXR/p10/p10/p10104732/s56033097.txt,Pleural effusion,negative,negative,False,,No pleural effusion or pneumothorax is present.
10104732,56671882,/mnt/c/Users/Zila/Downloads/BN5212/MIMIC-CXR/p10/p10/p10104732/s56671882.txt,Pneumonia,negative,negative,False,,The lungs remain well inflated without evidence of focal airspace consolidation to suggest pneumonia.
10104732,56671882,/mnt/c/Users/Zila/Downloads/BN5212/MIMIC-CXR/p10/p10/p10104732/s56671882.txt,Pulmonary edema,negative,negative,False,,"No evidence of pulmonary edema, pneumothorax or pleural effusions."
10104732,58182448,/mnt/c/Users/Zila/Downloads/BN5212/MIMIC-CXR/p10/p10/p10104732/s58182448.txt,Pleural effusion,negative,negative,False,,"No focal consolidation, pleural effusion, or evidence of pneumothorax is seen."
10104732,58182448,/mnt/c/Users/Zila/Downloads/BN5212/MIMIC-CXR/p10/p10/p10104732/s58182448.txt,Pulmonary edema,negative,negative,False,,No overt pulmonary edema is seen.
10104732,58188503,/mnt/c/Users/Zila/Downloads/BN5212/MIMIC-CXR/p10/p10/p10104732/s58188503.txt,Pneumonia,positive,positive,False,,"An improving opacity is present in the left retrocardiac region, which may be due to resolving atelectasis or improving pneumonia if the patient has been receiving interval therapy."
10104732,59794138,/mnt/c/Users/Zila/Downloads/BN5212/MIMIC-CXR/p10/p10/p10104732/s59794138.txt,Pneumonia,negative,negative,False,,Lungs remain well inflated without evidence of focal airspace consolidation to suggest pneumonia.
10104732,59794138,/mnt/c/Users/Zila/Downloads/BN5212/MIMIC-CXR/p10/p10/p10104732/s59794138.txt,Pulmonary edema,negative,negative,False,,"No pleural effusions, pneumothorax or pulmonary edema."
10105017,54150425,/mnt/c/Users/Zila/Downloads/BN5212/MIMIC-CXR/p10/p10/p10105017/s54150425.txt,Pneumonia,uncertain,uncertain,True,,"Lower lobe consolidation, right greater than left is concerning for atelectasis and/or pneumonia. | Small pleural effusions with lower lobe consolidation concerning for atelectasis versus pneumonia."
10105430,55050162,/mnt/c/Users/Zila/Downloads/BN5212/MIMIC-CXR/p10/p10/p10105430/s55050162.txt,Pleural effusion,negative,negative,False,,No pleural effusion or pneumothorax is detected.
10105449,57152262,/mnt/c/Users/Zila/Downloads/BN5212/MIMIC-CXR/p10/p10/p10105449/s57152262.txt,Pleural effusion,negative,negative,False,,"No focal consolidation, pleural effusion or pneumothorax is seen."
10105449,57152262,/mnt/c/Users/Zila/Downloads/BN5212/MIMIC-CXR/p10/p10/p10105449/s57152262.txt,Pneumonia,negative,negative,False,,No radiographic evidence for pneumonia.
10105456,56294380,/mnt/c/Users/Zila/Downloads/BN5212/MIMIC-CXR/p10/p10/p10105456/s56294380.txt,Pleural effusion,negative,negative,False,,There is no pleural effusion or pneumothorax.
10105731,55179924,/mnt/c/Users/Zila/Downloads/BN5212/MIMIC-CXR/p10/p10/p10105731/s55179924.txt,Pleural effusion,negative,negative,False,,No pleural effusion or pneumothorax is seen.
10105731,55179924,/mnt/c/Users/Zila/Downloads/BN5212/MIMIC-CXR/p10/p10/p10105731/s55179924.txt,Pulmonary edema,negative,negative,False,,No overt pulmonary edema is seen.
10106165,59938773,/mnt/c/Users/Zila/Downloads/BN5212/MIMIC-CXR/p10/p10/p10106165/s59938773.txt,Pleural effusion,negative,negative,False,,No pleural effusion or pneumothorax is seen.
10106244,50711748,/mnt/c/Users/Zila/Downloads/BN5212/MIMIC-CXR/p10/p10/p10106244/s50711748.txt,Edema,negative,negative,False,,"The lungs are clear without focal consolidation, effusion, or edema."
10106244,55172864,/mnt/c/Users/Zila/Downloads/BN5212/MIMIC-CXR/p10/p10/p10106244/s55172864.txt,Pleural effusion,negative,negative,False,,There is no pleural effusion or pneumothorax.
10106244,55172864,/mnt/c/Users/Zila/Downloads/BN5212/MIMIC-CXR/p10/p10/p10106244/s55172864.txt,Pneumonia,negative,negative,False,,No evidence of pneumonia.
10106244,59467766,/mnt/c/Users/Zila/Downloads/BN5212/MIMIC-CXR/p10/p10/p10106244/s59467766.txt,Pleural effusion,negative,negative,False,,"Lungs are clear without consolidation, pleural effusion or pulmonary edema."
10106244,59467766,/mnt/c/Users/Zila/Downloads/BN5212/MIMIC-CXR/p10/p10/p10106244/s59467766.txt,Pulmonary edema,negative,negative,False,,"Lungs are clear without consolidation, pleural effusion or pulmonary edema."
10106434,54165915,/mnt/c/Users/Zila/Downloads/BN5212/MIMIC-CXR/p10/p10/p10106434/s54165915.txt,Pleural effusion,positive,positive,False,,There is a large right pleural effusion with the opacification extending upward to the level of the hilum.
10106434,54165915,/mnt/c/Users/Zila/Downloads/BN5212/MIMIC-CXR/p10/p10/p10106434/s54165915.txt,Pneumonia,negative,negative,False,,No vascular congestion or evidence of acute focal pneumonia.
10106890,52646170,/mnt/c/Users/Zila/Downloads/BN5212/MIMIC-CXR/p10/p10/p10106890/s52646170.txt,Pleural effusion,negative,negative,False,,"There is no evidence of acute pneumonia, vascular congestion, or pleural effusion."
10106890,52646170,/mnt/c/Users/Zila/Downloads/BN5212/MIMIC-CXR/p10/p10/p10106890/s52646170.txt,Pneumonia,negative,negative,False,,"There is no evidence of acute pneumonia, vascular congestion, or pleural effusion."
10106890,54327368,/mnt/c/Users/Zila/Downloads/BN5212/MIMIC-CXR/p10/p10/p10106890/s54327368.txt,Pleural effusion,negative,negative,False,,There is no pleural effusion or pneumothorax.
10106890,55599935,/mnt/c/Users/Zila/Downloads/BN5212/MIMIC-CXR/p10/p10/p10106890/s55599935.txt,Pleural effusion,negative,negative,False,,There is no pleural effusion or pneumothorax.
10106890,55599935,/mnt/c/Users/Zila/Downloads/BN5212/MIMIC-CXR/p10/p10/p10106890/s55599935.txt,Pneumonia,negative,negative,False,,Lung volume is normal without consolidation or nodules suspicious for pneumonia. | No pneumonia.
10106890,57973874,/mnt/c/Users/Zila/Downloads/BN5212/MIMIC-CXR/p10/p10/p10106890/s57973874.txt,Pleural effusion,negative,negative,False,,There is no pleural effusion or pneumothorax.
10106890,58740092,/mnt/c/Users/Zila/Downloads/BN5212/MIMIC-CXR/p10/p10/p10106890/s58740092.txt,Pulmonary embolism,conflicting,negative|positive,True,,"No findings to suggest pulmonary embolism. | If concern for pulmonary embolism persist, consider chest CTA for further evaluation."
10106899,55149307,/mnt/c/Users/Zila/Downloads/BN5212/MIMIC-CXR/p10/p10/p10106899/s55149307.txt,Pulmonary edema,positive,positive,False,,Hazy perihilar opacities and ill-defined pulmonary vascular markings are consistent with pulmonary edema. | Pulmonary edema with moderate-sized bilateral pleural effusions and atelectasis.
10106899,57131579,/mnt/c/Users/Zila/Downloads/BN5212/MIMIC-CXR/p10/p10/p10106899/s57131579.txt,Edema,positive,positive,False,,Recommend followup imaging as the edema clears.
10106899,57131579,/mnt/c/Users/Zila/Downloads/BN5212/MIMIC-CXR/p10/p10/p10106899/s57131579.txt,Pleural effusion,positive,positive,False,,There is a right pleural effusion. | There is a possibility that there an underlying pneumonia hidden by the pleural effusion and pulmonary edema. | Right pleural effusion.
10106899,57131579,/mnt/c/Users/Zila/Downloads/BN5212/MIMIC-CXR/p10/p10/p10106899/s57131579.txt,Pneumonia,positive,positive|uncertain,True,,There is a possibility that there an underlying pneumonia hidden by the pleural effusion and pulmonary edema. | Recommend followup chest imaging to rule out pneumonia after pulmonary edema has cleared.
10106899,57131579,/mnt/c/Users/Zila/Downloads/BN5212/MIMIC-CXR/p10/p10/p10106899/s57131579.txt,Pulmonary edema,conflicting,negative|positive,True,,Pulmonary vasculature is less dilated and there is less pulmonary edema than on prior exam. | There is a possibility that there an underlying pneumonia hidden by the pleural effusion and pulmonary edema. | Improving pulmonary edema. | Recommend followup chest imaging to rule out pneumonia after pulmonary edema has cleared.
10107078,58426965,/mnt/c/Users/Zila/Downloads/BN5212/MIMIC-CXR/p10/p10/p10107078/s58426965.txt,Pleural effusion,negative,negative,False,,No pleural effusion or pneumothorax is seen.
10107208,50744673,/mnt/c/Users/Zila/Downloads/BN5212/MIMIC-CXR/p10/p10/p10107208/s50744673.txt,Pleural effusion,negative,negative,False,,No pleural effusion or pneumothorax is seen.
10107208,55083348,/mnt/c/Users/Zila/Downloads/BN5212/MIMIC-CXR/p10/p10/p10107208/s55083348.txt,Pleural effusion,negative,negative,False,,"Mild tortuosity of the descending aorta, but no acute pneumonia, vascular congestion, or pleural effusion."
10107208,55083348,/mnt/c/Users/Zila/Downloads/BN5212/MIMIC-CXR/p10/p10/p10107208/s55083348.txt,Pneumonia,negative,negative,False,,"Mild tortuosity of the descending aorta, but no acute pneumonia, vascular congestion, or pleural effusion."
10107230,50554686,/mnt/c/Users/Zila/Downloads/BN5212/MIMIC-CXR/p10/p10/p10107230/s50554686.txt,Pleural effusion,negative,negative,False,,No pleural effusion or pneumothorax is seen.
10107246,53572788,/mnt/c/Users/Zila/Downloads/BN5212/MIMIC-CXR/p10/p10/p10107246/s53572788.txt,Pleural effusion,negative,negative,False,,There is no pleural effusion or pneumothorax.
10107246,53572788,/mnt/c/Users/Zila/Downloads/BN5212/MIMIC-CXR/p10/p10/p10107246/s53572788.txt,Pneumonia,uncertain,uncertain,True,,Subtle right infrahilar opacity which could represent early or resolving pneumonia.
10108435,50125077,/mnt/c/Users/Zila/Downloads/BN5212/MIMIC-CXR/p10/p10/p10108435/s50125077.txt,Cardiomegaly,positive,positive,False,,Cardiomegaly is substantial.
10108435,50384779,/mnt/c/Users/Zila/Downloads/BN5212/MIMIC-CXR/p10/p10/p10108435/s50384779.txt,Cardiomegaly,positive,positive,False,,Persistent cardiomegaly.
10108435,50384779,/mnt/c/Users/Zila/Downloads/BN5212/MIMIC-CXR/p10/p10/p10108435/s50384779.txt,Pleural effusion,negative,negative,False,,No pleural effusion is seen.
10108435,50530072,/mnt/c/Users/Zila/Downloads/BN5212/MIMIC-CXR/p10/p10/p10108435/s50530072.txt,Pleural effusion,negative,negative,False,,There is no pleural effusion or pneumothorax.
10108435,51949189,/mnt/c/Users/Zila/Downloads/BN5212/MIMIC-CXR/p10/p10/p10108435/s51949189.txt,Cardiomegaly,positive,positive,False,,Cardiomegaly is unchanged and there is persistent hilar engorgement.
10108435,51949189,/mnt/c/Users/Zila/Downloads/BN5212/MIMIC-CXR/p10/p10/p10108435/s51949189.txt,Edema,positive,positive,False,,Mild pulmonary interstitial edema likely present.
10108435,51949189,/mnt/c/Users/Zila/Downloads/BN5212/MIMIC-CXR/p10/p10/p10108435/s51949189.txt,Pneumonia,negative,negative,False,,No convincing signs of pneumonia.
10108435,52578568,/mnt/c/Users/Zila/Downloads/BN5212/MIMIC-CXR/p10/p10/p10108435/s52578568.txt,Cardiomegaly,positive,positive,False,,Moderate cardiomegaly is unchanged. | Moderate cardiomegaly with mild pulmonary vascular congestion.
10108435,52578568,/mnt/c/Users/Zila/Downloads/BN5212/MIMIC-CXR/p10/p10/p10108435/s52578568.txt,Pleural effusion,negative,negative,False,,No pleural effusion or pneumothorax is demonstrated.
10108435,52958884,/mnt/c/Users/Zila/Downloads/BN5212/MIMIC-CXR/p10/p10/p10108435/s52958884.txt,Cardiomegaly,positive,positive,False,,Moderate cardiomegaly is chronic.
10108435,52958884,/mnt/c/Users/Zila/Downloads/BN5212/MIMIC-CXR/p10/p10/p10108435/s52958884.txt,Pulmonary edema,negative,negative,False,,Pulmonary vasculature is mildly engorged but there is no pulmonary edema.
10108435,53034337,/mnt/c/Users/Zila/Downloads/BN5212/MIMIC-CXR/p10/p10/p10108435/s53034337.txt,Edema,positive,positive,False,,"Pulmonary vascular congestion has improved, but there is now mild interstitial edema."
10108435,53034337,/mnt/c/Users/Zila/Downloads/BN5212/MIMIC-CXR/p10/p10/p10108435/s53034337.txt,Pleural effusion,negative,negative,False,,There is no pleural effusion. | There are no focal pulmonary abnormalities to suggest pneumonia and no appreciable pleural effusion or evidence of pneumothorax.
10108435,53034337,/mnt/c/Users/Zila/Downloads/BN5212/MIMIC-CXR/p10/p10/p10108435/s53034337.txt,Pneumonia,negative,negative,False,,There are no focal pulmonary abnormalities to suggest pneumonia and no appreciable pleural effusion or evidence of pneumothorax.
10108435,54207716,/mnt/c/Users/Zila/Downloads/BN5212/MIMIC-CXR/p10/p10/p10108435/s54207716.txt,Cardiomegaly,positive,positive,False,,Stable mild cardiomegaly.
10108435,54207716,/mnt/c/Users/Zila/Downloads/BN5212/MIMIC-CXR/p10/p10/p10108435/s54207716.txt,Edema,negative,negative,False,,The hila appear slightly engorged though there is no frank edema. | Hilar engorgement without frank edema.
10108435,54207716,/mnt/c/Users/Zila/Downloads/BN5212/MIMIC-CXR/p10/p10/p10108435/s54207716.txt,Pneumonia,negative,negative,False,,No convincing signs of pneumonia.
10108435,54405181,/mnt/c/Users/Zila/Downloads/BN5212/MIMIC-CXR/p10/p10/p10108435/s54405181.txt,Cardiomegaly,positive,positive,False,,Cardiomegaly is similar to prior.
10108435,55963866,/mnt/c/Users/Zila/Downloads/BN5212/MIMIC-CXR/p10/p10/p10108435/s55963866.txt,Edema,positive,positive,False,,Interstitial edema is again noted. | Interstitial edema.
10108435,57918260,/mnt/c/Users/Zila/Downloads/BN5212/MIMIC-CXR/p10/p10/p10108435/s57918260.txt,Pleural effusion,negative,negative,False,,"No focal consolidation, pleural effusion, or pneumothorax."
10108435,58000488,/mnt/c/Users/Zila/Downloads/BN5212/MIMIC-CXR/p10/p10/p10108435/s58000488.txt,Cardiomegaly,positive,positive,False,,Moderate to severe cardiomegaly is unchanged.
10108435,58000488,/mnt/c/Users/Zila/Downloads/BN5212/MIMIC-CXR/p10/p10/p10108435/s58000488.txt,Pleural effusion,negative,negative,False,,"No focal consolidation, large pleural effusion or pneumothorax is present."
10108435,58000488,/mnt/c/Users/Zila/Downloads/BN5212/MIMIC-CXR/p10/p10/p10108435/s58000488.txt,Pulmonary edema,positive,positive,False,,"There is mild interstitial pulmonary edema, slightly improved compared to the most recent chest radiograph. | Mild interstitial pulmonary edema, slightly improved in the interval."
10108435,59620466,/mnt/c/Users/Zila/Downloads/BN5212/MIMIC-CXR/p10/p10/p10108435/s59620466.txt,Cardiomegaly,positive,positive,False,,Mild cardiomegaly.
10108435,59620466,/mnt/c/Users/Zila/Downloads/BN5212/MIMIC-CXR/p10/p10/p10108435/s59620466.txt,Pleural effusion,negative,negative,False,,No pleural effusion.
10108435,59620466,/mnt/c/Users/Zila/Downloads/BN5212/MIMIC-CXR/p10/p10/p10108435/s59620466.txt,Pneumonia,negative,negative,False,,"No pneumonia, no pulmonary edema."
10108435,59620466,/mnt/c/Users/Zila/Downloads/BN5212/MIMIC-CXR/p10/p10/p10108435/s59620466.txt,Pulmonary edema,negative,negative,False,,"No pneumonia, no pulmonary edema."
10108709,50669229,/mnt/c/Users/Zila/Downloads/BN5212/MIMIC-CXR/p10/p10/p10108709/s50669229.txt,Pleural effusion,negative,negative,False,,There is no pneumothorax or pleural effusion.
10108709,54958570,/mnt/c/Users/Zila/Downloads/BN5212/MIMIC-CXR/p10/p10/p10108709/s54958570.txt,Cardiomegaly,positive,positive,False,,Unchanged moderate cardiomegaly and minimal atelectasis at the left lung bases.
10108709,55421946,/mnt/c/Users/Zila/Downloads/BN5212/MIMIC-CXR/p10/p10/p10108709/s55421946.txt,Pleural effusion,positive,positive,False,,"Right lung base is displaced upward, by a combination of diaphragm elevation, unchanged, and small subpulmonic pleural effusion which may be new following removal of the right thoracostomy tube."
10108709,56954745,/mnt/c/Users/Zila/Downloads/BN5212/MIMIC-CXR/p10/p10/p10108709/s56954745.txt,Pleural effusion,positive,positive,False,,Stable elevation of the right lung base due to elevated hemidiaphragm and some right pleural effusion.
10108709,57571205,/mnt/c/Users/Zila/Downloads/BN5212/MIMIC-CXR/p10/p10/p10108709/s57571205.txt,Pleural effusion,positive,positive,False,,Right pleural effusion is small.
10108709,59448359,/mnt/c/Users/Zila/Downloads/BN5212/MIMIC-CXR/p10/p10/p10108709/s59448359.txt,Pleural effusion,negative,negative,False,,There is no pleural effusion or pneumothorax.
10108868,50328592,/mnt/c/Users/Zila/Downloads/BN5212/MIMIC-CXR/p10/p10/p10108868/s50328592.txt,Edema,negative,negative,False,,"The lungs are clear without focal consolidation, effusion, or edema."
10108868,55190681,/mnt/c/Users/Zila/Downloads/BN5212/MIMIC-CXR/p10/p10/p10108868/s55190681.txt,Pneumonia,negative,negative,False,,No evidence of acute pneumonia or vascular congestion at this time.
10108868,57567183,/mnt/c/Users/Zila/Downloads/BN5212/MIMIC-CXR/p10/p10/p10108868/s57567183.txt,Pneumonia,negative,negative,False,,"No pneumonia, no pulmonary edema, no pleural effusions."
10108868,57567183,/mnt/c/Users/Zila/Downloads/BN5212/MIMIC-CXR/p10/p10/p10108868/s57567183.txt,Pulmonary edema,negative,negative,False,,"No pneumonia, no pulmonary edema, no pleural effusions."
10109015,59808200,/mnt/c/Users/Zila/Downloads/BN5212/MIMIC-CXR/p10/p10/p10109015/s59808200.txt,Pleural effusion,negative,negative,False,,No pleural effusion or pneumothorax.
10109085,50243662,/mnt/c/Users/Zila/Downloads/BN5212/MIMIC-CXR/p10/p10/p10109085/s50243662.txt,Pulmonary edema,positive,positive,False,,"Short interval worsening of bilateral airspace opacities with perihilar distribution and small bilateral pleural effusions consistent with worsening pulmonary edema, now moderate in severity."
10109085,52033547,/mnt/c/Users/Zila/Downloads/BN5212/MIMIC-CXR/p10/p10/p10109085/s52033547.txt,Emphysema,positive,positive,False,,Emphysema.
10109085,52915858,/mnt/c/Users/Zila/Downloads/BN5212/MIMIC-CXR/p10/p10/p10109085/s52915858.txt,Pulmonary edema,positive,positive,False,,Compared to the films from the prior day the pulmonary edema has worsened. | Worsening pulmonary edema.
10109085,53240301,/mnt/c/Users/Zila/Downloads/BN5212/MIMIC-CXR/p10/p10/p10109085/s53240301.txt,Pulmonary edema,positive,positive,False,,"In comparison with the study of ___, there is a continued enlargement of the cardiac silhouette with pulmonary edema and elevation of the right hemidiaphragm with interposition of the hepatic flexure."
10109085,56066657,/mnt/c/Users/Zila/Downloads/BN5212/MIMIC-CXR/p10/p10/p10109085/s56066657.txt,Cardiomegaly,positive,positive,False,,Moderate cardiomegaly with moderate tortuosity of the thoracic aorta.
10109085,57478140,/mnt/c/Users/Zila/Downloads/BN5212/MIMIC-CXR/p10/p10/p10109085/s57478140.txt,Cardiomegaly,positive,positive,False,,Borderline cardiomegaly stable.
10109085,57478140,/mnt/c/Users/Zila/Downloads/BN5212/MIMIC-CXR/p10/p10/p10109085/s57478140.txt,Pulmonary edema,positive,positive,False,,Mild pulmonary edema is unchanged.
10109085,58950825,/mnt/c/Users/Zila/Downloads/BN5212/MIMIC-CXR/p10/p10/p10109085/s58950825.txt,Pulmonary edema,positive,positive,False,,Marked pulmonary congestion is again observed close to pulmonary edema. | Comparison with the next previous study suggests mild improvement of the pulmonary edema.
10109131,58484251,/mnt/c/Users/Zila/Downloads/BN5212/MIMIC-CXR/p10/p10/p10109131/s58484251.txt,Pleural effusion,negative,negative,False,,No pleural effusion or pneumothorax is seen.
10109398,57416957,/mnt/c/Users/Zila/Downloads/BN5212/MIMIC-CXR/p10/p10/p10109398/s57416957.txt,Cardiomegaly,positive,positive,False,,There is moderate cardiomegaly. | Moderate cardiomegaly.
10109398,57416957,/mnt/c/Users/Zila/Downloads/BN5212/MIMIC-CXR/p10/p10/p10109398/s57416957.txt,Pleural effusion,negative,negative,False,,No pleural effusion or pneumothorax.
10109413,52925083,/mnt/c/Users/Zila/Downloads/BN5212/MIMIC-CXR/p10/p10/p10109413/s52925083.txt,Pain,positive,positive,False,,"If there is clinical concern for vascular pathology (aorta) as a cause of the patient's pain, recommend CTA of the chest for further assessment."
10109555,56241563,/mnt/c/Users/Zila/Downloads/BN5212/MIMIC-CXR/p10/p10/p10109555/s56241563.txt,Emphysema,positive,positive,False,,There is subcutaneous emphysema in the right supraclavicular region and along the right flank.
10109555,56241563,/mnt/c/Users/Zila/Downloads/BN5212/MIMIC-CXR/p10/p10/p10109555/s56241563.txt,Pleural effusion,negative,negative,False,,There is no pleural effusion.
10109555,57195302,/mnt/c/Users/Zila/Downloads/BN5212/MIMIC-CXR/p10/p10/p10109555/s57195302.txt,Pneumonia,negative,negative,False,,No pneumonia.
10109555,57195302,/mnt/c/Users/Zila/Downloads/BN5212/MIMIC-CXR/p10/p10/p10109555/s57195302.txt,Pulmonary edema,negative,negative,False,,No pulmonary edema.
10109555,57242093,/mnt/c/Users/Zila/Downloads/BN5212/MIMIC-CXR/p10/p10/p10109555/s57242093.txt,Emphysema,negative,negative,False,,Associated subcutaneous emphysema has resolved. | Resolved subcutaneous emphysema.
10109555,58237423,/mnt/c/Users/Zila/Downloads/BN5212/MIMIC-CXR/p10/p10/p10109555/s58237423.txt,Emphysema,positive,positive,False,,Also again seen is subcutaneous emphysema in the right supraclavicular/right neck and right flank regions.
10109668,50804764,/mnt/c/Users/Zila/Downloads/BN5212/MIMIC-CXR/p10/p10/p10109668/s50804764.txt,Heart failure,negative,negative,False,,Mild bibasilar atelectasis but no evidence for congestive heart failure or pneumonia.
10109668,50804764,/mnt/c/Users/Zila/Downloads/BN5212/MIMIC-CXR/p10/p10/p10109668/s50804764.txt,Pneumonia,negative,negative,False,,Mild bibasilar atelectasis but no evidence for congestive heart failure or pneumonia.
10109668,51171589,/mnt/c/Users/Zila/Downloads/BN5212/MIMIC-CXR/p10/p10/p10109668/s51171589.txt,Pleural effusion,negative,negative,False,,No pleural effusion or pneumothorax is seen.
10109668,56315818,/mnt/c/Users/Zila/Downloads/BN5212/MIMIC-CXR/p10/p10/p10109668/s56315818.txt,Fractures,negative,negative,False,,No displaced fractures are evident.
10109668,56315818,/mnt/c/Users/Zila/Downloads/BN5212/MIMIC-CXR/p10/p10/p10109668/s56315818.txt,Pleural effusion,negative,negative,False,,No pleural effusion or pneumothorax is seen.
10109668,59929104,/mnt/c/Users/Zila/Downloads/BN5212/MIMIC-CXR/p10/p10/p10109668/s59929104.txt,Cardiomegaly,positive,positive,False,,"Mild cardiomegaly, otherwise unremarkable."
10109668,59929104,/mnt/c/Users/Zila/Downloads/BN5212/MIMIC-CXR/p10/p10/p10109668/s59929104.txt,Pleural effusion,negative,negative,False,,There is no evidence of pleural effusion or pneumothorax.
10109710,54260783,/mnt/c/Users/Zila/Downloads/BN5212/MIMIC-CXR/p10/p10/p10109710/s54260783.txt,Pleural effusion,negative,negative,False,,No pleural effusion or pneumothorax is seen.
10109899,50341312,/mnt/c/Users/Zila/Downloads/BN5212/MIMIC-CXR/p10/p10/p10109899/s50341312.txt,Pneumonia,negative,negative,False,,No evidence of vascular congestion or acute focal pneumonia.
10109899,51270735,/mnt/c/Users/Zila/Downloads/BN5212/MIMIC-CXR/p10/p10/p10109899/s51270735.txt,Fractures,positive,positive,False,,Old healed left lateral rib fractures are noted.
10109899,51270735,/mnt/c/Users/Zila/Downloads/BN5212/MIMIC-CXR/p10/p10/p10109899/s51270735.txt,Kyphosis,positive,positive,False,,Patient is rotated and there is an accentuated thoracic kyphosis.
10109899,54655298,/mnt/c/Users/Zila/Downloads/BN5212/MIMIC-CXR/p10/p10/p10109899/s54655298.txt,Kyphosis,positive,positive,False,,Thoracic kyphosis is re- demonstrated with several compression deformities of the mid and lower thoracic spine appearing relatively unchanged.
10109899,54655298,/mnt/c/Users/Zila/Downloads/BN5212/MIMIC-CXR/p10/p10/p10109899/s54655298.txt,Pleural effusion,positive,positive,False,,Small right pleural effusion appears new compared to the prior exam. | Small right pleural effusion with patchy bibasilar airspace opacities possibly reflecting atelectasis but infection is not excluded.
10109899,55505975,/mnt/c/Users/Zila/Downloads/BN5212/MIMIC-CXR/p10/p10/p10109899/s55505975.txt,Cardiomegaly,positive,positive,False,,Borderline cardiomegaly.
10109899,55505975,/mnt/c/Users/Zila/Downloads/BN5212/MIMIC-CXR/p10/p10/p10109899/s55505975.txt,Heart failure,negative,negative,False,,"Small pleural effusions, but no definite evidence for overt congestive heart failure or pneumonia."
10109899,55505975,/mnt/c/Users/Zila/Downloads/BN5212/MIMIC-CXR/p10/p10/p10109899/s55505975.txt,Kyphosis,positive,positive,False,,Exaggerated kyphosis and compression deformities along the mid thoracic spine appear not significantly changed.
10109899,55505975,/mnt/c/Users/Zila/Downloads/BN5212/MIMIC-CXR/p10/p10/p10109899/s55505975.txt,Pleural effusion,positive,positive,False,,The lung volumes are low with a small pleural effusion on the right and perhaps a tiny effusion on the left.
10109899,55505975,/mnt/c/Users/Zila/Downloads/BN5212/MIMIC-CXR/p10/p10/p10109899/s55505975.txt,Pneumonia,negative,negative,False,,"Small pleural effusions, but no definite evidence for overt congestive heart failure or pneumonia."
10109899,55734091,/mnt/c/Users/Zila/Downloads/BN5212/MIMIC-CXR/p10/p10/p10109899/s55734091.txt,Edema,positive,positive,False,,"Chronic elevation right hemidiaphragm is probably responsible for atelectasis of the right lung base, and although there is mild pulmonary vascular congestion, I do not see edema."
10109899,55734091,/mnt/c/Users/Zila/Downloads/BN5212/MIMIC-CXR/p10/p10/p10109899/s55734091.txt,Pneumonia,negative,negative,False,,There is no pneumonia or pleural abnormality.
10109899,56650301,/mnt/c/Users/Zila/Downloads/BN5212/MIMIC-CXR/p10/p10/p10109899/s56650301.txt,Pneumonia,uncertain,uncertain,True,,A new focal opacity is seen the overlying the right lung base suggestive of a developing pneumonia. | Findings concerning for focal right basilar pneumonia in the appropriate clinical setting.
10110363,56502076,/mnt/c/Users/Zila/Downloads/BN5212/MIMIC-CXR/p10/p10/p10110363/s56502076.txt,Pleural effusion,negative,negative,False,,There is no pneumothorax or pleural effusion.
10110363,56502076,/mnt/c/Users/Zila/Downloads/BN5212/MIMIC-CXR/p10/p10/p10110363/s56502076.txt,Pulmonary edema,positive,positive,False,,There is mild bilateral interstitial pulmonary edema. | Mild bilateral interstitial pulmonary edema.
10110584,52265451,/mnt/c/Users/Zila/Downloads/BN5212/MIMIC-CXR/p10/p10/p10110584/s52265451.txt,Fractures,positive,positive,False,,"Rib fractures are multiple on the left, old."
10110584,52265451,/mnt/c/Users/Zila/Downloads/BN5212/MIMIC-CXR/p10/p10/p10110584/s52265451.txt,Pulmonary edema,negative,negative,False,,Mild vascular congestion in the mediastinum is noted but there is no overt pulmonary edema.
10110584,53930997,/mnt/c/Users/Zila/Downloads/BN5212/MIMIC-CXR/p10/p10/p10110584/s53930997.txt,Pleural effusion,positive,positive,False,,"Small right pleural effusion is seen only on the lateral view, and therefore its chronicity is indeterminate."
10110584,53930997,/mnt/c/Users/Zila/Downloads/BN5212/MIMIC-CXR/p10/p10/p10110584/s53930997.txt,Pneumonia,positive,positive,False,,"Previously questioned area of right upper lobe pneumonia is still abnormal, but not very densely consolidated."
10110724,57443261,/mnt/c/Users/Zila/Downloads/BN5212/MIMIC-CXR/p10/p10/p10110724/s57443261.txt,Cardiomegaly,positive,positive,False,,Cardiomegaly with pulmonary vascular congestion.
10110724,57443261,/mnt/c/Users/Zila/Downloads/BN5212/MIMIC-CXR/p10/p10/p10110724/s57443261.txt,Edema,negative,negative,False,,There is no convincing evidence for edema or pneumonia.
10110724,57443261,/mnt/c/Users/Zila/Downloads/BN5212/MIMIC-CXR/p10/p10/p10110724/s57443261.txt,Pneumonia,negative,negative,False,,There is no convincing evidence for edema or pneumonia.
10110764,50947907,/mnt/c/Users/Zila/Downloads/BN5212/MIMIC-CXR/p10/p10/p10110764/s50947907.txt,Pulmonary edema,negative,negative,False,,No evidence of pulmonary edema.
10110764,51766025,/mnt/c/Users/Zila/Downloads/BN5212/MIMIC-CXR/p10/p10/p10110764/s51766025.txt,Cardiomegaly,positive,positive,False,,Mild cardiomegaly is unchanged.
10110764,51766025,/mnt/c/Users/Zila/Downloads/BN5212/MIMIC-CXR/p10/p10/p10110764/s51766025.txt,Pulmonary edema,negative,negative,False,,There is no pulmonary edema.
10110764,54021517,/mnt/c/Users/Zila/Downloads/BN5212/MIMIC-CXR/p10/p10/p10110764/s54021517.txt,Pulmonary edema,positive,positive,False,,"Moderate bilateral pleural effusions, combined with areas of atelectasis at the lung bases and pulmonary edema, however, persist."
10110764,54536496,/mnt/c/Users/Zila/Downloads/BN5212/MIMIC-CXR/p10/p10/p10110764/s54536496.txt,Edema,positive,positive,False,,"The heart remains mildly enlarged and pulmonary vascular engorged, but I cannot be sure whether there is or is not mild edema because of the very large pleural effusions obscuring large parts of both lungs."
10110764,54536496,/mnt/c/Users/Zila/Downloads/BN5212/MIMIC-CXR/p10/p10/p10110764/s54536496.txt,Pneumonia,positive,positive,False,,"Previous leftward mediastinal shift has resolved, but there is still severe consolidation in the left lower lobe which might be residual atelectasis or less likely pneumonia."
10110764,55080133,/mnt/c/Users/Zila/Downloads/BN5212/MIMIC-CXR/p10/p10/p10110764/s55080133.txt,Fluid overload,positive,positive,False,,The bilateral pleural effusions and signs of mild fluid overload are unchanged.
10110764,55080133,/mnt/c/Users/Zila/Downloads/BN5212/MIMIC-CXR/p10/p10/p10110764/s55080133.txt,Pneumonia,negative,negative,False,,Retrocardiac atelectasis of unchanged extent but no evidence of new focal parenchymal opacity suggesting pneumonia.
10110764,57733259,/mnt/c/Users/Zila/Downloads/BN5212/MIMIC-CXR/p10/p10/p10110764/s57733259.txt,Cardiomegaly,positive,positive,False,,Unchanged moderate cardiomegaly.
10110764,58540759,/mnt/c/Users/Zila/Downloads/BN5212/MIMIC-CXR/p10/p10/p10110764/s58540759.txt,Pleural effusion,positive,positive,False,,Bibasilar atelectasis with small left layering pleural effusion is again seen. | Unchanged appearance with continued bibasilar atelectasis and small layering left pleural effusion.
10110764,58540759,/mnt/c/Users/Zila/Downloads/BN5212/MIMIC-CXR/p10/p10/p10110764/s58540759.txt,Pneumonia,negative,negative,False,,"No new area of focal consolidation concerning for pneumonia, is seen."
10110764,58771416,/mnt/c/Users/Zila/Downloads/BN5212/MIMIC-CXR/p10/p10/p10110764/s58771416.txt,Cardiomegaly,positive,positive,False,,Mild cardiomegaly.
10110764,58771416,/mnt/c/Users/Zila/Downloads/BN5212/MIMIC-CXR/p10/p10/p10110764/s58771416.txt,Pleural effusion,positive,positive,False,,"As compared to the previous radiograph, the patient has developed a moderate right and a small left pleural effusion."
10110764,58771416,/mnt/c/Users/Zila/Downloads/BN5212/MIMIC-CXR/p10/p10/p10110764/s58771416.txt,Pneumonia,negative,negative,False,,No evidence of pneumonia or pneumothorax.
10110764,59844938,/mnt/c/Users/Zila/Downloads/BN5212/MIMIC-CXR/p10/p10/p10110764/s59844938.txt,Pneumonia,positive,positive,False,,"Bilateral layering effusions with persistent retrocardiac consolidation likely reflecting partial lower lobe collapse, although pneumonia cannot be entirely excluded."
10110764,59844938,/mnt/c/Users/Zila/Downloads/BN5212/MIMIC-CXR/p10/p10/p10110764/s59844938.txt,Pulmonary edema,negative,negative,False,,The pulmonary vasculature remains somewhat prominent but no definite pulmonary edema is appreciated.
10110843,52009209,/mnt/c/Users/Zila/Downloads/BN5212/MIMIC-CXR/p10/p10/p10110843/s52009209.txt,Pleural effusion,negative,negative,False,,No appreciable pleural effusion demonstrated.
10110843,52009209,/mnt/c/Users/Zila/Downloads/BN5212/MIMIC-CXR/p10/p10/p10110843/s52009209.txt,Pneumonia,positive,positive,False,,Infectious process would be less likely2 such as pneumonia and aspiration is another possibility to consider.
10110843,52187616,/mnt/c/Users/Zila/Downloads/BN5212/MIMIC-CXR/p10/p10/p10110843/s52187616.txt,Pleural effusion,negative,negative,False,,No appreciable pleural effusion or pneumothorax is seen.
10110843,52187616,/mnt/c/Users/Zila/Downloads/BN5212/MIMIC-CXR/p10/p10/p10110843/s52187616.txt,Pneumonia,uncertain,uncertain,True,,"There a new bibasal consolidations, concerning for bilateral aspiration or bibasal pneumonia."
10110843,52187616,/mnt/c/Users/Zila/Downloads/BN5212/MIMIC-CXR/p10/p10/p10110843/s52187616.txt,Pulmonary edema,negative,negative,False,,No definitive pulmonary edema demonstrated.
10110863,56841484,/mnt/c/Users/Zila/Downloads/BN5212/MIMIC-CXR/p10/p10/p10110863/s56841484.txt,Pleural effusion,negative,negative,False,,"There is again enlargement of the cardiac silhouette without appreciable vascular congestion, acute focal pneumonia, or pleural effusion."
10110863,56841484,/mnt/c/Users/Zila/Downloads/BN5212/MIMIC-CXR/p10/p10/p10110863/s56841484.txt,Pneumonia,negative,negative,False,,"There is again enlargement of the cardiac silhouette without appreciable vascular congestion, acute focal pneumonia, or pleural effusion."
10111075,52104248,/mnt/c/Users/Zila/Downloads/BN5212/MIMIC-CXR/p10/p10/p10111075/s52104248.txt,Cardiomegaly,positive,positive,False,,"As compared to the previous radiograph, there is unchanged cardiomegaly and evidence of mild pulmonary edema."
10111075,52104248,/mnt/c/Users/Zila/Downloads/BN5212/MIMIC-CXR/p10/p10/p10111075/s52104248.txt,Pleural effusion,positive,positive,False,,Minimal blunting of the left costophrenic sinus could suggest a smaller left pleural effusion.
10111075,52104248,/mnt/c/Users/Zila/Downloads/BN5212/MIMIC-CXR/p10/p10/p10111075/s52104248.txt,Pneumonia,negative,negative,False,,No pneumonia.
10111075,52104248,/mnt/c/Users/Zila/Downloads/BN5212/MIMIC-CXR/p10/p10/p10111075/s52104248.txt,Pulmonary edema,positive,positive,False,,"As compared to the previous radiograph, there is unchanged cardiomegaly and evidence of mild pulmonary edema."
10111075,55017692,/mnt/c/Users/Zila/Downloads/BN5212/MIMIC-CXR/p10/p10/p10111075/s55017692.txt,Cardiomegaly,positive,positive,False,,Massive cardiomegaly with retrocardiac atelectasis and signs of mild to moderate pulmonary edema.
10111075,55017692,/mnt/c/Users/Zila/Downloads/BN5212/MIMIC-CXR/p10/p10/p10111075/s55017692.txt,Pneumonia,negative,negative,False,,No pneumonia.
10111075,55017692,/mnt/c/Users/Zila/Downloads/BN5212/MIMIC-CXR/p10/p10/p10111075/s55017692.txt,Pulmonary edema,positive,positive,False,,Massive cardiomegaly with retrocardiac atelectasis and signs of mild to moderate pulmonary edema.
10111112,50159440,/mnt/c/Users/Zila/Downloads/BN5212/MIMIC-CXR/p10/p10/p10111112/s50159440.txt,Pleural effusion,positive,positive,False,,New small left pleural effusion.
10111112,50159440,/mnt/c/Users/Zila/Downloads/BN5212/MIMIC-CXR/p10/p10/p10111112/s50159440.txt,Pneumonia,negative,negative,False,,No evidence of pneumonia.
10111112,50912762,/mnt/c/Users/Zila/Downloads/BN5212/MIMIC-CXR/p10/p10/p10111112/s50912762.txt,Fluid overload,positive,positive,False,,Mild fluid overload is unchanged.
10111112,50912762,/mnt/c/Users/Zila/Downloads/BN5212/MIMIC-CXR/p10/p10/p10111112/s50912762.txt,Pneumonia,positive,positive,False,,"As compared to the previous radiograph, the right upper lobe pneumonia has decreased in extent and severity but the patient has developed small bilateral pleural effusions."
10111112,50996857,/mnt/c/Users/Zila/Downloads/BN5212/MIMIC-CXR/p10/p10/p10111112/s50996857.txt,Edema,positive,positive,False,,The differential remains similar and includes asymmetric CHF related to or independent of mitral valve or papillary muscle abnormalities or edema with concurrent right upper lobe pneumonia.
10111112,50996857,/mnt/c/Users/Zila/Downloads/BN5212/MIMIC-CXR/p10/p10/p10111112/s50996857.txt,Pneumonia,positive,positive,False,,The differential remains similar and includes asymmetric CHF related to or independent of mitral valve or papillary muscle abnormalities or edema with concurrent right upper lobe pneumonia.
10111112,51507614,/mnt/c/Users/Zila/Downloads/BN5212/MIMIC-CXR/p10/p10/p10111112/s51507614.txt,Pleural effusion,negative,negative,False,,"There is no focal consolidation, pleural effusion or pneumothorax."
10111112,52087933,/mnt/c/Users/Zila/Downloads/BN5212/MIMIC-CXR/p10/p10/p10111112/s52087933.txt,Pleural effusion,positive,positive,False,,Pleural effusion is small if any.
10111112,52087933,/mnt/c/Users/Zila/Downloads/BN5212/MIMIC-CXR/p10/p10/p10111112/s52087933.txt,Pneumonia,positive,positive,False,,"Multi focal pneumonia continues to clear, particularly in the right upper lobe."
10111112,52725429,/mnt/c/Users/Zila/Downloads/BN5212/MIMIC-CXR/p10/p10/p10111112/s52725429.txt,Pleural effusion,positive,positive,False,,A moderate left pleural effusion with associated compressive atelectasis is unchanged. | Stable moderate left pleural effusion.
10111112,52725429,/mnt/c/Users/Zila/Downloads/BN5212/MIMIC-CXR/p10/p10/p10111112/s52725429.txt,Pneumonia,uncertain,uncertain,True,,New multifocal opacity in the right hemithorax concerning for pneumonia.
10111112,52799327,/mnt/c/Users/Zila/Downloads/BN5212/MIMIC-CXR/p10/p10/p10111112/s52799327.txt,Pleural effusion,positive,positive,False,,"Left pleural effusion is small to moderate, unchanged as well as left retrocardiac consolidation"
10111112,54063740,/mnt/c/Users/Zila/Downloads/BN5212/MIMIC-CXR/p10/p10/p10111112/s54063740.txt,Pleural effusion,positive,positive,False,,"In comparison with the study of ___, there is little change in the small left pleural effusion with mild basilar atelectasis."
10111112,54644103,/mnt/c/Users/Zila/Downloads/BN5212/MIMIC-CXR/p10/p10/p10111112/s54644103.txt,Myelodysplastic syndrome,positive,positive,False,,"Vertebrae appear diffusely sclerotic, consistent with history of myelodysplastic syndrome."
10111112,54644103,/mnt/c/Users/Zila/Downloads/BN5212/MIMIC-CXR/p10/p10/p10111112/s54644103.txt,Pleural effusion,positive,positive,False,,The left pleural effusion is unchanged since ___. | Unchanged left pleural effusion.
10111112,54644103,/mnt/c/Users/Zila/Downloads/BN5212/MIMIC-CXR/p10/p10/p10111112/s54644103.txt,Pneumonia,negative,negative,False,,The previously seen right lung pneumonia has resolved. | Resolution of right multi focal pneumonia.
10111112,54939261,/mnt/c/Users/Zila/Downloads/BN5212/MIMIC-CXR/p10/p10/p10111112/s54939261.txt,Cardiomegaly,positive,positive,False,,Mild cardiomegaly persists.
10111112,54939261,/mnt/c/Users/Zila/Downloads/BN5212/MIMIC-CXR/p10/p10/p10111112/s54939261.txt,Pleural effusion,positive,positive,False,,"In addition, minimal blunting of the left costophrenic sinus has newly appeared, suggesting the presence of a small pleural effusion."
10111112,54939261,/mnt/c/Users/Zila/Downloads/BN5212/MIMIC-CXR/p10/p10/p10111112/s54939261.txt,Pulmonary edema,positive,positive,False,,"As compared to the previous radiograph, the signs indicative of centralized pulmonary edema have increased in severity."
10111112,55924913,/mnt/c/Users/Zila/Downloads/BN5212/MIMIC-CXR/p10/p10/p10111112/s55924913.txt,Edema,positive,positive,False,,"Stable bilateral perihilar opacities, likely edema. | Mildly worsened right apical opacity, edema likely, consider pneumonitis. | Mildly worsened right apical opacity, likely edema, consider pneumonitis"
10111112,55924913,/mnt/c/Users/Zila/Downloads/BN5212/MIMIC-CXR/p10/p10/p10111112/s55924913.txt,Pleural effusion,positive,positive,False,,"Stable left pleural effusion, with left basilar consolidation."
10111112,55925982,/mnt/c/Users/Zila/Downloads/BN5212/MIMIC-CXR/p10/p10/p10111112/s55925982.txt,Cardiomegaly,positive,positive,False,,Moderate cardiomegaly.
10111112,55925982,/mnt/c/Users/Zila/Downloads/BN5212/MIMIC-CXR/p10/p10/p10111112/s55925982.txt,Pleural effusion,positive,positive,False,,"As compared to the previous radiograph, a pre-existing small left pleural effusion is unchanged and a previous right pleural effusion."
10111112,55925982,/mnt/c/Users/Zila/Downloads/BN5212/MIMIC-CXR/p10/p10/p10111112/s55925982.txt,Pulmonary edema,positive,positive,False,,"In the perihilar regions both on the left than on the right, suggesting a combination of centralized pulmonary edema and infection."
10111112,55937636,/mnt/c/Users/Zila/Downloads/BN5212/MIMIC-CXR/p10/p10/p10111112/s55937636.txt,Pneumonia,positive,positive,False,,"Extensive multiple bilateral opacities, non-specific, but compatible with multifocal pneumonia."
10111112,56258097,/mnt/c/Users/Zila/Downloads/BN5212/MIMIC-CXR/p10/p10/p10111112/s56258097.txt,Pleural effusion,positive,positive,False,,"In comparison with the study of ___, there is some increase in the moderate left pleural effusion with underlying compressive atelectasis."
10111112,56258097,/mnt/c/Users/Zila/Downloads/BN5212/MIMIC-CXR/p10/p10/p10111112/s56258097.txt,Pneumonia,negative,negative,False,,No evidence of acute focal pneumonia.
10111112,56361327,/mnt/c/Users/Zila/Downloads/BN5212/MIMIC-CXR/p10/p10/p10111112/s56361327.txt,Pleural effusion,positive,positive,False,,Unchanged or slightly worsened with left pleural effusion.
10111112,56361327,/mnt/c/Users/Zila/Downloads/BN5212/MIMIC-CXR/p10/p10/p10111112/s56361327.txt,Pneumonia,positive,positive,False,,"Multifocal opacifications, similar to prior CT, which may indicate an ongoing multifocal pneumonia or more likely a new developing process."
10111112,56432484,/mnt/c/Users/Zila/Downloads/BN5212/MIMIC-CXR/p10/p10/p10111112/s56432484.txt,Pleural effusion,positive,positive,False,,Moderate left pleural effusion slightly larger.
10111112,56562738,/mnt/c/Users/Zila/Downloads/BN5212/MIMIC-CXR/p10/p10/p10111112/s56562738.txt,Edema,positive,positive,False,,"Moderate interstitial edema with asymmetric right upper lobe airspace disease can be asymmetric edema in the setting of mitral valve disease, acute papillary muscle injury in the setting of myocardial infarction or edema with concurrent right upper lobe pneumonia."
10111112,56562738,/mnt/c/Users/Zila/Downloads/BN5212/MIMIC-CXR/p10/p10/p10111112/s56562738.txt,Pleural effusion,positive,positive,False,,A small left pleural effusion with adjacent basal atelectasis.
10111112,56562738,/mnt/c/Users/Zila/Downloads/BN5212/MIMIC-CXR/p10/p10/p10111112/s56562738.txt,Pneumonia,positive,positive,False,,"Moderate interstitial edema with asymmetric right upper lobe airspace disease can be asymmetric edema in the setting of mitral valve disease, acute papillary muscle injury in the setting of myocardial infarction or edema with concurrent right upper lobe pneumonia."
10111112,56562738,/mnt/c/Users/Zila/Downloads/BN5212/MIMIC-CXR/p10/p10/p10111112/s56562738.txt,Pulmonary edema,positive,positive,False,,Mild to moderate interstitial pulmonary edema with associated asymmetric right upper lobe opacity.
10111112,56666966,/mnt/c/Users/Zila/Downloads/BN5212/MIMIC-CXR/p10/p10/p10111112/s56666966.txt,Pleural effusion,positive,positive,False,,Mild left pleural effusion has worsened. | Left pleural effusion has worsened.
10111112,56996888,/mnt/c/Users/Zila/Downloads/BN5212/MIMIC-CXR/p10/p10/p10111112/s56996888.txt,Pleural effusion,positive,positive,False,,"A moderate size left pleural effusion may be minimally increased from prior with continued left basilar opacification, likely compressive atelectasis. | Moderate left pleural effusion appears mildly increased from prior, with continued left basilar compressive atelectasis."
10111112,58755401,/mnt/c/Users/Zila/Downloads/BN5212/MIMIC-CXR/p10/p10/p10111112/s58755401.txt,Pleural effusion,conflicting,negative|positive,True,,Chronic moderate left pleural effusion slightly smaller today compared to ___. | No right pleural effusion.
10111112,58755401,/mnt/c/Users/Zila/Downloads/BN5212/MIMIC-CXR/p10/p10/p10111112/s58755401.txt,Pulmonary edema,negative,negative,False,,No evidence of acute infection or pulmonary edema.
10111112,58860868,/mnt/c/Users/Zila/Downloads/BN5212/MIMIC-CXR/p10/p10/p10111112/s58860868.txt,Pleural effusion,positive,positive,False,,Compared to the prior study there has been a slight increase in the left pleural effusion with fluid extending into the left major fissure. | Slight interval increase in the left-sided pleural effusion.
10111325,52572230,/mnt/c/Users/Zila/Downloads/BN5212/MIMIC-CXR/p10/p10/p10111325/s52572230.txt,Pneumonia,positive,positive|uncertain,True,,"There is a streaky left basilar opacity, which is concerning for pneumonia in the appropriate clinical setting. | Left basilar retrocardiac opacity, which could be seen with pneumonia, although considerations would also include atelectasis."
10111576,52140821,/mnt/c/Users/Zila/Downloads/BN5212/MIMIC-CXR/p10/p10/p10111576/s52140821.txt,Pleural effusion,negative,negative,False,,No pleural effusion or pneumothorax.
10111576,52140821,/mnt/c/Users/Zila/Downloads/BN5212/MIMIC-CXR/p10/p10/p10111576/s52140821.txt,Pneumonia,uncertain,uncertain,True,,"While this may represent a very tiny focus of pneumonia, followup to resolution is advised. | While this may represent a tiny focus of pneumonia, followup radiograph post treatment to ensure resolution."
10111614,51146102,/mnt/c/Users/Zila/Downloads/BN5212/MIMIC-CXR/p10/p10/p10111614/s51146102.txt,Cardiomegaly,positive,positive,False,,Moderate cardiomegaly.
10111614,52685454,/mnt/c/Users/Zila/Downloads/BN5212/MIMIC-CXR/p10/p10/p10111614/s52685454.txt,Pleural effusion,negative,negative,False,,No pneumothorax or pleural effusion.
10111614,52685454,/mnt/c/Users/Zila/Downloads/BN5212/MIMIC-CXR/p10/p10/p10111614/s52685454.txt,Pulmonary fibrosis,positive,positive,False,,Extensive pulmonary fibrosis has progressed over the past ___ years.
10111614,53195778,/mnt/c/Users/Zila/Downloads/BN5212/MIMIC-CXR/p10/p10/p10111614/s53195778.txt,Cardiomegaly,positive,positive,False,,Moderate cardiomegaly.
10111614,53195778,/mnt/c/Users/Zila/Downloads/BN5212/MIMIC-CXR/p10/p10/p10111614/s53195778.txt,Pulmonary edema,negative,negative,False,,Without pulmonary edema persists.
10111614,55729805,/mnt/c/Users/Zila/Downloads/BN5212/MIMIC-CXR/p10/p10/p10111614/s55729805.txt,Cardiomegaly,positive,positive,False,,Moderate cardiomegaly is stable without pulmonary vascular congestion or pulmonary edema.
10111614,55729805,/mnt/c/Users/Zila/Downloads/BN5212/MIMIC-CXR/p10/p10/p10111614/s55729805.txt,Ileus,positive,positive,False,,Gaseous distention of the visualized colon may reflect a postoperative ileus.
10111614,55729805,/mnt/c/Users/Zila/Downloads/BN5212/MIMIC-CXR/p10/p10/p10111614/s55729805.txt,Pleural effusion,positive,positive,False,,Small right pleural effusion.
10111614,55729805,/mnt/c/Users/Zila/Downloads/BN5212/MIMIC-CXR/p10/p10/p10111614/s55729805.txt,Pulmonary edema,negative,negative,False,,Moderate cardiomegaly is stable without pulmonary vascular congestion or pulmonary edema.
10111614,57147208,/mnt/c/Users/Zila/Downloads/BN5212/MIMIC-CXR/p10/p10/p10111614/s57147208.txt,Bronchiectasis,uncertain,uncertain,True,,"While this could represent a increase in the patient's known fibrosis and traction bronchiectasis, an overlying infectious process should be considered in the correct clinical setting."
10111614,57147208,/mnt/c/Users/Zila/Downloads/BN5212/MIMIC-CXR/p10/p10/p10111614/s57147208.txt,Pleural effusion,negative,negative,False,,There is no pleural effusion or pneumothorax.
10111614,57147208,/mnt/c/Users/Zila/Downloads/BN5212/MIMIC-CXR/p10/p10/p10111614/s57147208.txt,Pneumonia,negative,negative,False,,"Either post treatment radiograph can be considered to evaluate for resolution, or a CT to evaluate for interval progression of the disease in the absence of clinical symptoms of pneumonia."
10111614,57593257,/mnt/c/Users/Zila/Downloads/BN5212/MIMIC-CXR/p10/p10/p10111614/s57593257.txt,Pneumonia,uncertain,uncertain,True,,"Given the extensive interstitial changes, it would be extremely difficult to exclude superimposed acute pneumonia in the appropriate clinical setting."
10111614,58104827,/mnt/c/Users/Zila/Downloads/BN5212/MIMIC-CXR/p10/p10/p10111614/s58104827.txt,Pleural effusion,negative,negative,False,,No pneumothorax or pleural effusion.
10111614,58560464,/mnt/c/Users/Zila/Downloads/BN5212/MIMIC-CXR/p10/p10/p10111614/s58560464.txt,Pulmonary edema,negative,negative,False,,No evidence of pulmonary edema. | No pulmonary edema.
10112019,55287655,/mnt/c/Users/Zila/Downloads/BN5212/MIMIC-CXR/p10/p10/p10112019/s55287655.txt,Pleural effusion,negative,negative,False,,No pleural effusion or pneumothorax is seen.
10112225,50748865,/mnt/c/Users/Zila/Downloads/BN5212/MIMIC-CXR/p10/p10/p10112225/s50748865.txt,Pleural effusion,negative,negative,False,,There is no pleural effusion or pneumothorax.
10112225,50748865,/mnt/c/Users/Zila/Downloads/BN5212/MIMIC-CXR/p10/p10/p10112225/s50748865.txt,Pneumonia,negative,negative,False,,The lungs are clear without evidence of focal consolidations concerning for pneumonia.
10112548,50299682,/mnt/c/Users/Zila/Downloads/BN5212/MIMIC-CXR/p10/p10/p10112548/s50299682.txt,Pleural effusion,conflicting,negative|positive,True,,No definite pleural effusion is seen although a trace left pleural effusion will be difficult to exclude.
10112548,50299682,/mnt/c/Users/Zila/Downloads/BN5212/MIMIC-CXR/p10/p10/p10112548/s50299682.txt,Pneumonia,positive,positive,False,,Left lower lobe consolidation is worrisome for pneumonia. | Left lower lobe pneumonia.
10112548,55172783,/mnt/c/Users/Zila/Downloads/BN5212/MIMIC-CXR/p10/p10/p10112548/s55172783.txt,Pleural effusion,negative,negative,False,,"There is no focal consolidation, pleural effusion or pneumothorax."
10112708,50171473,/mnt/c/Users/Zila/Downloads/BN5212/MIMIC-CXR/p10/p10/p10112708/s50171473.txt,Edema,negative,negative,False,,No signs of congestion or edema.
10112708,50171473,/mnt/c/Users/Zila/Downloads/BN5212/MIMIC-CXR/p10/p10/p10112708/s50171473.txt,Pneumonia,uncertain,uncertain,True,,PA and lateral views the chest provided demonstrate right basal opacity concerning for a combination of atelectasis and pneumonia. | Right basal opacity concerning for a combination of atelectasis and pneumonia.
10113144,59613503,/mnt/c/Users/Zila/Downloads/BN5212/MIMIC-CXR/p10/p10/p10113144/s59613503.txt,Edema,negative,negative,False,,There is no convincing evidence for pneumonia or edema.
10113144,59613503,/mnt/c/Users/Zila/Downloads/BN5212/MIMIC-CXR/p10/p10/p10113144/s59613503.txt,Pneumonia,negative,negative,False,,There is no convincing evidence for pneumonia or edema.
10113381,52726979,/mnt/c/Users/Zila/Downloads/BN5212/MIMIC-CXR/p10/p10/p10113381/s52726979.txt,Pleural effusion,positive,positive,False,,"There is increased opacification at both bases, more prominent on the right, consistent with pleural effusion and compressive atelectasis."
10113381,53228052,/mnt/c/Users/Zila/Downloads/BN5212/MIMIC-CXR/p10/p10/p10113381/s53228052.txt,Pleural effusion,negative,negative,False,,"There is no pleural effusion, pneumothorax or focal airspace consolidation."
10113381,53228052,/mnt/c/Users/Zila/Downloads/BN5212/MIMIC-CXR/p10/p10/p10113381/s53228052.txt,Pulmonary edema,negative,negative,False,,"The heart is top-normal in size, however, there is no evidence for pulmonary edema."
10113457,55232289,/mnt/c/Users/Zila/Downloads/BN5212/MIMIC-CXR/p10/p10/p10113457/s55232289.txt,Asthma,positive,positive,False,,"Lungs are hyperexpanded, consistent with known diagnosis of asthma."
10113457,55232289,/mnt/c/Users/Zila/Downloads/BN5212/MIMIC-CXR/p10/p10/p10113457/s55232289.txt,Pleural effusion,negative,negative,False,,"There is no focal consolidation, pleural effusion, or pneumothorax."
10113457,55232289,/mnt/c/Users/Zila/Downloads/BN5212/MIMIC-CXR/p10/p10/p10113457/s55232289.txt,Pneumonia,negative,negative,False,,No radiographic evidence of pneumonia.
10113512,53403533,/mnt/c/Users/Zila/Downloads/BN5212/MIMIC-CXR/p10/p10/p10113512/s53403533.txt,Cardiomegaly,positive,positive,False,,Moderate cardiomegaly.
10113512,53403533,/mnt/c/Users/Zila/Downloads/BN5212/MIMIC-CXR/p10/p10/p10113512/s53403533.txt,Pneumonia,positive,positive,False,,"Bilateral parenchymal opacities at the lung bases, right more than left, with air bronchograms, that could reflect pneumonia in the appropriate clinical setting."
10113512,53403533,/mnt/c/Users/Zila/Downloads/BN5212/MIMIC-CXR/p10/p10/p10113512/s53403533.txt,Pulmonary edema,negative,negative,False,,No pulmonary edema.
10113512,58878874,/mnt/c/Users/Zila/Downloads/BN5212/MIMIC-CXR/p10/p10/p10113512/s58878874.txt,Fluid overload,positive,positive,False,,Pre-existing signs of mild pulmonary edema have decreased but fluid overload is still present.
10113512,58878874,/mnt/c/Users/Zila/Downloads/BN5212/MIMIC-CXR/p10/p10/p10113512/s58878874.txt,Pneumonia,positive,positive,False,,"As compared to the previous radiograph, there is unchanged evidence of bilateral parenchymal opacities with air bronchograms, likely reflecting pneumonia in the appropriate clinical setting."
10113512,58878874,/mnt/c/Users/Zila/Downloads/BN5212/MIMIC-CXR/p10/p10/p10113512/s58878874.txt,Pulmonary edema,positive,positive,False,,Pre-existing signs of mild pulmonary edema have decreased but fluid overload is still present.
10113628,54310216,/mnt/c/Users/Zila/Downloads/BN5212/MIMIC-CXR/p10/p10/p10113628/s54310216.txt,Pleural effusion,negative,negative,False,,There is no pleural effusion or pneumothorax.
10113628,56076442,/mnt/c/Users/Zila/Downloads/BN5212/MIMIC-CXR/p10/p10/p10113628/s56076442.txt,Pleural effusion,negative,negative,False,,No pleural effusion pneumothorax.
10113628,57049235,/mnt/c/Users/Zila/Downloads/BN5212/MIMIC-CXR/p10/p10/p10113628/s57049235.txt,Edema,negative,negative,False,,"No focal consolidation, edema, effusion, or pneumothorax."
10113628,57049235,/mnt/c/Users/Zila/Downloads/BN5212/MIMIC-CXR/p10/p10/p10113628/s57049235.txt,Pneumonia,negative,negative,False,,No pneumonia.
10113857,52944141,/mnt/c/Users/Zila/Downloads/BN5212/MIMIC-CXR/p10/p10/p10113857/s52944141.txt,Pleural effusion,negative,negative,False,,"There is no focal consolidation, pleural effusion or pneumothorax."
10113898,50966601,/mnt/c/Users/Zila/Downloads/BN5212/MIMIC-CXR/p10/p10/p10113898/s50966601.txt,Pleural effusion,positive,positive,False,,"Widening of right mediastinal contours at the operative site with associated leftward deviation of the trachea are unchanged, as well as a moderate, partially loculated right pleural effusion. | Additional atelectasis is again demonstrated in the left retrocardiac region, as well as a small left pleural effusion."
10113898,51971052,/mnt/c/Users/Zila/Downloads/BN5212/MIMIC-CXR/p10/p10/p10113898/s51971052.txt,Pleural effusion,positive,positive,False,,"Following tracheal extubation, relative elevation of the right lung base could be due either to subpulmonic pleural effusion or diaphragmatic dysfunction. | Moderate right pleural effusion, which could be loculated along the right lateral chest wall, has been stable since its appearance on ___."
10113898,51971052,/mnt/c/Users/Zila/Downloads/BN5212/MIMIC-CXR/p10/p10/p10113898/s51971052.txt,Pulmonary edema,negative,negative,False,,There is no pulmonary edema or pneumothorax.
10113898,54216437,/mnt/c/Users/Zila/Downloads/BN5212/MIMIC-CXR/p10/p10/p10113898/s54216437.txt,Pleural effusion,positive,positive,False,,"Small-to-moderate right pleural effusion persists, as well as a small left pleural effusion."
10113898,55612534,/mnt/c/Users/Zila/Downloads/BN5212/MIMIC-CXR/p10/p10/p10113898/s55612534.txt,Pleural effusion,negative,negative,False,,"There is no pneumothorax, pleural effusion or mediastinal widening."
10113898,56310595,/mnt/c/Users/Zila/Downloads/BN5212/MIMIC-CXR/p10/p10/p10113898/s56310595.txt,Pleural effusion,negative,negative,False,,No pleural effusion or pneumothorax is detected.
10113898,57754628,/mnt/c/Users/Zila/Downloads/BN5212/MIMIC-CXR/p10/p10/p10113898/s57754628.txt,Pleural effusion,positive,positive,False,,"Interval increase of bibasilar atelectasis, right greater than left with new small right pleural effusion. | New small right pleural effusion."
10113898,57754628,/mnt/c/Users/Zila/Downloads/BN5212/MIMIC-CXR/p10/p10/p10113898/s57754628.txt,Pulmonary edema,negative,negative,False,,No pneumothorax or pulmonary edema.
10114059,57895810,/mnt/c/Users/Zila/Downloads/BN5212/MIMIC-CXR/p10/p10/p10114059/s57895810.txt,Pleural effusion,negative,negative,False,,No pleural effusion or pneumothorax is seen.
10114059,58515392,/mnt/c/Users/Zila/Downloads/BN5212/MIMIC-CXR/p10/p10/p10114059/s58515392.txt,Pleural effusion,negative,negative,False,,No pleural effusion or pneumothorax is seen.
10114715,53312473,/mnt/c/Users/Zila/Downloads/BN5212/MIMIC-CXR/p10/p10/p10114715/s53312473.txt,Hernia,negative,negative,False,,There is no suggestion of hiatal hernia on these radiographs. | No evidence for hiatal hernia.
10114715,53312473,/mnt/c/Users/Zila/Downloads/BN5212/MIMIC-CXR/p10/p10/p10114715/s53312473.txt,Hypertension,positive,positive,False,,"Tortuous aorta, often seen in the setting of hypertension."
10114825,57533815,/mnt/c/Users/Zila/Downloads/BN5212/MIMIC-CXR/p10/p10/p10114825/s57533815.txt,Pleural effusion,negative,negative,False,,No pleural effusion or pneumothorax is seen.
10114939,58814350,/mnt/c/Users/Zila/Downloads/BN5212/MIMIC-CXR/p10/p10/p10114939/s58814350.txt,Pleural effusion,negative,negative,False,,"There is no focal consolidation, pleural effusion or pneumothorax."
10115135,54639752,/mnt/c/Users/Zila/Downloads/BN5212/MIMIC-CXR/p10/p10/p10115135/s54639752.txt,Pulmonary edema,negative,negative,False,,No pulmonary edema or pneumothorax.
10115182,51406842,/mnt/c/Users/Zila/Downloads/BN5212/MIMIC-CXR/p10/p10/p10115182/s51406842.txt,Cardiomegaly,positive,positive,False,,Moderate cardiomegaly appears increased compared to ___ years prior.
10115182,51406842,/mnt/c/Users/Zila/Downloads/BN5212/MIMIC-CXR/p10/p10/p10115182/s51406842.txt,Pleural effusion,conflicting,negative|positive,True,,There is a trace right pleural effusion. | No left pleural effusion or pneumothorax. | Trace right pleural effusion.
10115182,51406842,/mnt/c/Users/Zila/Downloads/BN5212/MIMIC-CXR/p10/p10/p10115182/s51406842.txt,Pneumonia,negative,negative,False,,No parenchymal opacities to suggest pneumonia.
10115182,51406842,/mnt/c/Users/Zila/Downloads/BN5212/MIMIC-CXR/p10/p10/p10115182/s51406842.txt,Pulmonary edema,negative,negative,False,,No pulmonary vascular congestion or pulmonary edema.
10115182,52845561,/mnt/c/Users/Zila/Downloads/BN5212/MIMIC-CXR/p10/p10/p10115182/s52845561.txt,Pleural effusion,negative,negative,False,,"There is no pleural effusion, pneumothorax or focal airspace consolidation."
10115182,53548679,/mnt/c/Users/Zila/Downloads/BN5212/MIMIC-CXR/p10/p10/p10115182/s53548679.txt,Pleural effusion,negative,negative,False,,"No vascular congestion, pleural effusion, or acute focal pneumonia."
10115182,53548679,/mnt/c/Users/Zila/Downloads/BN5212/MIMIC-CXR/p10/p10/p10115182/s53548679.txt,Pneumonia,negative,negative,False,,"No vascular congestion, pleural effusion, or acute focal pneumonia."
10115182,56048936,/mnt/c/Users/Zila/Downloads/BN5212/MIMIC-CXR/p10/p10/p10115182/s56048936.txt,Pleural effusion,conflicting,negative|positive,True,,Small right pleural effusion persists. | No left pleural effusion is seen. | Persistent small right pleural effusion.
10115182,56048936,/mnt/c/Users/Zila/Downloads/BN5212/MIMIC-CXR/p10/p10/p10115182/s56048936.txt,Pulmonary edema,negative,negative,False,,No pulmonary edema
10115182,56721565,/mnt/c/Users/Zila/Downloads/BN5212/MIMIC-CXR/p10/p10/p10115182/s56721565.txt,Pleural effusion,negative,negative,False,,No definite vascular congestion or pleural effusion or acute pneumonia.
10115182,56721565,/mnt/c/Users/Zila/Downloads/BN5212/MIMIC-CXR/p10/p10/p10115182/s56721565.txt,Pneumonia,negative,negative,False,,No definite vascular congestion or pleural effusion or acute pneumonia.
10115311,50242979,/mnt/c/Users/Zila/Downloads/BN5212/MIMIC-CXR/p10/p10/p10115311/s50242979.txt,Pleural effusion,negative,negative,False,,There is no pleural effusion or pneumothorax.
10115311,50242979,/mnt/c/Users/Zila/Downloads/BN5212/MIMIC-CXR/p10/p10/p10115311/s50242979.txt,Pulmonary edema,negative,negative,False,,No pulmonary edema is seen.
10115397,51465187,/mnt/c/Users/Zila/Downloads/BN5212/MIMIC-CXR/p10/p10/p10115397/s51465187.txt,Cardiomegaly,positive,positive,False,,"Within the chest, cardiomegaly is accompanied by pulmonary vascular congestion and worsening mild-to-moderate pulmonary edema."
10115397,51465187,/mnt/c/Users/Zila/Downloads/BN5212/MIMIC-CXR/p10/p10/p10115397/s51465187.txt,Pulmonary edema,positive,positive,False,,"Within the chest, cardiomegaly is accompanied by pulmonary vascular congestion and worsening mild-to-moderate pulmonary edema. | Worsening pulmonary edema."
10115397,52621553,/mnt/c/Users/Zila/Downloads/BN5212/MIMIC-CXR/p10/p10/p10115397/s52621553.txt,Cardiomegaly,positive,positive,False,,"New moderate pulmonary edema with central vein distention, moderate cardiomegaly and bibasilar pleural effusion, larger to the left."
10115397,52621553,/mnt/c/Users/Zila/Downloads/BN5212/MIMIC-CXR/p10/p10/p10115397/s52621553.txt,Pleural effusion,positive,positive|uncertain,True,,"Bibasilar opacities, denser in the left lung base are probably due to the bibasilar pleural effusion, larger to the left. | New moderate pulmonary edema with central vein distention, moderate cardiomegaly and bibasilar pleural effusion, larger to the left."
10115397,52621553,/mnt/c/Users/Zila/Downloads/BN5212/MIMIC-CXR/p10/p10/p10115397/s52621553.txt,Pulmonary edema,positive,positive,False,,"AP portable single view chest x-ray in upright position shows reduced lung volume with new bilateral widespread opacification and interval increase of the vascular pedicle, compatible with new moderate pulmonary edema. | New moderate pulmonary edema with central vein distention, moderate cardiomegaly and bibasilar pleural effusion, larger to the left."
10115397,52993418,/mnt/c/Users/Zila/Downloads/BN5212/MIMIC-CXR/p10/p10/p10115397/s52993418.txt,Pleural effusion,positive,positive,False,,"Again seen are bilateral pneumothoraces that are small, right greater than left and volume loss/infiltrate at both bases with a small left pleural effusion."
10115397,57848506,/mnt/c/Users/Zila/Downloads/BN5212/MIMIC-CXR/p10/p10/p10115397/s57848506.txt,Pulmonary edema,positive,positive,False,,"Compared to the study from the prior day, the pulmonary edema appears worse. | Worsened pulmonary edema."
10115397,58152455,/mnt/c/Users/Zila/Downloads/BN5212/MIMIC-CXR/p10/p10/p10115397/s58152455.txt,Pneumonia,positive,positive,False,,There is dense right basilar opacity compatible with pneumonia.
10115397,58242434,/mnt/c/Users/Zila/Downloads/BN5212/MIMIC-CXR/p10/p10/p10115397/s58242434.txt,Cardiomegaly,positive,positive,False,,"The exam is not significantly changed from prior chest radiograph, and redemonstrates mild cardiomegaly and pulmonary edema, as well as bibasilar atelectasis and a small to moderate left pleural effusion."
10115397,58242434,/mnt/c/Users/Zila/Downloads/BN5212/MIMIC-CXR/p10/p10/p10115397/s58242434.txt,Pleural effusion,positive,positive,False,,"The exam is not significantly changed from prior chest radiograph, and redemonstrates mild cardiomegaly and pulmonary edema, as well as bibasilar atelectasis and a small to moderate left pleural effusion."
10115397,58242434,/mnt/c/Users/Zila/Downloads/BN5212/MIMIC-CXR/p10/p10/p10115397/s58242434.txt,Pulmonary edema,positive,positive,False,,"The exam is not significantly changed from prior chest radiograph, and redemonstrates mild cardiomegaly and pulmonary edema, as well as bibasilar atelectasis and a small to moderate left pleural effusion."
10115397,58822948,/mnt/c/Users/Zila/Downloads/BN5212/MIMIC-CXR/p10/p10/p10115397/s58822948.txt,Pulmonary edema,positive,positive,False,,"Lung volume has minimally increased with interval improvement of bilateral opacities, especially on the left lung due to improved pulmonary edema,which is still mild in the right lung."
10115397,59841442,/mnt/c/Users/Zila/Downloads/BN5212/MIMIC-CXR/p10/p10/p10115397/s59841442.txt,Pleural effusion,positive,positive,False,,"Lung volume is reduced with bibasilar opacities, denser at the lung bases due to consolidation and pleural effusion, which is larger to the left."
10115397,59841442,/mnt/c/Users/Zila/Downloads/BN5212/MIMIC-CXR/p10/p10/p10115397/s59841442.txt,Pulmonary edema,positive,positive,False,,Mild pulmonary edema is stable.
10115586,50507056,/mnt/c/Users/Zila/Downloads/BN5212/MIMIC-CXR/p10/p10/p10115586/s50507056.txt,Pleural effusion,negative,negative,False,,No pleural effusion or pneumothorax is present.
10115586,54449813,/mnt/c/Users/Zila/Downloads/BN5212/MIMIC-CXR/p10/p10/p10115586/s54449813.txt,Pleural effusion,negative,negative,False,,"No pneumonia, vascular congestion, or pleural effusion."
10115586,54449813,/mnt/c/Users/Zila/Downloads/BN5212/MIMIC-CXR/p10/p10/p10115586/s54449813.txt,Pneumonia,negative,negative,False,,"No pneumonia, vascular congestion, or pleural effusion."
10115586,54449813,/mnt/c/Users/Zila/Downloads/BN5212/MIMIC-CXR/p10/p10/p10115586/s54449813.txt,Scoliosis,positive,positive,False,,"Prominent scoliosis of the thoracic spine, convex to the left."
10115902,57794866,/mnt/c/Users/Zila/Downloads/BN5212/MIMIC-CXR/p10/p10/p10115902/s57794866.txt,Pleural effusion,positive,positive,False,,"Assessment for a pleural effusion is slightly limited as the costophrenic angles were not completely imaged on the frontal view, but there appears to be minimal blunting of the costophrenic angles posteriorly on the lateral view which may be due to tiny pleural effusions or chronic pleural thickening, as seen on the previous exam."
10115962,57465816,/mnt/c/Users/Zila/Downloads/BN5212/MIMIC-CXR/p10/p10/p10115962/s57465816.txt,Pleural effusion,negative,negative,False,,"No pneumonia, vascular congestion, or pleural effusion."
10115962,57465816,/mnt/c/Users/Zila/Downloads/BN5212/MIMIC-CXR/p10/p10/p10115962/s57465816.txt,Pneumonia,negative,negative,False,,"No pneumonia, vascular congestion, or pleural effusion."
10115962,58614344,/mnt/c/Users/Zila/Downloads/BN5212/MIMIC-CXR/p10/p10/p10115962/s58614344.txt,Pleural effusion,negative,negative,False,,No definite vascular congestion or pleural effusion.
10116085,55063396,/mnt/c/Users/Zila/Downloads/BN5212/MIMIC-CXR/p10/p10/p10116085/s55063396.txt,Fractures,positive,positive,False,,Right-sided rib fractures are better assessed on the same day CT torso. | Rib fractures better assessed on same-day CT exam.
10116085,59601323,/mnt/c/Users/Zila/Downloads/BN5212/MIMIC-CXR/p10/p10/p10116085/s59601323.txt,Pleural effusion,negative,negative,False,,"The cardiac silhouette is within normal limits and there is no evidence of vascular congestion, pleural effusion, or acute focal pneumonia."
10116085,59601323,/mnt/c/Users/Zila/Downloads/BN5212/MIMIC-CXR/p10/p10/p10116085/s59601323.txt,Pneumonia,negative,negative,False,,"The cardiac silhouette is within normal limits and there is no evidence of vascular congestion, pleural effusion, or acute focal pneumonia."
10116099,55167428,/mnt/c/Users/Zila/Downloads/BN5212/MIMIC-CXR/p10/p10/p10116099/s55167428.txt,Pleural effusion,negative,negative,False,,"No pulmonary edema, pleural effusion, or pneumothorax is seen."
10116099,55167428,/mnt/c/Users/Zila/Downloads/BN5212/MIMIC-CXR/p10/p10/p10116099/s55167428.txt,Pneumonia,positive,positive|uncertain,True,,Left lower lobe opacity highly concerning for pneumonia. | Left lower lobe pneumonia.
10116099,55167428,/mnt/c/Users/Zila/Downloads/BN5212/MIMIC-CXR/p10/p10/p10116099/s55167428.txt,Pulmonary edema,negative,negative,False,,"No pulmonary edema, pleural effusion, or pneumothorax is seen."
10116166,53962999,/mnt/c/Users/Zila/Downloads/BN5212/MIMIC-CXR/p10/p10/p10116166/s53962999.txt,Pneumonia,negative,negative,False,,No signs of pneumonia.
10116166,56174993,/mnt/c/Users/Zila/Downloads/BN5212/MIMIC-CXR/p10/p10/p10116166/s56174993.txt,Pleural effusion,negative,negative,False,,There is no pneumothorax or pleural effusion.
10116258,53255889,/mnt/c/Users/Zila/Downloads/BN5212/MIMIC-CXR/p10/p10/p10116258/s53255889.txt,Edema,negative,negative,False,,No signs of congestion or edema.
10116258,55376100,/mnt/c/Users/Zila/Downloads/BN5212/MIMIC-CXR/p10/p10/p10116258/s55376100.txt,Pleural effusion,negative,negative,False,,No focal consolidation or large pleural effusion is seen.
10116258,55376100,/mnt/c/Users/Zila/Downloads/BN5212/MIMIC-CXR/p10/p10/p10116258/s55376100.txt,Pulmonary edema,negative,negative,False,,There is no overt pulmonary edema.
10116289,50405292,/mnt/c/Users/Zila/Downloads/BN5212/MIMIC-CXR/p10/p10/p10116289/s50405292.txt,Pleural effusion,negative,negative,False,,There is no pulmonary edema or pleural effusion.
10116289,50405292,/mnt/c/Users/Zila/Downloads/BN5212/MIMIC-CXR/p10/p10/p10116289/s50405292.txt,Pulmonary edema,negative,negative,False,,There is no pulmonary edema or pleural effusion.
10116289,51908516,/mnt/c/Users/Zila/Downloads/BN5212/MIMIC-CXR/p10/p10/p10116289/s51908516.txt,Pleural effusion,negative,negative,False,,"No pneumonia, vascular congestion, or pleural effusion."
10116289,51908516,/mnt/c/Users/Zila/Downloads/BN5212/MIMIC-CXR/p10/p10/p10116289/s51908516.txt,Pneumonia,negative,negative,False,,"No pneumonia, vascular congestion, or pleural effusion."
10116310,50782200,/mnt/c/Users/Zila/Downloads/BN5212/MIMIC-CXR/p10/p10/p10116310/s50782200.txt,Pleural effusion,positive,positive,False,,There also is a part of loculated pleural effusion in the region of the right lateral chest wall.
10116310,50782200,/mnt/c/Users/Zila/Downloads/BN5212/MIMIC-CXR/p10/p10/p10116310/s50782200.txt,Pulmonary edema,positive,positive,False,,"Overall, the changes are consistent with mild-to-moderate pulmonary edema."
10116310,56160694,/mnt/c/Users/Zila/Downloads/BN5212/MIMIC-CXR/p10/p10/p10116310/s56160694.txt,Pleural effusion,negative,negative,False,,"No pleural effusion, pneumothorax, or pulmonary edema is identified."
10116310,56160694,/mnt/c/Users/Zila/Downloads/BN5212/MIMIC-CXR/p10/p10/p10116310/s56160694.txt,Pulmonary edema,negative,negative,False,,"No pleural effusion, pneumothorax, or pulmonary edema is identified."
10116310,56996062,/mnt/c/Users/Zila/Downloads/BN5212/MIMIC-CXR/p10/p10/p10116310/s56996062.txt,Pleural effusion,positive,positive,False,,Trace left pleural effusion appears stable.
10116310,56996062,/mnt/c/Users/Zila/Downloads/BN5212/MIMIC-CXR/p10/p10/p10116310/s56996062.txt,Pulmonary edema,negative,negative,False,,There is no pulmonary edema.
10116409,54120307,/mnt/c/Users/Zila/Downloads/BN5212/MIMIC-CXR/p10/p10/p10116409/s54120307.txt,Fluid overload,positive,positive,False,,1) Findings which could reflect mild fluid overload.
10116621,55009631,/mnt/c/Users/Zila/Downloads/BN5212/MIMIC-CXR/p10/p10/p10116621/s55009631.txt,Pleural effusion,negative,negative,False,,"No focal consolidation, pleural effusion, pulmonary edema or pneumothorax."
10116621,55009631,/mnt/c/Users/Zila/Downloads/BN5212/MIMIC-CXR/p10/p10/p10116621/s55009631.txt,Pulmonary edema,negative,negative,False,,"No focal consolidation, pleural effusion, pulmonary edema or pneumothorax."
10116621,57742592,/mnt/c/Users/Zila/Downloads/BN5212/MIMIC-CXR/p10/p10/p10116621/s57742592.txt,Pleural effusion,negative,negative,False,,No pleural effusion or pneumothorax is present.
10116765,51169003,/mnt/c/Users/Zila/Downloads/BN5212/MIMIC-CXR/p10/p10/p10116765/s51169003.txt,Pleural effusion,negative,negative,False,,No pleural effusion or pneumothorax is present.
10116898,52649664,/mnt/c/Users/Zila/Downloads/BN5212/MIMIC-CXR/p10/p10/p10116898/s52649664.txt,Edema,negative,negative,False,,"The lungs are clear without consolidation, effusion, or edema."
10117130,52058606,/mnt/c/Users/Zila/Downloads/BN5212/MIMIC-CXR/p10/p10/p10117130/s52058606.txt,Pulmonary edema,negative,negative,False,,No pulmonary edema.
10117130,53912042,/mnt/c/Users/Zila/Downloads/BN5212/MIMIC-CXR/p10/p10/p10117130/s53912042.txt,Pleural effusion,negative,negative,False,,No pleural effusion or pneumothorax is seen.
10117130,53912042,/mnt/c/Users/Zila/Downloads/BN5212/MIMIC-CXR/p10/p10/p10117130/s53912042.txt,Pulmonary edema,negative,negative,False,,No pulmonary edema.
10117273,51388005,/mnt/c/Users/Zila/Downloads/BN5212/MIMIC-CXR/p10/p10/p10117273/s51388005.txt,Pulmonary edema,negative,negative,False,,There are no signs for overt pulmonary edema.
10117273,51763901,/mnt/c/Users/Zila/Downloads/BN5212/MIMIC-CXR/p10/p10/p10117273/s51763901.txt,Edema,positive,positive,False,,It should be re-evaluated when edema has improved.
10117273,51763901,/mnt/c/Users/Zila/Downloads/BN5212/MIMIC-CXR/p10/p10/p10117273/s51763901.txt,Pneumonia,uncertain,uncertain,True,,Left lower lobe opacification is probably atelectasis though pneumonia is not excluded and small to moderate bilateral pleural effusions are present and probably increased since ___.
10117273,51763901,/mnt/c/Users/Zila/Downloads/BN5212/MIMIC-CXR/p10/p10/p10117273/s51763901.txt,Pulmonary edema,positive,positive,False,,Overall findings point to volume dependent pulmonary edema.
10117273,53559076,/mnt/c/Users/Zila/Downloads/BN5212/MIMIC-CXR/p10/p10/p10117273/s53559076.txt,Hemorrhage,positive,positive,False,,Pulmonary hemorrhage is a possibility.
10117273,53559076,/mnt/c/Users/Zila/Downloads/BN5212/MIMIC-CXR/p10/p10/p10117273/s53559076.txt,Pleural effusion,positive,positive,False,,Pleural effusion is presumed but not large.
10117273,53559076,/mnt/c/Users/Zila/Downloads/BN5212/MIMIC-CXR/p10/p10/p10117273/s53559076.txt,Pulmonary edema,positive,positive,False,,"Most likely diagnosis is pulmonary edema, though not necessarily cardiogenic even though mediastinal venous engorgement suggests increased central venous pressure or volume."
10117273,54623447,/mnt/c/Users/Zila/Downloads/BN5212/MIMIC-CXR/p10/p10/p10117273/s54623447.txt,Pleural effusion,positive,positive,False,,Pleural effusion is presumed but not large.
10117273,57525853,/mnt/c/Users/Zila/Downloads/BN5212/MIMIC-CXR/p10/p10/p10117273/s57525853.txt,Fluid overload,positive,positive,False,,"However, there still is evidence of perihilar haziness as well as of minimal fluid overload."
10117273,58453362,/mnt/c/Users/Zila/Downloads/BN5212/MIMIC-CXR/p10/p10/p10117273/s58453362.txt,Edema,positive,positive,False,,"Coalescent, bilateral, perihilar opacities reflect alveolar edema. | Central alveolar edema and small, bilateral pleural effusions suggest volume overload."
10117474,57267592,/mnt/c/Users/Zila/Downloads/BN5212/MIMIC-CXR/p10/p10/p10117474/s57267592.txt,Pleural effusion,negative,negative,False,,There is no pleural effusion or pneumothorax.
10117474,57267592,/mnt/c/Users/Zila/Downloads/BN5212/MIMIC-CXR/p10/p10/p10117474/s57267592.txt,Pulmonary edema,negative,negative,False,,There is no evidence of pulmonary edema.
10117508,58385246,/mnt/c/Users/Zila/Downloads/BN5212/MIMIC-CXR/p10/p10/p10117508/s58385246.txt,Pleural effusion,negative,negative,False,,No pleural effusion or pneumothorax is seen.
10117741,56176950,/mnt/c/Users/Zila/Downloads/BN5212/MIMIC-CXR/p10/p10/p10117741/s56176950.txt,Pleural effusion,negative,negative,False,,No pleural effusion or pneumothorax is seen.
10118141,55464001,/mnt/c/Users/Zila/Downloads/BN5212/MIMIC-CXR/p10/p10/p10118141/s55464001.txt,Pleural effusion,negative,negative,False,,"There is no focal consolidation, pleural effusion or pneumothorax."
10118141,55464001,/mnt/c/Users/Zila/Downloads/BN5212/MIMIC-CXR/p10/p10/p10118141/s55464001.txt,Pulmonary edema,negative,negative,False,,There is no pulmonary edema.
10118190,56762382,/mnt/c/Users/Zila/Downloads/BN5212/MIMIC-CXR/p10/p10/p10118190/s56762382.txt,Pleural effusion,negative,negative,False,,"There is no focal consolidation, pleural effusion or pneumothorax is identified."
10118626,51904237,/mnt/c/Users/Zila/Downloads/BN5212/MIMIC-CXR/p10/p10/p10118626/s51904237.txt,Pleural effusion,negative,negative,False,,No pleural effusion or pneumothorax is seen.
10119001,51581185,/mnt/c/Users/Zila/Downloads/BN5212/MIMIC-CXR/p10/p10/p10119001/s51581185.txt,Pleural effusion,positive,positive,False,,There is a mild-to-moderate right-sided pleural effusion and a small retrocardiac atelectasis.
10119001,58576565,/mnt/c/Users/Zila/Downloads/BN5212/MIMIC-CXR/p10/p10/p10119001/s58576565.txt,Edema,positive,positive,False,,"As compared to the previous radiograph, there is newly occurred mild-to-moderate interstitial edema."
10119094,52202735,/mnt/c/Users/Zila/Downloads/BN5212/MIMIC-CXR/p10/p10/p10119094/s52202735.txt,Pleural effusion,negative,negative,False,,No pleural effusion or pneumothorax is seen.
10119391,51318265,/mnt/c/Users/Zila/Downloads/BN5212/MIMIC-CXR/p10/p10/p10119391/s51318265.txt,Hernia,positive,positive,False,,"The medial left base retrocardiac density corresponds to known large hiatal hernia is similar in appearance to scout radiograph from chest CT from ___, all with likely adjacent atelectasis. | Evidence of known hiatal hernia with likely adjacent atelectasis."
10119391,51318265,/mnt/c/Users/Zila/Downloads/BN5212/MIMIC-CXR/p10/p10/p10119391/s51318265.txt,Pleural effusion,negative,negative,False,,There is no large pleural effusion or pneumothorax.
10119391,57613229,/mnt/c/Users/Zila/Downloads/BN5212/MIMIC-CXR/p10/p10/p10119391/s57613229.txt,Hernia,positive,positive,False,,"Medial left base retrocardiac density corresponds to known hiatal hernia, similar in appearance compared to prior study."
10119391,57613229,/mnt/c/Users/Zila/Downloads/BN5212/MIMIC-CXR/p10/p10/p10119391/s57613229.txt,Pleural effusion,negative,negative,False,,There is no pleural effusion or pneumothorax.
10119514,50808310,/mnt/c/Users/Zila/Downloads/BN5212/MIMIC-CXR/p10/p10/p10119514/s50808310.txt,Cardiomegaly,positive,positive,False,,Moderate cardiomegaly is unchanged.
10119514,50808310,/mnt/c/Users/Zila/Downloads/BN5212/MIMIC-CXR/p10/p10/p10119514/s50808310.txt,Pulmonary edema,negative,negative,False,,There is no evidence of pulmonary edema.
10119514,50831310,/mnt/c/Users/Zila/Downloads/BN5212/MIMIC-CXR/p10/p10/p10119514/s50831310.txt,Cardiomegaly,positive,positive,False,,Moderate cardiomegaly is unchanged.
10119514,50831310,/mnt/c/Users/Zila/Downloads/BN5212/MIMIC-CXR/p10/p10/p10119514/s50831310.txt,Heart failure,positive,positive,False,,"Moderate congestive heart failure, worse since ___."
10119514,50947370,/mnt/c/Users/Zila/Downloads/BN5212/MIMIC-CXR/p10/p10/p10119514/s50947370.txt,Cardiomegaly,positive,positive,False,,Moderate cardiomegaly with no acute chest abnormality.
10119514,50947370,/mnt/c/Users/Zila/Downloads/BN5212/MIMIC-CXR/p10/p10/p10119514/s50947370.txt,Pleural effusion,negative,negative,False,,Frontal and lateral chest radiographs demonstrate clear well-expanded lungs without focal consolidation or pleural effusion.
10119514,51178567,/mnt/c/Users/Zila/Downloads/BN5212/MIMIC-CXR/p10/p10/p10119514/s51178567.txt,Cardiomegaly,positive,positive,False,,"Moderate cardiomegaly, without acute chest abnormality."
10119514,51178567,/mnt/c/Users/Zila/Downloads/BN5212/MIMIC-CXR/p10/p10/p10119514/s51178567.txt,Pleural effusion,negative,negative,False,,There is no pleural effusion or pneumothorax.
10119514,56376784,/mnt/c/Users/Zila/Downloads/BN5212/MIMIC-CXR/p10/p10/p10119514/s56376784.txt,Cardiomegaly,positive,positive,False,,Moderate cardiomegaly is longstanding.
10119514,56376784,/mnt/c/Users/Zila/Downloads/BN5212/MIMIC-CXR/p10/p10/p10119514/s56376784.txt,Edema,negative,negative,False,,"Mediastinal venous engorgement is slightly larger today than it was on ___, and larger than on ___, but there is no particular pulmonary vascular engorgement and no edema."
10119514,56376784,/mnt/c/Users/Zila/Downloads/BN5212/MIMIC-CXR/p10/p10/p10119514/s56376784.txt,Pleural effusion,positive,positive,False,,Pleural effusion is minimal on the left if any.
10119514,56376784,/mnt/c/Users/Zila/Downloads/BN5212/MIMIC-CXR/p10/p10/p10119514/s56376784.txt,Pneumonia,positive,positive,False,,Mild heterogeneous opacification at the base of the right lung is more likely atelectasis than pneumonia.
10119514,58261220,/mnt/c/Users/Zila/Downloads/BN5212/MIMIC-CXR/p10/p10/p10119514/s58261220.txt,Pleural effusion,negative,negative,False,,No pleural effusion.
10119514,58261220,/mnt/c/Users/Zila/Downloads/BN5212/MIMIC-CXR/p10/p10/p10119514/s58261220.txt,Pneumonia,negative,negative,False,,There is no evidence of pneumonia. | No evidence of pneumonia.
10119514,58393726,/mnt/c/Users/Zila/Downloads/BN5212/MIMIC-CXR/p10/p10/p10119514/s58393726.txt,Cardiomegaly,positive,positive,False,,"Frontal and lateral views of the chest provided demonstrate persistent mild cardiomegaly, though no definite signs of pneumonia, effusion or pneumothorax."
10119514,58393726,/mnt/c/Users/Zila/Downloads/BN5212/MIMIC-CXR/p10/p10/p10119514/s58393726.txt,Edema,positive,positive,False,,___ be mild interstitial edema.
10119514,58393726,/mnt/c/Users/Zila/Downloads/BN5212/MIMIC-CXR/p10/p10/p10119514/s58393726.txt,Pneumonia,negative,negative,False,,"Frontal and lateral views of the chest provided demonstrate persistent mild cardiomegaly, though no definite signs of pneumonia, effusion or pneumothorax."
10119692,58866693,/mnt/c/Users/Zila/Downloads/BN5212/MIMIC-CXR/p10/p10/p10119692/s58866693.txt,Pleural effusion,negative,negative,False,,No pleural effusion or pneumothorax is seen.
10119760,52547328,/mnt/c/Users/Zila/Downloads/BN5212/MIMIC-CXR/p10/p10/p10119760/s52547328.txt,Pleural effusion,negative,negative,False,,No pleural effusion or pneumothorax is seen.
10119760,54138065,/mnt/c/Users/Zila/Downloads/BN5212/MIMIC-CXR/p10/p10/p10119760/s54138065.txt,Pleural effusion,negative,negative,False,,"The heart is normal in size and there is no vascular congestion, pleural effusion, or acute focal pneumonia."
10119760,54138065,/mnt/c/Users/Zila/Downloads/BN5212/MIMIC-CXR/p10/p10/p10119760/s54138065.txt,Pneumonia,negative,negative,False,,"The heart is normal in size and there is no vascular congestion, pleural effusion, or acute focal pneumonia."
10119910,55342978,/mnt/c/Users/Zila/Downloads/BN5212/MIMIC-CXR/p10/p10/p10119910/s55342978.txt,Pleural effusion,negative,negative,False,,"No focal consolidation, pleural effusion, pneumothorax, or pulmonary edema is seen."
10119910,55342978,/mnt/c/Users/Zila/Downloads/BN5212/MIMIC-CXR/p10/p10/p10119910/s55342978.txt,Pulmonary edema,negative,negative,False,,"No focal consolidation, pleural effusion, pneumothorax, or pulmonary edema is seen."
10119916,53766767,/mnt/c/Users/Zila/Downloads/BN5212/MIMIC-CXR/p10/p10/p10119916/s53766767.txt,Pneumonia,positive,positive,False,,"In the appropriate clinical setting, it would be impossible to exclude superimposed pneumonia."
10119916,53766767,/mnt/c/Users/Zila/Downloads/BN5212/MIMIC-CXR/p10/p10/p10119916/s53766767.txt,Pulmonary fibrosis,positive,positive,False,,"Little overall change in the appearance of the heart and lungs, with widespread pulmonary fibrosis especially in the left mid and lower zones."
10119916,56429302,/mnt/c/Users/Zila/Downloads/BN5212/MIMIC-CXR/p10/p10/p10119916/s56429302.txt,Cardiomegaly,positive,positive,False,,Moderate cardiomegaly is unchanged.
10119916,56429302,/mnt/c/Users/Zila/Downloads/BN5212/MIMIC-CXR/p10/p10/p10119916/s56429302.txt,Pleural effusion,negative,negative,False,,"There is no focal consolidation, pleural effusion or pneumothorax."
10119916,56429302,/mnt/c/Users/Zila/Downloads/BN5212/MIMIC-CXR/p10/p10/p10119916/s56429302.txt,Pneumonia,negative,negative,False,,No evidence of pneumonia.
10119916,56429302,/mnt/c/Users/Zila/Downloads/BN5212/MIMIC-CXR/p10/p10/p10119916/s56429302.txt,Pulmonary edema,positive,positive,False,,Unchanged mild pulmonary edema.
10119916,58937727,/mnt/c/Users/Zila/Downloads/BN5212/MIMIC-CXR/p10/p10/p10119916/s58937727.txt,Pleural effusion,positive,positive,False,,"Comparison with today's study demonstrates a mildly increased upper zone redistribution, coinciding with some increased interstitial elements and subtle changes of pleural effusion in the posterior pleural space."
10119916,59045523,/mnt/c/Users/Zila/Downloads/BN5212/MIMIC-CXR/p10/p10/p10119916/s59045523.txt,Pleural effusion,negative,negative,False,,No sizeable pleural effusion or pneumothorax.
10119992,55836834,/mnt/c/Users/Zila/Downloads/BN5212/MIMIC-CXR/p10/p10/p10119992/s55836834.txt,Fractures,positive,positive,False,,Stable right-sided rib fractures.
10119992,55836834,/mnt/c/Users/Zila/Downloads/BN5212/MIMIC-CXR/p10/p10/p10119992/s55836834.txt,Pulmonary edema,negative,negative,False,,No pulmonary edema.
10119992,56427402,/mnt/c/Users/Zila/Downloads/BN5212/MIMIC-CXR/p10/p10/p10119992/s56427402.txt,Cardiomegaly,positive,positive,False,,Cardiomegaly and sternal wires are unchanged in appearance.
10119992,56427402,/mnt/c/Users/Zila/Downloads/BN5212/MIMIC-CXR/p10/p10/p10119992/s56427402.txt,Fractures,positive,positive,False,,Old rib fractures on the right are re- demonstrated.
10119992,56427402,/mnt/c/Users/Zila/Downloads/BN5212/MIMIC-CXR/p10/p10/p10119992/s56427402.txt,Pleural effusion,positive,positive,False,,Small pleural effusion is still present on the left.
10119992,56427402,/mnt/c/Users/Zila/Downloads/BN5212/MIMIC-CXR/p10/p10/p10119992/s56427402.txt,Pulmonary edema,negative,negative,False,,There is no pulmonary edema.
10119992,56493680,/mnt/c/Users/Zila/Downloads/BN5212/MIMIC-CXR/p10/p10/p10119992/s56493680.txt,Cardiomegaly,positive,positive,False,,Cardiomegaly is substantial.
10119992,56493680,/mnt/c/Users/Zila/Downloads/BN5212/MIMIC-CXR/p10/p10/p10119992/s56493680.txt,Hernia,positive,positive,False,,Large hiatal hernia is unchanged.
10119992,56493680,/mnt/c/Users/Zila/Downloads/BN5212/MIMIC-CXR/p10/p10/p10119992/s56493680.txt,Pleural effusion,conflicting,negative|positive,True,,There is no interval increase in pleural effusion or development of pneumothorax. | Previously seen small to moderate amount of left pleural effusion is unchanged.
10119992,56689718,/mnt/c/Users/Zila/Downloads/BN5212/MIMIC-CXR/p10/p10/p10119992/s56689718.txt,Fractures,positive,positive,False,,Chronic right rib fractures.
10119992,56689718,/mnt/c/Users/Zila/Downloads/BN5212/MIMIC-CXR/p10/p10/p10119992/s56689718.txt,Pleural effusion,positive,positive|uncertain,True,,"There is small left pleural effusion, improved. | Possible trace right pleural effusion."
10119992,56893566,/mnt/c/Users/Zila/Downloads/BN5212/MIMIC-CXR/p10/p10/p10119992/s56893566.txt,Cardiomegaly,positive,positive,False,,Moderate cardiomegaly.
10119992,56893566,/mnt/c/Users/Zila/Downloads/BN5212/MIMIC-CXR/p10/p10/p10119992/s56893566.txt,Pneumonia,negative,negative,False,,"No pneumonia, no pneumothorax."
10119992,56893566,/mnt/c/Users/Zila/Downloads/BN5212/MIMIC-CXR/p10/p10/p10119992/s56893566.txt,Pulmonary edema,positive,positive,False,,The patient is in mild to moderate pulmonary edema.
10120006,59513755,/mnt/c/Users/Zila/Downloads/BN5212/MIMIC-CXR/p10/p10/p10120006/s59513755.txt,Pleural effusion,negative,negative,False,,There is no pleural effusion or pneumothorax.
10120006,59513755,/mnt/c/Users/Zila/Downloads/BN5212/MIMIC-CXR/p10/p10/p10120006/s59513755.txt,Pneumonia,negative,negative,False,,Lungs are well-expanded without focal consolidation concerning for pneumonia.
10120109,50606744,/mnt/c/Users/Zila/Downloads/BN5212/MIMIC-CXR/p10/p10/p10120109/s50606744.txt,Pleural effusion,positive,positive,False,,Blunting of the right costophrenic angle could reflect pleural effusion or pleural thickening.
10120109,50606744,/mnt/c/Users/Zila/Downloads/BN5212/MIMIC-CXR/p10/p10/p10120109/s50606744.txt,Pneumonia,negative,negative,False,,No definite pneumonia.
10120109,57305898,/mnt/c/Users/Zila/Downloads/BN5212/MIMIC-CXR/p10/p10/p10120109/s57305898.txt,Pleural effusion,negative,negative,False,,There is no definite pleural effusion or pneumothorax.
10121003,51494957,/mnt/c/Users/Zila/Downloads/BN5212/MIMIC-CXR/p10/p10/p10121003/s51494957.txt,Fractures,positive,positive,False,,There are chronic well healed rib fractures of posterior ribs 5 through 7.
10121003,51494957,/mnt/c/Users/Zila/Downloads/BN5212/MIMIC-CXR/p10/p10/p10121003/s51494957.txt,Pleural effusion,negative,negative,False,,"There is no focal consolidation, pleural effusion, pneumothorax, or pulmonary edema."
10121003,51494957,/mnt/c/Users/Zila/Downloads/BN5212/MIMIC-CXR/p10/p10/p10121003/s51494957.txt,Pulmonary edema,negative,negative,False,,"There is no focal consolidation, pleural effusion, pneumothorax, or pulmonary edema."
10121003,58716524,/mnt/c/Users/Zila/Downloads/BN5212/MIMIC-CXR/p10/p10/p10121003/s58716524.txt,Fractures,positive,positive,False,,Multiple old rib fractures are present.
10121003,58716524,/mnt/c/Users/Zila/Downloads/BN5212/MIMIC-CXR/p10/p10/p10121003/s58716524.txt,Pleural effusion,negative,negative,False,,There is no pleural effusion.
10121003,58954121,/mnt/c/Users/Zila/Downloads/BN5212/MIMIC-CXR/p10/p10/p10121003/s58954121.txt,Fractures,positive,positive,False,,Old healed rib fractures on the left again seen.
10121003,58954121,/mnt/c/Users/Zila/Downloads/BN5212/MIMIC-CXR/p10/p10/p10121003/s58954121.txt,Pneumonia,uncertain,uncertain,True,,"Although most likely reflecting atelectasis and possible small effusion, the possibility of superimposed pneumonia would have to be considered in the appropriate clinical setting."
10121316,51096228,/mnt/c/Users/Zila/Downloads/BN5212/MIMIC-CXR/p10/p10/p10121316/s51096228.txt,Pulmonary edema,positive,positive,False,,There has been the development of moderate pulmonary edema with bilateral basilar opacifications consistent with layering effusions and compressive atelectasis.
10121316,51515793,/mnt/c/Users/Zila/Downloads/BN5212/MIMIC-CXR/p10/p10/p10121316/s51515793.txt,Cardiomegaly,positive,positive,False,,Mild cardiomegaly.
10121316,51515793,/mnt/c/Users/Zila/Downloads/BN5212/MIMIC-CXR/p10/p10/p10121316/s51515793.txt,Pulmonary edema,negative,negative,False,,No pulmonary edema.
10121316,54209217,/mnt/c/Users/Zila/Downloads/BN5212/MIMIC-CXR/p10/p10/p10121316/s54209217.txt,Cardiomegaly,positive,positive,False,,Moderate cardiomegaly is unchanged.
10121316,54209217,/mnt/c/Users/Zila/Downloads/BN5212/MIMIC-CXR/p10/p10/p10121316/s54209217.txt,Fluid overload,positive,positive,False,,Mild fluid overload is stable.
10121316,55508191,/mnt/c/Users/Zila/Downloads/BN5212/MIMIC-CXR/p10/p10/p10121316/s55508191.txt,Pulmonary edema,negative,negative,False,,"In comparison to ___, lung volumes have improved, and previously reported pulmonary edema has resolved."
10121316,59871357,/mnt/c/Users/Zila/Downloads/BN5212/MIMIC-CXR/p10/p10/p10121316/s59871357.txt,Pleural effusion,negative,negative,False,,There is no pneumothorax or large pleural effusion.
10121316,59871357,/mnt/c/Users/Zila/Downloads/BN5212/MIMIC-CXR/p10/p10/p10121316/s59871357.txt,Pneumonia,uncertain,uncertain,True,,"Bibasilar lung opacity, concerning for pneumonia in the correct clinical setting."
10121523,52942503,/mnt/c/Users/Zila/Downloads/BN5212/MIMIC-CXR/p10/p10/p10121523/s52942503.txt,Loss of height,positive,positive,False,,"On the lateral view there is mild loss of height of a mid dorsal vertebral body, quite similar to the appearance on the chest radiograph of ___."
10121523,52942503,/mnt/c/Users/Zila/Downloads/BN5212/MIMIC-CXR/p10/p10/p10121523/s52942503.txt,Pleural effusion,negative,negative,False,,"Cardiac silhouette remains within normal limits and there is no evidence of vascular congestion, pleural effusion, or acute focal pneumonia."
10121523,52942503,/mnt/c/Users/Zila/Downloads/BN5212/MIMIC-CXR/p10/p10/p10121523/s52942503.txt,Pneumonia,negative,negative,False,,"Cardiac silhouette remains within normal limits and there is no evidence of vascular congestion, pleural effusion, or acute focal pneumonia."
10121579,59819920,/mnt/c/Users/Zila/Downloads/BN5212/MIMIC-CXR/p10/p10/p10121579/s59819920.txt,Pleural effusion,negative,negative,False,,No pleural effusion or pneumothorax is seen. | No pleural effusion seen.
10121836,59382182,/mnt/c/Users/Zila/Downloads/BN5212/MIMIC-CXR/p10/p10/p10121836/s59382182.txt,Pleural effusion,negative,negative,False,,There is no pleural effusion or pneumothorax.
10122392,59596554,/mnt/c/Users/Zila/Downloads/BN5212/MIMIC-CXR/p10/p10/p10122392/s59596554.txt,Fractures,negative,negative,False,,No acute fractures are identified.
10122392,59596554,/mnt/c/Users/Zila/Downloads/BN5212/MIMIC-CXR/p10/p10/p10122392/s59596554.txt,Pneumonia,positive,positive,False,,"Bibasilar opacities, likely atelectasis, however, pneumonia must be excluded in the proper clinical setting."
10122589,50115056,/mnt/c/Users/Zila/Downloads/BN5212/MIMIC-CXR/p10/p10/p10122589/s50115056.txt,Pulmonary edema,positive,positive,False,,"Compared with prior exam, there has been mild interval improvement of aeration of both lungs, but there are still bilateral diffuse alveolar opacities compatible with pulmonary edema. | Mild interval improvement of bilateral lung aeration, but with severe pulmonary edema and possible pleural effusions."
10122589,52417409,/mnt/c/Users/Zila/Downloads/BN5212/MIMIC-CXR/p10/p10/p10122589/s52417409.txt,Pneumonia,negative,negative,False,,These findings may be due to pulmonary edema with or without coexisting pneumonia.
10122589,52417409,/mnt/c/Users/Zila/Downloads/BN5212/MIMIC-CXR/p10/p10/p10122589/s52417409.txt,Pulmonary edema,positive,positive,False,,These findings may be due to pulmonary edema with or without coexisting pneumonia.
10122589,53075201,/mnt/c/Users/Zila/Downloads/BN5212/MIMIC-CXR/p10/p10/p10122589/s53075201.txt,Edema,positive,positive,False,,"Pulmonary vascular congestion and interstitial edema are also noted as well as bilateral areas of pleural thickening, some of which are calcified, suggesting previous asbestos exposure."
10122589,54013528,/mnt/c/Users/Zila/Downloads/BN5212/MIMIC-CXR/p10/p10/p10122589/s54013528.txt,Pulmonary edema,positive,positive,False,,"There is moderate pulmonary edema which appears similar when compared to the prior exam. | Moderate pulmonary edema, similar compared to the prior exam with small bilateral pleural effusions."
10122589,54468524,/mnt/c/Users/Zila/Downloads/BN5212/MIMIC-CXR/p10/p10/p10122589/s54468524.txt,Pulmonary edema,positive,positive,False,,Moderate pulmonary edema is not substantially changed compared to the prior exam.
10122589,55720012,/mnt/c/Users/Zila/Downloads/BN5212/MIMIC-CXR/p10/p10/p10122589/s55720012.txt,Pneumonia,positive,positive,False,,Pneumonia in the right lung worsened substantially from ___ through ___.
10122589,56104045,/mnt/c/Users/Zila/Downloads/BN5212/MIMIC-CXR/p10/p10/p10122589/s56104045.txt,Pneumonia,positive,positive,False,,"Extensive pleural calcifications again seen, along with bibasilar atelectasis or pneumonia and left effusion."
10122589,56104045,/mnt/c/Users/Zila/Downloads/BN5212/MIMIC-CXR/p10/p10/p10122589/s56104045.txt,Pulmonary edema,positive,positive,False,,Severe pulmonary edema as seen on the recent CT scan.
10122589,58130669,/mnt/c/Users/Zila/Downloads/BN5212/MIMIC-CXR/p10/p10/p10122589/s58130669.txt,Acute pulmonary edema,positive,positive,False,,Findings compatible with acute pulmonary edema with possible layering pleural effusions.
10122589,58130669,/mnt/c/Users/Zila/Downloads/BN5212/MIMIC-CXR/p10/p10/p10122589/s58130669.txt,Fractures,negative,negative,False,,No fractures are identified.
10122589,58130669,/mnt/c/Users/Zila/Downloads/BN5212/MIMIC-CXR/p10/p10/p10122589/s58130669.txt,Pleural effusion,uncertain,uncertain,True,,"There is also significant irregular pleural thickening in the right apex, possibly secondary to layering pleural effusion. | Significant left apical density may represent a loculated pleural effusion versus a mass."
10122589,59058941,/mnt/c/Users/Zila/Downloads/BN5212/MIMIC-CXR/p10/p10/p10122589/s59058941.txt,Pneumonia,positive,positive,False,,"This could reflect pulmonary edema, though the possibility of superimposed pneumonia would be a strong possibility in the appropriate clinical setting."
10122589,59058941,/mnt/c/Users/Zila/Downloads/BN5212/MIMIC-CXR/p10/p10/p10122589/s59058941.txt,Pulmonary edema,positive,positive,False,,"This could reflect pulmonary edema, though the possibility of superimposed pneumonia would be a strong possibility in the appropriate clinical setting."
10122589,59846275,/mnt/c/Users/Zila/Downloads/BN5212/MIMIC-CXR/p10/p10/p10122589/s59846275.txt,Edema,positive,positive,False,,"Ongoing severe right lung consolidation, a combination of pneumonia and edema."
10122589,59846275,/mnt/c/Users/Zila/Downloads/BN5212/MIMIC-CXR/p10/p10/p10122589/s59846275.txt,Pneumonia,positive,positive,False,,"Ongoing severe right lung consolidation, a combination of pneumonia and edema."
10122606,58885079,/mnt/c/Users/Zila/Downloads/BN5212/MIMIC-CXR/p10/p10/p10122606/s58885079.txt,Pleural effusion,negative,negative,False,,"Clear lungs, no pleural effusion or pneumothorax."
10123063,51103039,/mnt/c/Users/Zila/Downloads/BN5212/MIMIC-CXR/p10/p10/p10123063/s51103039.txt,Pleural effusion,negative,negative,False,,No large pleural effusion is seen.
10123063,53896508,/mnt/c/Users/Zila/Downloads/BN5212/MIMIC-CXR/p10/p10/p10123063/s53896508.txt,Fractures,positive,positive,False,,Multiple old bilateral rib fractures/deformities are seen.
10123063,53896508,/mnt/c/Users/Zila/Downloads/BN5212/MIMIC-CXR/p10/p10/p10123063/s53896508.txt,Pleural effusion,negative,negative,False,,No large pleural effusion is seen.
10123063,53896508,/mnt/c/Users/Zila/Downloads/BN5212/MIMIC-CXR/p10/p10/p10123063/s53896508.txt,Pneumonia,positive,positive,False,,Patchy right base opacity is worrisome for pneumonia. | Patchy right base opacity worrisome for pneumonia.
10123063,54459925,/mnt/c/Users/Zila/Downloads/BN5212/MIMIC-CXR/p10/p10/p10123063/s54459925.txt,Cardiomegaly,positive,positive,False,,Mild cardiomegaly and tortuous aorta are unchanged.
10123063,54459925,/mnt/c/Users/Zila/Downloads/BN5212/MIMIC-CXR/p10/p10/p10123063/s54459925.txt,Pleural effusion,negative,negative,False,,There is no pneumothorax or pleural effusion.
10123147,50230934,/mnt/c/Users/Zila/Downloads/BN5212/MIMIC-CXR/p10/p10/p10123147/s50230934.txt,Pneumonia,positive,positive,False,,"Bilateral multifocal areas of consolidation show a slight interval improvement, and likely represent improving multifocal pneumonia."
10123147,50732998,/mnt/c/Users/Zila/Downloads/BN5212/MIMIC-CXR/p10/p10/p10123147/s50732998.txt,Pneumonia,positive,positive,False,,"Multifocal patchy opacities persist bilaterally, in keeping with provided history of multifocal pneumonia, likely co-existing with areas of linear atelectasis."
10123147,51011412,/mnt/c/Users/Zila/Downloads/BN5212/MIMIC-CXR/p10/p10/p10123147/s51011412.txt,Pleural effusion,negative,negative,False,,No pleural effusion or pneumothorax.
10123147,51322534,/mnt/c/Users/Zila/Downloads/BN5212/MIMIC-CXR/p10/p10/p10123147/s51322534.txt,Pleural effusion,negative,negative,False,,There is no large pleural effusion or pneumothorax.
10123147,51322534,/mnt/c/Users/Zila/Downloads/BN5212/MIMIC-CXR/p10/p10/p10123147/s51322534.txt,Pneumonia,positive,positive|uncertain,True,,There is a new opacity in the right lower lung suggesting aspiration or pneumonia. | New opacity at the right lower lung may represent aspiration or pneumonia.
10123147,52312604,/mnt/c/Users/Zila/Downloads/BN5212/MIMIC-CXR/p10/p10/p10123147/s52312604.txt,Pneumonia,positive,positive,False,,Residual opacities may be due to multifocal aspiration and/or developing infectious pneumonia.
10123147,52312604,/mnt/c/Users/Zila/Downloads/BN5212/MIMIC-CXR/p10/p10/p10123147/s52312604.txt,Pulmonary edema,positive,positive,False,,Coexisting pulmonary edema is also possible.
10123147,53075343,/mnt/c/Users/Zila/Downloads/BN5212/MIMIC-CXR/p10/p10/p10123147/s53075343.txt,Edema,uncertain,uncertain,True,,"On a background of mild pulmonary edema, multifocal bilateral airspace opacifications may represent alveolar edema versus multifocal pneumonia."
10123147,53075343,/mnt/c/Users/Zila/Downloads/BN5212/MIMIC-CXR/p10/p10/p10123147/s53075343.txt,Pleural effusion,negative,negative,False,,No pleural effusion or pneumothorax identified.
10123147,53075343,/mnt/c/Users/Zila/Downloads/BN5212/MIMIC-CXR/p10/p10/p10123147/s53075343.txt,Pneumonia,uncertain,uncertain,True,,"On a background of mild pulmonary edema, multifocal bilateral airspace opacifications may represent alveolar edema versus multifocal pneumonia. | There is interval development of a left mid lung large opacification concerning for pneumonia/aspiration. | On a background of mild pulmonary edema and otherwise stable multifocal opacifications, there is a new large left mid lung opacification concerning for pneumonia/aspiration."
10123147,53075343,/mnt/c/Users/Zila/Downloads/BN5212/MIMIC-CXR/p10/p10/p10123147/s53075343.txt,Pulmonary edema,positive,positive,False,,"On a background of mild pulmonary edema, multifocal bilateral airspace opacifications may represent alveolar edema versus multifocal pneumonia. | On a background of mild pulmonary edema and otherwise stable multifocal opacifications, there is a new large left mid lung opacification concerning for pneumonia/aspiration."
10123147,53504320,/mnt/c/Users/Zila/Downloads/BN5212/MIMIC-CXR/p10/p10/p10123147/s53504320.txt,Pneumonia,positive,positive,False,,"Although they may merely reflect atelectasis, in the appropriate clinical situation they certainly could be a manifestation of aspiration or pneumonia."
10123147,54283738,/mnt/c/Users/Zila/Downloads/BN5212/MIMIC-CXR/p10/p10/p10123147/s54283738.txt,Pleural effusion,negative,negative,False,,There is no substantial pleural effusion.
10123147,54328176,/mnt/c/Users/Zila/Downloads/BN5212/MIMIC-CXR/p10/p10/p10123147/s54328176.txt,Pleural effusion,negative,negative,False,,There is no pleural effusion or pneumothorax.
10123147,54651918,/mnt/c/Users/Zila/Downloads/BN5212/MIMIC-CXR/p10/p10/p10123147/s54651918.txt,Pleural effusion,negative,negative,False,,"No pneumonia, vascular congestion, or pleural effusion."
10123147,54651918,/mnt/c/Users/Zila/Downloads/BN5212/MIMIC-CXR/p10/p10/p10123147/s54651918.txt,Pneumonia,negative,negative,False,,"No pneumonia, vascular congestion, or pleural effusion."
10123147,57095757,/mnt/c/Users/Zila/Downloads/BN5212/MIMIC-CXR/p10/p10/p10123147/s57095757.txt,Pulmonary edema,positive,positive,False,,Asymmetrical pulmonary edema is considered less likely.
10123421,53384223,/mnt/c/Users/Zila/Downloads/BN5212/MIMIC-CXR/p10/p10/p10123421/s53384223.txt,Cardiomegaly,positive,positive,False,,"Moderate cardiomegaly, but no evidence for pulmonary edema."
10123421,53384223,/mnt/c/Users/Zila/Downloads/BN5212/MIMIC-CXR/p10/p10/p10123421/s53384223.txt,Pulmonary edema,negative,negative,False,,"Moderate cardiomegaly, but no evidence for pulmonary edema."
10123699,54647327,/mnt/c/Users/Zila/Downloads/BN5212/MIMIC-CXR/p10/p10/p10123699/s54647327.txt,Edema,positive,positive,False,,Mild interstitial edema is present heterogeneously distributed.
10123699,54647327,/mnt/c/Users/Zila/Downloads/BN5212/MIMIC-CXR/p10/p10/p10123699/s54647327.txt,Pleural effusion,positive,positive,False,,"Small left pleural effusion may be layering posteriorly and peribronchial opacification at the lung bases, left greater than right, needs to be followed to distinguish atelectasis from aspiration."
10123699,55069283,/mnt/c/Users/Zila/Downloads/BN5212/MIMIC-CXR/p10/p10/p10123699/s55069283.txt,Pleural effusion,negative,negative,False,,No pneumothorax or substantial pleural effusion.
10123949,50111704,/mnt/c/Users/Zila/Downloads/BN5212/MIMIC-CXR/p10/p10/p10123949/s50111704.txt,Pleural effusion,negative,negative,False,,"No focal consolidation, pleural effusion, or pneumothorax."
10123949,50127146,/mnt/c/Users/Zila/Downloads/BN5212/MIMIC-CXR/p10/p10/p10123949/s50127146.txt,Pleural effusion,positive,positive,False,,"Since the prior radiograph, the left sided chest tube has been removed and the left pleural effusion has increased in size. | The superior portion of the left hemithorax is also diffusely opacified, which is due to layering pleural effusion. | Interval removal of the left pigtail catheter, with worsening layering left pleural effusion."
10123949,50217724,/mnt/c/Users/Zila/Downloads/BN5212/MIMIC-CXR/p10/p10/p10123949/s50217724.txt,Pneumonia,negative,negative,False,,No definite signs of pneumonia though post diuresis chest radiograph may be obtained to further assess.
10123949,50217724,/mnt/c/Users/Zila/Downloads/BN5212/MIMIC-CXR/p10/p10/p10123949/s50217724.txt,Pulmonary edema,positive,positive,False,,There is mild pulmonary edema noted with hilar engorgement. | Mild pulmonary edema.
10123949,51599359,/mnt/c/Users/Zila/Downloads/BN5212/MIMIC-CXR/p10/p10/p10123949/s51599359.txt,Pneumonia,negative,negative,False,,No evidence of pneumonia.
10123949,51795126,/mnt/c/Users/Zila/Downloads/BN5212/MIMIC-CXR/p10/p10/p10123949/s51795126.txt,Pleural effusion,negative,negative,False,,"There is no focal consolidation, pleural effusion or pneumothorax."
10123949,52099104,/mnt/c/Users/Zila/Downloads/BN5212/MIMIC-CXR/p10/p10/p10123949/s52099104.txt,Pleural effusion,negative,negative,False,,No pleural effusion or pneumothorax identified.
10123949,52120220,/mnt/c/Users/Zila/Downloads/BN5212/MIMIC-CXR/p10/p10/p10123949/s52120220.txt,Pleural effusion,positive,positive,False,,A large left pleural effusion has enlarged since ___. | Large left pleural effusion has enlarged since ___.
10123949,52654625,/mnt/c/Users/Zila/Downloads/BN5212/MIMIC-CXR/p10/p10/p10123949/s52654625.txt,Pleural effusion,negative,negative,False,,No pleural effusion or pneumothorax is seen.
10123949,52858944,/mnt/c/Users/Zila/Downloads/BN5212/MIMIC-CXR/p10/p10/p10123949/s52858944.txt,Pleural effusion,negative,negative,False,,There is no pneumothorax or pleural effusion.
10123949,52858944,/mnt/c/Users/Zila/Downloads/BN5212/MIMIC-CXR/p10/p10/p10123949/s52858944.txt,Pneumonia,uncertain,uncertain,True,,"No focal consolidation, however it is difficult to exclude underlying pneumonia given background interstitial abnormality and bibasilar atelectasis."
10123949,52941615,/mnt/c/Users/Zila/Downloads/BN5212/MIMIC-CXR/p10/p10/p10123949/s52941615.txt,Edema,negative,negative,False,,Previous mild edema has resolved and lung volumes have improved.
10123949,52941615,/mnt/c/Users/Zila/Downloads/BN5212/MIMIC-CXR/p10/p10/p10123949/s52941615.txt,Pleural effusion,negative,negative,False,,There is no pleural effusion.
10123949,53053083,/mnt/c/Users/Zila/Downloads/BN5212/MIMIC-CXR/p10/p10/p10123949/s53053083.txt,Pleural effusion,negative,negative,False,,"No focal consolidation, pleural effusion or pneumothorax."
10123949,53602454,/mnt/c/Users/Zila/Downloads/BN5212/MIMIC-CXR/p10/p10/p10123949/s53602454.txt,Edema,positive,positive,False,,Minimal re-expansion edema on the left.
10123949,53715166,/mnt/c/Users/Zila/Downloads/BN5212/MIMIC-CXR/p10/p10/p10123949/s53715166.txt,Edema,positive,positive,False,,"Mild interstitial abnormality is not accompanied by any ancillary findings of heart failure, but could be edema nevertheless. | Mild interstitial edema."
10123949,53715166,/mnt/c/Users/Zila/Downloads/BN5212/MIMIC-CXR/p10/p10/p10123949/s53715166.txt,Heart failure,positive,positive,False,,"Mild interstitial abnormality is not accompanied by any ancillary findings of heart failure, but could be edema nevertheless."
10123949,53715166,/mnt/c/Users/Zila/Downloads/BN5212/MIMIC-CXR/p10/p10/p10123949/s53715166.txt,Pleural effusion,positive,positive,False,,"Lungs are clear of focal consolidation, pleural effusion, or pneumothorax."
10123949,53937252,/mnt/c/Users/Zila/Downloads/BN5212/MIMIC-CXR/p10/p10/p10123949/s53937252.txt,Edema,uncertain,uncertain,True,,"Possible interstitial edema and possible right pneumonia, best evaluated with repeat erect views, conventional if possible, as soon as feasible."
10123949,53937252,/mnt/c/Users/Zila/Downloads/BN5212/MIMIC-CXR/p10/p10/p10123949/s53937252.txt,Pain,positive,positive,False,,Technologist notes that the patient was in extreme pain and unable to cooperate fully.
10123949,53937252,/mnt/c/Users/Zila/Downloads/BN5212/MIMIC-CXR/p10/p10/p10123949/s53937252.txt,Pleural effusion,negative,negative,False,,There is no pneumothorax or appreciable pleural effusion.
10123949,53937252,/mnt/c/Users/Zila/Downloads/BN5212/MIMIC-CXR/p10/p10/p10123949/s53937252.txt,Pneumonia,positive,positive|uncertain,True,,"Peribronchial opacification in the right upper lobe may be pneumonia. | Possible interstitial edema and possible right pneumonia, best evaluated with repeat erect views, conventional if possible, as soon as feasible."
10123949,53937252,/mnt/c/Users/Zila/Downloads/BN5212/MIMIC-CXR/p10/p10/p10123949/s53937252.txt,Pulmonary edema,positive,positive,False,,Mild peribronchial cuffing may be a sign of pulmonary edema.
10123949,55431310,/mnt/c/Users/Zila/Downloads/BN5212/MIMIC-CXR/p10/p10/p10123949/s55431310.txt,Pleural effusion,negative,negative,False,,No pleural effusion or pneumothorax is seen.
10123949,57977832,/mnt/c/Users/Zila/Downloads/BN5212/MIMIC-CXR/p10/p10/p10123949/s57977832.txt,Cardiomegaly,positive,positive,False,,Stable mild cardiomegaly is noted. | Stable mild cardiomegaly.
10123949,57977832,/mnt/c/Users/Zila/Downloads/BN5212/MIMIC-CXR/p10/p10/p10123949/s57977832.txt,Pleural effusion,negative,negative,False,,No pleural effusion or pneumothorax.
10123949,57977832,/mnt/c/Users/Zila/Downloads/BN5212/MIMIC-CXR/p10/p10/p10123949/s57977832.txt,Pulmonary edema,negative,negative,False,,No pulmonary edema or focal infiltrate.
10123949,58072441,/mnt/c/Users/Zila/Downloads/BN5212/MIMIC-CXR/p10/p10/p10123949/s58072441.txt,Pleural effusion,negative,negative,False,,"No focal consolidation, pleural effusion or pneumothorax identified."
10123949,58686753,/mnt/c/Users/Zila/Downloads/BN5212/MIMIC-CXR/p10/p10/p10123949/s58686753.txt,Pleural effusion,positive,positive,False,,The large left pleural effusion has substantially resolved. | Evidence for interval placement of a pigtail catheter in the left pleural space with and substantial reduced affection of the large pleural effusion.
10123949,58806924,/mnt/c/Users/Zila/Downloads/BN5212/MIMIC-CXR/p10/p10/p10123949/s58806924.txt,Pneumonia,negative,negative,False,,"Continued low lung volumes with mild atelectatic changes at the bases, but no evidence of acute pneumonia or vascular congestion."
10123949,59850826,/mnt/c/Users/Zila/Downloads/BN5212/MIMIC-CXR/p10/p10/p10123949/s59850826.txt,Pleural effusion,conflicting,negative|positive,True,,The previous left pleural effusion has mostly resolved. | Nearly completely resolved left pleural effusion.
10123997,50092158,/mnt/c/Users/Zila/Downloads/BN5212/MIMIC-CXR/p10/p10/p10123997/s50092158.txt,Pleural effusion,positive,positive,False,,Significant left pleural effusion has minimally decreased in size with a new Pleurx catheter projecting at the lung base.
10123997,50650724,/mnt/c/Users/Zila/Downloads/BN5212/MIMIC-CXR/p10/p10/p10123997/s50650724.txt,Pleural effusion,conflicting,negative|positive,True,,The left pleural effusion has significantly decreased in size. | A small pleural effusion persists. | There is no right pleural effusion. | Interval decrease in size of the left pleural effusion.
10123997,50650724,/mnt/c/Users/Zila/Downloads/BN5212/MIMIC-CXR/p10/p10/p10123997/s50650724.txt,Pulmonary edema,negative,negative,False,,There is no new consolidation or pulmonary edema.
10123997,50660699,/mnt/c/Users/Zila/Downloads/BN5212/MIMIC-CXR/p10/p10/p10123997/s50660699.txt,Pleural effusion,positive,positive,False,,A spiculated retrocardiac mass appears increased in size with a small left pleural effusion.
10123997,50935925,/mnt/c/Users/Zila/Downloads/BN5212/MIMIC-CXR/p10/p10/p10123997/s50935925.txt,Pleural effusion,positive,positive,False,,"As compared to the previous radiograph, the pre-existing small left pleural effusion has substantially increased in extent."
10123997,51798107,/mnt/c/Users/Zila/Downloads/BN5212/MIMIC-CXR/p10/p10/p10123997/s51798107.txt,Pleural effusion,positive,positive,False,,Blunting of the left costophrenic sulcus and flattening of the hemidiaphragmatic contour suggest a small pleural effusion.
10123997,51798107,/mnt/c/Users/Zila/Downloads/BN5212/MIMIC-CXR/p10/p10/p10123997/s51798107.txt,Pneumonia,uncertain,uncertain,True,,"On the prior study, there was a known mass that may partly account for this appearance, but associated atelectasis or superimposed pneumonia are not excluded."
10123997,51798107,/mnt/c/Users/Zila/Downloads/BN5212/MIMIC-CXR/p10/p10/p10123997/s51798107.txt,Term,positive,positive,False,,Standard PA and lateral radiographs may be helpful in short-term follow-up if pulmonary symptoms are present and were to persist.
10123997,53047791,/mnt/c/Users/Zila/Downloads/BN5212/MIMIC-CXR/p10/p10/p10123997/s53047791.txt,Pleural effusion,positive,positive,False,,There is a residual small left pleural effusion. | Residual small left pleural effusion.
10123997,54858106,/mnt/c/Users/Zila/Downloads/BN5212/MIMIC-CXR/p10/p10/p10123997/s54858106.txt,Pneumonia,positive,positive,False,,"In comparison with the study of ___, there is again diffuse opacification involving the entire right hemithorax, consistent with the clinical diagnosis of widespread pneumonia."
10123997,55167516,/mnt/c/Users/Zila/Downloads/BN5212/MIMIC-CXR/p10/p10/p10123997/s55167516.txt,Pleural effusion,positive,positive,False,,"Since the prior exam performed after the earlier thoracentesis, there appears to have been a slight increase in the residual left pleural effusion. | Very slight interval increase in the size of the small residual left pleural effusion."
10123997,58024657,/mnt/c/Users/Zila/Downloads/BN5212/MIMIC-CXR/p10/p10/p10123997/s58024657.txt,Pleural effusion,positive,positive,False,,"A large left pleural effusion has reaccumulated compared to immediate prior examination from ___ and appears slightly increased in volume compared to the pre-thoracentesis examination from the same day. | The pleural effusion exerts local mass effect with mild adjacent compressive atelectasis as well as rightward shift of mediastinal structures. | Reaccumulation of large left-sided pleural effusion, increased in volume compared to pre-thoracentesis examination from ___."
10123997,58719708,/mnt/c/Users/Zila/Downloads/BN5212/MIMIC-CXR/p10/p10/p10123997/s58719708.txt,Pleural effusion,positive,positive,False,,The change is accompanied by a small left pleural effusion with elevation of the left hemidiaphragm.
10123997,58719708,/mnt/c/Users/Zila/Downloads/BN5212/MIMIC-CXR/p10/p10/p10123997/s58719708.txt,Pneumonia,positive,positive,False,,"If consistent with the clinical history, the change reflects pneumonia."
10123997,58739175,/mnt/c/Users/Zila/Downloads/BN5212/MIMIC-CXR/p10/p10/p10123997/s58739175.txt,Emphysema,positive,positive,False,,Emphysema is unchanged.
10123997,58739175,/mnt/c/Users/Zila/Downloads/BN5212/MIMIC-CXR/p10/p10/p10123997/s58739175.txt,Pleural effusion,positive,positive,False,,"Stable left base opacity, likely due to a combination of atelectasis and small to moderate pleural effusion."
10123997,59967654,/mnt/c/Users/Zila/Downloads/BN5212/MIMIC-CXR/p10/p10/p10123997/s59967654.txt,Pleural effusion,positive,positive,False,,"As compared to the previous radiograph, the opacity on the left as well as the small left pleural effusion have decreased. | A small pleural effusion on the left is unchanged."
10124029,53360317,/mnt/c/Users/Zila/Downloads/BN5212/MIMIC-CXR/p10/p10/p10124029/s53360317.txt,Pleural effusion,negative,negative,False,,There is no pleural effusion or pneumothorax.
10124029,55157000,/mnt/c/Users/Zila/Downloads/BN5212/MIMIC-CXR/p10/p10/p10124029/s55157000.txt,Fractures,negative,negative,False,,The lateral image shows mild degenerative vertebral disease but no evidence of vertebral compression fractures.
10124029,55157000,/mnt/c/Users/Zila/Downloads/BN5212/MIMIC-CXR/p10/p10/p10124029/s55157000.txt,Pneumonia,negative,negative,False,,"No pneumonia, no pleural effusions."
10124029,55157000,/mnt/c/Users/Zila/Downloads/BN5212/MIMIC-CXR/p10/p10/p10124029/s55157000.txt,Pulmonary edema,negative,negative,False,,Borderline size of the cardiac silhouette without pulmonary edema.
10124098,52417485,/mnt/c/Users/Zila/Downloads/BN5212/MIMIC-CXR/p10/p10/p10124098/s52417485.txt,Pleural effusion,negative,negative,False,,There is no pleural effusion or pneumothorax.
10124098,52417485,/mnt/c/Users/Zila/Downloads/BN5212/MIMIC-CXR/p10/p10/p10124098/s52417485.txt,Pneumonia,negative,negative,False,,No evidence of pneumonia.
10124346,51277019,/mnt/c/Users/Zila/Downloads/BN5212/MIMIC-CXR/p10/p10/p10124346/s51277019.txt,Hernia,positive,positive,False,,Retrocardiac density likely corresponds to a small hiatal hernia. | Small hiatal hernia.
10124346,51277019,/mnt/c/Users/Zila/Downloads/BN5212/MIMIC-CXR/p10/p10/p10124346/s51277019.txt,Pleural effusion,negative,negative,False,,There is no pleural effusion or pneumothorax.
10124346,53643077,/mnt/c/Users/Zila/Downloads/BN5212/MIMIC-CXR/p10/p10/p10124346/s53643077.txt,Edema,negative,negative,False,,"No pneumonia, edema, or effusion."
10124346,53643077,/mnt/c/Users/Zila/Downloads/BN5212/MIMIC-CXR/p10/p10/p10124346/s53643077.txt,Pleural effusion,negative,negative,False,,"There is no focal consolidation, pleural effusion or pneumothorax."
10124346,53643077,/mnt/c/Users/Zila/Downloads/BN5212/MIMIC-CXR/p10/p10/p10124346/s53643077.txt,Pneumonia,negative,negative,False,,"No pneumonia, edema, or effusion."
10124346,57493430,/mnt/c/Users/Zila/Downloads/BN5212/MIMIC-CXR/p10/p10/p10124346/s57493430.txt,Pleural effusion,negative,negative,False,,"There is no focal consolidation, pleural effusion, or pneumothorax."
10124346,58826769,/mnt/c/Users/Zila/Downloads/BN5212/MIMIC-CXR/p10/p10/p10124346/s58826769.txt,Hernia,positive,positive,False,,"Retrocardiac density, best seen on the lateral view, also seen on the prior study, may be due to a hiatal hernia."
10124346,58826769,/mnt/c/Users/Zila/Downloads/BN5212/MIMIC-CXR/p10/p10/p10124346/s58826769.txt,Pleural effusion,negative,negative,False,,No large pleural effusion or pneumothorax is seen.
10124367,50973777,/mnt/c/Users/Zila/Downloads/BN5212/MIMIC-CXR/p10/p10/p10124367/s50973777.txt,Pleural effusion,negative,negative,False,,There is no pleural effusion or pneumothorax.
10124367,53778644,/mnt/c/Users/Zila/Downloads/BN5212/MIMIC-CXR/p10/p10/p10124367/s53778644.txt,Pneumonia,positive,positive,False,,This change could be caused by a parenchymal consolidation corresponding to pneumonia.
10124807,50264132,/mnt/c/Users/Zila/Downloads/BN5212/MIMIC-CXR/p10/p10/p10124807/s50264132.txt,Pleural effusion,positive,positive,False,,"A small subpulmonic right pleural effusion persists, elevating the right basal pleural surface anteriorly and laterally."
10124807,51685737,/mnt/c/Users/Zila/Downloads/BN5212/MIMIC-CXR/p10/p10/p10124807/s51685737.txt,Pleural effusion,positive,positive,False,,"Small bilateral pleural effusion, right greater than left, not appreciably changed since ___."
10124807,51685737,/mnt/c/Users/Zila/Downloads/BN5212/MIMIC-CXR/p10/p10/p10124807/s51685737.txt,Pulmonary edema,negative,negative,False,,There is no pulmonary edema.
10124807,55186280,/mnt/c/Users/Zila/Downloads/BN5212/MIMIC-CXR/p10/p10/p10124807/s55186280.txt,Edema,negative,negative,False,,There is no vascular congestion or edema.
10124807,57024974,/mnt/c/Users/Zila/Downloads/BN5212/MIMIC-CXR/p10/p10/p10124807/s57024974.txt,Edema,positive,positive,False,,Vasculature is engorged in the upper lungs but I do not believe there is edema present.
10124807,58327725,/mnt/c/Users/Zila/Downloads/BN5212/MIMIC-CXR/p10/p10/p10124807/s58327725.txt,Emphysema,positive,positive,False,,Subcutaneous emphysema in the upper neck related to recent surgery.
10124807,58327725,/mnt/c/Users/Zila/Downloads/BN5212/MIMIC-CXR/p10/p10/p10124807/s58327725.txt,Pleural effusion,positive,positive,False,,Peripheral opacity in the left lower lobe is likely small left-sided pleural effusion and bibasal atelectasis.
10124807,58652998,/mnt/c/Users/Zila/Downloads/BN5212/MIMIC-CXR/p10/p10/p10124807/s58652998.txt,Edema,negative,negative,False,,"The lungs are clear without focal consolidation, effusion, or edema."
10124825,50946833,/mnt/c/Users/Zila/Downloads/BN5212/MIMIC-CXR/p10/p10/p10124825/s50946833.txt,Pneumonia,negative,negative,False,,No evidence of acute focal pneumonia.
10124825,51980768,/mnt/c/Users/Zila/Downloads/BN5212/MIMIC-CXR/p10/p10/p10124825/s51980768.txt,Cardiomegaly,positive,positive,False,,Unchanged mild-to-moderate pulmonary edema and mild cardiomegaly.
10124825,51980768,/mnt/c/Users/Zila/Downloads/BN5212/MIMIC-CXR/p10/p10/p10124825/s51980768.txt,Pulmonary edema,positive,positive,False,,Unchanged mild-to-moderate pulmonary edema and mild cardiomegaly.
10124825,52883271,/mnt/c/Users/Zila/Downloads/BN5212/MIMIC-CXR/p10/p10/p10124825/s52883271.txt,Pleural effusion,positive,positive,False,,Enlargement of the cardiac silhouette with some elevation of pulmonary venous pressure and opacification at the left base consistent with substantial atelectasis in the left lower lung and small pleural effusion are again seen.
10124825,53049861,/mnt/c/Users/Zila/Downloads/BN5212/MIMIC-CXR/p10/p10/p10124825/s53049861.txt,Cardiomegaly,positive,positive,False,,Unchanged moderate cardiomegaly.
10124825,53049861,/mnt/c/Users/Zila/Downloads/BN5212/MIMIC-CXR/p10/p10/p10124825/s53049861.txt,Fluid overload,negative,negative,False,,No relevant fluid overload.
10124825,53049861,/mnt/c/Users/Zila/Downloads/BN5212/MIMIC-CXR/p10/p10/p10124825/s53049861.txt,Pneumonia,negative,negative,False,,No focal parenchymal opacity suggesting pneumonia.
10124825,58657160,/mnt/c/Users/Zila/Downloads/BN5212/MIMIC-CXR/p10/p10/p10124825/s58657160.txt,Edema,positive,positive,False,,Mediastinal and main pulmonary artery engorgement with dense air space opacification noted throughout both lungs as well as hazy pulmonary vasculature likely representing edema.
10124825,58657160,/mnt/c/Users/Zila/Downloads/BN5212/MIMIC-CXR/p10/p10/p10124825/s58657160.txt,Pneumonia,uncertain,uncertain,True,,"Diffuse bilateral opacities with hazy pulmonary vasculature likely represents pulmonary edema; however, concurrent pneumonia cannot be excluded."
10124825,58657160,/mnt/c/Users/Zila/Downloads/BN5212/MIMIC-CXR/p10/p10/p10124825/s58657160.txt,Pulmonary edema,positive,positive,False,,"Diffuse bilateral opacities with hazy pulmonary vasculature likely represents pulmonary edema; however, concurrent pneumonia cannot be excluded."
10125252,52458122,/mnt/c/Users/Zila/Downloads/BN5212/MIMIC-CXR/p10/p10/p10125252/s52458122.txt,Pleural effusion,positive,positive,False,,"The lungs are clear of focal consolidation, pleural effusion or pneumothorax."
10125259,54811596,/mnt/c/Users/Zila/Downloads/BN5212/MIMIC-CXR/p10/p10/p10125259/s54811596.txt,Pleural effusion,negative,negative,False,,No pleural effusion or pneumothorax is seen.
10125262,53069173,/mnt/c/Users/Zila/Downloads/BN5212/MIMIC-CXR/p10/p10/p10125262/s53069173.txt,Pleural effusion,negative,negative,False,,"The lungs are clear without focal consolidation concerning for pneumonia, pleural effusion or pneumothorax."
10125262,53069173,/mnt/c/Users/Zila/Downloads/BN5212/MIMIC-CXR/p10/p10/p10125262/s53069173.txt,Pneumonia,negative,negative,False,,"The lungs are clear without focal consolidation concerning for pneumonia, pleural effusion or pneumothorax."
10125540,50405099,/mnt/c/Users/Zila/Downloads/BN5212/MIMIC-CXR/p10/p10/p10125540/s50405099.txt,Pleural effusion,negative,negative,False,,There is no pleural effusion or pneumothorax.
10125804,59005067,/mnt/c/Users/Zila/Downloads/BN5212/MIMIC-CXR/p10/p10/p10125804/s59005067.txt,Pleural effusion,negative,negative,False,,There is no pleural effusion and no pneumothorax.
10125888,53297770,/mnt/c/Users/Zila/Downloads/BN5212/MIMIC-CXR/p10/p10/p10125888/s53297770.txt,Pleural effusion,positive,positive,False,,No change since ___ in right lower lobe collapse and some associated right pleural effusion.
10125888,57430364,/mnt/c/Users/Zila/Downloads/BN5212/MIMIC-CXR/p10/p10/p10125888/s57430364.txt,Pleural effusion,positive,positive|uncertain,True,,"Contours are partly obscured by opacification of the entire right lower lobe with volume loss and a pleural effusion. | There is possibly a trace pleural effusion on the left, but not substantial. | Opacification of the right lower lobe with mild volume loss and a pleural effusion, probably at least small-to-moderate in size, although difficult to quantify."
10126619,50520903,/mnt/c/Users/Zila/Downloads/BN5212/MIMIC-CXR/p10/p10/p10126619/s50520903.txt,Pleural effusion,negative,negative,False,,"There is no focal consolidation, pleural effusion, or evidence of pneumothorax."
10126619,50520903,/mnt/c/Users/Zila/Downloads/BN5212/MIMIC-CXR/p10/p10/p10126619/s50520903.txt,Scoliosis,positive,positive,False,,Thoracolumbar scoliosis is again seen.
10126619,55424953,/mnt/c/Users/Zila/Downloads/BN5212/MIMIC-CXR/p10/p10/p10126619/s55424953.txt,Pleural effusion,negative,negative,False,,"No pneumonia, vascular congestion, or pleural effusion."
10126619,55424953,/mnt/c/Users/Zila/Downloads/BN5212/MIMIC-CXR/p10/p10/p10126619/s55424953.txt,Pneumonia,negative,negative,False,,"No pneumonia, vascular congestion, or pleural effusion."
10126619,55424953,/mnt/c/Users/Zila/Downloads/BN5212/MIMIC-CXR/p10/p10/p10126619/s55424953.txt,Scoliosis,positive,positive,False,,There is scoliosis of the thoracic spine convex to the right and a suture anchor in the region of the right humeral head.
10126619,57099790,/mnt/c/Users/Zila/Downloads/BN5212/MIMIC-CXR/p10/p10/p10126619/s57099790.txt,Pleural effusion,negative,negative,False,,"Linear opacities in the right lower lobe represent atelectasis; otherwise, the lungs are clear without focal consolidation, pulmonary edema, pleural effusion or pneumothorax."
10126619,57099790,/mnt/c/Users/Zila/Downloads/BN5212/MIMIC-CXR/p10/p10/p10126619/s57099790.txt,Pneumonia,negative,negative,False,,No radiographic evidence of pneumonia.
10126619,57099790,/mnt/c/Users/Zila/Downloads/BN5212/MIMIC-CXR/p10/p10/p10126619/s57099790.txt,Pulmonary edema,negative,negative,False,,"Linear opacities in the right lower lobe represent atelectasis; otherwise, the lungs are clear without focal consolidation, pulmonary edema, pleural effusion or pneumothorax."
10126619,57099790,/mnt/c/Users/Zila/Downloads/BN5212/MIMIC-CXR/p10/p10/p10126619/s57099790.txt,Scoliosis,positive,positive,False,,Scoliosis of the thoracic spine is noted.
10126619,58455595,/mnt/c/Users/Zila/Downloads/BN5212/MIMIC-CXR/p10/p10/p10126619/s58455595.txt,Pneumonia,negative,negative,False,,"No pneumonia, no pulmonary edema."
10126619,58455595,/mnt/c/Users/Zila/Downloads/BN5212/MIMIC-CXR/p10/p10/p10126619/s58455595.txt,Pulmonary edema,negative,negative,False,,"No pneumonia, no pulmonary edema."
10126619,58455595,/mnt/c/Users/Zila/Downloads/BN5212/MIMIC-CXR/p10/p10/p10126619/s58455595.txt,Scoliosis,positive,positive,False,,Stable moderate scoliosis.
10126864,58095081,/mnt/c/Users/Zila/Downloads/BN5212/MIMIC-CXR/p10/p10/p10126864/s58095081.txt,Pleural effusion,negative,negative,False,,There is no pneumothorax or pleural effusion.
10126864,58095081,/mnt/c/Users/Zila/Downloads/BN5212/MIMIC-CXR/p10/p10/p10126864/s58095081.txt,Pulmonary edema,negative,negative,False,,There is no pulmonary vascular congestion or pulmonary edema.
10126895,57313085,/mnt/c/Users/Zila/Downloads/BN5212/MIMIC-CXR/p10/p10/p10126895/s57313085.txt,Pleural effusion,negative,negative,False,,"There is no focal consolidation, pleural effusion, pneumothorax, or pulmonary edema."
10126895,57313085,/mnt/c/Users/Zila/Downloads/BN5212/MIMIC-CXR/p10/p10/p10126895/s57313085.txt,Pulmonary edema,negative,negative,False,,"There is no focal consolidation, pleural effusion, pneumothorax, or pulmonary edema."
10127132,53090012,/mnt/c/Users/Zila/Downloads/BN5212/MIMIC-CXR/p10/p10/p10127132/s53090012.txt,Pneumonia,negative,negative,False,,No focal parenchymal opacity suggesting pneumonia.
10127132,53090012,/mnt/c/Users/Zila/Downloads/BN5212/MIMIC-CXR/p10/p10/p10127132/s53090012.txt,Pulmonary edema,negative,negative,False,,No evidence of pulmonary edema.
10127132,58215326,/mnt/c/Users/Zila/Downloads/BN5212/MIMIC-CXR/p10/p10/p10127132/s58215326.txt,Pleural effusion,negative,negative,False,,No large pleural effusion.
10127132,58215326,/mnt/c/Users/Zila/Downloads/BN5212/MIMIC-CXR/p10/p10/p10127132/s58215326.txt,Pneumonia,uncertain,uncertain,True,,Possible right middle lobe pneumonia.
10127408,59572446,/mnt/c/Users/Zila/Downloads/BN5212/MIMIC-CXR/p10/p10/p10127408/s59572446.txt,Pleural effusion,negative,negative,False,,No definite vascular congestion or pleural effusion.
10127462,54393515,/mnt/c/Users/Zila/Downloads/BN5212/MIMIC-CXR/p10/p10/p10127462/s54393515.txt,Pleural effusion,negative,negative,False,,"The small right pleural effusion has resolved. | No significant pleural effusion, pneumothorax or focal consolidation concerning for pneumonia is detected. | Resolved small right pleural effusion and pulmonary vascular congestion from ___."
10127462,54393515,/mnt/c/Users/Zila/Downloads/BN5212/MIMIC-CXR/p10/p10/p10127462/s54393515.txt,Pneumonia,negative,negative,False,,"No significant pleural effusion, pneumothorax or focal consolidation concerning for pneumonia is detected. | No evidence of pneumonia."
10127462,56032421,/mnt/c/Users/Zila/Downloads/BN5212/MIMIC-CXR/p10/p10/p10127462/s56032421.txt,Pleural effusion,positive,positive,False,,"Minimal right pleural effusion, causing blunting of the right costophrenic angle."
10127462,56032421,/mnt/c/Users/Zila/Downloads/BN5212/MIMIC-CXR/p10/p10/p10127462/s56032421.txt,Pulmonary edema,positive,positive,False,,The radiographic evidence of mild pulmonary edema is still present but less severe than on the previous image.
10127469,50062736,/mnt/c/Users/Zila/Downloads/BN5212/MIMIC-CXR/p10/p10/p10127469/s50062736.txt,Pneumonia,negative,negative,False,,No evidence of vascular congestion or acute focal pneumonia.
10127469,50342401,/mnt/c/Users/Zila/Downloads/BN5212/MIMIC-CXR/p10/p10/p10127469/s50342401.txt,Pulmonary edema,positive,positive,False,,There are increasing perihilar and parenchymal opacities consistent with worsening moderate pulmonary edema.
10127469,50686819,/mnt/c/Users/Zila/Downloads/BN5212/MIMIC-CXR/p10/p10/p10127469/s50686819.txt,Cardiomegaly,positive,positive,False,,Mild cardiomegaly and elongation of the descending aorta.
10127469,50686819,/mnt/c/Users/Zila/Downloads/BN5212/MIMIC-CXR/p10/p10/p10127469/s50686819.txt,Pleural effusion,positive,positive,False,,Minimal left pleural effusion.
10127469,50900540,/mnt/c/Users/Zila/Downloads/BN5212/MIMIC-CXR/p10/p10/p10127469/s50900540.txt,Cough,positive,positive,False,,The cough tube tip is in the stomach.
10127469,50900540,/mnt/c/Users/Zila/Downloads/BN5212/MIMIC-CXR/p10/p10/p10127469/s50900540.txt,Pleural effusion,positive,positive,False,,Left pleural effusion is noted.
10127469,50900540,/mnt/c/Users/Zila/Downloads/BN5212/MIMIC-CXR/p10/p10/p10127469/s50900540.txt,Pulmonary edema,positive,positive,False,,"Pulmonary edema appears to be extensive, minimally decreased since the prior study."
10127469,51591755,/mnt/c/Users/Zila/Downloads/BN5212/MIMIC-CXR/p10/p10/p10127469/s51591755.txt,Pleural effusion,negative,negative,False,,No definite pleural effusion or pneumothorax is present.
10127469,51731377,/mnt/c/Users/Zila/Downloads/BN5212/MIMIC-CXR/p10/p10/p10127469/s51731377.txt,Pleural effusion,positive,positive,False,,A small pleural effusion on the left is also more extensive than on the previous image.
10127469,51731377,/mnt/c/Users/Zila/Downloads/BN5212/MIMIC-CXR/p10/p10/p10127469/s51731377.txt,Pulmonary edema,positive,positive,False,,Moderate bilateral pulmonary edema has decreased in extent and severity.
10127469,51813944,/mnt/c/Users/Zila/Downloads/BN5212/MIMIC-CXR/p10/p10/p10127469/s51813944.txt,Cardiomegaly,positive,positive,False,,Borderline cardiomegaly increased slightly since ___ with no pulmonary vascular congestion or edema.
10127469,51813944,/mnt/c/Users/Zila/Downloads/BN5212/MIMIC-CXR/p10/p10/p10127469/s51813944.txt,Edema,negative,negative,False,,Borderline cardiomegaly increased slightly since ___ with no pulmonary vascular congestion or edema.
10127469,51813944,/mnt/c/Users/Zila/Downloads/BN5212/MIMIC-CXR/p10/p10/p10127469/s51813944.txt,Pleural effusion,positive,positive,False,,Pleural effusion small if any.
10127469,51873259,/mnt/c/Users/Zila/Downloads/BN5212/MIMIC-CXR/p10/p10/p10127469/s51873259.txt,Pleural effusion,negative,negative,False,,No large pleural effusion is seen.
10127469,52444289,/mnt/c/Users/Zila/Downloads/BN5212/MIMIC-CXR/p10/p10/p10127469/s52444289.txt,Pleural effusion,negative,negative,False,,There is no pleural effusion or pneumothorax.
10127469,52444289,/mnt/c/Users/Zila/Downloads/BN5212/MIMIC-CXR/p10/p10/p10127469/s52444289.txt,Pneumonia,negative,negative,False,,Lungs are without a focal consolidation convincing for pneumonia. | No opacity convincing for pneumonia.
10127469,52877741,/mnt/c/Users/Zila/Downloads/BN5212/MIMIC-CXR/p10/p10/p10127469/s52877741.txt,Pleural effusion,positive,positive,False,,"Mild pulmonary edema, dense left lower lobe consolidation, either atelectasis or pneumonia, and small left pleural effusion are all new since ___."
10127469,52877741,/mnt/c/Users/Zila/Downloads/BN5212/MIMIC-CXR/p10/p10/p10127469/s52877741.txt,Pneumonia,positive,positive,False,,"Mild pulmonary edema, dense left lower lobe consolidation, either atelectasis or pneumonia, and small left pleural effusion are all new since ___."
10127469,52877741,/mnt/c/Users/Zila/Downloads/BN5212/MIMIC-CXR/p10/p10/p10127469/s52877741.txt,Pulmonary edema,positive,positive,False,,"Mild pulmonary edema, dense left lower lobe consolidation, either atelectasis or pneumonia, and small left pleural effusion are all new since ___."
10127469,53209185,/mnt/c/Users/Zila/Downloads/BN5212/MIMIC-CXR/p10/p10/p10127469/s53209185.txt,Hemorrhage,positive,positive,False,,Whether it is pneumonia or pulmonary hemorrhage or pulmonary edema is radiographically indeterminate.
10127469,53209185,/mnt/c/Users/Zila/Downloads/BN5212/MIMIC-CXR/p10/p10/p10127469/s53209185.txt,Pneumonia,positive,positive,False,,Whether it is pneumonia or pulmonary hemorrhage or pulmonary edema is radiographically indeterminate.
10127469,53209185,/mnt/c/Users/Zila/Downloads/BN5212/MIMIC-CXR/p10/p10/p10127469/s53209185.txt,Pulmonary edema,positive,positive,False,,Whether it is pneumonia or pulmonary hemorrhage or pulmonary edema is radiographically indeterminate.
10127469,53276208,/mnt/c/Users/Zila/Downloads/BN5212/MIMIC-CXR/p10/p10/p10127469/s53276208.txt,Pleural effusion,uncertain,uncertain,True,,It might represent atelectasis with pleural effusion but infectious process in this location is a possibility.
10127469,53511806,/mnt/c/Users/Zila/Downloads/BN5212/MIMIC-CXR/p10/p10/p10127469/s53511806.txt,Edema,positive,positive,False,,"Progressive, gradual increase in bilateral parenchymal opacities with air bronchograms, which may reflect edema, although concurrent pneumonia cannot be excluded. | New moderate edema."
10127469,53511806,/mnt/c/Users/Zila/Downloads/BN5212/MIMIC-CXR/p10/p10/p10127469/s53511806.txt,Pleural effusion,positive,positive,False,,"Retrocardiac opacity likely reflects combination of small persistent left pleural effusion and atelectasis, which is overall unchanged. | Persistent small left pleural effusion and atelectasis."
10127469,53511806,/mnt/c/Users/Zila/Downloads/BN5212/MIMIC-CXR/p10/p10/p10127469/s53511806.txt,Pneumonia,uncertain,uncertain,True,,"Progressive, gradual increase in bilateral parenchymal opacities with air bronchograms, which may reflect edema, although concurrent pneumonia cannot be excluded."
10127469,53945997,/mnt/c/Users/Zila/Downloads/BN5212/MIMIC-CXR/p10/p10/p10127469/s53945997.txt,Pleural effusion,negative,negative,False,,No pleural effusion or pneumothorax is seen.
10127469,56582733,/mnt/c/Users/Zila/Downloads/BN5212/MIMIC-CXR/p10/p10/p10127469/s56582733.txt,Cardiomegaly,uncertain,uncertain,True,,Probable mild cardiomegaly is overall similar.
10127469,56582733,/mnt/c/Users/Zila/Downloads/BN5212/MIMIC-CXR/p10/p10/p10127469/s56582733.txt,Edema,positive,positive,False,,"Mild interstitial edema is improved since ___. | Mild interstitial edema, improved."
10127469,56582733,/mnt/c/Users/Zila/Downloads/BN5212/MIMIC-CXR/p10/p10/p10127469/s56582733.txt,Pleural effusion,positive,positive,False,,"Left lower lobe dense consolidation is perhaps slightly more conspicuous particularly in the perihilar region compared to the prior exam - this likely reflects a combination of infection in the setting of sepsis, atelectasis, as well as a small pleural effusion. | Persistent small left pleural effusion and atelectasis."
10127469,56582733,/mnt/c/Users/Zila/Downloads/BN5212/MIMIC-CXR/p10/p10/p10127469/s56582733.txt,Pneumonia,positive,positive,False,,New heterogeneous right lower lobe consolidation is likely pneumonia. | Bibasilar pneumonia increased since ___.
10127469,56582733,/mnt/c/Users/Zila/Downloads/BN5212/MIMIC-CXR/p10/p10/p10127469/s56582733.txt,Sepsis,positive,positive,False,,"Left lower lobe dense consolidation is perhaps slightly more conspicuous particularly in the perihilar region compared to the prior exam - this likely reflects a combination of infection in the setting of sepsis, atelectasis, as well as a small pleural effusion."
10127469,56867448,/mnt/c/Users/Zila/Downloads/BN5212/MIMIC-CXR/p10/p10/p10127469/s56867448.txt,Pleural effusion,negative,negative,False,,"No focal consolidation, pleural effusion or pneumothorax is present."
10127469,57365088,/mnt/c/Users/Zila/Downloads/BN5212/MIMIC-CXR/p10/p10/p10127469/s57365088.txt,Pulmonary edema,positive,positive,False,,"In addition, bile airspace opacities are noted, similar when compared to the prior study and likely reflecting pulmonary edema."
10127469,57995503,/mnt/c/Users/Zila/Downloads/BN5212/MIMIC-CXR/p10/p10/p10127469/s57995503.txt,Pulmonary edema,negative,negative,False,,"In comparison with the study of ___, there is again enlargement of the cardiac silhouette though the pulmonary edema has cleared."
10127469,58852772,/mnt/c/Users/Zila/Downloads/BN5212/MIMIC-CXR/p10/p10/p10127469/s58852772.txt,Cardiomegaly,positive,positive,False,,Mild cardiomegaly unchanged.
10127469,58852772,/mnt/c/Users/Zila/Downloads/BN5212/MIMIC-CXR/p10/p10/p10127469/s58852772.txt,Pulmonary edema,positive,positive,False,,"Moderate pulmonary edema worsened on ___, subsequently improved slightly."
10127469,59068190,/mnt/c/Users/Zila/Downloads/BN5212/MIMIC-CXR/p10/p10/p10127469/s59068190.txt,Cardiomegaly,positive,positive,False,,Mild cardiomegaly and small left pleural effusion persist.
10127469,59068190,/mnt/c/Users/Zila/Downloads/BN5212/MIMIC-CXR/p10/p10/p10127469/s59068190.txt,Edema,negative,negative,False,,Previous borderline edema is resolved.
10127469,59068190,/mnt/c/Users/Zila/Downloads/BN5212/MIMIC-CXR/p10/p10/p10127469/s59068190.txt,Pleural effusion,positive,positive,False,,Mild cardiomegaly and small left pleural effusion persist.
10127469,59088910,/mnt/c/Users/Zila/Downloads/BN5212/MIMIC-CXR/p10/p10/p10127469/s59088910.txt,Cardiomegaly,positive,positive,False,,Mild cardiomegaly with minimal retrocardiac atelectasis is stable.
10127517,51376634,/mnt/c/Users/Zila/Downloads/BN5212/MIMIC-CXR/p10/p10/p10127517/s51376634.txt,Pleural effusion,positive,positive,False,,Enlarged cardiac silhouette and persistent right pleural effusion are noted.
10127517,51507796,/mnt/c/Users/Zila/Downloads/BN5212/MIMIC-CXR/p10/p10/p10127517/s51507796.txt,Pleural effusion,positive,positive,False,,Pleural effusion small on the left.
10127517,52885433,/mnt/c/Users/Zila/Downloads/BN5212/MIMIC-CXR/p10/p10/p10127517/s52885433.txt,Pleural effusion,positive,positive,False,,A tiny left pleural effusion is unchanged. | Moderate left lower lobe atelectasis and a tiny left pleural effusion.
10127517,53196514,/mnt/c/Users/Zila/Downloads/BN5212/MIMIC-CXR/p10/p10/p10127517/s53196514.txt,Cardiomegaly,positive,positive,False,,"Vascular engorgement in the upper lungs could be physiologic, but moderate cardiomegaly has also increased."
10127517,53196514,/mnt/c/Users/Zila/Downloads/BN5212/MIMIC-CXR/p10/p10/p10127517/s53196514.txt,Pleural effusion,positive,positive,False,,"Bilateral pleural effusion, moderate on the right and partially fissural and small on the left, has increased since ___."
10127517,53196514,/mnt/c/Users/Zila/Downloads/BN5212/MIMIC-CXR/p10/p10/p10127517/s53196514.txt,Pulmonary edema,negative,negative,False,,"There is as yet no pulmonary edema, and no pneumothorax."
10127517,54423285,/mnt/c/Users/Zila/Downloads/BN5212/MIMIC-CXR/p10/p10/p10127517/s54423285.txt,Cardiomegaly,positive,positive,False,,Mild cardiomegaly and mild fluid overload are unchanged.
10127517,54423285,/mnt/c/Users/Zila/Downloads/BN5212/MIMIC-CXR/p10/p10/p10127517/s54423285.txt,Fluid overload,positive,positive,False,,Mild cardiomegaly and mild fluid overload are unchanged.
10127517,54423285,/mnt/c/Users/Zila/Downloads/BN5212/MIMIC-CXR/p10/p10/p10127517/s54423285.txt,Pleural effusion,positive,positive,False,,"Improved ventilation of the left lung basis, mainly due to the decrease in left pleural effusion. | The small right pleural effusion is stable."
10127517,56251895,/mnt/c/Users/Zila/Downloads/BN5212/MIMIC-CXR/p10/p10/p10127517/s56251895.txt,Pulmonary edema,uncertain,uncertain,True,,There is probable mild pulmonary edema. | Findings concerning for pulmonary edema with bilateral pleural effusions appearing slightly increased from prior study.
10127517,58623064,/mnt/c/Users/Zila/Downloads/BN5212/MIMIC-CXR/p10/p10/p10127517/s58623064.txt,Pleural effusion,positive,positive,False,,"Retrocardiac opacification is more prominent, consistent with some combination of volume loss in the left lower lobe and pleural effusion."
10127604,56026737,/mnt/c/Users/Zila/Downloads/BN5212/MIMIC-CXR/p10/p10/p10127604/s56026737.txt,Pleural effusion,negative,negative,False,,"No focal consolidation, pleural effusion, or evidence of pneumothorax is seen."
10127705,53372204,/mnt/c/Users/Zila/Downloads/BN5212/MIMIC-CXR/p10/p10/p10127705/s53372204.txt,Pleural effusion,negative,negative,False,,There is no pleural effusion or pneumothorax.
10128191,56054806,/mnt/c/Users/Zila/Downloads/BN5212/MIMIC-CXR/p10/p10/p10128191/s56054806.txt,Pneumonia,negative,negative,False,,"No pneumonia, no pulmonary edema."
10128191,56054806,/mnt/c/Users/Zila/Downloads/BN5212/MIMIC-CXR/p10/p10/p10128191/s56054806.txt,Pulmonary edema,negative,negative,False,,"No pneumonia, no pulmonary edema."
10128191,57481280,/mnt/c/Users/Zila/Downloads/BN5212/MIMIC-CXR/p10/p10/p10128191/s57481280.txt,Pleural effusion,negative,negative,False,,"There is no pneumothorax, pleural effusion, or consolidation."
10128191,57481280,/mnt/c/Users/Zila/Downloads/BN5212/MIMIC-CXR/p10/p10/p10128191/s57481280.txt,Pneumonia,negative,negative,False,,No pneumonia.
10128922,56270655,/mnt/c/Users/Zila/Downloads/BN5212/MIMIC-CXR/p10/p10/p10128922/s56270655.txt,Pleural effusion,negative,negative,False,,There is no pleural effusion or pneumothorax.
10128942,50465824,/mnt/c/Users/Zila/Downloads/BN5212/MIMIC-CXR/p10/p10/p10128942/s50465824.txt,Pleural effusion,negative,negative,False,,No pleural effusion or pneumothorax is evident.
10129015,55303788,/mnt/c/Users/Zila/Downloads/BN5212/MIMIC-CXR/p10/p10/p10129015/s55303788.txt,Pleural effusion,negative,negative,False,,"No evidence of pulmonary edema, atelectasis, pleural effusion or other acute lung pathology."
10129015,55303788,/mnt/c/Users/Zila/Downloads/BN5212/MIMIC-CXR/p10/p10/p10129015/s55303788.txt,Pulmonary edema,negative,negative,False,,"No evidence of pulmonary edema, atelectasis, pleural effusion or other acute lung pathology."
10129052,52508348,/mnt/c/Users/Zila/Downloads/BN5212/MIMIC-CXR/p10/p10/p10129052/s52508348.txt,Pleural effusion,negative,negative,False,,"No focal consolidation, pleural effusion or pneumothorax is present."
10129052,56373919,/mnt/c/Users/Zila/Downloads/BN5212/MIMIC-CXR/p10/p10/p10129052/s56373919.txt,Pleural effusion,negative,negative,False,,No pleural effusion or pneumothorax is seen.
10129052,56373919,/mnt/c/Users/Zila/Downloads/BN5212/MIMIC-CXR/p10/p10/p10129052/s56373919.txt,Pulmonary edema,negative,negative,False,,No pulmonary edema is seen.
10129052,59496121,/mnt/c/Users/Zila/Downloads/BN5212/MIMIC-CXR/p10/p10/p10129052/s59496121.txt,Pleural effusion,negative,negative,False,,"There is no focal consolidation, pleural effusion or pneumothorax."
10129119,52886997,/mnt/c/Users/Zila/Downloads/BN5212/MIMIC-CXR/p10/p10/p10129119/s52886997.txt,Fractures,positive,positive,False,,Multiple right-sided rib fractures are again visualized.
10129119,53408336,/mnt/c/Users/Zila/Downloads/BN5212/MIMIC-CXR/p10/p10/p10129119/s53408336.txt,Pleural effusion,positive,positive,False,,"Tiny right apical pneumothorax dependent small pleural effusion have both decreased, right pigtail pleural drainage catheter still in place in the right lower hemi thorax."
10129119,54210437,/mnt/c/Users/Zila/Downloads/BN5212/MIMIC-CXR/p10/p10/p10129119/s54210437.txt,Emphysema,negative,negative,False,,The previously noted right chest wall subcutaneous emphysema has resolved.
10129119,54210437,/mnt/c/Users/Zila/Downloads/BN5212/MIMIC-CXR/p10/p10/p10129119/s54210437.txt,Fractures,positive,positive,False,,Numerous right rib fractures are redemonstrated. | Numerous right rib fractures.
10129119,54210437,/mnt/c/Users/Zila/Downloads/BN5212/MIMIC-CXR/p10/p10/p10129119/s54210437.txt,Pleural effusion,positive,positive,False,,There is increased right pleural effusion and right basal atelectasis.
10129119,55184478,/mnt/c/Users/Zila/Downloads/BN5212/MIMIC-CXR/p10/p10/p10129119/s55184478.txt,Fractures,positive,positive,False,,"Multiple right-sided rib fractures are seen, specifically involving the posterior right seventh, eighth and potentially ninth ribs. | Right rib fractures with subcutaneous gas and a small right apical pneumothorax."
10129119,55603381,/mnt/c/Users/Zila/Downloads/BN5212/MIMIC-CXR/p10/p10/p10129119/s55603381.txt,Pleural effusion,positive,positive,False,,"Small right pleural effusion and small right apical pneumothorax are both substantially smaller since ___ at 13:25, following insertion of a right basal pigtail pleural drainage catheter."
10129119,55904682,/mnt/c/Users/Zila/Downloads/BN5212/MIMIC-CXR/p10/p10/p10129119/s55904682.txt,Emphysema,positive,positive,False,,There is subcutaneous emphysema within the right lateral chest inferiorly related to the prior pigtail catheter which has now been removed.
10129119,55904682,/mnt/c/Users/Zila/Downloads/BN5212/MIMIC-CXR/p10/p10/p10129119/s55904682.txt,Pulmonary edema,negative,negative,False,,"There is no pulmonary edema, focal consolidation, or pleural effusions."
10129119,55963730,/mnt/c/Users/Zila/Downloads/BN5212/MIMIC-CXR/p10/p10/p10129119/s55963730.txt,Emphysema,positive,positive,False,,There is small bilateral pleural effusions right greater than left and a small right lateral pneumothorax there is a moderate amount of right-sided subcutaneous emphysema there is volume loss in the right lower lobes.
10129119,56633649,/mnt/c/Users/Zila/Downloads/BN5212/MIMIC-CXR/p10/p10/p10129119/s56633649.txt,Fractures,positive,positive,False,,"As compared to the previous radiograph, there is unchanged evidence of displaced right rib fractures and a right hema toe thorax."
10129119,56831701,/mnt/c/Users/Zila/Downloads/BN5212/MIMIC-CXR/p10/p10/p10129119/s56831701.txt,Pleural effusion,positive,positive,False,,Small right pleural effusion is unchanged.
10129119,56906992,/mnt/c/Users/Zila/Downloads/BN5212/MIMIC-CXR/p10/p10/p10129119/s56906992.txt,Fractures,positive,positive,False,,Known multiple rib fractures.
10129119,56906992,/mnt/c/Users/Zila/Downloads/BN5212/MIMIC-CXR/p10/p10/p10129119/s56906992.txt,Pleural effusion,positive,positive,False,,The extent of the right pleural effusion has minimally increased.
10129119,59629167,/mnt/c/Users/Zila/Downloads/BN5212/MIMIC-CXR/p10/p10/p10129119/s59629167.txt,Fractures,positive,positive,False,,Multiple rib fractures are re- demonstrated.
10129119,59629167,/mnt/c/Users/Zila/Downloads/BN5212/MIMIC-CXR/p10/p10/p10129119/s59629167.txt,Pleural effusion,positive,positive,False,,Right pleural effusion is substantial but layers out differently since the current study is obtained in upright position.
10129254,50832792,/mnt/c/Users/Zila/Downloads/BN5212/MIMIC-CXR/p10/p10/p10129254/s50832792.txt,Pneumonia,negative,negative,False,,No focal consolidation to suggest pneumonia.
10129254,56425056,/mnt/c/Users/Zila/Downloads/BN5212/MIMIC-CXR/p10/p10/p10129254/s56425056.txt,Pneumonia,negative,negative,False,,No pneumonia.
10129254,56425056,/mnt/c/Users/Zila/Downloads/BN5212/MIMIC-CXR/p10/p10/p10129254/s56425056.txt,Pulmonary edema,negative,negative,False,,No pulmonary edema.
10129254,56509962,/mnt/c/Users/Zila/Downloads/BN5212/MIMIC-CXR/p10/p10/p10129254/s56509962.txt,Pneumonia,negative,negative,False,,No acute pneumonia in patient with history of fungemia in the presence of mesenteric ischemia.
10129254,56603304,/mnt/c/Users/Zila/Downloads/BN5212/MIMIC-CXR/p10/p10/p10129254/s56603304.txt,Pneumonia,negative,negative,False,,No acute pneumonia or vascular congestion.
10129254,56680752,/mnt/c/Users/Zila/Downloads/BN5212/MIMIC-CXR/p10/p10/p10129254/s56680752.txt,Pulmonary edema,negative,negative,False,,"The cardiac silhouette is unchanged, and no focal consolidation or pulmonary edema is seen."
10129359,53731025,/mnt/c/Users/Zila/Downloads/BN5212/MIMIC-CXR/p10/p10/p10129359/s53731025.txt,Pulmonary edema,negative,negative,False,,There is no pulmonary edema. | Small bilateral pleural effusions without pulmonary edema.
10129384,50190940,/mnt/c/Users/Zila/Downloads/BN5212/MIMIC-CXR/p10/p10/p10129384/s50190940.txt,Pleural effusion,negative,negative,False,,There is no pleural effusion or pneumothorax.
10129384,50190940,/mnt/c/Users/Zila/Downloads/BN5212/MIMIC-CXR/p10/p10/p10129384/s50190940.txt,Pneumonia,uncertain,uncertain,True,,"There is increased opacification at the right lung base, concerning for pneumonia. | Right basilar opacity concerning for pneumonia."
10129384,50852782,/mnt/c/Users/Zila/Downloads/BN5212/MIMIC-CXR/p10/p10/p10129384/s50852782.txt,Pleural effusion,negative,negative,False,,"No evidence of acute consolidation, vascular congestion, or pleural effusion."
10129384,50852782,/mnt/c/Users/Zila/Downloads/BN5212/MIMIC-CXR/p10/p10/p10129384/s50852782.txt,Pneumonia,negative,negative,False,,"In comparison with the study of ___, there has been complete resolution of the right lower lobe pneumonia."
10129617,56586200,/mnt/c/Users/Zila/Downloads/BN5212/MIMIC-CXR/p10/p10/p10129617/s56586200.txt,Pleural effusion,negative,negative,False,,No pleural effusion or pneumothorax is seen.
10129815,50661858,/mnt/c/Users/Zila/Downloads/BN5212/MIMIC-CXR/p10/p10/p10129815/s50661858.txt,Pleural effusion,positive,positive,False,,"There is blunting of the right costophrenic angle, raising concern for small pleural effusion. | A trace left pleural effusion would be difficult to exclude."
10129815,51987148,/mnt/c/Users/Zila/Downloads/BN5212/MIMIC-CXR/p10/p10/p10129815/s51987148.txt,Cardiomegaly,positive,positive,False,,The cardiomediastinal and hilar contours are within normal limits demonstrating mild cardiomegaly.
10129815,51987148,/mnt/c/Users/Zila/Downloads/BN5212/MIMIC-CXR/p10/p10/p10129815/s51987148.txt,Pleural effusion,negative,negative,False,,There is no pleural effusion or pneumothorax.
10129815,51987148,/mnt/c/Users/Zila/Downloads/BN5212/MIMIC-CXR/p10/p10/p10129815/s51987148.txt,Pneumonia,positive,positive,False,,Subtle opacity at the base of the right upper lobe could reflect pneumonia.
10129815,52901287,/mnt/c/Users/Zila/Downloads/BN5212/MIMIC-CXR/p10/p10/p10129815/s52901287.txt,Aortic dissection,positive,positive,False,,"However, as there is reportedly also a potential clinical concern for aortic dissection, an immediate chest CTA should be considered as a CXR is not sufficiently sensitive or specific for detecting or excluding this diagnosis."
10129815,52901287,/mnt/c/Users/Zila/Downloads/BN5212/MIMIC-CXR/p10/p10/p10129815/s52901287.txt,Pneumonia,positive,positive|uncertain,True,,"New poorly defined right juxta-hilar opacity, possibly due to an early/focal pneumonia given clinical suspicion for pneumonia. | Management recommendation for this finding is treatment for pneumonia with short-term followup radiographs."
10129815,52901287,/mnt/c/Users/Zila/Downloads/BN5212/MIMIC-CXR/p10/p10/p10129815/s52901287.txt,Term,positive,positive,False,,Management recommendation for this finding is treatment for pneumonia with short-term followup radiographs.
10130111,50448932,/mnt/c/Users/Zila/Downloads/BN5212/MIMIC-CXR/p10/p10/p10130111/s50448932.txt,Pleural effusion,negative,negative,False,,No evidence of vascular congestion or pleural effusion.
10130111,50448932,/mnt/c/Users/Zila/Downloads/BN5212/MIMIC-CXR/p10/p10/p10130111/s50448932.txt,Pneumonia,positive,positive,False,,"Again, this most likely represents atelectatic change, though in the appropriate clinical setting superimposed pneumonia could be considered."
10130111,52496123,/mnt/c/Users/Zila/Downloads/BN5212/MIMIC-CXR/p10/p10/p10130111/s52496123.txt,Cardiomegaly,positive,positive,False,,"Allowing for this, moderate cardiomegaly and mild pulmonary edema are unchanged. | Slightly lower lung volumes with unchanged moderate cardiomegaly and mild pulmonary edema."
10130111,52496123,/mnt/c/Users/Zila/Downloads/BN5212/MIMIC-CXR/p10/p10/p10130111/s52496123.txt,Pulmonary edema,positive,positive,False,,"Allowing for this, moderate cardiomegaly and mild pulmonary edema are unchanged. | Slightly lower lung volumes with unchanged moderate cardiomegaly and mild pulmonary edema."
10130111,55375426,/mnt/c/Users/Zila/Downloads/BN5212/MIMIC-CXR/p10/p10/p10130111/s55375426.txt,Cardiomegaly,positive,positive,False,,"Moderate cardiomegaly, mild pulmonary edema, bilateral effusions are stable."
10130111,55375426,/mnt/c/Users/Zila/Downloads/BN5212/MIMIC-CXR/p10/p10/p10130111/s55375426.txt,Pulmonary edema,positive,positive,False,,"Moderate cardiomegaly, mild pulmonary edema, bilateral effusions are stable."
10130111,57361710,/mnt/c/Users/Zila/Downloads/BN5212/MIMIC-CXR/p10/p10/p10130111/s57361710.txt,Pleural effusion,negative,negative,False,,No definite vascular congestion or pleural effusion.
10130348,57511959,/mnt/c/Users/Zila/Downloads/BN5212/MIMIC-CXR/p10/p10/p10130348/s57511959.txt,Edema,negative,negative,False,,The lungs are clear without consolidation or edema.
10130348,57511959,/mnt/c/Users/Zila/Downloads/BN5212/MIMIC-CXR/p10/p10/p10130348/s57511959.txt,Pleural effusion,negative,negative,False,,There is no pneumothorax of pleural effusion.
10130348,57511959,/mnt/c/Users/Zila/Downloads/BN5212/MIMIC-CXR/p10/p10/p10130348/s57511959.txt,Pneumonia,negative,negative,False,,The previously seen lingular pneumonia has resolved.
10130573,54060509,/mnt/c/Users/Zila/Downloads/BN5212/MIMIC-CXR/p10/p10/p10130573/s54060509.txt,Fractures,negative,negative,False,,No definite displaced rib fractures are seen.
10130573,55128945,/mnt/c/Users/Zila/Downloads/BN5212/MIMIC-CXR/p10/p10/p10130573/s55128945.txt,Pleural effusion,positive,positive,False,,New pulmonary opacities are seen in the bases bilaterally with accompanying small right pleural effusion.
10130573,55128945,/mnt/c/Users/Zila/Downloads/BN5212/MIMIC-CXR/p10/p10/p10130573/s55128945.txt,Pneumonia,positive,positive,False,,"In the setting of a seizure history, these findings could reflect aspiration, though pneumonia in the appropriate setting is an alternative explanation. | New bibasilar opacities could reflect aspiration given the seizure history, though in the appropriate clinical setting could also reflect developing multifocal pneumonia"
10130585,50087560,/mnt/c/Users/Zila/Downloads/BN5212/MIMIC-CXR/p10/p10/p10130585/s50087560.txt,Pleural effusion,negative,negative,False,,There is slight blunting of the bilateral costophrenic angles on the frontal view of the no large pleural effusion is seen on the lateral view. | Mild elevation of the right hemidiaphragm without focal consolidation or large pleural effusion seen.
10130585,50087560,/mnt/c/Users/Zila/Downloads/BN5212/MIMIC-CXR/p10/p10/p10130585/s50087560.txt,Pulmonary edema,negative,negative,False,,No pulmonary edema is seen.
10130585,52066829,/mnt/c/Users/Zila/Downloads/BN5212/MIMIC-CXR/p10/p10/p10130585/s52066829.txt,Pleural effusion,positive,positive,False,,Moderate right pleural effusion has increased.
10130585,57614018,/mnt/c/Users/Zila/Downloads/BN5212/MIMIC-CXR/p10/p10/p10130585/s57614018.txt,Pneumonia,uncertain,uncertain,True,,"Patchy retrocardiac opacity, probably due to atelectasis, but other etiologies including aspiration or pneumonia are not excluded by this examination."
10130795,50761263,/mnt/c/Users/Zila/Downloads/BN5212/MIMIC-CXR/p10/p10/p10130795/s50761263.txt,Pleural effusion,negative,negative,False,,No pleural effusion or pneumothorax is seen.
10131032,51076329,/mnt/c/Users/Zila/Downloads/BN5212/MIMIC-CXR/p10/p10/p10131032/s51076329.txt,Edema,negative,negative,False,,No evidence of pneumonia or edema.
10131032,51076329,/mnt/c/Users/Zila/Downloads/BN5212/MIMIC-CXR/p10/p10/p10131032/s51076329.txt,Pneumonia,negative,negative,False,,"No evidence of pneumonia or edema. | Platelike atelectasis in the left lung base, no convincing signs of pneumonia."
10131237,51255751,/mnt/c/Users/Zila/Downloads/BN5212/MIMIC-CXR/p10/p10/p10131237/s51255751.txt,Cardiomegaly,negative,negative,False,,"However, no evidence of cardiomegaly, vascular congestion, pleural effusion, or acute focal pneumonia."
10131237,51255751,/mnt/c/Users/Zila/Downloads/BN5212/MIMIC-CXR/p10/p10/p10131237/s51255751.txt,Pleural effusion,negative,negative,False,,"However, no evidence of cardiomegaly, vascular congestion, pleural effusion, or acute focal pneumonia."
10131237,51255751,/mnt/c/Users/Zila/Downloads/BN5212/MIMIC-CXR/p10/p10/p10131237/s51255751.txt,Pneumonia,negative,negative,False,,"However, no evidence of cardiomegaly, vascular congestion, pleural effusion, or acute focal pneumonia."
10131237,55680500,/mnt/c/Users/Zila/Downloads/BN5212/MIMIC-CXR/p10/p10/p10131237/s55680500.txt,Pleural effusion,negative,negative,False,,There is no pleural effusion or pneumothorax.
10131237,59467011,/mnt/c/Users/Zila/Downloads/BN5212/MIMIC-CXR/p10/p10/p10131237/s59467011.txt,Pleural effusion,negative,negative,False,,"No acute pneumonia, vascular congestion, or pleural effusion."
10131237,59467011,/mnt/c/Users/Zila/Downloads/BN5212/MIMIC-CXR/p10/p10/p10131237/s59467011.txt,Pneumonia,negative,negative,False,,"No acute pneumonia, vascular congestion, or pleural effusion."
10131388,56415985,/mnt/c/Users/Zila/Downloads/BN5212/MIMIC-CXR/p10/p10/p10131388/s56415985.txt,Pneumonia,negative,negative,False,,"No pulmonary edema, no pneumothorax, no pleural effusions, no pneumonia."
10131388,56415985,/mnt/c/Users/Zila/Downloads/BN5212/MIMIC-CXR/p10/p10/p10131388/s56415985.txt,Pulmonary edema,negative,negative,False,,"No pulmonary edema, no pneumothorax, no pleural effusions, no pneumonia."
10131388,59122401,/mnt/c/Users/Zila/Downloads/BN5212/MIMIC-CXR/p10/p10/p10131388/s59122401.txt,Fractures,negative,negative,False,,No radiographic evidence of rib fractures.
10131482,58952759,/mnt/c/Users/Zila/Downloads/BN5212/MIMIC-CXR/p10/p10/p10131482/s58952759.txt,Chest pain,uncertain,uncertain,True,,"Mild interstitial abnormality, probably not related to the patient's acute chest pain."
10131482,58952759,/mnt/c/Users/Zila/Downloads/BN5212/MIMIC-CXR/p10/p10/p10131482/s58952759.txt,Pleural effusion,negative,negative,False,,"No focal consolidation, pleural effusion, or pneumothorax is seen."
10131542,53525173,/mnt/c/Users/Zila/Downloads/BN5212/MIMIC-CXR/p10/p10/p10131542/s53525173.txt,Pleural effusion,negative,negative,False,,"There is no focal consolidation, pleural effusion or pneumothorax."
10131707,58397723,/mnt/c/Users/Zila/Downloads/BN5212/MIMIC-CXR/p10/p10/p10131707/s58397723.txt,Cardiomegaly,positive,positive,False,,"Mild cardiomegaly, particularly involving the right heart is longstanding."
10131707,59088540,/mnt/c/Users/Zila/Downloads/BN5212/MIMIC-CXR/p10/p10/p10131707/s59088540.txt,Pleural effusion,negative,negative,False,,There is no pneumothorax or pleural effusion.
10132056,54164807,/mnt/c/Users/Zila/Downloads/BN5212/MIMIC-CXR/p10/p10/p10132056/s54164807.txt,Pleural effusion,negative,negative,False,,No pleural effusion or pneumothorax is present.
10132217,50573119,/mnt/c/Users/Zila/Downloads/BN5212/MIMIC-CXR/p10/p10/p10132217/s50573119.txt,Pulmonary edema,positive,positive,False,,"Over last 24 hours, mild to moderate pulmonary edema is unchanged."
10132365,52576637,/mnt/c/Users/Zila/Downloads/BN5212/MIMIC-CXR/p10/p10/p10132365/s52576637.txt,Pneumonia,conflicting,negative|positive,True,,"In comparison with the study of ___, there has been essentially complete clearing of the patchy pneumonia at the right base. | No evidence of acute pneumonia or vascular congestion."
10132365,57681077,/mnt/c/Users/Zila/Downloads/BN5212/MIMIC-CXR/p10/p10/p10132365/s57681077.txt,Bronchiectasis,positive,positive,False,,"Patchy opacities are seen in the right lower lobe, which also shows mild bronchiectasis with peribronchial thickening. | Findings consistent with right lower lobe pneumonia on the setting of right lower lobe bronchiectasis and peribronchial thickening suggestive of bronchitis."
10132365,57681077,/mnt/c/Users/Zila/Downloads/BN5212/MIMIC-CXR/p10/p10/p10132365/s57681077.txt,Bronchitis,uncertain,uncertain,True,,Findings consistent with right lower lobe pneumonia on the setting of right lower lobe bronchiectasis and peribronchial thickening suggestive of bronchitis.
10132365,57681077,/mnt/c/Users/Zila/Downloads/BN5212/MIMIC-CXR/p10/p10/p10132365/s57681077.txt,Pleural effusion,positive,positive,False,,A small pleural effusion and consolidation in the right cardiophrenic angle is better seen in the lateral view.
10132365,57681077,/mnt/c/Users/Zila/Downloads/BN5212/MIMIC-CXR/p10/p10/p10132365/s57681077.txt,Pneumonia,positive,positive,False,,Findings consistent with right lower lobe pneumonia on the setting of right lower lobe bronchiectasis and peribronchial thickening suggestive of bronchitis.
10132419,52834199,/mnt/c/Users/Zila/Downloads/BN5212/MIMIC-CXR/p10/p10/p10132419/s52834199.txt,Cardiomegaly,positive,positive,False,,Moderate to severe cardiomegaly is unchanged.
10132419,52834199,/mnt/c/Users/Zila/Downloads/BN5212/MIMIC-CXR/p10/p10/p10132419/s52834199.txt,Pleural effusion,negative,negative,False,,"There is no pneumothorax, pleural effusion or mediastinal widening."
10132419,52834199,/mnt/c/Users/Zila/Downloads/BN5212/MIMIC-CXR/p10/p10/p10132419/s52834199.txt,Pulmonary edema,negative,negative,False,,There is no pulmonary edema or pulmonary vascular congestion.
10132419,56794632,/mnt/c/Users/Zila/Downloads/BN5212/MIMIC-CXR/p10/p10/p10132419/s56794632.txt,Pleural effusion,negative,negative,False,,"No focal consolidation, pleural effusion or pneumothorax is seen."
10132550,51304302,/mnt/c/Users/Zila/Downloads/BN5212/MIMIC-CXR/p10/p10/p10132550/s51304302.txt,Pleural effusion,negative,negative,False,,There is no pleural effusion or pneumothorax.
10132759,58158361,/mnt/c/Users/Zila/Downloads/BN5212/MIMIC-CXR/p10/p10/p10132759/s58158361.txt,Pleural effusion,negative,negative,False,,"There is no pleural effusion, pneumothorax or focal airspace consolidation."
10132833,56441200,/mnt/c/Users/Zila/Downloads/BN5212/MIMIC-CXR/p10/p10/p10132833/s56441200.txt,Cardiomegaly,positive,positive,False,,Mild cardiomegaly without signs of acute decompensation.
10132833,56441200,/mnt/c/Users/Zila/Downloads/BN5212/MIMIC-CXR/p10/p10/p10132833/s56441200.txt,Heart failure,negative,negative,False,,There is no sign of pulmonary edema or heart failure.
10132833,56441200,/mnt/c/Users/Zila/Downloads/BN5212/MIMIC-CXR/p10/p10/p10132833/s56441200.txt,Pleural effusion,negative,negative,False,,No pleural effusion.
10132833,56441200,/mnt/c/Users/Zila/Downloads/BN5212/MIMIC-CXR/p10/p10/p10132833/s56441200.txt,Pulmonary edema,negative,negative,False,,There is no sign of pulmonary edema or heart failure.
10132988,50344961,/mnt/c/Users/Zila/Downloads/BN5212/MIMIC-CXR/p10/p10/p10132988/s50344961.txt,Pleural effusion,negative,negative,False,,No pleural effusion or pneumothorax is seen.
10133075,53645426,/mnt/c/Users/Zila/Downloads/BN5212/MIMIC-CXR/p10/p10/p10133075/s53645426.txt,Pleural effusion,negative,negative,False,,No pneumothorax or pleural effusion.
10133075,53645426,/mnt/c/Users/Zila/Downloads/BN5212/MIMIC-CXR/p10/p10/p10133075/s53645426.txt,Pneumonia,positive,positive,False,,Consolidation of the left lower lobe consistent with pneumonia given the patient's clincal symptoms.
10133075,53645426,/mnt/c/Users/Zila/Downloads/BN5212/MIMIC-CXR/p10/p10/p10133075/s53645426.txt,Pulmonary edema,negative,negative,False,,No pulmonary edema.
10133355,52353634,/mnt/c/Users/Zila/Downloads/BN5212/MIMIC-CXR/p10/p10/p10133355/s52353634.txt,Pleural effusion,negative,negative,False,,"There is no pleural effusion, pneumothorax or focal airspace consolidation."
10133478,51346129,/mnt/c/Users/Zila/Downloads/BN5212/MIMIC-CXR/p10/p10/p10133478/s51346129.txt,Pleural effusion,negative,negative,False,,There is no pleural effusion or pneumothorax.
10133739,52670239,/mnt/c/Users/Zila/Downloads/BN5212/MIMIC-CXR/p10/p10/p10133739/s52670239.txt,Cardiomegaly,positive,positive,False,,"Frontal and lateral views of the chest demonstrate stable cardiomegaly and mild thoracic aortic tortuosity, as well as atherosclerotic calcifications in the aortic arch."
10133739,52670239,/mnt/c/Users/Zila/Downloads/BN5212/MIMIC-CXR/p10/p10/p10133739/s52670239.txt,Kyphosis,positive,positive,False,,Mild thoracic kyphosis is unchanged.
10133739,52670239,/mnt/c/Users/Zila/Downloads/BN5212/MIMIC-CXR/p10/p10/p10133739/s52670239.txt,Pleural effusion,negative,negative,False,,"There is no pneumothorax, vascular congestion, or pleural effusion."
10133926,56368884,/mnt/c/Users/Zila/Downloads/BN5212/MIMIC-CXR/p10/p10/p10133926/s56368884.txt,Pleural effusion,negative,negative,False,,No pleural effusion or pneumothorax is seen.
10133926,56368884,/mnt/c/Users/Zila/Downloads/BN5212/MIMIC-CXR/p10/p10/p10133926/s56368884.txt,Pulmonary edema,negative,negative,False,,No pulmonary edema is seen.
10133926,57419147,/mnt/c/Users/Zila/Downloads/BN5212/MIMIC-CXR/p10/p10/p10133926/s57419147.txt,Pleural effusion,negative,negative,False,,No pleural effusion or pneumothorax is seen.
10134173,52709949,/mnt/c/Users/Zila/Downloads/BN5212/MIMIC-CXR/p10/p10/p10134173/s52709949.txt,Pleural effusion,negative,negative,False,,"No focal consolidation, pleural effusion or pneumothorax is seen."
10134173,52709949,/mnt/c/Users/Zila/Downloads/BN5212/MIMIC-CXR/p10/p10/p10134173/s52709949.txt,Pneumonia,positive,positive,False,,Pneumonia is not completely excluded in the correct clinical setting.
10134173,52709949,/mnt/c/Users/Zila/Downloads/BN5212/MIMIC-CXR/p10/p10/p10134173/s52709949.txt,Pulmonary edema,negative,negative,False,,There is no pulmonary edema.
10134328,58286870,/mnt/c/Users/Zila/Downloads/BN5212/MIMIC-CXR/p10/p10/p10134328/s58286870.txt,Pleural effusion,negative,negative,False,,"There is no pneumothorax, consolidation, or pleural effusion."
10134328,58286870,/mnt/c/Users/Zila/Downloads/BN5212/MIMIC-CXR/p10/p10/p10134328/s58286870.txt,Spondylosis,positive,positive,False,,Lower thoracic multilevel spondylosis is present.
10134367,50299981,/mnt/c/Users/Zila/Downloads/BN5212/MIMIC-CXR/p10/p10/p10134367/s50299981.txt,Pneumonia,negative,negative,False,,No evidence of pneumonia.
10134367,50299981,/mnt/c/Users/Zila/Downloads/BN5212/MIMIC-CXR/p10/p10/p10134367/s50299981.txt,Pulmonary edema,negative,negative,False,,Borderline size of the cardiac silhouette without pulmonary edema.
10134367,50372669,/mnt/c/Users/Zila/Downloads/BN5212/MIMIC-CXR/p10/p10/p10134367/s50372669.txt,Pleural effusion,negative,negative,False,,No pleural effusion or pneumothorax identified.
10134367,56223851,/mnt/c/Users/Zila/Downloads/BN5212/MIMIC-CXR/p10/p10/p10134367/s56223851.txt,Cardiomegaly,positive,positive,False,,Mild cardiomegaly stable.
10134367,56223851,/mnt/c/Users/Zila/Downloads/BN5212/MIMIC-CXR/p10/p10/p10134367/s56223851.txt,Pleural effusion,positive,positive,False,,Small left pleural effusion is likely.
10134367,56223851,/mnt/c/Users/Zila/Downloads/BN5212/MIMIC-CXR/p10/p10/p10134367/s56223851.txt,Pulmonary edema,negative,negative,False,,No pulmonary edema.
10134370,59097693,/mnt/c/Users/Zila/Downloads/BN5212/MIMIC-CXR/p10/p10/p10134370/s59097693.txt,Fractures,negative,negative,False,,No acute fractures are identified.
10134507,57987167,/mnt/c/Users/Zila/Downloads/BN5212/MIMIC-CXR/p10/p10/p10134507/s57987167.txt,Pleural effusion,negative,negative,False,,There is no pleural effusion or pneumothorax.
10135015,54912390,/mnt/c/Users/Zila/Downloads/BN5212/MIMIC-CXR/p10/p10/p10135015/s54912390.txt,Pleural effusion,negative,negative,False,,"No focal consolidation, pleural effusion or pneumothorax is demonstrated."
10135015,55015436,/mnt/c/Users/Zila/Downloads/BN5212/MIMIC-CXR/p10/p10/p10135015/s55015436.txt,Pneumonia,negative,negative,False,,"No signs of pneumonia, effusion or pneumothorax."
10135185,59387383,/mnt/c/Users/Zila/Downloads/BN5212/MIMIC-CXR/p10/p10/p10135185/s59387383.txt,Pneumonia,positive,positive|uncertain,True,,"Bilateral lower lobe opacities which have a somewhat linear component may represent atelectasis, but pneumonia is not completely excluded in the appropriate clinical setting. | Bilateral lower lobe opacities are likely atelectasis, but may represent pneumonia in the appropriate clinical setting."
10135376,50478057,/mnt/c/Users/Zila/Downloads/BN5212/MIMIC-CXR/p10/p10/p10135376/s50478057.txt,Pulmonary edema,positive,positive,False,,"Exam is otherwise remarkable for slight worsening of pulmonary edema, with no other relevant changes in the the short time interval since recent study."
10135376,52533108,/mnt/c/Users/Zila/Downloads/BN5212/MIMIC-CXR/p10/p10/p10135376/s52533108.txt,Pulmonary edema,positive,positive,False,,Exam is otherwise similar to the recent radiograph except for slight worsening of pulmonary edema and slightly improved aeration at the left lung base.
10135376,52610464,/mnt/c/Users/Zila/Downloads/BN5212/MIMIC-CXR/p10/p10/p10135376/s52610464.txt,Edema,positive,positive,False,,"Decrease in severity of the pre-existing pulmonary edema, the edema is still mild to moderate."
10135376,52610464,/mnt/c/Users/Zila/Downloads/BN5212/MIMIC-CXR/p10/p10/p10135376/s52610464.txt,Pulmonary edema,positive,positive,False,,"Decrease in severity of the pre-existing pulmonary edema, the edema is still mild to moderate."
10135376,55191825,/mnt/c/Users/Zila/Downloads/BN5212/MIMIC-CXR/p10/p10/p10135376/s55191825.txt,Pleural effusion,positive,positive,False,,Exam is otherwise remarkable for interval worsening of pulmonary edema and slight increase in size of a small right pleural effusion.
10135376,55191825,/mnt/c/Users/Zila/Downloads/BN5212/MIMIC-CXR/p10/p10/p10135376/s55191825.txt,Pulmonary edema,positive,positive,False,,Exam is otherwise remarkable for interval worsening of pulmonary edema and slight increase in size of a small right pleural effusion.
10135376,55854950,/mnt/c/Users/Zila/Downloads/BN5212/MIMIC-CXR/p10/p10/p10135376/s55854950.txt,Pleural effusion,positive,positive,False,,Left lower lobe atelectasis with an associated pleural effusion.
10135376,55854950,/mnt/c/Users/Zila/Downloads/BN5212/MIMIC-CXR/p10/p10/p10135376/s55854950.txt,Pulmonary edema,positive,positive,False,,Confluent areas of airspace opacification most likely representing alveolar pulmonary edema. | Biventricular cardiac decompensation with associated pulmonary edema.
10135376,57168476,/mnt/c/Users/Zila/Downloads/BN5212/MIMIC-CXR/p10/p10/p10135376/s57168476.txt,Cardiomegaly,positive,positive,False,,There is moderate cardiomegaly. | Cardiomegaly.
10135376,57168476,/mnt/c/Users/Zila/Downloads/BN5212/MIMIC-CXR/p10/p10/p10135376/s57168476.txt,Fluid overload,positive,positive,False,,"More confluent opacity involving the left mid to lower lung may relate to fluid overload however, superimposed consolidation due to infection or aspiration not excluded. | More confluent opacity projecting over the left mid to lower lung may relate to fluid overload, however, consolidation due to infection or aspiration not excluded in the appropriate clinical setting."
10135376,57168476,/mnt/c/Users/Zila/Downloads/BN5212/MIMIC-CXR/p10/p10/p10135376/s57168476.txt,Pleural effusion,positive,positive,False,,There is a small right pleural effusion. | Small right pleural effusion.
10135376,57168476,/mnt/c/Users/Zila/Downloads/BN5212/MIMIC-CXR/p10/p10/p10135376/s57168476.txt,Pulmonary edema,positive,positive,False,,Aortic calcification is seen There is moderate pulmonary edema. | Moderate pulmonary edema.
10135376,57883223,/mnt/c/Users/Zila/Downloads/BN5212/MIMIC-CXR/p10/p10/p10135376/s57883223.txt,Pleural effusion,positive,positive,False,,Stable left pleural effusion and left atelectasis.
10135376,57883223,/mnt/c/Users/Zila/Downloads/BN5212/MIMIC-CXR/p10/p10/p10135376/s57883223.txt,Pulmonary edema,positive,positive,False,,Severity of pulmonary edema has decreased.
10135557,50489634,/mnt/c/Users/Zila/Downloads/BN5212/MIMIC-CXR/p10/p10/p10135557/s50489634.txt,Pleural effusion,negative,negative,False,,No large pleural effusion is seen.
10135557,50489634,/mnt/c/Users/Zila/Downloads/BN5212/MIMIC-CXR/p10/p10/p10135557/s50489634.txt,Pulmonary edema,positive,positive,False,,There is moderate pulmonary edema.
10135557,51440829,/mnt/c/Users/Zila/Downloads/BN5212/MIMIC-CXR/p10/p10/p10135557/s51440829.txt,Pleural effusion,negative,negative,False,,No large pleural effusion is seen.
10135557,51440829,/mnt/c/Users/Zila/Downloads/BN5212/MIMIC-CXR/p10/p10/p10135557/s51440829.txt,Pulmonary edema,positive,positive,False,,There is moderate pulmonary edema. | Moderate pulmonary edema.
10135557,51440829,/mnt/c/Users/Zila/Downloads/BN5212/MIMIC-CXR/p10/p10/p10135557/s51440829.txt,Pulmonary hypertension,positive,positive,False,,Mediastinum is slightly prominent which may relate to pulmonary hypertension. | Slightly prominent mediastinum may relate to pulmonary hypertension.
10135557,53873236,/mnt/c/Users/Zila/Downloads/BN5212/MIMIC-CXR/p10/p10/p10135557/s53873236.txt,Pulmonary edema,negative,negative,False,,Perihilar vascular congestion with no overt pulmonary edema.
10135557,54504504,/mnt/c/Users/Zila/Downloads/BN5212/MIMIC-CXR/p10/p10/p10135557/s54504504.txt,Pulmonary edema,negative,negative,False,,Perihilar vascular congestion with resolution of superimposed pulmonary edema.
10135557,57156339,/mnt/c/Users/Zila/Downloads/BN5212/MIMIC-CXR/p10/p10/p10135557/s57156339.txt,Pleural effusion,negative,negative,False,,"There is no pneumothorax, focal consolidation, or pleural effusion."
10135557,57156339,/mnt/c/Users/Zila/Downloads/BN5212/MIMIC-CXR/p10/p10/p10135557/s57156339.txt,Pulmonary edema,negative,negative,False,,"The central pulmonary vessels are prominent, however, there is no pulmonary edema."
10136083,58828650,/mnt/c/Users/Zila/Downloads/BN5212/MIMIC-CXR/p10/p10/p10136083/s58828650.txt,Pleural effusion,positive,positive,False,,"Previous small left pleural effusion and left basal atelectasis have resolved. | Pleural effusion is small, on the right, if any."
10136187,53873980,/mnt/c/Users/Zila/Downloads/BN5212/MIMIC-CXR/p10/p10/p10136187/s53873980.txt,Pleural effusion,negative,negative,False,,"The lungs are clear without focal opacity, pulmonary edema, pleural effusion or pneumothorax."
10136187,53873980,/mnt/c/Users/Zila/Downloads/BN5212/MIMIC-CXR/p10/p10/p10136187/s53873980.txt,Pulmonary edema,negative,negative,False,,"The lungs are clear without focal opacity, pulmonary edema, pleural effusion or pneumothorax."
10136491,58132816,/mnt/c/Users/Zila/Downloads/BN5212/MIMIC-CXR/p10/p10/p10136491/s58132816.txt,Pleural effusion,negative,negative,False,,"There is no pneumothorax, focal consolidation, or pleural effusion."
10136491,59612844,/mnt/c/Users/Zila/Downloads/BN5212/MIMIC-CXR/p10/p10/p10136491/s59612844.txt,Pneumonia,negative,negative,False,,No evidence of acute focal pneumonia or vascular congestion.
10136564,55505054,/mnt/c/Users/Zila/Downloads/BN5212/MIMIC-CXR/p10/p10/p10136564/s55505054.txt,Pleural effusion,negative,negative,False,,There is no pleural effusion or pneumothorax.
10136619,51814207,/mnt/c/Users/Zila/Downloads/BN5212/MIMIC-CXR/p10/p10/p10136619/s51814207.txt,Pulmonary edema,positive,positive,False,,"Slightly improved widespread airspace and interstitial opacities, which may be due to alveolitis in the setting of drug reaction, noncardiogenic pulmonary edema or infection such as PCP."
10136619,53291008,/mnt/c/Users/Zila/Downloads/BN5212/MIMIC-CXR/p10/p10/p10136619/s53291008.txt,Pulmonary edema,positive,positive,False,,Unchanged diffuse bilateral airspace opacities are likely due to severe pulmonary edema.
10136619,53423027,/mnt/c/Users/Zila/Downloads/BN5212/MIMIC-CXR/p10/p10/p10136619/s53423027.txt,Pulmonary edema,positive,positive,False,,"Although such rapid improvement suggests an acute process such as pulmonary edema, coexisting infection is possible, particularly in the left perihilar region."
10136619,54015202,/mnt/c/Users/Zila/Downloads/BN5212/MIMIC-CXR/p10/p10/p10136619/s54015202.txt,Pulmonary edema,positive,positive,False,,Unchanged diffuse bilateral airspace opacities are likely due to severe pulmonary edema.
10136619,55114835,/mnt/c/Users/Zila/Downloads/BN5212/MIMIC-CXR/p10/p10/p10136619/s55114835.txt,Pleural effusion,negative,negative,False,,No pleural effusion or pneumothorax is seen.
10136619,55114835,/mnt/c/Users/Zila/Downloads/BN5212/MIMIC-CXR/p10/p10/p10136619/s55114835.txt,Pulmonary edema,positive,positive|uncertain,True,,"There are diffuse alveolar opacities, with vascular indistinctness suggestive of moderate pulmonary edema. | Diffuse alveolar opacities bilaterally, which could reflect moderate pulmonary edema, though atypical infection should be considered."
10136619,57947304,/mnt/c/Users/Zila/Downloads/BN5212/MIMIC-CXR/p10/p10/p10136619/s57947304.txt,Cardiomegaly,positive,positive,False,,Moderate cardiomegaly.
10136781,51240297,/mnt/c/Users/Zila/Downloads/BN5212/MIMIC-CXR/p10/p10/p10136781/s51240297.txt,Edema,positive,positive,False,,Mild edema has developed in the right lung.
10136781,51240297,/mnt/c/Users/Zila/Downloads/BN5212/MIMIC-CXR/p10/p10/p10136781/s51240297.txt,Fractures,positive,positive,False,,"Multiple displaced left rib fractures, most marked in the lower hemithorax in the proximal few centimeters of at least seven ribs meaning that the patient is at risk for a posterior flail chest although that is less often a problem than an anterior or lateral flail."
10136781,51240297,/mnt/c/Users/Zila/Downloads/BN5212/MIMIC-CXR/p10/p10/p10136781/s51240297.txt,Pleural effusion,positive,positive,False,,"Consolidation in the left lung is much more pronounced accompanied by at least a small if not larger left pleural effusion, but no appreciable pneumothorax."
10136781,51621886,/mnt/c/Users/Zila/Downloads/BN5212/MIMIC-CXR/p10/p10/p10136781/s51621886.txt,Pleural effusion,negative,negative,False,,"Small left apical pneumothorax unchanged in size since ___:56 a.m., and no appreciable left pleural effusion, basal pleural tubes still in place and reportedly on waterseal. | There is no right pleural effusion or definite right pneumothorax."
10136781,51621886,/mnt/c/Users/Zila/Downloads/BN5212/MIMIC-CXR/p10/p10/p10136781/s51621886.txt,Pneumonia,uncertain,uncertain,True,,Greater coalescence of consolidation in both the right mid and lower lung zones could be progressive atelectasis but is more concerning for pneumonia.
10136781,53077019,/mnt/c/Users/Zila/Downloads/BN5212/MIMIC-CXR/p10/p10/p10136781/s53077019.txt,Edema,positive,positive,False,,"Same holds for the diffusely increased parenchymal pattern, mostly in central location, consistent with edema."
10136781,53077019,/mnt/c/Users/Zila/Downloads/BN5212/MIMIC-CXR/p10/p10/p10136781/s53077019.txt,Fractures,positive,positive,False,,"At that time, multiple left-sided rib fractures were noted and seen to involve the left-sided third, fourth, sixth, seventh, eighth and ninth as well as tenth and eleventh rib. | Multiple left-sided ribs demonstrating local callus formation at sites of previous nondisplaced fractures."
10136781,53757388,/mnt/c/Users/Zila/Downloads/BN5212/MIMIC-CXR/p10/p10/p10136781/s53757388.txt,Pleural effusion,negative,negative,False,,No definite right pleural effusion or pneumothorax.
10136781,53757388,/mnt/c/Users/Zila/Downloads/BN5212/MIMIC-CXR/p10/p10/p10136781/s53757388.txt,Pneumonia,positive,positive,False,,"Mild pulmonary edema has developed, partially obscuring areas of likely pneumonia in the right mid and lower lung zones."
10136781,53757388,/mnt/c/Users/Zila/Downloads/BN5212/MIMIC-CXR/p10/p10/p10136781/s53757388.txt,Pulmonary edema,positive,positive,False,,"Mild pulmonary edema has developed, partially obscuring areas of likely pneumonia in the right mid and lower lung zones."
10136781,55725582,/mnt/c/Users/Zila/Downloads/BN5212/MIMIC-CXR/p10/p10/p10136781/s55725582.txt,Fractures,positive,positive,False,,Multiple left-sided posterior rib fractures are present.
10136781,56279036,/mnt/c/Users/Zila/Downloads/BN5212/MIMIC-CXR/p10/p10/p10136781/s56279036.txt,Hemorrhage,positive,positive,False,,"The extent of consolidation in the left lung, presumably pulmonary hemorrhage and atelectasis, has decreased slightly."
10136781,56279036,/mnt/c/Users/Zila/Downloads/BN5212/MIMIC-CXR/p10/p10/p10136781/s56279036.txt,Pleural effusion,negative,negative,False,,There is no appreciable left pleural effusion layering dependently.
10136781,56279036,/mnt/c/Users/Zila/Downloads/BN5212/MIMIC-CXR/p10/p10/p10136781/s56279036.txt,Pulmonary edema,negative,negative,False,,"AP chest compared to ___, previous mild pulmonary edema has resolved."
10136839,52267647,/mnt/c/Users/Zila/Downloads/BN5212/MIMIC-CXR/p10/p10/p10136839/s52267647.txt,Pneumonia,negative,negative,False,,No evidence of pneumonia.
10136839,54599727,/mnt/c/Users/Zila/Downloads/BN5212/MIMIC-CXR/p10/p10/p10136839/s54599727.txt,Pleural effusion,negative,negative,False,,There is no pleural effusion or pneumothorax.
10136839,54949728,/mnt/c/Users/Zila/Downloads/BN5212/MIMIC-CXR/p10/p10/p10136839/s54949728.txt,Pleural effusion,negative,negative,False,,"No pneumonia, vascular congestion, or pleural effusion."
10136839,54949728,/mnt/c/Users/Zila/Downloads/BN5212/MIMIC-CXR/p10/p10/p10136839/s54949728.txt,Pneumonia,negative,negative,False,,"No pneumonia, vascular congestion, or pleural effusion."
10136839,56698791,/mnt/c/Users/Zila/Downloads/BN5212/MIMIC-CXR/p10/p10/p10136839/s56698791.txt,Pneumonia,negative,negative,False,,No evidence of pneumonia.
10136839,56698791,/mnt/c/Users/Zila/Downloads/BN5212/MIMIC-CXR/p10/p10/p10136839/s56698791.txt,Pulmonary edema,negative,negative,False,,No pulmonary edema.
10136839,59405145,/mnt/c/Users/Zila/Downloads/BN5212/MIMIC-CXR/p10/p10/p10136839/s59405145.txt,Pleural effusion,negative,negative,False,,"In comparison with the study ___ ___, the cardiac silhouette remains within normal limits and there is no vascular congestion, pleural effusion, or acute focal pneumonia."
10136839,59405145,/mnt/c/Users/Zila/Downloads/BN5212/MIMIC-CXR/p10/p10/p10136839/s59405145.txt,Pneumonia,negative,negative,False,,"In comparison with the study ___ ___, the cardiac silhouette remains within normal limits and there is no vascular congestion, pleural effusion, or acute focal pneumonia."
10136921,59013669,/mnt/c/Users/Zila/Downloads/BN5212/MIMIC-CXR/p10/p10/p10136921/s59013669.txt,Pleural effusion,negative,negative,False,,"The lungs are hyperinflated, but clear without pleural effusion, focal consolidation, or pneumothorax."
10136921,59013669,/mnt/c/Users/Zila/Downloads/BN5212/MIMIC-CXR/p10/p10/p10136921/s59013669.txt,Pneumonia,negative,negative,False,,No focal consolidation concerning for pneumonia.
10136978,52351452,/mnt/c/Users/Zila/Downloads/BN5212/MIMIC-CXR/p10/p10/p10136978/s52351452.txt,Hernia,uncertain,uncertain,True,,"The more rounded opacity at the left paraspinal region abutting the left diaphragm is again seen, and although may represent a hiatal hernia, imaging with a PA and lateral study to further characterize this finding would be advised."
10136978,53887380,/mnt/c/Users/Zila/Downloads/BN5212/MIMIC-CXR/p10/p10/p10136978/s53887380.txt,Hernia,positive,positive,False,,"The more rounded left paraspinal opacity is not as well seen on the current examination, again favoring that this most likely corresponded to a hiatal hernia, but PA and lateral imaging would still be advised once the patient is clinically stable."
10136978,53887380,/mnt/c/Users/Zila/Downloads/BN5212/MIMIC-CXR/p10/p10/p10136978/s53887380.txt,Pulmonary edema,negative,negative,False,,"Lungs appear well inflated and without focal airspace consolidation, pulmonary edema, pleural effusions or pneumothorax."
10137100,52964568,/mnt/c/Users/Zila/Downloads/BN5212/MIMIC-CXR/p10/p10/p10137100/s52964568.txt,Pneumonia,positive,positive|uncertain,True,,"There is an area of consolidation in the right perihilar region, concerning for pneumonia. | Consolidation of a portion of the anterior segment of RUL and lateral RML, compatible with pneumonia."
10137100,52964568,/mnt/c/Users/Zila/Downloads/BN5212/MIMIC-CXR/p10/p10/p10137100/s52964568.txt,Pulmonary edema,negative,negative,False,,"No pulmonary edema, pneumothorax or pleural effusions."
10137100,57298029,/mnt/c/Users/Zila/Downloads/BN5212/MIMIC-CXR/p10/p10/p10137100/s57298029.txt,Pleural effusion,negative,negative,False,,"The lungs, bilateral hemidiaphragms, cardiac borders, and mediastinal silhouettes are clear without pulmonary edema, pleural effusion, pneumothorax, or focal consolidation."
10137100,57298029,/mnt/c/Users/Zila/Downloads/BN5212/MIMIC-CXR/p10/p10/p10137100/s57298029.txt,Pneumonia,negative,negative,False,,Resolution of right middle lobe pneumonia. | Resolution of right middle lobe pneumonia without new focal consolidation.
10137100,57298029,/mnt/c/Users/Zila/Downloads/BN5212/MIMIC-CXR/p10/p10/p10137100/s57298029.txt,Pulmonary edema,negative,negative,False,,"The lungs, bilateral hemidiaphragms, cardiac borders, and mediastinal silhouettes are clear without pulmonary edema, pleural effusion, pneumothorax, or focal consolidation."
10137104,50302936,/mnt/c/Users/Zila/Downloads/BN5212/MIMIC-CXR/p10/p10/p10137104/s50302936.txt,Pleural effusion,negative,negative,False,,"No pneumonia, vascular congestion, or pleural effusion."
10137104,50302936,/mnt/c/Users/Zila/Downloads/BN5212/MIMIC-CXR/p10/p10/p10137104/s50302936.txt,Pneumonia,negative,negative,False,,"No pneumonia, vascular congestion, or pleural effusion."
10137137,56746764,/mnt/c/Users/Zila/Downloads/BN5212/MIMIC-CXR/p10/p10/p10137137/s56746764.txt,Pleural effusion,negative,negative,False,,"There is no pulmonary edema, pleural effusion or pneumothorax."
10137137,56746764,/mnt/c/Users/Zila/Downloads/BN5212/MIMIC-CXR/p10/p10/p10137137/s56746764.txt,Pulmonary edema,negative,negative,False,,"There is no pulmonary edema, pleural effusion or pneumothorax."
10137289,59400588,/mnt/c/Users/Zila/Downloads/BN5212/MIMIC-CXR/p10/p10/p10137289/s59400588.txt,Fractures,negative,negative,False,,"No displaced rib fractures are identified. | No displaced rib fractures are seen, but if there is continued concern for a rib fracture, a dedicated rib series is recommended."
10137289,59400588,/mnt/c/Users/Zila/Downloads/BN5212/MIMIC-CXR/p10/p10/p10137289/s59400588.txt,Loss of height,positive,positive,False,,Mild loss of height of a mid thoracic vertebral body is unchanged.
10137289,59400588,/mnt/c/Users/Zila/Downloads/BN5212/MIMIC-CXR/p10/p10/p10137289/s59400588.txt,Pleural effusion,negative,negative,False,,No pleural effusion or pneumothorax is seen.
10137553,50351797,/mnt/c/Users/Zila/Downloads/BN5212/MIMIC-CXR/p10/p10/p10137553/s50351797.txt,Emphysema,positive,positive,False,,Frontal and lateral chest radiographs demonstrate stable hyperinflation of the lungs with relative lucency of the bilateral upper lungs consistent with emphysema. | Stable background changes of emphysema without acute cardiopulmonary process.
10137553,50351797,/mnt/c/Users/Zila/Downloads/BN5212/MIMIC-CXR/p10/p10/p10137553/s50351797.txt,Pleural effusion,negative,negative,False,,No pleural effusion or pneumothorax identified.
10137553,50351797,/mnt/c/Users/Zila/Downloads/BN5212/MIMIC-CXR/p10/p10/p10137553/s50351797.txt,Pneumonia,negative,negative,False,,No focal opacification concerning for pneumonia.
10137553,54058594,/mnt/c/Users/Zila/Downloads/BN5212/MIMIC-CXR/p10/p10/p10137553/s54058594.txt,Emphysema,positive,positive,False,,There is upper lobe lucency and splaying of bronchovasculature with widened AP diameter and flattened diaphragms suggesting underlying emphysema. | Emphysema.
10137553,54058594,/mnt/c/Users/Zila/Downloads/BN5212/MIMIC-CXR/p10/p10/p10137553/s54058594.txt,Pleural effusion,negative,negative,False,,There is no large pleural effusion or pneumothorax.
10137553,54058594,/mnt/c/Users/Zila/Downloads/BN5212/MIMIC-CXR/p10/p10/p10137553/s54058594.txt,Pneumonia,uncertain,uncertain,True,,There is a subtle retrocardiac opacity which in the correct clinical setting may represent an early pneumonia. | Possible early pneumonia in the left lower lobe.
10137553,59250674,/mnt/c/Users/Zila/Downloads/BN5212/MIMIC-CXR/p10/p10/p10137553/s59250674.txt,Emphysema,positive,positive,False,,"There is increased lucency of the upper right hemithorax, likely representing severe panlobular emphysema. | Upper right hemithorax hyperlucency consistent with severe panlobular emphysema."
10137553,59250674,/mnt/c/Users/Zila/Downloads/BN5212/MIMIC-CXR/p10/p10/p10137553/s59250674.txt,Pleural effusion,negative,negative,False,,No new focal consolidation or pleural effusion.
10138124,50525058,/mnt/c/Users/Zila/Downloads/BN5212/MIMIC-CXR/p10/p10/p10138124/s50525058.txt,Pneumonia,negative,negative,False,,"No pneumonia, no pulmonary edema."
10138124,50525058,/mnt/c/Users/Zila/Downloads/BN5212/MIMIC-CXR/p10/p10/p10138124/s50525058.txt,Pulmonary edema,negative,negative,False,,"No pneumonia, no pulmonary edema."
10138124,50823885,/mnt/c/Users/Zila/Downloads/BN5212/MIMIC-CXR/p10/p10/p10138124/s50823885.txt,Pneumonia,positive,positive,False,,Pneumonia however is not excluded.
10138124,52436559,/mnt/c/Users/Zila/Downloads/BN5212/MIMIC-CXR/p10/p10/p10138124/s52436559.txt,Pleural effusion,negative,negative,False,,"There is no evidence of pleural effusion, pneumothorax, or pulmonary edema."
10138124,52436559,/mnt/c/Users/Zila/Downloads/BN5212/MIMIC-CXR/p10/p10/p10138124/s52436559.txt,Pulmonary edema,negative,negative,False,,"There is no evidence of pleural effusion, pneumothorax, or pulmonary edema."
10138124,53817398,/mnt/c/Users/Zila/Downloads/BN5212/MIMIC-CXR/p10/p10/p10138124/s53817398.txt,Pleural effusion,negative,negative,False,,There is no pneumothorax or pleural effusion.
10138124,55012094,/mnt/c/Users/Zila/Downloads/BN5212/MIMIC-CXR/p10/p10/p10138124/s55012094.txt,Pleural effusion,negative,negative,False,,No pleural effusion or pneumothorax identified.
10138124,55405859,/mnt/c/Users/Zila/Downloads/BN5212/MIMIC-CXR/p10/p10/p10138124/s55405859.txt,Ileus,positive,positive,False,,"Enteric tube is in unchanged position and there again is substantial dilatation of gas- filled loops of large and small bowel, consistent with an adynamic ileus pattern."
10138124,56275565,/mnt/c/Users/Zila/Downloads/BN5212/MIMIC-CXR/p10/p10/p10138124/s56275565.txt,Pleural effusion,positive,positive,False,,There may be tiny left pleural effusion.
10138124,58506312,/mnt/c/Users/Zila/Downloads/BN5212/MIMIC-CXR/p10/p10/p10138124/s58506312.txt,Ileus,positive,positive,False,,Distended colon is consistent with postoperative adynamic ileus.
10138440,53326395,/mnt/c/Users/Zila/Downloads/BN5212/MIMIC-CXR/p10/p10/p10138440/s53326395.txt,Pneumonia,negative,negative,False,,"No pneumonia, no pleural effusions."
10138540,56601477,/mnt/c/Users/Zila/Downloads/BN5212/MIMIC-CXR/p10/p10/p10138540/s56601477.txt,Cardiomegaly,positive,positive,False,,"Mild cardiomegaly, lungs are clear, the cardiomediastinal silhouette and hila are normal. | Mild cardiomegaly."
10138540,56601477,/mnt/c/Users/Zila/Downloads/BN5212/MIMIC-CXR/p10/p10/p10138540/s56601477.txt,Pleural effusion,negative,negative,False,,There is no pleural effusion or pneumothorax.
10138544,56084071,/mnt/c/Users/Zila/Downloads/BN5212/MIMIC-CXR/p10/p10/p10138544/s56084071.txt,Fractures,negative,negative,False,,No definite displaced rib fractures are seen.
10138917,50300111,/mnt/c/Users/Zila/Downloads/BN5212/MIMIC-CXR/p10/p10/p10138917/s50300111.txt,Pneumonia,negative,negative,False,,There is no definite evidence of pneumonia.
10138989,56936464,/mnt/c/Users/Zila/Downloads/BN5212/MIMIC-CXR/p10/p10/p10138989/s56936464.txt,Pleural effusion,negative,negative,False,,No pleural effusion or pneumothorax.
10138989,56936464,/mnt/c/Users/Zila/Downloads/BN5212/MIMIC-CXR/p10/p10/p10138989/s56936464.txt,Pneumonia,negative,negative,False,,No evidence of pneumonia.
10138989,56936464,/mnt/c/Users/Zila/Downloads/BN5212/MIMIC-CXR/p10/p10/p10138989/s56936464.txt,Pulmonary edema,negative,negative,False,,No pulmonary edema.
10139117,51159869,/mnt/c/Users/Zila/Downloads/BN5212/MIMIC-CXR/p10/p10/p10139117/s51159869.txt,Pneumonia,positive,positive,False,,"Relatively similar overall appearance of the chest except for worsening heterogeneous consolidation in the right mid and lower lung, likely due to evolving pneumonia."
10139117,51159869,/mnt/c/Users/Zila/Downloads/BN5212/MIMIC-CXR/p10/p10/p10139117/s51159869.txt,Pulmonary edema,positive,positive,False,,"Other findings including pulmonary edema, neoplastic mass in superior segment left lower lobe, and postoperative alterations in the left lung as well as bilateral pleural opacities appear unchanged."
10139117,51389018,/mnt/c/Users/Zila/Downloads/BN5212/MIMIC-CXR/p10/p10/p10139117/s51389018.txt,Pleural effusion,positive,positive,False,,"A minimal left pleural effusion present, based on the lateral radiograph."
10139117,51389018,/mnt/c/Users/Zila/Downloads/BN5212/MIMIC-CXR/p10/p10/p10139117/s51389018.txt,Pneumonia,uncertain,uncertain,True,,The of distribution and morphology of the opacities is highly suggestive of multifocal pneumonia.
10139117,52974696,/mnt/c/Users/Zila/Downloads/BN5212/MIMIC-CXR/p10/p10/p10139117/s52974696.txt,Pulmonary edema,positive,positive,False,,The previously seen pulmonary edema is improved. | Improved pulmonary edema.
10139117,54929065,/mnt/c/Users/Zila/Downloads/BN5212/MIMIC-CXR/p10/p10/p10139117/s54929065.txt,Pleural effusion,uncertain,uncertain,True,,"Left costophrenic angle is blunted and a small left pleural effusion is not excluded. | Obscuration of left hemidiaphragm may due to underlying consolidation; however, there may also be a possible pleural effusion and atelectasis."
10139117,57272007,/mnt/c/Users/Zila/Downloads/BN5212/MIMIC-CXR/p10/p10/p10139117/s57272007.txt,Pneumonia,uncertain,uncertain,True,,"An opacity is seen at the left lung base, likely representing atelectasis although cannot exclude pneumonia or aspiration in the right clinical setting. | Opacity at the left lung base, likely representing atelectasis but cannot exclude pneumonia or aspiration in the right clinical setting."
10139117,57272007,/mnt/c/Users/Zila/Downloads/BN5212/MIMIC-CXR/p10/p10/p10139117/s57272007.txt,Pulmonary edema,uncertain,uncertain,True,,"Diffuse interstitial markings which could represent chronic interstitial disease, lymphatic spread of tumor, or mild pulmonary edema."
10139117,58434990,/mnt/c/Users/Zila/Downloads/BN5212/MIMIC-CXR/p10/p10/p10139117/s58434990.txt,Edema,positive,positive,False,,Pulmonary vascular congestion and mild-to-moderate edema have worsened in the interval.
10139117,58434990,/mnt/c/Users/Zila/Downloads/BN5212/MIMIC-CXR/p10/p10/p10139117/s58434990.txt,Pneumonia,uncertain,uncertain,True,,Worsened peripheral areas of consolidation in the periphery of the right mid and lower lung are concerning for evolving pneumonia in the appropriate clinical setting.
10139117,58914658,/mnt/c/Users/Zila/Downloads/BN5212/MIMIC-CXR/p10/p10/p10139117/s58914658.txt,Edema,positive,positive,False,,There is likely a component of co-existing edema.
10139117,58914658,/mnt/c/Users/Zila/Downloads/BN5212/MIMIC-CXR/p10/p10/p10139117/s58914658.txt,Pneumonia,positive,positive,False,,Multifocal alveolar opacities in the right mid and both lower lungs have worsened in the interval and may be due to a progressive multifocal pneumonia in the appropriate clinical setting.
10139461,54628956,/mnt/c/Users/Zila/Downloads/BN5212/MIMIC-CXR/p10/p10/p10139461/s54628956.txt,Pneumonia,negative,negative,False,,"No acute change, notably no pneumonia or pulmonary edema."
10139461,54628956,/mnt/c/Users/Zila/Downloads/BN5212/MIMIC-CXR/p10/p10/p10139461/s54628956.txt,Pulmonary edema,negative,negative,False,,"No acute change, notably no pneumonia or pulmonary edema."
10139461,58184654,/mnt/c/Users/Zila/Downloads/BN5212/MIMIC-CXR/p10/p10/p10139461/s58184654.txt,Pleural effusion,negative,negative,False,,"No focal consolidation, pleural effusion, or evidence of pneumothorax is seen."
10139461,58184654,/mnt/c/Users/Zila/Downloads/BN5212/MIMIC-CXR/p10/p10/p10139461/s58184654.txt,Pulmonary edema,negative,negative,False,,Minimal central pulmonary vascular engorgement without overt pulmonary edema.
10139719,52556264,/mnt/c/Users/Zila/Downloads/BN5212/MIMIC-CXR/p10/p10/p10139719/s52556264.txt,Emphysema,positive,positive|uncertain,True,,"The lungs are hyperinflated, but there is no relative lucency of the upper lobe parenchyma to suggest large bullae due to underlying emphysema. | Possible underlying emphysema."
10139719,52556264,/mnt/c/Users/Zila/Downloads/BN5212/MIMIC-CXR/p10/p10/p10139719/s52556264.txt,Hemorrhage,positive,positive,False,,"If continued concern for mass or pulmonary hemorrhage, could be further assessed with CT."
10139719,52556264,/mnt/c/Users/Zila/Downloads/BN5212/MIMIC-CXR/p10/p10/p10139719/s52556264.txt,Pleural effusion,negative,negative,False,,No pleural effusion or pneumothorax present.
10139914,50464189,/mnt/c/Users/Zila/Downloads/BN5212/MIMIC-CXR/p10/p10/p10139914/s50464189.txt,Pleural effusion,negative,negative,False,,No pleural effusion or pneumothorax.
10139983,53904894,/mnt/c/Users/Zila/Downloads/BN5212/MIMIC-CXR/p10/p10/p10139983/s53904894.txt,Edema,negative,negative,False,,No convincing evidence for pneumonia or edema.
10139983,53904894,/mnt/c/Users/Zila/Downloads/BN5212/MIMIC-CXR/p10/p10/p10139983/s53904894.txt,Pneumonia,negative,negative,False,,No convincing evidence for pneumonia or edema.
10140467,53583626,/mnt/c/Users/Zila/Downloads/BN5212/MIMIC-CXR/p10/p10/p10140467/s53583626.txt,Pleural effusion,negative,negative,False,,There is no pleural effusion.
10140467,53583626,/mnt/c/Users/Zila/Downloads/BN5212/MIMIC-CXR/p10/p10/p10140467/s53583626.txt,Pneumonia,conflicting,negative|positive,True,,No opacities concerning for pneumonia or pulmonary edema. | Pneumonia/pulmonary edema.
10140467,53583626,/mnt/c/Users/Zila/Downloads/BN5212/MIMIC-CXR/p10/p10/p10140467/s53583626.txt,Pulmonary edema,conflicting,negative|positive,True,,No opacities concerning for pneumonia or pulmonary edema. | Pneumonia/pulmonary edema.
10140498,57401083,/mnt/c/Users/Zila/Downloads/BN5212/MIMIC-CXR/p10/p10/p10140498/s57401083.txt,Edema,negative,negative,False,,The lungs are clear without consolidation or edema.
10140498,57401083,/mnt/c/Users/Zila/Downloads/BN5212/MIMIC-CXR/p10/p10/p10140498/s57401083.txt,Pleural effusion,negative,negative,False,,There is no pleural effusion or pneumothorax.
10141031,59455331,/mnt/c/Users/Zila/Downloads/BN5212/MIMIC-CXR/p10/p10/p10141031/s59455331.txt,Pleural effusion,negative,negative,False,,"There is no focal consolidation, pleural effusion or pneumothorax."
10141031,59455331,/mnt/c/Users/Zila/Downloads/BN5212/MIMIC-CXR/p10/p10/p10141031/s59455331.txt,Pulmonary edema,negative,negative,False,,No evidence of pulmonary edema.
10141035,50251980,/mnt/c/Users/Zila/Downloads/BN5212/MIMIC-CXR/p10/p10/p10141035/s50251980.txt,Pneumonia,negative,negative,False,,"No pneumonia, no pulmonary edema."
10141035,50251980,/mnt/c/Users/Zila/Downloads/BN5212/MIMIC-CXR/p10/p10/p10141035/s50251980.txt,Pulmonary edema,negative,negative,False,,"No pneumonia, no pulmonary edema."
10141229,54982969,/mnt/c/Users/Zila/Downloads/BN5212/MIMIC-CXR/p10/p10/p10141229/s54982969.txt,Pleural effusion,positive,positive,False,,"There is significant opacification of the right hemi thorax, mostly secondary to a large pleural effusion. | Large right pleural effusion with resultant significant collapse of the of the right lung, however underlying pneumonia cannot be excluded."
10141229,54982969,/mnt/c/Users/Zila/Downloads/BN5212/MIMIC-CXR/p10/p10/p10141229/s54982969.txt,Pneumonia,uncertain,uncertain,True,,"Large right pleural effusion with resultant significant collapse of the of the right lung, however underlying pneumonia cannot be excluded."
10141364,50036637,/mnt/c/Users/Zila/Downloads/BN5212/MIMIC-CXR/p10/p10/p10141364/s50036637.txt,Pleural effusion,negative,negative,False,,There is no pneumothorax or definite pleural effusion.
10141364,50036637,/mnt/c/Users/Zila/Downloads/BN5212/MIMIC-CXR/p10/p10/p10141364/s50036637.txt,Pneumonia,positive,positive,False,,New right upper lobe airspace opacification which may reflect asymmetric pulmonary edema or a developing pneumonia.
10141364,50036637,/mnt/c/Users/Zila/Downloads/BN5212/MIMIC-CXR/p10/p10/p10141364/s50036637.txt,Pulmonary edema,positive,positive,False,,New right upper lobe airspace opacification which may reflect asymmetric pulmonary edema or a developing pneumonia.
10141364,50179434,/mnt/c/Users/Zila/Downloads/BN5212/MIMIC-CXR/p10/p10/p10141364/s50179434.txt,Pneumonia,positive,positive,False,,"Widespread multifocal pneumonia, worsening on the left."
10141364,50179434,/mnt/c/Users/Zila/Downloads/BN5212/MIMIC-CXR/p10/p10/p10141364/s50179434.txt,Pulmonary edema,positive,positive,False,,There is also mild pulmonary edema.
10141364,50909732,/mnt/c/Users/Zila/Downloads/BN5212/MIMIC-CXR/p10/p10/p10141364/s50909732.txt,Pleural effusion,uncertain,uncertain,True,,There is a probable small left pleural effusion.
10141364,50909732,/mnt/c/Users/Zila/Downloads/BN5212/MIMIC-CXR/p10/p10/p10141364/s50909732.txt,Pneumonia,positive,positive,False,,"There is no significant change compared to prior examination with redemonstration of scattered asymmetric right greater than left opacities compatible with multifocal pneumonia. | Multifocal pneumonia, relatively unchanged in appearance from prior examination."
10141364,50976286,/mnt/c/Users/Zila/Downloads/BN5212/MIMIC-CXR/p10/p10/p10141364/s50976286.txt,Pneumonia,positive,positive,False,,The possibility of supervening pneumonia would be very difficult to exclude in the appropriate clinical setting.
10141364,51234619,/mnt/c/Users/Zila/Downloads/BN5212/MIMIC-CXR/p10/p10/p10141364/s51234619.txt,Fluid overload,positive,positive,False,,Indistinct borders of the vessels might suggest minimal fluid overload.
10141364,51373056,/mnt/c/Users/Zila/Downloads/BN5212/MIMIC-CXR/p10/p10/p10141364/s51373056.txt,Pneumonia,negative,negative,False,,"There is no convincing evidence for superimposed pneumonia, though a subtle pneumonia would be difficult to exclude. | No definite signs of superimposed pneumonia, though subtle pneumonia difficult to exclude."
10141364,51373056,/mnt/c/Users/Zila/Downloads/BN5212/MIMIC-CXR/p10/p10/p10141364/s51373056.txt,Pulmonary fibrosis,positive,positive,False,,"Patient is known to have pulmonary fibrosis, honeycombing and subpleural fibrosis, better assessed on the prior CT scan. | Allowing for differences in modality, the overall pattern of pulmonary fibrosis appears similar. | The rightward deviation of the trachea is stable from prior exam, likely reflecting retraction from asymmetric pulmonary fibrosis in the right upper lung. | Extensive pulmonary fibrosis, similar in overall pattern from prior exam."
10141364,52166000,/mnt/c/Users/Zila/Downloads/BN5212/MIMIC-CXR/p10/p10/p10141364/s52166000.txt,Pneumonia,positive,positive,False,,"Observed findings likely represent a progressive multifocal pneumonia, but a component of coexisting pulmonary edema is possible."
10141364,52166000,/mnt/c/Users/Zila/Downloads/BN5212/MIMIC-CXR/p10/p10/p10141364/s52166000.txt,Pulmonary edema,uncertain,uncertain,True,,"Observed findings likely represent a progressive multifocal pneumonia, but a component of coexisting pulmonary edema is possible."
10141364,52627844,/mnt/c/Users/Zila/Downloads/BN5212/MIMIC-CXR/p10/p10/p10141364/s52627844.txt,Pleural effusion,negative,negative,False,,There is no pleural effusion or pneumothorax.
10141364,54003357,/mnt/c/Users/Zila/Downloads/BN5212/MIMIC-CXR/p10/p10/p10141364/s54003357.txt,Pleural effusion,conflicting,negative|positive,True,,There is no appreciable pleural effusion. | Pleural effusion is small if any.
10141364,54175831,/mnt/c/Users/Zila/Downloads/BN5212/MIMIC-CXR/p10/p10/p10141364/s54175831.txt,Edema,positive,positive,False,,"Widespread, diffuse, largely interstitial edema is unchanged since ___."
10141364,54175831,/mnt/c/Users/Zila/Downloads/BN5212/MIMIC-CXR/p10/p10/p10141364/s54175831.txt,Pleural effusion,positive,positive,False,,Small right pleural effusion may be present. | Pleural effusion is small if any at all and there is no indication of pneumothorax.
10141364,54252162,/mnt/c/Users/Zila/Downloads/BN5212/MIMIC-CXR/p10/p10/p10141364/s54252162.txt,Pneumonia,negative,negative,False,,There is no evidence of pneumonia.
10141364,54824669,/mnt/c/Users/Zila/Downloads/BN5212/MIMIC-CXR/p10/p10/p10141364/s54824669.txt,Pleural effusion,positive,positive,False,,"Diffuse predominantly interstitial opacity suggesting multifocal pneumonia and blunting of the left costophrenic sinus, likely caused by a small pleural effusion."
10141364,54824669,/mnt/c/Users/Zila/Downloads/BN5212/MIMIC-CXR/p10/p10/p10141364/s54824669.txt,Pneumonia,positive,positive,False,,"Diffuse predominantly interstitial opacity suggesting multifocal pneumonia and blunting of the left costophrenic sinus, likely caused by a small pleural effusion."
10141364,55006401,/mnt/c/Users/Zila/Downloads/BN5212/MIMIC-CXR/p10/p10/p10141364/s55006401.txt,Pulmonary edema,positive,positive,False,,"Asymmetric pulmonary opacities, right greater than left is again present consistent with pulmonary edema. | Asymmetric pulmonary edema."
10141364,56176263,/mnt/c/Users/Zila/Downloads/BN5212/MIMIC-CXR/p10/p10/p10141364/s56176263.txt,Pneumonia,uncertain,uncertain,True,,Difficult to exclude a superimposed subtle pneumonia.
10141364,56176263,/mnt/c/Users/Zila/Downloads/BN5212/MIMIC-CXR/p10/p10/p10141364/s56176263.txt,Pulmonary fibrosis,positive,positive,False,,"Overall, there has been slight interval progression in overall degree of interstitial pulmonary fibrosis as compared with ___ radiograph. | Interval progression of pulmonary fibrosis compared with ___."
10141364,57076658,/mnt/c/Users/Zila/Downloads/BN5212/MIMIC-CXR/p10/p10/p10141364/s57076658.txt,Pneumonia,positive,positive,False,,"There continues to be bilateral diffuse airspace process which would be consistent with ARDS, although diffuse pneumonia and severe pulmonary edema could have a similar imaging appearance."
10141364,57076658,/mnt/c/Users/Zila/Downloads/BN5212/MIMIC-CXR/p10/p10/p10141364/s57076658.txt,Pulmonary edema,positive,positive,False,,"There continues to be bilateral diffuse airspace process which would be consistent with ARDS, although diffuse pneumonia and severe pulmonary edema could have a similar imaging appearance."
10141364,57432650,/mnt/c/Users/Zila/Downloads/BN5212/MIMIC-CXR/p10/p10/p10141364/s57432650.txt,Pleural effusion,positive,positive,False,,Pleural effusion is small if any.
10141364,57466679,/mnt/c/Users/Zila/Downloads/BN5212/MIMIC-CXR/p10/p10/p10141364/s57466679.txt,Pleural effusion,positive,positive,False,,There is likely a small left pleural effusion.
10141364,57466679,/mnt/c/Users/Zila/Downloads/BN5212/MIMIC-CXR/p10/p10/p10141364/s57466679.txt,Pneumonia,positive,positive,False,,Worsened bilateral interstitial opacities consistent with multifocal pneumonia.
10141364,57510032,/mnt/c/Users/Zila/Downloads/BN5212/MIMIC-CXR/p10/p10/p10141364/s57510032.txt,Pneumonia,uncertain,uncertain,True,,Extensive right lung opacification and patchy left basilar opacity concerning for multifocal pneumonia.
10141364,58570511,/mnt/c/Users/Zila/Downloads/BN5212/MIMIC-CXR/p10/p10/p10141364/s58570511.txt,Pleural effusion,uncertain,uncertain,True,,The presence of a small left pleural effusion cannot be excluded.
10141364,59338846,/mnt/c/Users/Zila/Downloads/BN5212/MIMIC-CXR/p10/p10/p10141364/s59338846.txt,Pleural effusion,positive,positive,False,,At least a small right pleural effusion is presumed.
10141505,54175429,/mnt/c/Users/Zila/Downloads/BN5212/MIMIC-CXR/p10/p10/p10141505/s54175429.txt,Pleural effusion,negative,negative,False,,No pleural effusion or pneumothorax.
10141505,55651419,/mnt/c/Users/Zila/Downloads/BN5212/MIMIC-CXR/p10/p10/p10141505/s55651419.txt,Pneumonia,negative,negative,False,,No radiographic evidence of pneumonia.
10141505,55651419,/mnt/c/Users/Zila/Downloads/BN5212/MIMIC-CXR/p10/p10/p10141505/s55651419.txt,Scoliosis,uncertain,uncertain,True,,"A chest CT performed in ___ demonstrated no evidence of a right hilar mass, and the observed asymmetry is probably due to a combination of a slight rotation related to mild scoliosis and a prominent pulmonary vascularity."
10141505,56839567,/mnt/c/Users/Zila/Downloads/BN5212/MIMIC-CXR/p10/p10/p10141505/s56839567.txt,Pleural effusion,negative,negative,False,,No pleural effusion or pneumothorax.
10141505,56839567,/mnt/c/Users/Zila/Downloads/BN5212/MIMIC-CXR/p10/p10/p10141505/s56839567.txt,Pneumonia,negative,negative,False,,No evidence of pneumonia.
10141559,55460747,/mnt/c/Users/Zila/Downloads/BN5212/MIMIC-CXR/p10/p10/p10141559/s55460747.txt,Pleural effusion,negative,negative,False,,No pleural effusion.
10141559,55460747,/mnt/c/Users/Zila/Downloads/BN5212/MIMIC-CXR/p10/p10/p10141559/s55460747.txt,Pulmonary edema,negative,negative,False,,No pulmonary edema.
10141559,57909972,/mnt/c/Users/Zila/Downloads/BN5212/MIMIC-CXR/p10/p10/p10141559/s57909972.txt,Cardiomegaly,positive,positive,False,,"There is mild cardiomegaly, slightly increased in size compared to the prior exam from ___. | Interval increase in mild cardiomegaly with mild pulmonary edema, suggestive of heart failure."
10141559,57909972,/mnt/c/Users/Zila/Downloads/BN5212/MIMIC-CXR/p10/p10/p10141559/s57909972.txt,Heart failure,uncertain,uncertain,True,,"Interval increase in mild cardiomegaly with mild pulmonary edema, suggestive of heart failure."
10141559,57909972,/mnt/c/Users/Zila/Downloads/BN5212/MIMIC-CXR/p10/p10/p10141559/s57909972.txt,Pleural effusion,negative,negative,False,,There is no pleural effusion or pneumothorax.
10141559,57909972,/mnt/c/Users/Zila/Downloads/BN5212/MIMIC-CXR/p10/p10/p10141559/s57909972.txt,Pulmonary edema,positive,positive,False,,"There is mild pulmonary vascular congestion with mild pulmonary edema, otherwise the hilar and mediastinal contours are normal. | Interval increase in mild cardiomegaly with mild pulmonary edema, suggestive of heart failure."
10141559,59576333,/mnt/c/Users/Zila/Downloads/BN5212/MIMIC-CXR/p10/p10/p10141559/s59576333.txt,Pleural effusion,negative,negative,False,,There is no pneumothorax or pleural effusion.
10141577,57173218,/mnt/c/Users/Zila/Downloads/BN5212/MIMIC-CXR/p10/p10/p10141577/s57173218.txt,Pleural effusion,positive,positive,False,,Interval decrease in left lower lobe atelectasis and left pleural effusion with no interval change in small right pleural effusion. | Mild interval decrease in left lower lobe atelectasis and pleural effusion with unchanged small right pleural effusion.
10141577,57173218,/mnt/c/Users/Zila/Downloads/BN5212/MIMIC-CXR/p10/p10/p10141577/s57173218.txt,Pulmonary edema,negative,negative,False,,"No new focal opacity, pneumothorax or pulmonary edema."
10141577,59150196,/mnt/c/Users/Zila/Downloads/BN5212/MIMIC-CXR/p10/p10/p10141577/s59150196.txt,Pleural effusion,positive,positive,False,,There is increasing consolidation in the left lung base with an associated pleural effusion which has also increased.
10141577,59150196,/mnt/c/Users/Zila/Downloads/BN5212/MIMIC-CXR/p10/p10/p10141577/s59150196.txt,Pneumonia,positive,positive,False,,"These findings are most consistent with partial lower lobe atelectasis, although pneumonia should also be considered."
10141577,59150196,/mnt/c/Users/Zila/Downloads/BN5212/MIMIC-CXR/p10/p10/p10141577/s59150196.txt,Pulmonary edema,negative,negative,False,,No evidence of pulmonary edema.
10141577,59164443,/mnt/c/Users/Zila/Downloads/BN5212/MIMIC-CXR/p10/p10/p10141577/s59164443.txt,Pleural effusion,positive,positive,False,,Mild interval increase in retrocardiac opacity from moderate atelectasis and left pleural effusion. | Mild interval increase in left lower lobe atelectasis and pleural effusion.
10141577,59612313,/mnt/c/Users/Zila/Downloads/BN5212/MIMIC-CXR/p10/p10/p10141577/s59612313.txt,Cardiomegaly,positive,positive,False,,Moderate cardiomegaly and mitral valve prosthesis are unchanged.
10141577,59612313,/mnt/c/Users/Zila/Downloads/BN5212/MIMIC-CXR/p10/p10/p10141577/s59612313.txt,Pleural effusion,conflicting,negative|positive,True,,"There is no pneumothorax or right pleural effusion. | Diagnostic considerations include pneumonia with pleural effusion, post-pericardiotomy syndrome, airway obstruction and diaphragmatic paralysis, though this is less likely given the normal position of the colonic and gastric air bubbles."
10141577,59612313,/mnt/c/Users/Zila/Downloads/BN5212/MIMIC-CXR/p10/p10/p10141577/s59612313.txt,Pneumonia,positive,positive,False,,"Diagnostic considerations include pneumonia with pleural effusion, post-pericardiotomy syndrome, airway obstruction and diaphragmatic paralysis, though this is less likely given the normal position of the colonic and gastric air bubbles."
10141695,52995594,/mnt/c/Users/Zila/Downloads/BN5212/MIMIC-CXR/p10/p10/p10141695/s52995594.txt,Pneumonia,negative,negative,False,,However no focal consolidation concerning for pneumonia.
10142197,52096619,/mnt/c/Users/Zila/Downloads/BN5212/MIMIC-CXR/p10/p10/p10142197/s52096619.txt,Cardiomegaly,positive,positive,False,,"Cardiomegaly. | Cardiomegaly with prominence of the main pulmonary artery contour, correlate for pulmonary arterial hypertension."
10142197,52096619,/mnt/c/Users/Zila/Downloads/BN5212/MIMIC-CXR/p10/p10/p10142197/s52096619.txt,Hypertension,positive,positive,False,,"Cardiomegaly with prominence of the main pulmonary artery contour, correlate for pulmonary arterial hypertension."
10142197,52096619,/mnt/c/Users/Zila/Downloads/BN5212/MIMIC-CXR/p10/p10/p10142197/s52096619.txt,Pleural effusion,negative,negative,False,,No pleural effusion or pneumothorax is seen.
10142207,56266463,/mnt/c/Users/Zila/Downloads/BN5212/MIMIC-CXR/p10/p10/p10142207/s56266463.txt,Pleural effusion,negative,negative,False,,No definite pleural effusion or substantial volume loss.
10142391,50901503,/mnt/c/Users/Zila/Downloads/BN5212/MIMIC-CXR/p10/p10/p10142391/s50901503.txt,Pleural effusion,negative,negative,False,,"The lungs are clear without focal consolidation, pleural effusion or pneumothorax."
10142391,57030779,/mnt/c/Users/Zila/Downloads/BN5212/MIMIC-CXR/p10/p10/p10142391/s57030779.txt,Pleural effusion,negative,negative,False,,No pleural effusion or pneumothorax is present.
10142413,50983173,/mnt/c/Users/Zila/Downloads/BN5212/MIMIC-CXR/p10/p10/p10142413/s50983173.txt,Pleural effusion,negative,negative,False,,There is no pleural effusion or pneumothorax.
10142447,51019432,/mnt/c/Users/Zila/Downloads/BN5212/MIMIC-CXR/p10/p10/p10142447/s51019432.txt,Pleural effusion,negative,negative,False,,No pleural effusion or pneumothorax is seen.
10142639,56078362,/mnt/c/Users/Zila/Downloads/BN5212/MIMIC-CXR/p10/p10/p10142639/s56078362.txt,Pneumonia,negative,negative,False,,No signs of pneumonia.
10142844,52846456,/mnt/c/Users/Zila/Downloads/BN5212/MIMIC-CXR/p10/p10/p10142844/s52846456.txt,Pneumonia,negative,negative,False,,"No convincing signs of pneumonia, effusion, or pneumothorax."
10142844,54376788,/mnt/c/Users/Zila/Downloads/BN5212/MIMIC-CXR/p10/p10/p10142844/s54376788.txt,Pleural effusion,negative,negative,False,,"No focal consolidation, pleural effusion, or evidence of pneumothorax is seen."
10142844,54376788,/mnt/c/Users/Zila/Downloads/BN5212/MIMIC-CXR/p10/p10/p10142844/s54376788.txt,Pulmonary edema,negative,negative,False,,No overt pulmonary edema is seen.
10142844,56628641,/mnt/c/Users/Zila/Downloads/BN5212/MIMIC-CXR/p10/p10/p10142844/s56628641.txt,Fractures,negative,negative,False,,No displaced rib fractures identified.
10142844,56628641,/mnt/c/Users/Zila/Downloads/BN5212/MIMIC-CXR/p10/p10/p10142844/s56628641.txt,Pleural effusion,negative,negative,False,,No pleural effusion or pneumothorax identified.
10142844,58123495,/mnt/c/Users/Zila/Downloads/BN5212/MIMIC-CXR/p10/p10/p10142844/s58123495.txt,Pleural effusion,negative,negative,False,,There is no pleural effusion or pneumothorax.
10142845,54872340,/mnt/c/Users/Zila/Downloads/BN5212/MIMIC-CXR/p10/p10/p10142845/s54872340.txt,Pulmonary edema,negative,negative,False,,Borderline size of the cardiac silhouette without pulmonary edema.
10143015,51845274,/mnt/c/Users/Zila/Downloads/BN5212/MIMIC-CXR/p10/p10/p10143015/s51845274.txt,Edema,uncertain,uncertain,True,,Findings could represent superimposed asymmetric edema versus infection.
10143015,51845274,/mnt/c/Users/Zila/Downloads/BN5212/MIMIC-CXR/p10/p10/p10143015/s51845274.txt,Pulmonary fibrosis,positive,positive,False,,"Relatively low lung volumes are again noted with diffuse increased interstitial opacities compatible with patient's known history of pulmonary fibrosis. | Increased opacities in the right mid-to-upper lung and potentially left lung base, superimposed on chronic lung disease compatible with patient's known pulmonary fibrosis."
10143015,54818930,/mnt/c/Users/Zila/Downloads/BN5212/MIMIC-CXR/p10/p10/p10143015/s54818930.txt,Pulmonary fibrosis,positive,positive,False,,Stable findings compatible with pulmonary fibrosis.
10143015,55954238,/mnt/c/Users/Zila/Downloads/BN5212/MIMIC-CXR/p10/p10/p10143015/s55954238.txt,Pleural effusion,negative,negative,False,,No substantial pleural effusion or pneumothorax.
10143015,55954238,/mnt/c/Users/Zila/Downloads/BN5212/MIMIC-CXR/p10/p10/p10143015/s55954238.txt,Pulmonary fibrosis,positive,positive,False,,"Widespread severe pulmonary fibrosis is similar to prior with asymmetric right mid and upper lung and left lower lung opacities. | Increased right lower lung opacity with pre-existing right upper and left lower lung opacities, superimposed on background pulmonary fibrosis."
10143015,57326215,/mnt/c/Users/Zila/Downloads/BN5212/MIMIC-CXR/p10/p10/p10143015/s57326215.txt,Heart failure,negative,negative,False,,"Pulmonary fibrosis, with no superimposed findings to suggest clinically suspected congestive heart failure."
10143015,57326215,/mnt/c/Users/Zila/Downloads/BN5212/MIMIC-CXR/p10/p10/p10143015/s57326215.txt,Hypersensitivity pneumonitis,positive,positive,False,,"Given the diffuse distribution and presence of coexisting air trapping on prior CT of ___, chronic hypersensitivity pneumonitis should be considered as a potential etiology."
10143015,57326215,/mnt/c/Users/Zila/Downloads/BN5212/MIMIC-CXR/p10/p10/p10143015/s57326215.txt,Pleural effusion,negative,negative,False,,No pleural effusion.
10143015,57326215,/mnt/c/Users/Zila/Downloads/BN5212/MIMIC-CXR/p10/p10/p10143015/s57326215.txt,Pulmonary fibrosis,positive,positive,False,,"Diffuse coarse interstitial reticular opacities are again demonstrated, consistent with widespread pulmonary fibrosis. | Pulmonary fibrosis, with no superimposed findings to suggest clinically suspected congestive heart failure."
10143015,59849709,/mnt/c/Users/Zila/Downloads/BN5212/MIMIC-CXR/p10/p10/p10143015/s59849709.txt,Edema,positive,positive,False,,Recently reported areas of worsening superimposed opacity in the right upper/mid and left lower lungs have slightly improved and may reflect superimposed acute process such as asymmetrical edema or infection.
10143015,59849709,/mnt/c/Users/Zila/Downloads/BN5212/MIMIC-CXR/p10/p10/p10143015/s59849709.txt,Pulmonary fibrosis,positive,positive,False,,Widespread pulmonary fibrosis is again demonstrated.
10143090,54936434,/mnt/c/Users/Zila/Downloads/BN5212/MIMIC-CXR/p10/p10/p10143090/s54936434.txt,Pleural effusion,negative,negative,False,,"The heart is normal in size and there is no vascular congestion, pleural effusion, or acute focal pneumonia."
10143090,54936434,/mnt/c/Users/Zila/Downloads/BN5212/MIMIC-CXR/p10/p10/p10143090/s54936434.txt,Pneumonia,negative,negative,False,,"The heart is normal in size and there is no vascular congestion, pleural effusion, or acute focal pneumonia."
10143118,59546371,/mnt/c/Users/Zila/Downloads/BN5212/MIMIC-CXR/p10/p10/p10143118/s59546371.txt,Pleural effusion,negative,negative,False,,"No focal consolidation, pleural effusion, or evidence of pneumothorax is seen."
10143118,59546371,/mnt/c/Users/Zila/Downloads/BN5212/MIMIC-CXR/p10/p10/p10143118/s59546371.txt,Pulmonary edema,negative,negative,False,,No overt pulmonary edema is seen.
10143303,51999072,/mnt/c/Users/Zila/Downloads/BN5212/MIMIC-CXR/p10/p10/p10143303/s51999072.txt,Pleural effusion,negative,negative,False,,No pleural effusion or pneumothorax is present.
10143571,51620571,/mnt/c/Users/Zila/Downloads/BN5212/MIMIC-CXR/p10/p10/p10143571/s51620571.txt,Pleural effusion,negative,negative,False,,"There is no evidence of pneumonia, pneumothorax, or pleural effusion."
10143571,51620571,/mnt/c/Users/Zila/Downloads/BN5212/MIMIC-CXR/p10/p10/p10143571/s51620571.txt,Pneumonia,negative,negative,False,,"There is no evidence of pneumonia, pneumothorax, or pleural effusion."
10143711,53622177,/mnt/c/Users/Zila/Downloads/BN5212/MIMIC-CXR/p10/p10/p10143711/s53622177.txt,Pleural effusion,negative,negative,False,,No pleural effusion.
10143711,53622177,/mnt/c/Users/Zila/Downloads/BN5212/MIMIC-CXR/p10/p10/p10143711/s53622177.txt,Pulmonary edema,positive,positive,False,,There is mild to moderate vascular congestion and pulmonary edema. | Mild to moderate pulmonary edema.
10143711,57365865,/mnt/c/Users/Zila/Downloads/BN5212/MIMIC-CXR/p10/p10/p10143711/s57365865.txt,Cardiomegaly,positive,positive,False,,"Moderate cardiomegaly is not significantly changed compared to the most recent study from ___, allowing for differences in technique. | Unchanged moderate cardiomegaly."
10143711,57365865,/mnt/c/Users/Zila/Downloads/BN5212/MIMIC-CXR/p10/p10/p10143711/s57365865.txt,Emphysema,positive,positive,False,,"Changes compatible with emphysema are seen within the upper aspects of both lungs, right greater than left."
10143896,57805043,/mnt/c/Users/Zila/Downloads/BN5212/MIMIC-CXR/p10/p10/p10143896/s57805043.txt,Pleural effusion,negative,negative,False,,No pleural effusion or pneumothorax is seen.
10144083,55439095,/mnt/c/Users/Zila/Downloads/BN5212/MIMIC-CXR/p10/p10/p10144083/s55439095.txt,Pleural effusion,negative,negative,False,,"There is no definite focal consolidation, pleural effusion or pneumothorax."
10144089,54466180,/mnt/c/Users/Zila/Downloads/BN5212/MIMIC-CXR/p10/p10/p10144089/s54466180.txt,Edema,positive,positive,False,,"The lungs show retrocardiac atelectasis and edema, although aspiration is also a consideration."
10144089,54466180,/mnt/c/Users/Zila/Downloads/BN5212/MIMIC-CXR/p10/p10/p10144089/s54466180.txt,Pleural effusion,negative,negative,False,,There is no large pleural effusion or pneumothorax.
10144239,56801750,/mnt/c/Users/Zila/Downloads/BN5212/MIMIC-CXR/p10/p10/p10144239/s56801750.txt,Pleural effusion,negative,negative,False,,There is no pleural effusion or pneumothorax.
10144239,58177856,/mnt/c/Users/Zila/Downloads/BN5212/MIMIC-CXR/p10/p10/p10144239/s58177856.txt,Pleural effusion,negative,negative,False,,There is no pneumothorax or pleural effusion.
10144359,51101501,/mnt/c/Users/Zila/Downloads/BN5212/MIMIC-CXR/p10/p10/p10144359/s51101501.txt,Pleural effusion,negative,negative,False,,"There is no pleural effusion, focal consolidation or pneumothorax identified."
10144359,51101501,/mnt/c/Users/Zila/Downloads/BN5212/MIMIC-CXR/p10/p10/p10144359/s51101501.txt,Pneumonia,positive,positive,False,,"Infection, particularly atypical pneumonia however, is not completely excluded in the correct clinical setting."
10144359,51101501,/mnt/c/Users/Zila/Downloads/BN5212/MIMIC-CXR/p10/p10/p10144359/s51101501.txt,Pulmonary edema,negative,negative,False,,There is crowding of bronchovascular structures without overt pulmonary edema.
10144359,53063959,/mnt/c/Users/Zila/Downloads/BN5212/MIMIC-CXR/p10/p10/p10144359/s53063959.txt,Edema,negative,negative,False,,"There is prominence of the central pulmonary vasculature, also similar to the prior examination, without definite edema."
10144359,53063959,/mnt/c/Users/Zila/Downloads/BN5212/MIMIC-CXR/p10/p10/p10144359/s53063959.txt,Pleural effusion,negative,negative,False,,There is no pleural effusion or pneumothorax.
10144359,53495959,/mnt/c/Users/Zila/Downloads/BN5212/MIMIC-CXR/p10/p10/p10144359/s53495959.txt,Pneumonia,positive,positive,False,,"Densities in right lower lobe, consistent with pneumonia."
10144406,50348645,/mnt/c/Users/Zila/Downloads/BN5212/MIMIC-CXR/p10/p10/p10144406/s50348645.txt,Pneumonia,negative,negative,False,,No convincing evidence for pneumonia.
10144406,53849357,/mnt/c/Users/Zila/Downloads/BN5212/MIMIC-CXR/p10/p10/p10144406/s53849357.txt,Pleural effusion,negative,negative,False,,No pleural effusion or pneumothorax is seen.
10144406,54516541,/mnt/c/Users/Zila/Downloads/BN5212/MIMIC-CXR/p10/p10/p10144406/s54516541.txt,Pleural effusion,negative,negative,False,,"There is no evidence of acute pneumonia, vascular congestion, or pleural effusion."
10144406,54516541,/mnt/c/Users/Zila/Downloads/BN5212/MIMIC-CXR/p10/p10/p10144406/s54516541.txt,Pneumonia,negative,negative,False,,"There is no evidence of acute pneumonia, vascular congestion, or pleural effusion."
10144569,51128682,/mnt/c/Users/Zila/Downloads/BN5212/MIMIC-CXR/p10/p10/p10144569/s51128682.txt,Pleural effusion,negative,negative,False,,No pleural effusion or pneumothorax is seen.
10144569,51128682,/mnt/c/Users/Zila/Downloads/BN5212/MIMIC-CXR/p10/p10/p10144569/s51128682.txt,Pulmonary edema,negative,negative,False,,There is no pulmonary edema.
10144569,54668346,/mnt/c/Users/Zila/Downloads/BN5212/MIMIC-CXR/p10/p10/p10144569/s54668346.txt,Pleural effusion,negative,negative,False,,No appreciable pleural effusion.
10144569,54816756,/mnt/c/Users/Zila/Downloads/BN5212/MIMIC-CXR/p10/p10/p10144569/s54816756.txt,Pleural effusion,negative,negative,False,,There is no pleural effusion or pneumothorax.
10144569,57864663,/mnt/c/Users/Zila/Downloads/BN5212/MIMIC-CXR/p10/p10/p10144569/s57864663.txt,Pleural effusion,negative,negative,False,,No pleural effusion or pneumothorax.
10144569,59187161,/mnt/c/Users/Zila/Downloads/BN5212/MIMIC-CXR/p10/p10/p10144569/s59187161.txt,Pneumonia,negative,negative,False,,No significant interval changes or evidence of pneumonia
10144872,53699237,/mnt/c/Users/Zila/Downloads/BN5212/MIMIC-CXR/p10/p10/p10144872/s53699237.txt,Edema,negative,negative,False,,The lungs are clear without consolidation or edema.
10144872,53699237,/mnt/c/Users/Zila/Downloads/BN5212/MIMIC-CXR/p10/p10/p10144872/s53699237.txt,Pleural effusion,negative,negative,False,,There is no pleural effusion or pneumothorax.
10145222,50808951,/mnt/c/Users/Zila/Downloads/BN5212/MIMIC-CXR/p10/p10/p10145222/s50808951.txt,Pleural effusion,negative,negative,False,,"No pneumonia, no pleural effusion, no pneumothorax."
10145222,50808951,/mnt/c/Users/Zila/Downloads/BN5212/MIMIC-CXR/p10/p10/p10145222/s50808951.txt,Pneumonia,negative,negative,False,,"No pneumonia, no pleural effusion, no pneumothorax."
10145222,50808951,/mnt/c/Users/Zila/Downloads/BN5212/MIMIC-CXR/p10/p10/p10145222/s50808951.txt,Pulmonary edema,negative,negative,False,,No pulmonary edema.
10145301,55789030,/mnt/c/Users/Zila/Downloads/BN5212/MIMIC-CXR/p10/p10/p10145301/s55789030.txt,Pleural effusion,negative,negative,False,,There is no pleural effusion or pneumothorax.
10145374,52207654,/mnt/c/Users/Zila/Downloads/BN5212/MIMIC-CXR/p10/p10/p10145374/s52207654.txt,Pleural effusion,negative,negative,False,,"No pleural effusion, new focal consolidation or pneumothorax is present."
10145374,52207654,/mnt/c/Users/Zila/Downloads/BN5212/MIMIC-CXR/p10/p10/p10145374/s52207654.txt,Pulmonary edema,negative,negative,False,,There is no pulmonary edema.
10145374,53602703,/mnt/c/Users/Zila/Downloads/BN5212/MIMIC-CXR/p10/p10/p10145374/s53602703.txt,Pulmonary edema,negative,negative,False,,"There is no frank pulmonary edema, pleural effusions or focal consolidation."
10145540,50078781,/mnt/c/Users/Zila/Downloads/BN5212/MIMIC-CXR/p10/p10/p10145540/s50078781.txt,Pleural effusion,negative,negative,False,,There is no pleural effusion or pneumothorax.
10145540,51265383,/mnt/c/Users/Zila/Downloads/BN5212/MIMIC-CXR/p10/p10/p10145540/s51265383.txt,Pleural effusion,negative,negative,False,,There is no pleural effusion or pneumothorax.
10145540,52539681,/mnt/c/Users/Zila/Downloads/BN5212/MIMIC-CXR/p10/p10/p10145540/s52539681.txt,Cardiomegaly,positive,positive,False,,Stable mild cardiomegaly.
10145540,52539681,/mnt/c/Users/Zila/Downloads/BN5212/MIMIC-CXR/p10/p10/p10145540/s52539681.txt,Pleural effusion,negative,negative,False,,"The lungs are clear without focal consolidation, pleural effusion or pneumothorax."
10145540,54130900,/mnt/c/Users/Zila/Downloads/BN5212/MIMIC-CXR/p10/p10/p10145540/s54130900.txt,Pleural effusion,negative,negative,False,,There is no pleural effusion or pneumothorax.
10145540,54716374,/mnt/c/Users/Zila/Downloads/BN5212/MIMIC-CXR/p10/p10/p10145540/s54716374.txt,Cardiomegaly,positive,positive,False,,Mild cardiomegaly without convincing signs of pneumonia or CHF.
10145540,54716374,/mnt/c/Users/Zila/Downloads/BN5212/MIMIC-CXR/p10/p10/p10145540/s54716374.txt,Edema,negative,negative,False,,No overt edema.
10145540,54716374,/mnt/c/Users/Zila/Downloads/BN5212/MIMIC-CXR/p10/p10/p10145540/s54716374.txt,Pneumonia,negative,negative,False,,Mild cardiomegaly without convincing signs of pneumonia or CHF.
10145540,55207194,/mnt/c/Users/Zila/Downloads/BN5212/MIMIC-CXR/p10/p10/p10145540/s55207194.txt,Fractures,negative,negative,False,,No displaced rib fractures are identified.
10145540,55207194,/mnt/c/Users/Zila/Downloads/BN5212/MIMIC-CXR/p10/p10/p10145540/s55207194.txt,Pleural effusion,negative,negative,False,,There is no pleural effusion or pneumothorax.
10145540,55207194,/mnt/c/Users/Zila/Downloads/BN5212/MIMIC-CXR/p10/p10/p10145540/s55207194.txt,Splenomegaly,positive,positive,False,,Mild bilateral gynecomastia and splenomegaly are again suggested.
10145540,55521535,/mnt/c/Users/Zila/Downloads/BN5212/MIMIC-CXR/p10/p10/p10145540/s55521535.txt,Pleural effusion,negative,negative,False,,No pleural effusion or pneumothorax is seen.
10145540,55521535,/mnt/c/Users/Zila/Downloads/BN5212/MIMIC-CXR/p10/p10/p10145540/s55521535.txt,Pneumonia,negative,negative,False,,No definite focal consolidation to suggest pneumonia.
10145540,57824903,/mnt/c/Users/Zila/Downloads/BN5212/MIMIC-CXR/p10/p10/p10145540/s57824903.txt,Cardiomegaly,positive,positive,False,,"Cardiomegaly is substantial, progressed since the prior study but potentially exaggerated by low lung volumes."
10145540,57824903,/mnt/c/Users/Zila/Downloads/BN5212/MIMIC-CXR/p10/p10/p10145540/s57824903.txt,Hand,positive,positive,False,,On the other hand giving such a right PICC change interval development or pericardial effusion cannot be excluded.
10145540,57824903,/mnt/c/Users/Zila/Downloads/BN5212/MIMIC-CXR/p10/p10/p10145540/s57824903.txt,Pulmonary edema,positive,positive,False,,"There is mild pulmonary edema, bilateral pleural effusions, right more than left and bibasal consolidations."
10145540,59816366,/mnt/c/Users/Zila/Downloads/BN5212/MIMIC-CXR/p10/p10/p10145540/s59816366.txt,Pleural effusion,negative,negative,False,,No pleural effusion or pneumothorax is seen.
10145553,54510240,/mnt/c/Users/Zila/Downloads/BN5212/MIMIC-CXR/p10/p10/p10145553/s54510240.txt,Pleural effusion,negative,negative,False,,There is no pleural effusion or pneumothorax.
10145553,55199151,/mnt/c/Users/Zila/Downloads/BN5212/MIMIC-CXR/p10/p10/p10145553/s55199151.txt,Pleural effusion,negative,negative,False,,There is no pleural effusion.
10145553,59304812,/mnt/c/Users/Zila/Downloads/BN5212/MIMIC-CXR/p10/p10/p10145553/s59304812.txt,Pleural effusion,negative,negative,False,,There is no pleural effusion or pneumothorax.
10145553,59304812,/mnt/c/Users/Zila/Downloads/BN5212/MIMIC-CXR/p10/p10/p10145553/s59304812.txt,Pneumonia,negative,negative,False,,No evidence of pneumonia.
10145888,51696404,/mnt/c/Users/Zila/Downloads/BN5212/MIMIC-CXR/p10/p10/p10145888/s51696404.txt,Fractures,negative,negative,False,,No acute fractures are identified.
10145888,51696404,/mnt/c/Users/Zila/Downloads/BN5212/MIMIC-CXR/p10/p10/p10145888/s51696404.txt,Pleural effusion,positive,positive|uncertain,True,,There is minimal right basal atelectasis and minimal blunting of the left hemidiaphragm suggestive of a small left pleural effusion. | Small left pleural effusion with no acute cardiopulmonary process.
10145972,55402911,/mnt/c/Users/Zila/Downloads/BN5212/MIMIC-CXR/p10/p10/p10145972/s55402911.txt,Loss of height,positive,positive,False,,Mild loss of height of a mid thoracic vertebral body is of indeterminate age.
10145972,55402911,/mnt/c/Users/Zila/Downloads/BN5212/MIMIC-CXR/p10/p10/p10145972/s55402911.txt,Pleural effusion,negative,negative,False,,No pleural effusion or pneumothorax is identified.
10146281,51646910,/mnt/c/Users/Zila/Downloads/BN5212/MIMIC-CXR/p10/p10/p10146281/s51646910.txt,Pleural effusion,negative,negative,False,,No pleural effusion or pneumothorax is seen.
10146281,52926365,/mnt/c/Users/Zila/Downloads/BN5212/MIMIC-CXR/p10/p10/p10146281/s52926365.txt,Pleural effusion,negative,negative,False,,"There is no focal consolidation, pleural effusion, or pneumothorax."
10146311,56184592,/mnt/c/Users/Zila/Downloads/BN5212/MIMIC-CXR/p10/p10/p10146311/s56184592.txt,Pleural effusion,negative,negative,False,,No pleural effusion or pneumothorax is seen.
10146311,59720163,/mnt/c/Users/Zila/Downloads/BN5212/MIMIC-CXR/p10/p10/p10146311/s59720163.txt,Pleural effusion,negative,negative,False,,There is no pleural effusion or pneumothorax.
10146602,52085847,/mnt/c/Users/Zila/Downloads/BN5212/MIMIC-CXR/p10/p10/p10146602/s52085847.txt,Pulmonary edema,negative,negative,False,,No pulmonary edema.
10146602,52162525,/mnt/c/Users/Zila/Downloads/BN5212/MIMIC-CXR/p10/p10/p10146602/s52162525.txt,Pleural effusion,negative,negative,False,,"Otherwise, the lungs are relatively well inflated, with no focal consolidation, large pleural effusion, or pneumothorax."
10146602,52221045,/mnt/c/Users/Zila/Downloads/BN5212/MIMIC-CXR/p10/p10/p10146602/s52221045.txt,Emphysema,positive,positive,False,,"Increasing amount of subcutaneous emphysema which would be concerning for an air leak. | No pneumothorax is appreciated, although it is somewhat challenging due to the extensive overlying subcutaneous emphysema."
10146602,52221045,/mnt/c/Users/Zila/Downloads/BN5212/MIMIC-CXR/p10/p10/p10146602/s52221045.txt,Pneumonia,negative,negative,False,,No focal airspace consolidation seen to suggest pneumonia.
10146602,54701974,/mnt/c/Users/Zila/Downloads/BN5212/MIMIC-CXR/p10/p10/p10146602/s54701974.txt,Emphysema,positive,positive,False,,Frontal and lateral radiographs of the chest demonstrate marked improvement in subcutaneous emphysema involving the neck and right chest wall. | Minimal subcutaneous emphysema persists. | Interval improvement in subcutaneous emphysema involving the right chest wall and neck.
10146602,54701974,/mnt/c/Users/Zila/Downloads/BN5212/MIMIC-CXR/p10/p10/p10146602/s54701974.txt,Pleural effusion,negative,negative,False,,No pleural effusion is seen.
10146602,54701974,/mnt/c/Users/Zila/Downloads/BN5212/MIMIC-CXR/p10/p10/p10146602/s54701974.txt,Pneumonia,negative,negative,False,,No areas of focal opacity are seen concerning for pneumonia.
10146602,54990601,/mnt/c/Users/Zila/Downloads/BN5212/MIMIC-CXR/p10/p10/p10146602/s54990601.txt,Emphysema,positive,positive,False,,There continues to be extensive subcutaneous emphysema involving the right chest wall soft tissues and extending up to both sides of the neck with some more air now seen tracking in the left neck soft tissues when compared to the prior studies.
10146602,54990601,/mnt/c/Users/Zila/Downloads/BN5212/MIMIC-CXR/p10/p10/p10146602/s54990601.txt,Pneumonia,negative,negative,False,,No focal airspace consolidation is seen to suggest pneumonia.
10146602,54990601,/mnt/c/Users/Zila/Downloads/BN5212/MIMIC-CXR/p10/p10/p10146602/s54990601.txt,Pulmonary edema,negative,negative,False,,No evidence of pulmonary edema.
10146602,55984261,/mnt/c/Users/Zila/Downloads/BN5212/MIMIC-CXR/p10/p10/p10146602/s55984261.txt,Hemorrhage,positive,positive,False,,Extent of hemorrhage in the right upper lobe has decreased.
10146602,55984261,/mnt/c/Users/Zila/Downloads/BN5212/MIMIC-CXR/p10/p10/p10146602/s55984261.txt,Pleural effusion,negative,negative,False,,No appreciable pneumothorax or pleural effusion.
10146602,56299651,/mnt/c/Users/Zila/Downloads/BN5212/MIMIC-CXR/p10/p10/p10146602/s56299651.txt,Pleural effusion,conflicting,negative|positive,True,,There has been interval resolution of the right-sided pleural effusion. | The left-sided pleural effusion persistent.
10146602,57743324,/mnt/c/Users/Zila/Downloads/BN5212/MIMIC-CXR/p10/p10/p10146602/s57743324.txt,Pneumonia,positive,positive,False,,"In the appropriate clinical setting, the possibility of supervening pneumonia would have to be considered."
10146602,58060815,/mnt/c/Users/Zila/Downloads/BN5212/MIMIC-CXR/p10/p10/p10146602/s58060815.txt,Emphysema,positive,positive,False,,"Overall, there continues to be extensive subcutaneous emphysema involving the right lateral chest wall soft tissues and extending into the soft tissues of the neck."
10146602,58060815,/mnt/c/Users/Zila/Downloads/BN5212/MIMIC-CXR/p10/p10/p10146602/s58060815.txt,Pneumonia,negative,negative,False,,No pulmonary edema or focal airspace consolidation to suggest pneumonia.
10146602,58060815,/mnt/c/Users/Zila/Downloads/BN5212/MIMIC-CXR/p10/p10/p10146602/s58060815.txt,Pulmonary edema,negative,negative,False,,No pulmonary edema or focal airspace consolidation to suggest pneumonia.
10146602,58110651,/mnt/c/Users/Zila/Downloads/BN5212/MIMIC-CXR/p10/p10/p10146602/s58110651.txt,Hemorrhage,negative,negative,False,,Interval resolution of right upper lobe hemorrhage and small pneumatoceles.
10146602,58110651,/mnt/c/Users/Zila/Downloads/BN5212/MIMIC-CXR/p10/p10/p10146602/s58110651.txt,Pleural effusion,negative,negative,False,,There is no pleural effusion or pneumothorax.
10146602,59651572,/mnt/c/Users/Zila/Downloads/BN5212/MIMIC-CXR/p10/p10/p10146602/s59651572.txt,Emphysema,positive,positive,False,,There is increasing right-sided subcutaneous emphysema which may be related to recent chest tube removal or could indicate an air leak.
10146602,59942050,/mnt/c/Users/Zila/Downloads/BN5212/MIMIC-CXR/p10/p10/p10146602/s59942050.txt,Hemorrhage,positive,positive,False,,"Moderate widening of the upper mediastinum is not unusual after median sternotomy and heart surgery, but could be due to hemorrhage."
10146602,59942050,/mnt/c/Users/Zila/Downloads/BN5212/MIMIC-CXR/p10/p10/p10146602/s59942050.txt,Pleural effusion,negative,negative,False,,There is no pneumothorax or appreciable pleural effusion.
10146602,59942050,/mnt/c/Users/Zila/Downloads/BN5212/MIMIC-CXR/p10/p10/p10146602/s59942050.txt,Pulmonary edema,negative,negative,False,,"Pulmonary vasculature is mildly engorged, but there is no pulmonary edema."
10146603,55499730,/mnt/c/Users/Zila/Downloads/BN5212/MIMIC-CXR/p10/p10/p10146603/s55499730.txt,Cardiomegaly,positive,positive,False,,Stable cardiomegaly.
10146603,55499730,/mnt/c/Users/Zila/Downloads/BN5212/MIMIC-CXR/p10/p10/p10146603/s55499730.txt,Fluid overload,negative,negative,False,,No radiographic evidence of fluid overload or pneumonia.
10146603,55499730,/mnt/c/Users/Zila/Downloads/BN5212/MIMIC-CXR/p10/p10/p10146603/s55499730.txt,Pleural effusion,negative,negative,False,,Clear lungs bilaterally without pleural effusion.
10146603,55499730,/mnt/c/Users/Zila/Downloads/BN5212/MIMIC-CXR/p10/p10/p10146603/s55499730.txt,Pneumonia,negative,negative,False,,No radiographic evidence of fluid overload or pneumonia.
10146603,56370963,/mnt/c/Users/Zila/Downloads/BN5212/MIMIC-CXR/p10/p10/p10146603/s56370963.txt,Pleural effusion,negative,negative,False,,No acute focal pneumonia or pleural effusion.
10146603,56370963,/mnt/c/Users/Zila/Downloads/BN5212/MIMIC-CXR/p10/p10/p10146603/s56370963.txt,Pneumonia,negative,negative,False,,No acute focal pneumonia or pleural effusion.
10146603,58969505,/mnt/c/Users/Zila/Downloads/BN5212/MIMIC-CXR/p10/p10/p10146603/s58969505.txt,Cardiomegaly,positive,positive,False,,Mild cardiomegaly is exaggerated by a pectus deformity of the lower sternum.
10146735,51392320,/mnt/c/Users/Zila/Downloads/BN5212/MIMIC-CXR/p10/p10/p10146735/s51392320.txt,Fractures,positive,positive,False,,"Stable right rib fractures, likely chronic on"
10146735,51392320,/mnt/c/Users/Zila/Downloads/BN5212/MIMIC-CXR/p10/p10/p10146735/s51392320.txt,Pleural effusion,positive,positive,False,,Small right pleural effusion is more apparent.
10146735,52092243,/mnt/c/Users/Zila/Downloads/BN5212/MIMIC-CXR/p10/p10/p10146735/s52092243.txt,Cardiomegaly,positive,positive,False,,Moderate cardiomegaly.
10146735,52092243,/mnt/c/Users/Zila/Downloads/BN5212/MIMIC-CXR/p10/p10/p10146735/s52092243.txt,Fluid overload,positive,positive,False,,"In addition, signs of mild fluid overload have developed."
10146735,52092243,/mnt/c/Users/Zila/Downloads/BN5212/MIMIC-CXR/p10/p10/p10146735/s52092243.txt,Pneumonia,positive,positive,False,,"With air bronchograms, likely reflecting pneumonia."
10146735,54631954,/mnt/c/Users/Zila/Downloads/BN5212/MIMIC-CXR/p10/p10/p10146735/s54631954.txt,Pleural effusion,negative,negative,False,,No pleural effusion.
10146735,55231855,/mnt/c/Users/Zila/Downloads/BN5212/MIMIC-CXR/p10/p10/p10146735/s55231855.txt,Pleural effusion,negative,negative,False,,There is no pleural effusion appreciated.
10146735,55795480,/mnt/c/Users/Zila/Downloads/BN5212/MIMIC-CXR/p10/p10/p10146735/s55795480.txt,Pneumonia,negative,negative,False,,"No pulmonary edema, no pneumonia, no pleural effusions."
10146735,55795480,/mnt/c/Users/Zila/Downloads/BN5212/MIMIC-CXR/p10/p10/p10146735/s55795480.txt,Pulmonary edema,negative,negative,False,,"No pulmonary edema, no pneumonia, no pleural effusions."
10146782,51795468,/mnt/c/Users/Zila/Downloads/BN5212/MIMIC-CXR/p10/p10/p10146782/s51795468.txt,Pleural effusion,negative,negative,False,,"No lobar consolidation, pleural effusion, or pneumothorax."
10146782,53371236,/mnt/c/Users/Zila/Downloads/BN5212/MIMIC-CXR/p10/p10/p10146782/s53371236.txt,Bronchitis,positive,positive,False,,Suggestion of bronchial wall thickening which can be seen in the setting of bronchitis.
10146782,55548021,/mnt/c/Users/Zila/Downloads/BN5212/MIMIC-CXR/p10/p10/p10146782/s55548021.txt,Pleural effusion,negative,negative,False,,No pleural effusion or pneumothorax.
10146782,57177786,/mnt/c/Users/Zila/Downloads/BN5212/MIMIC-CXR/p10/p10/p10146782/s57177786.txt,Pleural effusion,negative,negative,False,,"Costophrenic sulci are partly excluded, but there is no evidence for pleural effusion."
10146782,57177786,/mnt/c/Users/Zila/Downloads/BN5212/MIMIC-CXR/p10/p10/p10146782/s57177786.txt,Pneumonia,uncertain,uncertain,True,,Patchy right mid and left lower lung opacities concerning for pneumonia.
10146782,57345772,/mnt/c/Users/Zila/Downloads/BN5212/MIMIC-CXR/p10/p10/p10146782/s57345772.txt,Pneumonia,uncertain,uncertain,True,,"Increased opacity in the right middle lobe, more conspicuous on the frontal exam and potentially due to atelectasis; however, underlying pneumonia is not excluded."
10146782,59300317,/mnt/c/Users/Zila/Downloads/BN5212/MIMIC-CXR/p10/p10/p10146782/s59300317.txt,Pleural effusion,negative,negative,False,,There is no pleural effusion or pneumothorax.
10146904,56250804,/mnt/c/Users/Zila/Downloads/BN5212/MIMIC-CXR/p10/p10/p10146904/s56250804.txt,Pleural effusion,negative,negative,False,,"Frontal and lateral radiographs of the chest show clear lungs without focal consolidation, pleural effusion, or pneumothorax."
10146904,57356902,/mnt/c/Users/Zila/Downloads/BN5212/MIMIC-CXR/p10/p10/p10146904/s57356902.txt,Pleural effusion,negative,negative,False,,No pleural effusion or pneumothorax is visualized.
10146904,57831256,/mnt/c/Users/Zila/Downloads/BN5212/MIMIC-CXR/p10/p10/p10146904/s57831256.txt,Pleural effusion,negative,negative,False,,No pleural effusion or pneumothorax is seen.
10146904,58446407,/mnt/c/Users/Zila/Downloads/BN5212/MIMIC-CXR/p10/p10/p10146904/s58446407.txt,Pleural effusion,negative,negative,False,,"There is no focal airspace opacity, large pleural effusion or pneumothorax."
10146971,53192915,/mnt/c/Users/Zila/Downloads/BN5212/MIMIC-CXR/p10/p10/p10146971/s53192915.txt,Pleural effusion,negative,negative,False,,"There is no focal consolidation, pleural effusion, or pneumothorax."
10146991,53110191,/mnt/c/Users/Zila/Downloads/BN5212/MIMIC-CXR/p10/p10/p10146991/s53110191.txt,Cardiomegaly,positive,positive,False,,"Mild-to-moderate cardiomegaly persists, but pulmonary and mediastinal vasculature are not particularly engorged and there is no edema or pleural effusion."
10146991,53110191,/mnt/c/Users/Zila/Downloads/BN5212/MIMIC-CXR/p10/p10/p10146991/s53110191.txt,Edema,negative,negative,False,,"Mild-to-moderate cardiomegaly persists, but pulmonary and mediastinal vasculature are not particularly engorged and there is no edema or pleural effusion."
10146991,53110191,/mnt/c/Users/Zila/Downloads/BN5212/MIMIC-CXR/p10/p10/p10146991/s53110191.txt,Pleural effusion,negative,negative,False,,"Mild-to-moderate cardiomegaly persists, but pulmonary and mediastinal vasculature are not particularly engorged and there is no edema or pleural effusion."
10146991,54376212,/mnt/c/Users/Zila/Downloads/BN5212/MIMIC-CXR/p10/p10/p10146991/s54376212.txt,Pleural effusion,negative,negative,False,,There is no pleural effusion or pneumothorax.
10147499,52304562,/mnt/c/Users/Zila/Downloads/BN5212/MIMIC-CXR/p10/p10/p10147499/s52304562.txt,Pleural effusion,negative,negative,False,,No pleural effusion or pneumothorax is seen.
10147617,50430914,/mnt/c/Users/Zila/Downloads/BN5212/MIMIC-CXR/p10/p10/p10147617/s50430914.txt,Fractures,negative,negative,False,,No displaced acute fractures seen.
10147617,52453120,/mnt/c/Users/Zila/Downloads/BN5212/MIMIC-CXR/p10/p10/p10147617/s52453120.txt,Fractures,positive,positive,False,,Multiple rib fractures are again seen on the right.
10147617,56711646,/mnt/c/Users/Zila/Downloads/BN5212/MIMIC-CXR/p10/p10/p10147617/s56711646.txt,Fractures,negative,negative,False,,"There is no hematoma or layering pleural effusion associated with the right middle rib fractures of right upper or middle ribs, and the small right apical pneumothorax is smaller."
10147617,56711646,/mnt/c/Users/Zila/Downloads/BN5212/MIMIC-CXR/p10/p10/p10147617/s56711646.txt,Pleural effusion,negative,negative,False,,"There is no hematoma or layering pleural effusion associated with the right middle rib fractures of right upper or middle ribs, and the small right apical pneumothorax is smaller."
10147617,57642139,/mnt/c/Users/Zila/Downloads/BN5212/MIMIC-CXR/p10/p10/p10147617/s57642139.txt,Fractures,negative,negative,False,,There is no hematoma associated with the displaced right posterior rib fractures.
10147617,57642139,/mnt/c/Users/Zila/Downloads/BN5212/MIMIC-CXR/p10/p10/p10147617/s57642139.txt,Pleural effusion,positive,positive,False,,Small right pleural effusion seen on the lateral view only is unchanged.Mediastinum has a normal appearance.
10147617,57844401,/mnt/c/Users/Zila/Downloads/BN5212/MIMIC-CXR/p10/p10/p10147617/s57844401.txt,Fractures,positive,positive,False,,"Minimally displaced rib fractures are unchanged. | Small to moderate, right apical pneumothorax and rib fractures are unchanged from ___."
10147617,57844401,/mnt/c/Users/Zila/Downloads/BN5212/MIMIC-CXR/p10/p10/p10147617/s57844401.txt,Pleural effusion,negative,negative,False,,No pleural effusion.
10147617,59513499,/mnt/c/Users/Zila/Downloads/BN5212/MIMIC-CXR/p10/p10/p10147617/s59513499.txt,Fractures,positive,positive,False,,Rib fractures are unchanged. | Rib fractures are stable.
10148333,58640004,/mnt/c/Users/Zila/Downloads/BN5212/MIMIC-CXR/p10/p10/p10148333/s58640004.txt,Pneumonia,negative,negative,False,,No pneumonia.
10148333,58640004,/mnt/c/Users/Zila/Downloads/BN5212/MIMIC-CXR/p10/p10/p10148333/s58640004.txt,Pulmonary edema,negative,negative,False,,No pulmonary edema.
10148417,52436212,/mnt/c/Users/Zila/Downloads/BN5212/MIMIC-CXR/p10/p10/p10148417/s52436212.txt,Edema,positive,positive,False,,Heterogeneous distribution of consolidation or edema accounts for the apparent worsening of generalized pulmonary abnormality between ___ and current hospitalization.
10148417,52436212,/mnt/c/Users/Zila/Downloads/BN5212/MIMIC-CXR/p10/p10/p10148417/s52436212.txt,Pulmonary fibrosis,positive,positive,False,,Pulmonary fibrosis is severe.
10148417,52506753,/mnt/c/Users/Zila/Downloads/BN5212/MIMIC-CXR/p10/p10/p10148417/s52506753.txt,Pneumonia,positive,positive,False,,"However, the possibility of supervening pneumonia or pulmonary edema would be difficult to exclude radiographically."
10148417,52506753,/mnt/c/Users/Zila/Downloads/BN5212/MIMIC-CXR/p10/p10/p10148417/s52506753.txt,Pulmonary edema,positive,positive,False,,"However, the possibility of supervening pneumonia or pulmonary edema would be difficult to exclude radiographically."
10148417,52506753,/mnt/c/Users/Zila/Downloads/BN5212/MIMIC-CXR/p10/p10/p10148417/s52506753.txt,Pulmonary fibrosis,positive,positive,False,,"Diffuse bilateral pulmonary opacification is again seen, consistent with extensive pulmonary fibrosis."
10148417,52638955,/mnt/c/Users/Zila/Downloads/BN5212/MIMIC-CXR/p10/p10/p10148417/s52638955.txt,Pulmonary edema,positive,positive,False,,"Differential considerations include infection, aspiration, and/or pulmonary edema."
10148417,52726940,/mnt/c/Users/Zila/Downloads/BN5212/MIMIC-CXR/p10/p10/p10148417/s52726940.txt,Pleural effusion,positive,positive,False,,The presence of a small pleural effusion on the left cannot be excluded.
10148417,52789709,/mnt/c/Users/Zila/Downloads/BN5212/MIMIC-CXR/p10/p10/p10148417/s52789709.txt,Pulmonary edema,uncertain,uncertain,True,,"This most likely reflects multifocal pnuemonia, possibly with a component of pulmonary edema."
10148417,53727782,/mnt/c/Users/Zila/Downloads/BN5212/MIMIC-CXR/p10/p10/p10148417/s53727782.txt,Pneumonia,uncertain,uncertain,True,,"Although most of this is probably related to pulmonary edema, superimposed areas of pneumonia must be considered, especially in the mid and lower left lung."
10148417,53727782,/mnt/c/Users/Zila/Downloads/BN5212/MIMIC-CXR/p10/p10/p10148417/s53727782.txt,Pulmonary edema,uncertain,uncertain,True,,"Although most of this is probably related to pulmonary edema, superimposed areas of pneumonia must be considered, especially in the mid and lower left lung."
10148417,53837641,/mnt/c/Users/Zila/Downloads/BN5212/MIMIC-CXR/p10/p10/p10148417/s53837641.txt,Cardiomegaly,positive,positive,False,,Moderate cardiomegaly is longstanding.
10148417,53837641,/mnt/c/Users/Zila/Downloads/BN5212/MIMIC-CXR/p10/p10/p10148417/s53837641.txt,Pleural effusion,positive,positive,False,,"Severe infiltrative pulmonary abnormality asymmetrically distributed because of severe chronic pulmonary fibrosis has not changed appreciably over the past two weeks, except for the accumulation of the small left pleural effusion."
10148417,53837641,/mnt/c/Users/Zila/Downloads/BN5212/MIMIC-CXR/p10/p10/p10148417/s53837641.txt,Pulmonary fibrosis,positive,positive,False,,"Severe infiltrative pulmonary abnormality asymmetrically distributed because of severe chronic pulmonary fibrosis has not changed appreciably over the past two weeks, except for the accumulation of the small left pleural effusion."
10148417,54927021,/mnt/c/Users/Zila/Downloads/BN5212/MIMIC-CXR/p10/p10/p10148417/s54927021.txt,Pneumonia,positive,positive,False,,"In unchanged manner, the overall small lungs are showing extensive bilateral parenchymal opacities, part of which is likely caused by pulmonary edema but part of which could also reflect multifocal pneumonia."
10148417,54927021,/mnt/c/Users/Zila/Downloads/BN5212/MIMIC-CXR/p10/p10/p10148417/s54927021.txt,Pulmonary edema,positive,positive,False,,"In unchanged manner, the overall small lungs are showing extensive bilateral parenchymal opacities, part of which is likely caused by pulmonary edema but part of which could also reflect multifocal pneumonia. | This is particularly evident on the left, where a consolidated lateral lung area does not comply with the typical findings for pulmonary edema."
10148417,55128600,/mnt/c/Users/Zila/Downloads/BN5212/MIMIC-CXR/p10/p10/p10148417/s55128600.txt,Pneumonia,uncertain,uncertain,True,,There are again seen diffuse airspace opacities throughout both lung fields which may represent pneumonia versus ARDS.
10148417,56219492,/mnt/c/Users/Zila/Downloads/BN5212/MIMIC-CXR/p10/p10/p10148417/s56219492.txt,Edema,uncertain,uncertain,True,,"Bilateral multifocal lung opacities on the background of lung fibrosis have worsened in the right upper lung and likely reflect multifocal pneumonia; however, a component of edema is possible."
10148417,56219492,/mnt/c/Users/Zila/Downloads/BN5212/MIMIC-CXR/p10/p10/p10148417/s56219492.txt,Pneumonia,positive,positive,False,,"Bilateral multifocal lung opacities on the background of lung fibrosis have worsened in the right upper lung and likely reflect multifocal pneumonia; however, a component of edema is possible."
10148417,56405804,/mnt/c/Users/Zila/Downloads/BN5212/MIMIC-CXR/p10/p10/p10148417/s56405804.txt,Pneumonia,positive,positive,False,,"More focal airspace opacity at the left base may reflect either superimposed partial lobe atelectasis, although pneumonia or aspiration cannot be entirely excluded."
10148417,56636687,/mnt/c/Users/Zila/Downloads/BN5212/MIMIC-CXR/p10/p10/p10148417/s56636687.txt,Pulmonary edema,negative,negative,False,,Borderline size of the cardiac silhouette without evidence of pulmonary edema.
10148417,57323547,/mnt/c/Users/Zila/Downloads/BN5212/MIMIC-CXR/p10/p10/p10148417/s57323547.txt,Pneumonia,positive,positive,False,,The possibility of supervening pneumonia or pulmonary edema would be very difficult to exclude radiographically.
10148417,57323547,/mnt/c/Users/Zila/Downloads/BN5212/MIMIC-CXR/p10/p10/p10148417/s57323547.txt,Pulmonary edema,positive,positive,False,,The possibility of supervening pneumonia or pulmonary edema would be very difficult to exclude radiographically.
10148417,57323547,/mnt/c/Users/Zila/Downloads/BN5212/MIMIC-CXR/p10/p10/p10148417/s57323547.txt,Pulmonary fibrosis,positive,positive,False,,"In comparison with the study of ___, there is little change in the appearance of the monitoring and support devices or the widespread heterogeneous lung opacities consistent with extensive pulmonary fibrosis."
10148417,58281819,/mnt/c/Users/Zila/Downloads/BN5212/MIMIC-CXR/p10/p10/p10148417/s58281819.txt,Edema,uncertain,uncertain,True,,"As noted previously, the findings are consistent with extensive pulmonary fibrosis, possibly complicated by infection or edema."
10148417,58281819,/mnt/c/Users/Zila/Downloads/BN5212/MIMIC-CXR/p10/p10/p10148417/s58281819.txt,Pulmonary fibrosis,positive,positive,False,,"As noted previously, the findings are consistent with extensive pulmonary fibrosis, possibly complicated by infection or edema."
10148417,58855158,/mnt/c/Users/Zila/Downloads/BN5212/MIMIC-CXR/p10/p10/p10148417/s58855158.txt,Pulmonary edema,uncertain,uncertain,True,,"Overall, cardiomediastinal contours are stable, although difficult to assess due to the diffuse interstitial airspace process, which is essentially unchanged and may represent chronic interstitial changes, although a superimposed acute infectious process or pulmonary edema cannot be excluded."
10148417,59769212,/mnt/c/Users/Zila/Downloads/BN5212/MIMIC-CXR/p10/p10/p10148417/s59769212.txt,Pneumonia,positive,positive,False,,"There are again seen diffuse airspace opacities throughout both lung fields, which are unchanged and can be due to multifocal pneumonia versus ARDS."
10148417,59773136,/mnt/c/Users/Zila/Downloads/BN5212/MIMIC-CXR/p10/p10/p10148417/s59773136.txt,Pulmonary edema,positive,positive,False,,"Lungs are as clear as they have been since the earliest chest radiograph on this admission when pulmonary edema was also present. | Heart size top normal, has improved since ___ when patient may also have been in pulmonary edema."
10148417,59773136,/mnt/c/Users/Zila/Downloads/BN5212/MIMIC-CXR/p10/p10/p10148417/s59773136.txt,Pulmonary fibrosis,positive,positive,False,,Severe pulmonary fibrosis is longstanding.
10148417,59848740,/mnt/c/Users/Zila/Downloads/BN5212/MIMIC-CXR/p10/p10/p10148417/s59848740.txt,Pneumonia,uncertain,uncertain,True,,"There has been very little change in the appearance of the lungs in this patient with severe pulmonary fibrosis over the course of this hospitalization, probably a function of either concurrent pneumonia or acceleration of pulmonary fibrosis."
10148417,59848740,/mnt/c/Users/Zila/Downloads/BN5212/MIMIC-CXR/p10/p10/p10148417/s59848740.txt,Pulmonary fibrosis,positive,positive|uncertain,True,,"There has been very little change in the appearance of the lungs in this patient with severe pulmonary fibrosis over the course of this hospitalization, probably a function of either concurrent pneumonia or acceleration of pulmonary fibrosis."
10148543,56717849,/mnt/c/Users/Zila/Downloads/BN5212/MIMIC-CXR/p10/p10/p10148543/s56717849.txt,Pleural effusion,negative,negative,False,,No pleural effusion or pneumothorax is seen.
10148668,54153666,/mnt/c/Users/Zila/Downloads/BN5212/MIMIC-CXR/p10/p10/p10148668/s54153666.txt,Pleural effusion,negative,negative,False,,No pleural effusion or pneumothorax is seen.
10148710,53944161,/mnt/c/Users/Zila/Downloads/BN5212/MIMIC-CXR/p10/p10/p10148710/s53944161.txt,Pleural effusion,negative,negative,False,,There is no pleural effusion or pneumothorax.
10148824,50557013,/mnt/c/Users/Zila/Downloads/BN5212/MIMIC-CXR/p10/p10/p10148824/s50557013.txt,Pectus excavatum,positive,positive,False,,Pectus excavatum.
10148824,50557013,/mnt/c/Users/Zila/Downloads/BN5212/MIMIC-CXR/p10/p10/p10148824/s50557013.txt,Pneumonia,negative,negative,False,,"No pneumonia, no pulmonary edema."
10148824,50557013,/mnt/c/Users/Zila/Downloads/BN5212/MIMIC-CXR/p10/p10/p10148824/s50557013.txt,Pulmonary edema,negative,negative,False,,"No pneumonia, no pulmonary edema."
10149202,55922015,/mnt/c/Users/Zila/Downloads/BN5212/MIMIC-CXR/p10/p10/p10149202/s55922015.txt,Pleural effusion,negative,negative,False,,"No pleural effusion, pulmonary edema, or pneumothorax is present."
10149202,55922015,/mnt/c/Users/Zila/Downloads/BN5212/MIMIC-CXR/p10/p10/p10149202/s55922015.txt,Pulmonary edema,negative,negative,False,,"No pleural effusion, pulmonary edema, or pneumothorax is present."
10149287,51036566,/mnt/c/Users/Zila/Downloads/BN5212/MIMIC-CXR/p10/p10/p10149287/s51036566.txt,Cardiomegaly,positive,positive,False,,Moderate cardiomegaly is longstanding.
10149287,51036566,/mnt/c/Users/Zila/Downloads/BN5212/MIMIC-CXR/p10/p10/p10149287/s51036566.txt,Edema,positive,positive,False,,Mild pulmonary vascular congestion is still present and could be a source of mild edema and wheezing.
10149287,51036566,/mnt/c/Users/Zila/Downloads/BN5212/MIMIC-CXR/p10/p10/p10149287/s51036566.txt,Pleural effusion,negative,negative,False,,There is no focal consolidation or pleural effusion.
10149287,51036566,/mnt/c/Users/Zila/Downloads/BN5212/MIMIC-CXR/p10/p10/p10149287/s51036566.txt,Wheezing,positive,positive,False,,Mild pulmonary vascular congestion is still present and could be a source of mild edema and wheezing.
10149287,51338925,/mnt/c/Users/Zila/Downloads/BN5212/MIMIC-CXR/p10/p10/p10149287/s51338925.txt,Hemangioma,uncertain,uncertain,True,,"3.2 x 2.2 cm calcified mass, likely benign given its stability since ___, in the posterior right hepatic lobe is possibly a calcified hemangioma, echinococcal cyst, or old abscess cavity."
10149287,51338925,/mnt/c/Users/Zila/Downloads/BN5212/MIMIC-CXR/p10/p10/p10149287/s51338925.txt,Pleural effusion,positive,positive,False,,"A right pleural effusion is increased since the prior study, with associated blunting of the right costophrenic sulcus, and obscuration of the lateral right hemidiaphragm. | Moderate right pleural effusion."
10149287,51338925,/mnt/c/Users/Zila/Downloads/BN5212/MIMIC-CXR/p10/p10/p10149287/s51338925.txt,Pulmonary edema,negative,negative,False,,"Otherwise, the lungs are clear, with no focal consolidation or over pulmonary edema, or pneumothorax."
10149287,53193517,/mnt/c/Users/Zila/Downloads/BN5212/MIMIC-CXR/p10/p10/p10149287/s53193517.txt,Cardiomegaly,positive,positive,False,,Mild to moderate cardiomegaly is chronic.
10149287,53193517,/mnt/c/Users/Zila/Downloads/BN5212/MIMIC-CXR/p10/p10/p10149287/s53193517.txt,Pleural effusion,conflicting,negative|positive,True,,"Small right pleural effusion is new or increased, partially obscuring the right lung base. | There is no left pleural effusion."
10149287,53193517,/mnt/c/Users/Zila/Downloads/BN5212/MIMIC-CXR/p10/p10/p10149287/s53193517.txt,Pneumonia,positive,positive,False,,Small region of pneumonia or even a small lung mass could be present.
10149316,59435002,/mnt/c/Users/Zila/Downloads/BN5212/MIMIC-CXR/p10/p10/p10149316/s59435002.txt,Cardiomegaly,positive,positive,False,,Moderate cardiomegaly is unchanged.
10149316,59435002,/mnt/c/Users/Zila/Downloads/BN5212/MIMIC-CXR/p10/p10/p10149316/s59435002.txt,Pleural effusion,negative,negative,False,,There is no pleural effusion or pneumothorax.
10149316,59435002,/mnt/c/Users/Zila/Downloads/BN5212/MIMIC-CXR/p10/p10/p10149316/s59435002.txt,Pneumonia,negative,negative,False,,No focal consolidation to suggest pneumonia.
10149316,59435002,/mnt/c/Users/Zila/Downloads/BN5212/MIMIC-CXR/p10/p10/p10149316/s59435002.txt,Scoliosis,positive,positive,False,,Rib cage asymmetry secondary to moderate to severe scoliosis is unchanged.
10149316,59440282,/mnt/c/Users/Zila/Downloads/BN5212/MIMIC-CXR/p10/p10/p10149316/s59440282.txt,Cardiomegaly,positive,positive,False,,Moderate cardiomegaly.
10149316,59440282,/mnt/c/Users/Zila/Downloads/BN5212/MIMIC-CXR/p10/p10/p10149316/s59440282.txt,Pneumonia,negative,negative,False,,No evidence of pneumonia.
10149316,59440282,/mnt/c/Users/Zila/Downloads/BN5212/MIMIC-CXR/p10/p10/p10149316/s59440282.txt,Scoliosis,positive,positive,False,,Moderate-to-severe scoliosis with subsequent asymmetry of the rib cage.
10149498,51595727,/mnt/c/Users/Zila/Downloads/BN5212/MIMIC-CXR/p10/p10/p10149498/s51595727.txt,Fractures,positive,positive,False,,Multiple old right-sided rib fractures are seen.
10149498,51595727,/mnt/c/Users/Zila/Downloads/BN5212/MIMIC-CXR/p10/p10/p10149498/s51595727.txt,Pleural effusion,negative,negative,False,,There is no pleural effusion or pneumothorax.
10149498,52174005,/mnt/c/Users/Zila/Downloads/BN5212/MIMIC-CXR/p10/p10/p10149498/s52174005.txt,Pleural effusion,negative,negative,False,,There is no pleural effusion or pneumothorax.
10149498,52174005,/mnt/c/Users/Zila/Downloads/BN5212/MIMIC-CXR/p10/p10/p10149498/s52174005.txt,Pneumonia,positive,positive,False,,"Considering clinical concern for infection, repeat frontal radiograph with improved inspiratory level may be helpful to exclude an early infectious basilar pneumonia."
10149498,54680745,/mnt/c/Users/Zila/Downloads/BN5212/MIMIC-CXR/p10/p10/p10149498/s54680745.txt,Pleural effusion,positive,positive,False,,"Pleural effusion is small, if any."
10149498,54680745,/mnt/c/Users/Zila/Downloads/BN5212/MIMIC-CXR/p10/p10/p10149498/s54680745.txt,Pneumonia,uncertain,uncertain,True,,"There are patchy opacities at bilateral lower lobes, increased from ___, concerning for progression of pneumonia."
10149498,57300227,/mnt/c/Users/Zila/Downloads/BN5212/MIMIC-CXR/p10/p10/p10149498/s57300227.txt,Fractures,positive,positive,False,,"Fractures of several posterior right-sided ribs, including right fifth sixth seventh and possibly fourth ribs are new since ___, but otherwise likely subacute to old. | Fractures of several posterior right-sided ribs, including right fifth, sixth, seventh, and possibly fourth ribs are new since ___, but otherwise likely subacute to old."
10149498,57300227,/mnt/c/Users/Zila/Downloads/BN5212/MIMIC-CXR/p10/p10/p10149498/s57300227.txt,Pleural effusion,negative,negative,False,,No pleural effusion or pneumothorax is seen.
10149624,51809279,/mnt/c/Users/Zila/Downloads/BN5212/MIMIC-CXR/p10/p10/p10149624/s51809279.txt,Pleural effusion,negative,negative,False,,"There is no consolidation, pleural effusion, or pneumothorax."
10149624,51809279,/mnt/c/Users/Zila/Downloads/BN5212/MIMIC-CXR/p10/p10/p10149624/s51809279.txt,Pneumonia,negative,negative,False,,No radiographic evidence of pneumonia.
10149624,52065843,/mnt/c/Users/Zila/Downloads/BN5212/MIMIC-CXR/p10/p10/p10149624/s52065843.txt,Pneumonia,negative,negative,False,,No pneumonia.
10149624,56382361,/mnt/c/Users/Zila/Downloads/BN5212/MIMIC-CXR/p10/p10/p10149624/s56382361.txt,Pleural effusion,negative,negative,False,,There is no pleural effusion or pneumothorax.
10149624,59723257,/mnt/c/Users/Zila/Downloads/BN5212/MIMIC-CXR/p10/p10/p10149624/s59723257.txt,Pleural effusion,negative,negative,False,,"There is no focal consolidation, pleural effusion or pneumothorax."
10149722,56492776,/mnt/c/Users/Zila/Downloads/BN5212/MIMIC-CXR/p10/p10/p10149722/s56492776.txt,Fractures,negative,negative,False,,"Portable technique and body habitus limits assessment of the rib cage, particularly along the left chest wall; however, no obvious displaced fractures are identified."
10149722,56492776,/mnt/c/Users/Zila/Downloads/BN5212/MIMIC-CXR/p10/p10/p10149722/s56492776.txt,Pleural effusion,negative,negative,False,,"There is no pneumothorax, pulmonary edema, or large pleural effusion."
10149722,56492776,/mnt/c/Users/Zila/Downloads/BN5212/MIMIC-CXR/p10/p10/p10149722/s56492776.txt,Pneumonia,positive,positive,False,,"Patchy opacity at the left lung base may reflect atelectasis although aspiration and pneumonia should also be considered. | Low lung volumes and left basilar opacity, possiby atelectasis, aspiration, or pneumonia."
10149722,56492776,/mnt/c/Users/Zila/Downloads/BN5212/MIMIC-CXR/p10/p10/p10149722/s56492776.txt,Pulmonary edema,negative,negative,False,,"There is no pneumothorax, pulmonary edema, or large pleural effusion."
10149722,58824234,/mnt/c/Users/Zila/Downloads/BN5212/MIMIC-CXR/p10/p10/p10149722/s58824234.txt,Pleural effusion,negative,negative,False,,There is no evidence of pneumonia or pleural effusion.
10149722,58824234,/mnt/c/Users/Zila/Downloads/BN5212/MIMIC-CXR/p10/p10/p10149722/s58824234.txt,Pneumonia,negative,negative,False,,There is no evidence of pneumonia or pleural effusion. | No evidence of pneumonia.
10149722,58824234,/mnt/c/Users/Zila/Downloads/BN5212/MIMIC-CXR/p10/p10/p10149722/s58824234.txt,Scoliosis,positive,positive,False,,Thoracic scoliosis to the right is unchanged.
10149722,59687570,/mnt/c/Users/Zila/Downloads/BN5212/MIMIC-CXR/p10/p10/p10149722/s59687570.txt,Fractures,positive,positive,False,,Fractures involving the left ninth and tenth posterolateral ribs can now be visualized.
10149722,59687570,/mnt/c/Users/Zila/Downloads/BN5212/MIMIC-CXR/p10/p10/p10149722/s59687570.txt,Pneumonia,positive,positive,False,,"There is improved inspiration with increasing aeration at the left base but residual bibasilar atelectasis, less likely aspiration or pneumonia."
10149857,58175528,/mnt/c/Users/Zila/Downloads/BN5212/MIMIC-CXR/p10/p10/p10149857/s58175528.txt,Pleural effusion,negative,negative,False,,"The cardiac silhouette is within normal limits and there is no evidence of pneumonia, vascular congestion, pleural effusion, or pulmonary nodules."
10149857,58175528,/mnt/c/Users/Zila/Downloads/BN5212/MIMIC-CXR/p10/p10/p10149857/s58175528.txt,Pneumonia,negative,negative,False,,"The cardiac silhouette is within normal limits and there is no evidence of pneumonia, vascular congestion, pleural effusion, or pulmonary nodules."
10149952,59625322,/mnt/c/Users/Zila/Downloads/BN5212/MIMIC-CXR/p10/p10/p10149952/s59625322.txt,Pleural effusion,negative,negative,False,,There is no pleural effusion or pneumothorax.
10149952,59625322,/mnt/c/Users/Zila/Downloads/BN5212/MIMIC-CXR/p10/p10/p10149952/s59625322.txt,Pneumonia,negative,negative,False,,No focal opacity convincing for pneumonia is identified. | No focal consolidation convincing for pneumonia.
10150056,50100453,/mnt/c/Users/Zila/Downloads/BN5212/MIMIC-CXR/p10/p10/p10150056/s50100453.txt,Cardiomegaly,positive,positive,False,,Unchanged moderate cardiomegaly with tortuosity of the thoracic aorta.
10150056,50100453,/mnt/c/Users/Zila/Downloads/BN5212/MIMIC-CXR/p10/p10/p10150056/s50100453.txt,Pleural effusion,positive,positive,False,,Moderate partly encapsulated right pleural effusion with subsequent areas of atelectasis at the right lung base and unchanged pre-existing right perihilar parenchymal opacities. | Minimal left pleural effusion and minimal left retrocardiac atelectasis.
10150056,50516357,/mnt/c/Users/Zila/Downloads/BN5212/MIMIC-CXR/p10/p10/p10150056/s50516357.txt,Pleural effusion,positive,positive,False,,"The distribution of the pleural effusion on the right base has changed slightly, raising the possibility that pleurocentesis has been performed during the interval."
10150056,51816946,/mnt/c/Users/Zila/Downloads/BN5212/MIMIC-CXR/p10/p10/p10150056/s51816946.txt,Pleural effusion,positive,positive,False,,Unchanged moderate right pleural effusion with adjacent atelectasis.
10150056,51816946,/mnt/c/Users/Zila/Downloads/BN5212/MIMIC-CXR/p10/p10/p10150056/s51816946.txt,Pneumonia,positive,positive,False,,"Interval development of a hazy left upper zone opacity, which may signify focal atelectasis or pneumonia."
10150056,55295847,/mnt/c/Users/Zila/Downloads/BN5212/MIMIC-CXR/p10/p10/p10150056/s55295847.txt,Pleural effusion,positive,positive,False,,Moderate right pleural effusion with adjacent compressive atelectasis is unchanged from the prior exam.
10150056,57328181,/mnt/c/Users/Zila/Downloads/BN5212/MIMIC-CXR/p10/p10/p10150056/s57328181.txt,Cardiomegaly,positive,positive,False,,Moderate to severe cardiomegaly is unchanged.
10150056,57328181,/mnt/c/Users/Zila/Downloads/BN5212/MIMIC-CXR/p10/p10/p10150056/s57328181.txt,Pleural effusion,positive,positive,False,,Moderate size right pleural effusion is relatively unchanged compared to the prior study with a trace left pleural effusion also again noted.
10150056,57942538,/mnt/c/Users/Zila/Downloads/BN5212/MIMIC-CXR/p10/p10/p10150056/s57942538.txt,Pleural effusion,positive,positive,False,,"There has been interval decrease of the right-sided pleural effusion with still a small amount of residual fluid remaining. | Status post thoracentesis with decrease in right pleural effusion and residual right lower lung atelectasis, but no pneumothorax."
10150056,58241083,/mnt/c/Users/Zila/Downloads/BN5212/MIMIC-CXR/p10/p10/p10150056/s58241083.txt,Cardiomegaly,positive,positive,False,,Moderate cardiomegaly is unchanged.
10150056,58241083,/mnt/c/Users/Zila/Downloads/BN5212/MIMIC-CXR/p10/p10/p10150056/s58241083.txt,Pleural effusion,uncertain,uncertain,True,,"As compared to the previous radiograph, there is unchanged evidence of a probably loculated right pleural effusion, a small left pleural effusion that is restricted to the left costophrenic sinus."
10150056,58241083,/mnt/c/Users/Zila/Downloads/BN5212/MIMIC-CXR/p10/p10/p10150056/s58241083.txt,Pneumonia,uncertain,uncertain,True,,The opacity is also seen on the lateral view and could represent atelectasis or pneumonia.
10150056,58241083,/mnt/c/Users/Zila/Downloads/BN5212/MIMIC-CXR/p10/p10/p10150056/s58241083.txt,Pulmonary edema,negative,negative,False,,No pulmonary edema.
10150224,50250576,/mnt/c/Users/Zila/Downloads/BN5212/MIMIC-CXR/p10/p10/p10150224/s50250576.txt,Pleural effusion,negative,negative,False,,"There is no focal consolidation, pleural effusion or pneumothorax."
10150279,52921861,/mnt/c/Users/Zila/Downloads/BN5212/MIMIC-CXR/p10/p10/p10150279/s52921861.txt,Edema,uncertain,uncertain,True,,Prominence of the right hilar region could represent central edema.
10150279,52921861,/mnt/c/Users/Zila/Downloads/BN5212/MIMIC-CXR/p10/p10/p10150279/s52921861.txt,Pneumonia,negative,negative,False,,No evidence of pneumonia.
10150279,55477806,/mnt/c/Users/Zila/Downloads/BN5212/MIMIC-CXR/p10/p10/p10150279/s55477806.txt,Cardiomegaly,positive,positive,False,,Mild cardiomegaly.
10150279,55477806,/mnt/c/Users/Zila/Downloads/BN5212/MIMIC-CXR/p10/p10/p10150279/s55477806.txt,Pneumonia,negative,negative,False,,"No pneumonia, no pulmonary edema."
10150279,55477806,/mnt/c/Users/Zila/Downloads/BN5212/MIMIC-CXR/p10/p10/p10150279/s55477806.txt,Pulmonary edema,negative,negative,False,,"No pulmonary edema. | No pneumonia, no pulmonary edema."
10150279,58104553,/mnt/c/Users/Zila/Downloads/BN5212/MIMIC-CXR/p10/p10/p10150279/s58104553.txt,Pleural effusion,uncertain,uncertain,True,,"As compared to the previous radiograph, the lung volumes have substantially decreased, the presence of a small right pleural effusion cannot be excluded."
10150279,58104553,/mnt/c/Users/Zila/Downloads/BN5212/MIMIC-CXR/p10/p10/p10150279/s58104553.txt,Pneumonia,negative,negative,False,,No evidence of pneumonia.
10150279,58104553,/mnt/c/Users/Zila/Downloads/BN5212/MIMIC-CXR/p10/p10/p10150279/s58104553.txt,Pulmonary edema,negative,negative,False,,There is no evidence of pulmonary edema and no larger pleural effusions.
10150465,51024959,/mnt/c/Users/Zila/Downloads/BN5212/MIMIC-CXR/p10/p10/p10150465/s51024959.txt,Pneumonia,positive,positive,False,,"Subtle increase in lower lung opacities may reflect atelectasis, less likely early pneumonia. | Subtle increased opacities in lower lungs likely atelectasis common less likely pneumonia."
10150465,58232958,/mnt/c/Users/Zila/Downloads/BN5212/MIMIC-CXR/p10/p10/p10150465/s58232958.txt,Fluid overload,positive,positive,False,,Interval slight widening of the mediastinum could be caused by slight fluid overload.
10150465,58232958,/mnt/c/Users/Zila/Downloads/BN5212/MIMIC-CXR/p10/p10/p10150465/s58232958.txt,Pneumonia,negative,negative,False,,No pneumonia.
10150563,53487364,/mnt/c/Users/Zila/Downloads/BN5212/MIMIC-CXR/p10/p10/p10150563/s53487364.txt,Hernia,positive,positive,False,,There is likely a small hiatal hernia accounting for prominence of the right lower mediastinal contour.
10150563,53487364,/mnt/c/Users/Zila/Downloads/BN5212/MIMIC-CXR/p10/p10/p10150563/s53487364.txt,Pleural effusion,negative,negative,False,,No pleural effusion or pneumothorax is seen.
10150567,54715459,/mnt/c/Users/Zila/Downloads/BN5212/MIMIC-CXR/p10/p10/p10150567/s54715459.txt,Pleural effusion,negative,negative,False,,There is no large pneumothorax or definite pleural effusion.
10150567,54715459,/mnt/c/Users/Zila/Downloads/BN5212/MIMIC-CXR/p10/p10/p10150567/s54715459.txt,Pneumonia,negative,negative,False,,No convincing evidence for pneumonia.
10150767,58651163,/mnt/c/Users/Zila/Downloads/BN5212/MIMIC-CXR/p10/p10/p10150767/s58651163.txt,Pleural effusion,negative,negative,False,,No pleural effusion or pneumothorax is identified.
10150793,55027045,/mnt/c/Users/Zila/Downloads/BN5212/MIMIC-CXR/p10/p10/p10150793/s55027045.txt,Pleural effusion,positive,positive,False,,"In comparison with study of ___, there is no change or evidence of acute pneumonia, vascular congestion, or pleural effusion."
10150793,55027045,/mnt/c/Users/Zila/Downloads/BN5212/MIMIC-CXR/p10/p10/p10150793/s55027045.txt,Pneumonia,positive,positive,False,,"In comparison with study of ___, there is no change or evidence of acute pneumonia, vascular congestion, or pleural effusion."
10150793,55027045,/mnt/c/Users/Zila/Downloads/BN5212/MIMIC-CXR/p10/p10/p10150793/s55027045.txt,Scoliosis,positive,positive,False,,Spinal rods remain in place in this patient with substantial scoliosis of the thoracic spine convexed to the right.
10150882,52435556,/mnt/c/Users/Zila/Downloads/BN5212/MIMIC-CXR/p10/p10/p10150882/s52435556.txt,Fluid overload,positive,positive,False,,Borderline size of the cardiac silhouette with mild fluid overload but no overt pulmonary edema.
10150882,52435556,/mnt/c/Users/Zila/Downloads/BN5212/MIMIC-CXR/p10/p10/p10150882/s52435556.txt,Pneumonia,negative,negative,False,,No pneumonia.
10150882,52435556,/mnt/c/Users/Zila/Downloads/BN5212/MIMIC-CXR/p10/p10/p10150882/s52435556.txt,Pulmonary edema,negative,negative,False,,Borderline size of the cardiac silhouette with mild fluid overload but no overt pulmonary edema.
10150882,54851122,/mnt/c/Users/Zila/Downloads/BN5212/MIMIC-CXR/p10/p10/p10150882/s54851122.txt,Pleural effusion,negative,negative,False,,No large pleural effusion is seen.
10150882,54851122,/mnt/c/Users/Zila/Downloads/BN5212/MIMIC-CXR/p10/p10/p10150882/s54851122.txt,Pulmonary edema,positive,positive,False,,Expiratory phase exam limiting evaluation for pulmonary edema or consolidation.
10150882,59859235,/mnt/c/Users/Zila/Downloads/BN5212/MIMIC-CXR/p10/p10/p10150882/s59859235.txt,Pleural effusion,negative,negative,False,,No pleural effusion or pneumothorax is seen.
10150911,51043795,/mnt/c/Users/Zila/Downloads/BN5212/MIMIC-CXR/p10/p10/p10150911/s51043795.txt,Pulmonary edema,positive,positive,False,,Moderate pulmonary edema with cephalization of the vessels is unchanged. | Persistent moderate pulmonary edema.
10150911,51377173,/mnt/c/Users/Zila/Downloads/BN5212/MIMIC-CXR/p10/p10/p10150911/s51377173.txt,Pleural effusion,negative,negative,False,,Lungs demonstrate some coarsening of the bronchovascular markings without focal consolidation or pleural effusion or pulmonary edema.
10150911,51377173,/mnt/c/Users/Zila/Downloads/BN5212/MIMIC-CXR/p10/p10/p10150911/s51377173.txt,Pulmonary edema,negative,negative,False,,Lungs demonstrate some coarsening of the bronchovascular markings without focal consolidation or pleural effusion or pulmonary edema.
10150911,51447314,/mnt/c/Users/Zila/Downloads/BN5212/MIMIC-CXR/p10/p10/p10150911/s51447314.txt,Edema,positive,positive,False,,"There are extensive bilateral interstitial opacities, which may be due to severe edema, aspiration and possibly pulmonary hemorrhage."
10150911,51447314,/mnt/c/Users/Zila/Downloads/BN5212/MIMIC-CXR/p10/p10/p10150911/s51447314.txt,Hemorrhage,positive,positive|uncertain,True,,"There are extensive bilateral interstitial opacities, which may be due to severe edema, aspiration and possibly pulmonary hemorrhage. | Extensive bilateral interstitial and possibly airspace opacities may be due to severe pulmonary edema, though underlying aspiration, pulmonary hemorrhage or even infection not excluded."
10150911,51447314,/mnt/c/Users/Zila/Downloads/BN5212/MIMIC-CXR/p10/p10/p10150911/s51447314.txt,Pleural effusion,negative,negative,False,,No large pleural effusion is seen.
10150911,51447314,/mnt/c/Users/Zila/Downloads/BN5212/MIMIC-CXR/p10/p10/p10150911/s51447314.txt,Pulmonary edema,uncertain,uncertain,True,,"Extensive bilateral interstitial and possibly airspace opacities may be due to severe pulmonary edema, though underlying aspiration, pulmonary hemorrhage or even infection not excluded."
10150911,55320290,/mnt/c/Users/Zila/Downloads/BN5212/MIMIC-CXR/p10/p10/p10150911/s55320290.txt,Pneumonia,positive,positive,False,,The lungs are clear of focal consolidation worrisome for pneumonia.
10150911,57428641,/mnt/c/Users/Zila/Downloads/BN5212/MIMIC-CXR/p10/p10/p10150911/s57428641.txt,Pleural effusion,negative,negative,False,,No pleural effusion or pneumothorax.
10150911,59500840,/mnt/c/Users/Zila/Downloads/BN5212/MIMIC-CXR/p10/p10/p10150911/s59500840.txt,Edema,negative,negative,False,,There is substantial interval improvement of interstitial opacities consistent with resolution of edema or potentially infection as well.
10150980,50956163,/mnt/c/Users/Zila/Downloads/BN5212/MIMIC-CXR/p10/p10/p10150980/s50956163.txt,Pleural effusion,negative,negative,False,,No pleural effusion or focal consolidation is present.
10150980,53789906,/mnt/c/Users/Zila/Downloads/BN5212/MIMIC-CXR/p10/p10/p10150980/s53789906.txt,Pleural effusion,negative,negative,False,,"No focal consolidation, pleural effusion or pneumothorax is seen."
10150980,58249050,/mnt/c/Users/Zila/Downloads/BN5212/MIMIC-CXR/p10/p10/p10150980/s58249050.txt,Pleural effusion,negative,negative,False,,There is no pleural effusion or pneumothorax identified.
10150980,58504461,/mnt/c/Users/Zila/Downloads/BN5212/MIMIC-CXR/p10/p10/p10150980/s58504461.txt,Pleural effusion,negative,negative,False,,No pneumothorax or pleural effusion.
10150980,58504461,/mnt/c/Users/Zila/Downloads/BN5212/MIMIC-CXR/p10/p10/p10150980/s58504461.txt,Pneumonia,negative,negative,False,,No focal consolidations concerning for pneumonia are present. | No evidence of pneumonia.
10150980,58929330,/mnt/c/Users/Zila/Downloads/BN5212/MIMIC-CXR/p10/p10/p10150980/s58929330.txt,Pleural effusion,negative,negative,False,,No pleural effusion or pneumothorax is identified.
10150980,59680876,/mnt/c/Users/Zila/Downloads/BN5212/MIMIC-CXR/p10/p10/p10150980/s59680876.txt,Pleural effusion,negative,negative,False,,There is no pleural effusion or pneumothorax.
10151324,50395069,/mnt/c/Users/Zila/Downloads/BN5212/MIMIC-CXR/p10/p10/p10151324/s50395069.txt,Pleural effusion,negative,negative,False,,There is no pleural effusion or pneumothorax.
10151324,54067575,/mnt/c/Users/Zila/Downloads/BN5212/MIMIC-CXR/p10/p10/p10151324/s54067575.txt,Pleural effusion,negative,negative,False,,No pneumothorax or pleural effusion is identified. | No pleural effusion.
10151556,50787603,/mnt/c/Users/Zila/Downloads/BN5212/MIMIC-CXR/p10/p10/p10151556/s50787603.txt,Cardiomegaly,positive,positive,False,,"Moderate cardiomegaly persists, and diffuse atherosclerotic calcifications of the thoracic aorta are noted."
10151556,50787603,/mnt/c/Users/Zila/Downloads/BN5212/MIMIC-CXR/p10/p10/p10151556/s50787603.txt,Pleural effusion,positive,positive,False,,"Hazy opacification in the right lung is compatible with a layering right pleural effusion, likely small to moderate in size. | There is likely a trace left pleural effusion as well."
10151556,50787603,/mnt/c/Users/Zila/Downloads/BN5212/MIMIC-CXR/p10/p10/p10151556/s50787603.txt,Pulmonary edema,positive,positive,False,,"There is mild to moderate pulmonary edema, not substantially changed considering differences in positioning. | Mild to moderate pulmonary edema, likely not substantially changed in the interval given differences in patient positioning."
10151556,51608592,/mnt/c/Users/Zila/Downloads/BN5212/MIMIC-CXR/p10/p10/p10151556/s51608592.txt,Pulmonary edema,positive,positive,False,,"There is continued enlargement of the cardiac silhouette, though the degree of pulmonary edema has substantially decreased."
10151556,51894724,/mnt/c/Users/Zila/Downloads/BN5212/MIMIC-CXR/p10/p10/p10151556/s51894724.txt,Cardiomegaly,positive,positive,False,,Moderate to severe cardiomegaly is chronic.
10151556,51894724,/mnt/c/Users/Zila/Downloads/BN5212/MIMIC-CXR/p10/p10/p10151556/s51894724.txt,Pneumonia,positive,positive,False,,"Overall, these findings suggest improvement of multifocal pneumonia."
10151556,51894724,/mnt/c/Users/Zila/Downloads/BN5212/MIMIC-CXR/p10/p10/p10151556/s51894724.txt,Pulmonary edema,positive,positive,False,,Nevertheless the distribution of the residual abnormality is entirely consistent with persistence of moderately severe pulmonary edema.
10151556,52265653,/mnt/c/Users/Zila/Downloads/BN5212/MIMIC-CXR/p10/p10/p10151556/s52265653.txt,Pulmonary edema,positive,positive,False,,"Again there is asymmetric opacification of the left hemithorax, which could reflect asymmetric pulmonary edema or possibly superimposed aspiration."
10151556,52437892,/mnt/c/Users/Zila/Downloads/BN5212/MIMIC-CXR/p10/p10/p10151556/s52437892.txt,Edema,positive,positive,False,,There is bilateral interstitial prominence and perihilar fullness likely reflecting mild to moderate interstitial edema.
10151556,54360059,/mnt/c/Users/Zila/Downloads/BN5212/MIMIC-CXR/p10/p10/p10151556/s54360059.txt,Cardiomegaly,positive,positive,False,,Moderate cardiomegaly.
10151556,54360059,/mnt/c/Users/Zila/Downloads/BN5212/MIMIC-CXR/p10/p10/p10151556/s54360059.txt,Pulmonary edema,positive,positive,False,,Mild to moderate pulmonary edema.
10151556,54546508,/mnt/c/Users/Zila/Downloads/BN5212/MIMIC-CXR/p10/p10/p10151556/s54546508.txt,Cardiomegaly,positive,positive,False,,Moderate pulmonary edema with moderate cardiomegaly.
10151556,54546508,/mnt/c/Users/Zila/Downloads/BN5212/MIMIC-CXR/p10/p10/p10151556/s54546508.txt,Pulmonary edema,positive,positive,False,,Moderate pulmonary edema with moderate cardiomegaly.
10151556,54607704,/mnt/c/Users/Zila/Downloads/BN5212/MIMIC-CXR/p10/p10/p10151556/s54607704.txt,Edema,positive,positive,False,,"Although these could reflect asymmetric edema, in the appropriate clinical setting, superimposed pneumonia could be considered."
10151556,54607704,/mnt/c/Users/Zila/Downloads/BN5212/MIMIC-CXR/p10/p10/p10151556/s54607704.txt,Pneumonia,positive,positive,False,,"Although these could reflect asymmetric edema, in the appropriate clinical setting, superimposed pneumonia could be considered."
10151556,54607704,/mnt/c/Users/Zila/Downloads/BN5212/MIMIC-CXR/p10/p10/p10151556/s54607704.txt,Pulmonary edema,positive,positive,False,,Substantial enlargement of the cardiac silhouette with prominent pulmonary edema and layering effusions with compressive basilar atelectasis.
10151556,55301938,/mnt/c/Users/Zila/Downloads/BN5212/MIMIC-CXR/p10/p10/p10151556/s55301938.txt,Pulmonary edema,positive,positive,False,,Continued enlargement of cardiac silhouette with pulmonary edema and atelectatic changes at the bases.
10151556,55779349,/mnt/c/Users/Zila/Downloads/BN5212/MIMIC-CXR/p10/p10/p10151556/s55779349.txt,Edema,positive,positive,False,,The right lung remains well inflated with prominent interstitium likely reflecting mild interstitial edema.
10151556,55779349,/mnt/c/Users/Zila/Downloads/BN5212/MIMIC-CXR/p10/p10/p10151556/s55779349.txt,Pleural effusion,positive,positive,False,,"There has been interval complete opacification of the left hemithorax which likely represents a combination of a worsening pleural effusion and lobar collapse, possibly secondary to a mucous plug or increasing effusion."
10151556,55888845,/mnt/c/Users/Zila/Downloads/BN5212/MIMIC-CXR/p10/p10/p10151556/s55888845.txt,Cardiomegaly,positive,positive,False,,Moderate cardiomegaly with a left atrial configuration is stable.
10151556,55888845,/mnt/c/Users/Zila/Downloads/BN5212/MIMIC-CXR/p10/p10/p10151556/s55888845.txt,Edema,positive,positive,False,,"Left suprahilar opacification is greater than elsewhere, either asymmetric edema or concurrent pneumonia."
10151556,55888845,/mnt/c/Users/Zila/Downloads/BN5212/MIMIC-CXR/p10/p10/p10151556/s55888845.txt,Pneumonia,positive,positive,False,,"Left suprahilar opacification is greater than elsewhere, either asymmetric edema or concurrent pneumonia."
10151556,55888845,/mnt/c/Users/Zila/Downloads/BN5212/MIMIC-CXR/p10/p10/p10151556/s55888845.txt,Pulmonary edema,positive,positive,False,,"Pulmonary edema has improved, now mild in the right lung."
10151556,56216770,/mnt/c/Users/Zila/Downloads/BN5212/MIMIC-CXR/p10/p10/p10151556/s56216770.txt,Cardiomegaly,positive,positive,False,,Moderate to severe cardiomegaly is chronic.
10151556,56216770,/mnt/c/Users/Zila/Downloads/BN5212/MIMIC-CXR/p10/p10/p10151556/s56216770.txt,Edema,conflicting,negative|positive,True,,Today there has been an increase in moderate left pleural effusion and the left lung consolidation is more pronounced than on ___ which could be combination of pneumonia and local edema or simply worsening of pneumonia. | Right lung is free of edema but there is persistent mild vascular congestion.
10151556,56216770,/mnt/c/Users/Zila/Downloads/BN5212/MIMIC-CXR/p10/p10/p10151556/s56216770.txt,Pleural effusion,conflicting,negative|positive,True,,Today there has been an increase in moderate left pleural effusion and the left lung consolidation is more pronounced than on ___ which could be combination of pneumonia and local edema or simply worsening of pneumonia. | The associated pleural effusion could be an exudate. | No appreciable right no pleural effusion.
10151556,56216770,/mnt/c/Users/Zila/Downloads/BN5212/MIMIC-CXR/p10/p10/p10151556/s56216770.txt,Pneumonia,positive,positive,False,,"Left perihilar consolidation, most likely pneumonia, has been persistent since ___ while pulmonary edema elsewhere in the lungs has come and gone. | Today there has been an increase in moderate left pleural effusion and the left lung consolidation is more pronounced than on ___ which could be combination of pneumonia and local edema or simply worsening of pneumonia. | Right infrahilar consolidation is also chronic common could be atelectasis or a second focus of pneumonia."
10151556,56216770,/mnt/c/Users/Zila/Downloads/BN5212/MIMIC-CXR/p10/p10/p10151556/s56216770.txt,Pulmonary edema,positive,positive,False,,"Left perihilar consolidation, most likely pneumonia, has been persistent since ___ while pulmonary edema elsewhere in the lungs has come and gone."
10151556,56267747,/mnt/c/Users/Zila/Downloads/BN5212/MIMIC-CXR/p10/p10/p10151556/s56267747.txt,Cardiomegaly,positive,positive,False,,"Mild cardiomegaly, minimal left pleural effusion and mild retrocardiac atelectasis."
10151556,56267747,/mnt/c/Users/Zila/Downloads/BN5212/MIMIC-CXR/p10/p10/p10151556/s56267747.txt,Pleural effusion,positive,positive,False,,"Mild cardiomegaly, minimal left pleural effusion and mild retrocardiac atelectasis."
10151556,56267747,/mnt/c/Users/Zila/Downloads/BN5212/MIMIC-CXR/p10/p10/p10151556/s56267747.txt,Pneumonia,negative,negative,False,,No evidence of pneumonia.
10151556,56983747,/mnt/c/Users/Zila/Downloads/BN5212/MIMIC-CXR/p10/p10/p10151556/s56983747.txt,Pneumonia,uncertain,uncertain,True,,"In the appropriate clinical setting, it would be very difficult to exclude superimposed pneumonia."
10151556,56983747,/mnt/c/Users/Zila/Downloads/BN5212/MIMIC-CXR/p10/p10/p10151556/s56983747.txt,Pulmonary edema,positive,positive,False,,Again there is enlargement of the cardiac silhouette with increased opacification in the left hemithorax that suggests asymmetric pulmonary edema in a patient with enlargement of the cardiac silhouette and basilar opacification consistent with volume loss and pleural fluid.
10151556,57142350,/mnt/c/Users/Zila/Downloads/BN5212/MIMIC-CXR/p10/p10/p10151556/s57142350.txt,Pneumonia,uncertain,uncertain,True,,Opacity projecting over the right lower lung is concerning for pneumonia. | Pulmonary edema with tiny pleural effusions and right lower lung opacity concerning for pneumonia.
10151556,57142350,/mnt/c/Users/Zila/Downloads/BN5212/MIMIC-CXR/p10/p10/p10151556/s57142350.txt,Pulmonary edema,positive,positive,False,,There is mild to moderate pulmonary vascular congestion as well as mild interstitial pulmonary edema. | Pulmonary edema with tiny pleural effusions and right lower lung opacity concerning for pneumonia.
10151556,58159265,/mnt/c/Users/Zila/Downloads/BN5212/MIMIC-CXR/p10/p10/p10151556/s58159265.txt,Pleural effusion,positive,positive,False,,Suspicion for the presence of a small left pleural effusion.
10151556,58159265,/mnt/c/Users/Zila/Downloads/BN5212/MIMIC-CXR/p10/p10/p10151556/s58159265.txt,Pneumonia,negative,negative,False,,No pneumonia.
10151556,58159265,/mnt/c/Users/Zila/Downloads/BN5212/MIMIC-CXR/p10/p10/p10151556/s58159265.txt,Pulmonary edema,positive,positive,False,,Central moderate pulmonary edema.
10151556,58313899,/mnt/c/Users/Zila/Downloads/BN5212/MIMIC-CXR/p10/p10/p10151556/s58313899.txt,Cardiomegaly,positive,positive,False,,Severe cardiomegaly has worsened.
10151556,58313899,/mnt/c/Users/Zila/Downloads/BN5212/MIMIC-CXR/p10/p10/p10151556/s58313899.txt,Edema,uncertain,uncertain,True,,Concurrent edema cannot be excluded.
10151556,58313899,/mnt/c/Users/Zila/Downloads/BN5212/MIMIC-CXR/p10/p10/p10151556/s58313899.txt,Pulmonary edema,positive,positive,False,,Pulmonary edema has improved in the right upper lung and redistributed in the left lung.
10151556,58687478,/mnt/c/Users/Zila/Downloads/BN5212/MIMIC-CXR/p10/p10/p10151556/s58687478.txt,Pleural effusion,positive,positive,False,,The degree of pleural effusion with compressive atelectasis appears constant.
10151556,58687478,/mnt/c/Users/Zila/Downloads/BN5212/MIMIC-CXR/p10/p10/p10151556/s58687478.txt,Pulmonary edema,positive,positive,False,,"In comparison with the study of ___, there is some increasing pulmonary edema."
10151556,58910423,/mnt/c/Users/Zila/Downloads/BN5212/MIMIC-CXR/p10/p10/p10151556/s58910423.txt,Edema,positive,positive,False,,There is worsening bilateral mild to moderate pulmonary and interstitial edema.
10151556,59213469,/mnt/c/Users/Zila/Downloads/BN5212/MIMIC-CXR/p10/p10/p10151556/s59213469.txt,Pleural effusion,positive,positive,False,,"Left pleural effusion is moderate to large, slightly increased."
10151556,59213469,/mnt/c/Users/Zila/Downloads/BN5212/MIMIC-CXR/p10/p10/p10151556/s59213469.txt,Pulmonary edema,uncertain,uncertain,True,,"Left perihilar area appears to be increased as well as there is worsening of vascular congestion of the right lung, findings concerning for progression of interstitial pulmonary edema."
10151556,59216628,/mnt/c/Users/Zila/Downloads/BN5212/MIMIC-CXR/p10/p10/p10151556/s59216628.txt,Pleural effusion,positive,positive,False,,"On the right, a mild to moderate pleural effusion might have developed."
10151556,59407363,/mnt/c/Users/Zila/Downloads/BN5212/MIMIC-CXR/p10/p10/p10151556/s59407363.txt,Cardiomegaly,positive,positive,False,,"Severe enlargement of the cardiac silhouette which worsened from ___ to ___, consistent with cardiomegaly and/or pericardial effusion is unchanged."
10151556,59407363,/mnt/c/Users/Zila/Downloads/BN5212/MIMIC-CXR/p10/p10/p10151556/s59407363.txt,Pulmonary edema,positive,positive,False,,Previous mild pulmonary edema has improved.
10151556,59550633,/mnt/c/Users/Zila/Downloads/BN5212/MIMIC-CXR/p10/p10/p10151556/s59550633.txt,Pneumonia,positive,positive,False,,"Asymmetric opacities in the lung is probably moderate pulmonary edema, however underlying pulmonary contusion, pneumonia, or aspiration is also possible in correct clinical setting."
10151556,59550633,/mnt/c/Users/Zila/Downloads/BN5212/MIMIC-CXR/p10/p10/p10151556/s59550633.txt,Pulmonary edema,uncertain,uncertain,True,,"There are opacities in the left lung and right upper lung, which probably represent asymmetric pulmonary edema. | Asymmetric opacities in the lung is probably moderate pulmonary edema, however underlying pulmonary contusion, pneumonia, or aspiration is also possible in correct clinical setting."
10151556,59864083,/mnt/c/Users/Zila/Downloads/BN5212/MIMIC-CXR/p10/p10/p10151556/s59864083.txt,Pleural effusion,positive,positive,False,,Left pleural effusion with compressive atelectasis at the base.
10151556,59864083,/mnt/c/Users/Zila/Downloads/BN5212/MIMIC-CXR/p10/p10/p10151556/s59864083.txt,Pulmonary edema,positive,positive,False,,Continued enlargement of the cardiac silhouette with new pulmonary edema that is more prominent on the left.
10151713,51822615,/mnt/c/Users/Zila/Downloads/BN5212/MIMIC-CXR/p10/p10/p10151713/s51822615.txt,Fractures,negative,negative,False,,No acute fractures are identified.
10151713,53475872,/mnt/c/Users/Zila/Downloads/BN5212/MIMIC-CXR/p10/p10/p10151713/s53475872.txt,Pleural effusion,uncertain,uncertain,True,,"There is mild blunting of the right costophrenic angle, possibly due to pleural thickening or a small pleural effusion."
10151713,53475872,/mnt/c/Users/Zila/Downloads/BN5212/MIMIC-CXR/p10/p10/p10151713/s53475872.txt,Pulmonary edema,negative,negative,False,,"There is no evidence of focal consolidation, pulmonary edema, or pneumothorax."
10151713,54885877,/mnt/c/Users/Zila/Downloads/BN5212/MIMIC-CXR/p10/p10/p10151713/s54885877.txt,Pleural effusion,negative,negative,False,,There is no pleural effusion or pneumothorax.
10151713,56375818,/mnt/c/Users/Zila/Downloads/BN5212/MIMIC-CXR/p10/p10/p10151713/s56375818.txt,Hernia,uncertain,uncertain,True,,Cardiomediastinal and hilar silhouettes are normal aside from possible small hiatus hernia.
10152086,51664951,/mnt/c/Users/Zila/Downloads/BN5212/MIMIC-CXR/p10/p10/p10152086/s51664951.txt,Pneumonia,positive,positive,False,,"Patchy right infrahilar opacity may reflect atelectasis, aspiration, and less likely developing pneumonia."
10152086,51664951,/mnt/c/Users/Zila/Downloads/BN5212/MIMIC-CXR/p10/p10/p10152086/s51664951.txt,Term,positive,positive,False,,Short-term followup radiographs may be helpful in this regard.
10152086,52016585,/mnt/c/Users/Zila/Downloads/BN5212/MIMIC-CXR/p10/p10/p10152086/s52016585.txt,Cardiomegaly,positive,positive,False,,Moderate cardiomegaly.
10152086,53501551,/mnt/c/Users/Zila/Downloads/BN5212/MIMIC-CXR/p10/p10/p10152086/s53501551.txt,Pleural effusion,uncertain,uncertain,True,,"There is bibasilar atelectasis, greater on the left, with a possible small left pleural effusion. | Left greater than right basilar atelectasis and possible small left pleural effusion."
10152086,53501551,/mnt/c/Users/Zila/Downloads/BN5212/MIMIC-CXR/p10/p10/p10152086/s53501551.txt,Pneumonia,negative,negative,False,,There is no pneumothorax or focal consolidation worrisome for pneumonia.
10152086,58165338,/mnt/c/Users/Zila/Downloads/BN5212/MIMIC-CXR/p10/p10/p10152086/s58165338.txt,Pneumonia,negative,negative,False,,"No pneumonia, no pulmonary edema."
10152086,58165338,/mnt/c/Users/Zila/Downloads/BN5212/MIMIC-CXR/p10/p10/p10152086/s58165338.txt,Pulmonary edema,negative,negative,False,,"No pneumonia, no pulmonary edema."
10152086,59167012,/mnt/c/Users/Zila/Downloads/BN5212/MIMIC-CXR/p10/p10/p10152086/s59167012.txt,Pulmonary edema,negative,negative,False,,There is prominence of the pulmonary interstitial markings without overt pulmonary edema or definite consolidation.
10152121,50022703,/mnt/c/Users/Zila/Downloads/BN5212/MIMIC-CXR/p10/p10/p10152121/s50022703.txt,Pneumonia,positive,positive,False,,"In the appropriate clinical setting, it would be difficult to unequivocally exclude superimposed pneumonia, especially in the absence of a lateral view."
10152121,52942898,/mnt/c/Users/Zila/Downloads/BN5212/MIMIC-CXR/p10/p10/p10152121/s52942898.txt,Pleural effusion,positive,positive,False,,Small pleural effusion and associated atelectasis is not significantly changed.
10152121,54390368,/mnt/c/Users/Zila/Downloads/BN5212/MIMIC-CXR/p10/p10/p10152121/s54390368.txt,Pleural effusion,positive,positive,False,,Right basilar atelectasis and small right pleural effusion persist. | There is likely a small left pleural effusion with minimal left basilar atelectasis.
10152121,54554863,/mnt/c/Users/Zila/Downloads/BN5212/MIMIC-CXR/p10/p10/p10152121/s54554863.txt,Pleural effusion,positive,positive,False,,Small right pleural effusion is also noted. | Small right pleural effusion.
10152121,54554863,/mnt/c/Users/Zila/Downloads/BN5212/MIMIC-CXR/p10/p10/p10152121/s54554863.txt,Pulmonary edema,negative,negative,False,,No pulmonary edema is seen.
10152121,55417513,/mnt/c/Users/Zila/Downloads/BN5212/MIMIC-CXR/p10/p10/p10152121/s55417513.txt,Pleural effusion,positive,positive,False,,"There is a small right pleural effusion with associated atelectasis, fluid tracks into the right minor fissure. | Slight increase in the small right pleural effusion, otherwise no significant interval change."
10152121,55417513,/mnt/c/Users/Zila/Downloads/BN5212/MIMIC-CXR/p10/p10/p10152121/s55417513.txt,Pulmonary edema,negative,negative,False,,There is mild pulmonary vascular congestion without frank pulmonary edema.
10152121,56175487,/mnt/c/Users/Zila/Downloads/BN5212/MIMIC-CXR/p10/p10/p10152121/s56175487.txt,Emphysema,positive,positive,False,,Surgical emphysema is less prominent than on the prior study.
10152121,56625547,/mnt/c/Users/Zila/Downloads/BN5212/MIMIC-CXR/p10/p10/p10152121/s56625547.txt,Pleural effusion,positive,positive,False,,"Small right pleural effusion has changed in distribution since ___, but probably not in overall size. | Small left pleural effusion is stable."
10152121,56980423,/mnt/c/Users/Zila/Downloads/BN5212/MIMIC-CXR/p10/p10/p10152121/s56980423.txt,Emphysema,negative,negative,False,,No subcutaneous emphysema is seen. | No pneumothorax or subcutaneous emphysema.
10152121,56980423,/mnt/c/Users/Zila/Downloads/BN5212/MIMIC-CXR/p10/p10/p10152121/s56980423.txt,Pulmonary edema,negative,negative,False,,No pneumothorax or pulmonary edema.
10152121,58219738,/mnt/c/Users/Zila/Downloads/BN5212/MIMIC-CXR/p10/p10/p10152121/s58219738.txt,Pleural effusion,positive,positive,False,,"Lung volumes are also unchanged with a small right pleural effusion, similar when compared to the prior study."
10152121,58419790,/mnt/c/Users/Zila/Downloads/BN5212/MIMIC-CXR/p10/p10/p10152121/s58419790.txt,Emphysema,positive,positive,False,,Surgical emphysema is presumed to be related to the recent surgery.
10152156,58592275,/mnt/c/Users/Zila/Downloads/BN5212/MIMIC-CXR/p10/p10/p10152156/s58592275.txt,Cardiomegaly,positive,positive,False,,Mild cardiomegaly unchanged.
10152156,58592275,/mnt/c/Users/Zila/Downloads/BN5212/MIMIC-CXR/p10/p10/p10152156/s58592275.txt,Pulmonary edema,negative,negative,False,,No pulmonary edema.
10152209,52071775,/mnt/c/Users/Zila/Downloads/BN5212/MIMIC-CXR/p10/p10/p10152209/s52071775.txt,Pleural effusion,negative,negative,False,,"The lungs are clear without focal consolidation, pleural effusion or pneumothorax."
10152414,54098631,/mnt/c/Users/Zila/Downloads/BN5212/MIMIC-CXR/p10/p10/p10152414/s54098631.txt,Cardiomegaly,positive,positive,False,,Moderate cardiomegaly and widening mediastinum are stable.
10152414,54098631,/mnt/c/Users/Zila/Downloads/BN5212/MIMIC-CXR/p10/p10/p10152414/s54098631.txt,Pulmonary edema,positive,positive,False,,Mild pulmonary edema has improved.
10152414,55259479,/mnt/c/Users/Zila/Downloads/BN5212/MIMIC-CXR/p10/p10/p10152414/s55259479.txt,Pleural effusion,negative,negative,False,,No pleural effusion or pneumothorax is present.
10152675,51914560,/mnt/c/Users/Zila/Downloads/BN5212/MIMIC-CXR/p10/p10/p10152675/s51914560.txt,Pneumonia,negative,negative,False,,"No left basal parenchymal opacity, no evidence of pneumonia."
10152675,51914560,/mnt/c/Users/Zila/Downloads/BN5212/MIMIC-CXR/p10/p10/p10152675/s51914560.txt,Pulmonary edema,negative,negative,False,,No pulmonary edema.
10152675,51956328,/mnt/c/Users/Zila/Downloads/BN5212/MIMIC-CXR/p10/p10/p10152675/s51956328.txt,Pneumonia,positive,positive,False,,Findings compatible with left lower lobe pneumonia.
10152675,54401885,/mnt/c/Users/Zila/Downloads/BN5212/MIMIC-CXR/p10/p10/p10152675/s54401885.txt,Pneumonia,negative,negative,False,,No pneumonia and no mass is detected.
10152675,54401885,/mnt/c/Users/Zila/Downloads/BN5212/MIMIC-CXR/p10/p10/p10152675/s54401885.txt,Pulmonary edema,positive,positive,False,,"Overall, the patient presents with moderate-to-severe pulmonary edema."
10152804,53112618,/mnt/c/Users/Zila/Downloads/BN5212/MIMIC-CXR/p10/p10/p10152804/s53112618.txt,Pain,positive,positive,False,,"No visualized rib fracture however if high suspicion, dedicated rib series marking the area of pain can be performed if desired."
10152878,52524840,/mnt/c/Users/Zila/Downloads/BN5212/MIMIC-CXR/p10/p10/p10152878/s52524840.txt,Pleural effusion,negative,negative,False,,"There is no focal consolidation, pleural effusion, or pneumothorax."
10152878,54218667,/mnt/c/Users/Zila/Downloads/BN5212/MIMIC-CXR/p10/p10/p10152878/s54218667.txt,Pneumonia,negative,negative,False,,No pneumonia.
10152950,54717473,/mnt/c/Users/Zila/Downloads/BN5212/MIMIC-CXR/p10/p10/p10152950/s54717473.txt,Pleural effusion,negative,negative,False,,"Cardiac silhouette is within normal limits, and there is no evidence of vascular congestion or pleural effusion."
10153375,55787314,/mnt/c/Users/Zila/Downloads/BN5212/MIMIC-CXR/p10/p10/p10153375/s55787314.txt,Pleural effusion,negative,negative,False,,There is no pleural effusion or pneumothorax.
10153427,55231084,/mnt/c/Users/Zila/Downloads/BN5212/MIMIC-CXR/p10/p10/p10153427/s55231084.txt,Pleural effusion,negative,negative,False,,No pleural effusion or pneumothorax is seen.
10153427,55231084,/mnt/c/Users/Zila/Downloads/BN5212/MIMIC-CXR/p10/p10/p10153427/s55231084.txt,Pneumonia,negative,negative,False,,No focal consolidation to suggest pneumonia.
10153503,55687808,/mnt/c/Users/Zila/Downloads/BN5212/MIMIC-CXR/p10/p10/p10153503/s55687808.txt,Pleural effusion,negative,negative,False,,The lungs are clear and there is no pleural effusion or pneumothorax.
10153623,50858002,/mnt/c/Users/Zila/Downloads/BN5212/MIMIC-CXR/p10/p10/p10153623/s50858002.txt,Pleural effusion,negative,negative,False,,"There is no focal consolidation, pleural effusion, or pneumothorax."
10153623,51109606,/mnt/c/Users/Zila/Downloads/BN5212/MIMIC-CXR/p10/p10/p10153623/s51109606.txt,Pleural effusion,negative,negative,False,,No pleural effusion or pneumothorax is seen.
10153623,59152411,/mnt/c/Users/Zila/Downloads/BN5212/MIMIC-CXR/p10/p10/p10153623/s59152411.txt,Pleural effusion,negative,negative,False,,No pleural effusion or pneumothorax is seen.
10153922,52638012,/mnt/c/Users/Zila/Downloads/BN5212/MIMIC-CXR/p10/p10/p10153922/s52638012.txt,Pulmonary edema,negative,negative,False,,There is no pulmonary edema.
10153922,53261045,/mnt/c/Users/Zila/Downloads/BN5212/MIMIC-CXR/p10/p10/p10153922/s53261045.txt,Pulmonary edema,uncertain,uncertain,True,,"There is some prominence of the pulmonary interstitial markings suggestive of pulmonary edema, mild."
10154271,51768020,/mnt/c/Users/Zila/Downloads/BN5212/MIMIC-CXR/p10/p10/p10154271/s51768020.txt,Cardiomegaly,positive,positive,False,,Persistent moderate cardiomegaly.
10154271,51768020,/mnt/c/Users/Zila/Downloads/BN5212/MIMIC-CXR/p10/p10/p10154271/s51768020.txt,Pleural effusion,negative,negative,False,,No pleural effusion or pneumothorax.
10154271,51768020,/mnt/c/Users/Zila/Downloads/BN5212/MIMIC-CXR/p10/p10/p10154271/s51768020.txt,Pneumonia,negative,negative,False,,No pneumonia.
10154271,52940277,/mnt/c/Users/Zila/Downloads/BN5212/MIMIC-CXR/p10/p10/p10154271/s52940277.txt,Cardiomegaly,positive,positive,False,,Moderate cardiomegaly is unchanged with interval appearnace of mild to moderate pulmonary edema. | Moderate cardiomegaly with mild-to-moderate pulmonary edema and small bilateral layering effusions.
10154271,52940277,/mnt/c/Users/Zila/Downloads/BN5212/MIMIC-CXR/p10/p10/p10154271/s52940277.txt,Pneumonia,negative,negative,False,,No pneumonia or pneumothorax.
10154271,52940277,/mnt/c/Users/Zila/Downloads/BN5212/MIMIC-CXR/p10/p10/p10154271/s52940277.txt,Pulmonary edema,positive,positive,False,,Moderate cardiomegaly is unchanged with interval appearnace of mild to moderate pulmonary edema. | Moderate cardiomegaly with mild-to-moderate pulmonary edema and small bilateral layering effusions.
10154271,55116514,/mnt/c/Users/Zila/Downloads/BN5212/MIMIC-CXR/p10/p10/p10154271/s55116514.txt,Cardiomegaly,positive,positive,False,,Moderate cardiomegaly is stable. | Stable moderate cardiomegaly.
10154271,55116514,/mnt/c/Users/Zila/Downloads/BN5212/MIMIC-CXR/p10/p10/p10154271/s55116514.txt,Pleural effusion,negative,negative,False,,No pleural effusion or pneumothorax is seen.
10154271,55116514,/mnt/c/Users/Zila/Downloads/BN5212/MIMIC-CXR/p10/p10/p10154271/s55116514.txt,Pneumonia,negative,negative,False,,No pneumonia.
10154271,56103025,/mnt/c/Users/Zila/Downloads/BN5212/MIMIC-CXR/p10/p10/p10154271/s56103025.txt,Cardiomegaly,positive,positive,False,,Findings consistent with mild pulmonary edema and moderate cardiomegaly.
10154271,56103025,/mnt/c/Users/Zila/Downloads/BN5212/MIMIC-CXR/p10/p10/p10154271/s56103025.txt,Pleural effusion,negative,negative,False,,There is no pleural effusion or pneumothorax.
10154271,56103025,/mnt/c/Users/Zila/Downloads/BN5212/MIMIC-CXR/p10/p10/p10154271/s56103025.txt,Pulmonary edema,positive,positive,False,,Findings consistent with mild pulmonary edema and moderate cardiomegaly.
10154473,50068692,/mnt/c/Users/Zila/Downloads/BN5212/MIMIC-CXR/p10/p10/p10154473/s50068692.txt,Pleural effusion,negative,negative,False,,"No focal consolidation, pleural effusion or pneumothorax is present."
10154473,50068692,/mnt/c/Users/Zila/Downloads/BN5212/MIMIC-CXR/p10/p10/p10154473/s50068692.txt,Pulmonary edema,negative,negative,False,,Crowding of bronchovascular structures without overt pulmonary edema is present.
10154473,55707465,/mnt/c/Users/Zila/Downloads/BN5212/MIMIC-CXR/p10/p10/p10154473/s55707465.txt,Cardiomegaly,positive,positive,False,,"As compared to previous radiograph of 1 day earlier, he cardiomegaly and pulmonary vascular congestion are again demonstrated."
10154473,55707465,/mnt/c/Users/Zila/Downloads/BN5212/MIMIC-CXR/p10/p10/p10154473/s55707465.txt,Septic embolism,positive,positive,False,,"A new rounded opacity in the left retrocardiac region is potentially due to focal atelectasis or developing consolidation, but short-term followup radiograph is recommended to exclude cavitary nodule such as septic embolism."
10154473,55707465,/mnt/c/Users/Zila/Downloads/BN5212/MIMIC-CXR/p10/p10/p10154473/s55707465.txt,Term,positive,positive,False,,"A new rounded opacity in the left retrocardiac region is potentially due to focal atelectasis or developing consolidation, but short-term followup radiograph is recommended to exclude cavitary nodule such as septic embolism."
10154473,56867068,/mnt/c/Users/Zila/Downloads/BN5212/MIMIC-CXR/p10/p10/p10154473/s56867068.txt,Pleural effusion,negative,negative,False,,No pleural effusion or pneumothorax is identified.
10154473,56867068,/mnt/c/Users/Zila/Downloads/BN5212/MIMIC-CXR/p10/p10/p10154473/s56867068.txt,Pulmonary edema,negative,negative,False,,Crowding of bronchovascular structures is present without overt pulmonary edema.
10154479,54531147,/mnt/c/Users/Zila/Downloads/BN5212/MIMIC-CXR/p10/p10/p10154479/s54531147.txt,Hernia,positive,positive,False,,Again noted is a large hiatal hernia.
10154479,54531147,/mnt/c/Users/Zila/Downloads/BN5212/MIMIC-CXR/p10/p10/p10154479/s54531147.txt,Pleural effusion,negative,negative,False,,There is no pleural effusion or pneumothorax.
10154479,55385219,/mnt/c/Users/Zila/Downloads/BN5212/MIMIC-CXR/p10/p10/p10154479/s55385219.txt,Edema,negative,negative,False,,"Lungs are clear without focal consolidation, effusion, or edema."
10154479,55385219,/mnt/c/Users/Zila/Downloads/BN5212/MIMIC-CXR/p10/p10/p10154479/s55385219.txt,Hernia,positive,positive,False,,Moderate size hiatal hernia is noted.
10154578,54913434,/mnt/c/Users/Zila/Downloads/BN5212/MIMIC-CXR/p10/p10/p10154578/s54913434.txt,Emphysema,positive,positive,False,,"The lungs are hyperexpanded consistent with underlying emphysema, as before, with no focal consolidation concerning for pneumonia, pleural effusion, pneumothorax, or pulmonary edema. | Emphysema."
10154578,54913434,/mnt/c/Users/Zila/Downloads/BN5212/MIMIC-CXR/p10/p10/p10154578/s54913434.txt,Pleural effusion,negative,negative,False,,"The lungs are hyperexpanded consistent with underlying emphysema, as before, with no focal consolidation concerning for pneumonia, pleural effusion, pneumothorax, or pulmonary edema."
10154578,54913434,/mnt/c/Users/Zila/Downloads/BN5212/MIMIC-CXR/p10/p10/p10154578/s54913434.txt,Pneumonia,negative,negative,False,,"The lungs are hyperexpanded consistent with underlying emphysema, as before, with no focal consolidation concerning for pneumonia, pleural effusion, pneumothorax, or pulmonary edema."
10154578,54913434,/mnt/c/Users/Zila/Downloads/BN5212/MIMIC-CXR/p10/p10/p10154578/s54913434.txt,Pulmonary edema,negative,negative,False,,"The lungs are hyperexpanded consistent with underlying emphysema, as before, with no focal consolidation concerning for pneumonia, pleural effusion, pneumothorax, or pulmonary edema."
10154578,55111060,/mnt/c/Users/Zila/Downloads/BN5212/MIMIC-CXR/p10/p10/p10154578/s55111060.txt,Pleural effusion,negative,negative,False,,There is no pleural effusion or pneumothorax.
10154578,55111060,/mnt/c/Users/Zila/Downloads/BN5212/MIMIC-CXR/p10/p10/p10154578/s55111060.txt,Pneumonia,uncertain,uncertain,True,,"Since prior radiograph, there is a new retrocardiac opacity as well as increased mid lung opacity, probably in the lingula, worrisome for pneumonia in the appropriate setting. | Patchy basiliar opacities concerning for pneumonia."
10154578,57058893,/mnt/c/Users/Zila/Downloads/BN5212/MIMIC-CXR/p10/p10/p10154578/s57058893.txt,Pleural effusion,negative,negative,False,,There is no definite pleural effusion or pneumothorax.
10154578,57058893,/mnt/c/Users/Zila/Downloads/BN5212/MIMIC-CXR/p10/p10/p10154578/s57058893.txt,Pneumonia,positive,positive,False,,"There is a patchy new opacity in the right lower lung, worrisome for pneumonia. | Right lower lung opacity suggesting pneumonia in the appropriate clinical setting."
10154578,57438472,/mnt/c/Users/Zila/Downloads/BN5212/MIMIC-CXR/p10/p10/p10154578/s57438472.txt,Pleural effusion,negative,negative,False,,No pleural effusion or pneumothorax evident.
10154578,58750714,/mnt/c/Users/Zila/Downloads/BN5212/MIMIC-CXR/p10/p10/p10154578/s58750714.txt,Emphysema,positive,positive,False,,Emphysema.
10154578,58750714,/mnt/c/Users/Zila/Downloads/BN5212/MIMIC-CXR/p10/p10/p10154578/s58750714.txt,Pleural effusion,negative,negative,False,,"No focal consolidation, pleural effusion or pneumothorax is present."
10155042,54022726,/mnt/c/Users/Zila/Downloads/BN5212/MIMIC-CXR/p10/p10/p10155042/s54022726.txt,Pleural effusion,negative,negative,False,,"No focal consolidation, pleural effusion or pneumothorax."
10155042,54968654,/mnt/c/Users/Zila/Downloads/BN5212/MIMIC-CXR/p10/p10/p10155042/s54968654.txt,Pleural effusion,negative,negative,False,,There is no pleural effusion or pneumothorax.
10155042,57517914,/mnt/c/Users/Zila/Downloads/BN5212/MIMIC-CXR/p10/p10/p10155042/s57517914.txt,Pleural effusion,negative,negative,False,,No pleural effusion or pneumothorax is present.
10155042,58192707,/mnt/c/Users/Zila/Downloads/BN5212/MIMIC-CXR/p10/p10/p10155042/s58192707.txt,Pleural effusion,negative,negative,False,,There is no pleural effusion or pneumothorax.
10155042,58874803,/mnt/c/Users/Zila/Downloads/BN5212/MIMIC-CXR/p10/p10/p10155042/s58874803.txt,Pleural effusion,negative,negative,False,,There is no pleural effusion or pneumothorax seen.
10155042,58874803,/mnt/c/Users/Zila/Downloads/BN5212/MIMIC-CXR/p10/p10/p10155042/s58874803.txt,Pulmonary edema,negative,negative,False,,There is interval resolution of pulmonary edema.
10155252,52579556,/mnt/c/Users/Zila/Downloads/BN5212/MIMIC-CXR/p10/p10/p10155252/s52579556.txt,Fractures,negative,negative,False,,No displaced fractures are identified on these non-dedicated views.
10155470,57648465,/mnt/c/Users/Zila/Downloads/BN5212/MIMIC-CXR/p10/p10/p10155470/s57648465.txt,Cardiomegaly,positive,positive,False,,Moderate cardiomegaly.
10155470,57648465,/mnt/c/Users/Zila/Downloads/BN5212/MIMIC-CXR/p10/p10/p10155470/s57648465.txt,Pleural effusion,negative,negative,False,,There is no pleural effusion or pneumothorax.
10155715,51570459,/mnt/c/Users/Zila/Downloads/BN5212/MIMIC-CXR/p10/p10/p10155715/s51570459.txt,Pleural effusion,negative,negative,False,,There is no pleural effusion or pneumothorax.
10155766,59843743,/mnt/c/Users/Zila/Downloads/BN5212/MIMIC-CXR/p10/p10/p10155766/s59843743.txt,Cardiomegaly,positive,positive,False,,Mild cardiomegaly without pulmonary edema.
10155766,59843743,/mnt/c/Users/Zila/Downloads/BN5212/MIMIC-CXR/p10/p10/p10155766/s59843743.txt,Pneumonia,positive,positive,False,,In the appropriate clinical setting these opacities reflect pneumonia.
10155766,59843743,/mnt/c/Users/Zila/Downloads/BN5212/MIMIC-CXR/p10/p10/p10155766/s59843743.txt,Pulmonary edema,negative,negative,False,,Mild cardiomegaly without pulmonary edema.
10155915,55475917,/mnt/c/Users/Zila/Downloads/BN5212/MIMIC-CXR/p10/p10/p10155915/s55475917.txt,Pleural effusion,negative,negative,False,,There is no pneumothorax or pleural effusion.
10155915,55475917,/mnt/c/Users/Zila/Downloads/BN5212/MIMIC-CXR/p10/p10/p10155915/s55475917.txt,Pneumonia,positive,positive,False,,The opacities consistent with pneumonia.
10156269,53782092,/mnt/c/Users/Zila/Downloads/BN5212/MIMIC-CXR/p10/p10/p10156269/s53782092.txt,Pleural effusion,negative,negative,False,,No pleural effusion is seen.
10156269,53782092,/mnt/c/Users/Zila/Downloads/BN5212/MIMIC-CXR/p10/p10/p10156269/s53782092.txt,Pneumonia,positive,positive,False,,"Patchy bilateral lower lobe opacities are seen, worrisome for multifocal pneumonia. | Patchy bilateral lower lobe opacities worrisome for multifocal pneumonia."
10156269,54615242,/mnt/c/Users/Zila/Downloads/BN5212/MIMIC-CXR/p10/p10/p10156269/s54615242.txt,Pleural effusion,negative,negative,False,,No appreciable pleural effusion or pneumothorax is seen.
10156269,58754239,/mnt/c/Users/Zila/Downloads/BN5212/MIMIC-CXR/p10/p10/p10156269/s58754239.txt,Pulmonary edema,uncertain,uncertain,True,,"There is interval increase in bibasal consolidations and interval development of pleural effusions, findings that might be concerning for pulmonary edema."
10156395,51310486,/mnt/c/Users/Zila/Downloads/BN5212/MIMIC-CXR/p10/p10/p10156395/s51310486.txt,Edema,positive,positive,False,,"There remains CHF with vascular plethora, interstitial edema and bibasilar atelectasis, but the appearance is improved compared with the earlier film. | Interval improvement in CHF findings, though interstitial edema remains present."
10156395,56372742,/mnt/c/Users/Zila/Downloads/BN5212/MIMIC-CXR/p10/p10/p10156395/s56372742.txt,Edema,uncertain,uncertain,True,,"This could represent CHF with interstitial edema, though a diffuse interstitial process could have a similar appearance."
