subject_id,study_id,report_path,status,mention_count,matched_disease_count,skipped_uncertain_count
10000032,50414267,C:\Users\Zila\Downloads\BN5212\MIMIC-CXR\p10\p10\p10000032\s50414267.txt,matched,1,1,0
10000032,53189527,C:\Users\Zila\Downloads\BN5212\MIMIC-CXR\p10\p10\p10000032\s53189527.txt,matched,2,2,0
10000032,53911762,C:\Users\Zila\Downloads\BN5212\MIMIC-CXR\p10\p10\p10000032\s53911762.txt,matched,1,1,0
10000032,56699142,C:\Users\Zila\Downloads\BN5212\MIMIC-CXR\p10\p10\p10000032\s56699142.txt,matched,2,2,0
10000898,54205396,C:\Users\Zila\Downloads\BN5212\MIMIC-CXR\p10\p10\p10000898\s54205396.txt,matched,4,4,0
10000898,50771383,C:\Users\Zila\Downloads\BN5212\MIMIC-CXR\p10\p10\p10000898\s50771383.txt,no_matches,0,0,0
10000935,56522600,C:\Users\Zila\Downloads\BN5212\MIMIC-CXR\p10\p10\p10000935\s56522600.txt,unlabeled,0,0,0
10000935,55697293,C:\Users\Zila\Downloads\BN5212\MIMIC-CXR\p10\p10\p10000935\s55697293.txt,no_matches,0,0,0
10000935,56164612,C:\Users\Zila\Downloads\BN5212\MIMIC-CXR\p10\p10\p10000935\s56164612.txt,matched,1,1,0
10000935,51178377,C:\Users\Zila\Downloads\BN5212\MIMIC-CXR\p10\p10\p10000935\s51178377.txt,matched,3,2,0
10000935,58219844,C:\Users\Zila\Downloads\BN5212\MIMIC-CXR\p10\p10\p10000935\s58219844.txt,matched,1,1,0
10000935,50578979,C:\Users\Zila\Downloads\BN5212\MIMIC-CXR\p10\p10\p10000935\s50578979.txt,matched,4,2,0
10000980,59988438,C:\Users\Zila\Downloads\BN5212\MIMIC-CXR\p10\p10\p10000980\s59988438.txt,matched,1,1,0
10000980,51967283,C:\Users\Zila\Downloads\BN5212\MIMIC-CXR\p10\p10\p10000980\s51967283.txt,matched,2,1,0
10000980,54980801,C:\Users\Zila\Downloads\BN5212\MIMIC-CXR\p10\p10\p10000980\s54980801.txt,matched,1,1,0
10000980,58636672,C:\Users\Zila\Downloads\BN5212\MIMIC-CXR\p10\p10\p10000980\s58636672.txt,matched,2,2,0
10000980,58206436,C:\Users\Zila\Downloads\BN5212\MIMIC-CXR\p10\p10\p10000980\s58206436.txt,matched,6,3,0
10000980,57861150,C:\Users\Zila\Downloads\BN5212\MIMIC-CXR\p10\p10\p10000980\s57861150.txt,matched,4,2,0
10000980,54577367,C:\Users\Zila\Downloads\BN5212\MIMIC-CXR\p10\p10\p10000980\s54577367.txt,matched,4,4,0
10000980,54935705,C:\Users\Zila\Downloads\BN5212\MIMIC-CXR\p10\p10\p10000980\s54935705.txt,matched,6,3,0
10000980,50985099,C:\Users\Zila\Downloads\BN5212\MIMIC-CXR\p10\p10\p10000980\s50985099.txt,matched,4,4,1
10001122,53957785,C:\Users\Zila\Downloads\BN5212\MIMIC-CXR\p10\p10\p10001122\s53957785.txt,matched,1,1,0
10001122,53447138,C:\Users\Zila\Downloads\BN5212\MIMIC-CXR\p10\p10\p10001122\s53447138.txt,matched,1,1,0
10001176,53186264,C:\Users\Zila\Downloads\BN5212\MIMIC-CXR\p10\p10\p10001176\s53186264.txt,matched,3,3,0
10001176,54684191,C:\Users\Zila\Downloads\BN5212\MIMIC-CXR\p10\p10\p10001176\s54684191.txt,matched,2,2,0
10001217,52067803,C:\Users\Zila\Downloads\BN5212\MIMIC-CXR\p10\p10\p10001217\s52067803.txt,matched,3,3,0
10001217,58913004,C:\Users\Zila\Downloads\BN5212\MIMIC-CXR\p10\p10\p10001217\s58913004.txt,no_matches,0,0,0
10001401,50225296,C:\Users\Zila\Downloads\BN5212\MIMIC-CXR\p10\p10\p10001401\s50225296.txt,matched,2,2,0
10001401,51065211,C:\Users\Zila\Downloads\BN5212\MIMIC-CXR\p10\p10\p10001401\s51065211.txt,matched,2,2,0
10001401,56534136,C:\Users\Zila\Downloads\BN5212\MIMIC-CXR\p10\p10\p10001401\s56534136.txt,no_matches,0,0,0
10001401,57492692,C:\Users\Zila\Downloads\BN5212\MIMIC-CXR\p10\p10\p10001401\s57492692.txt,matched,1,1,0
10001401,58747570,C:\Users\Zila\Downloads\BN5212\MIMIC-CXR\p10\p10\p10001401\s58747570.txt,matched,3,2,0
10001401,55350604,C:\Users\Zila\Downloads\BN5212\MIMIC-CXR\p10\p10\p10001401\s55350604.txt,no_matches,0,0,0
10001884,57839849,C:\Users\Zila\Downloads\BN5212\MIMIC-CXR\p10\p10\p10001884\s57839849.txt,matched,1,1,0
10001884,58788638,C:\Users\Zila\Downloads\BN5212\MIMIC-CXR\p10\p10\p10001884\s58788638.txt,no_matches,0,0,0
10001884,53268982,C:\Users\Zila\Downloads\BN5212\MIMIC-CXR\p10\p10\p10001884\s53268982.txt,matched,4,3,0
10001884,51181158,C:\Users\Zila\Downloads\BN5212\MIMIC-CXR\p10\p10\p10001884\s51181158.txt,matched,1,1,0
10001884,59984865,C:\Users\Zila\Downloads\BN5212\MIMIC-CXR\p10\p10\p10001884\s59984865.txt,matched,1,1,0
10001884,50807032,C:\Users\Zila\Downloads\BN5212\MIMIC-CXR\p10\p10\p10001884\s50807032.txt,matched,4,4,0
10001884,54000534,C:\Users\Zila\Downloads\BN5212\MIMIC-CXR\p10\p10\p10001884\s54000534.txt,no_matches,0,0,0
10001884,56308417,C:\Users\Zila\Downloads\BN5212\MIMIC-CXR\p10\p10\p10001884\s56308417.txt,no_matches,0,0,0
10001884,59066712,C:\Users\Zila\Downloads\BN5212\MIMIC-CXR\p10\p10\p10001884\s59066712.txt,matched,1,1,0
10001884,59212874,C:\Users\Zila\Downloads\BN5212\MIMIC-CXR\p10\p10\p10001884\s59212874.txt,matched,2,2,0
10001884,59635781,C:\Users\Zila\Downloads\BN5212\MIMIC-CXR\p10\p10\p10001884\s59635781.txt,no_matches,0,0,0
10001884,50279568,C:\Users\Zila\Downloads\BN5212\MIMIC-CXR\p10\p10\p10001884\s50279568.txt,no_matches,0,0,0
10001884,55893591,C:\Users\Zila\Downloads\BN5212\MIMIC-CXR\p10\p10\p10001884\s55893591.txt,matched,2,2,0
10001884,56349965,C:\Users\Zila\Downloads\BN5212\MIMIC-CXR\p10\p10\p10001884\s56349965.txt,matched,3,2,0
10001884,57166219,C:\Users\Zila\Downloads\BN5212\MIMIC-CXR\p10\p10\p10001884\s57166219.txt,matched,1,1,0
10001884,51817555,C:\Users\Zila\Downloads\BN5212\MIMIC-CXR\p10\p10\p10001884\s51817555.txt,matched,4,3,0
10001884,53880659,C:\Users\Zila\Downloads\BN5212\MIMIC-CXR\p10\p10\p10001884\s53880659.txt,no_matches,0,0,0
10001884,54579606,C:\Users\Zila\Downloads\BN5212\MIMIC-CXR\p10\p10\p10001884\s54579606.txt,no_matches,0,0,0
10001884,58196907,C:\Users\Zila\Downloads\BN5212\MIMIC-CXR\p10\p10\p10001884\s58196907.txt,matched,1,1,0
10001884,53894864,C:\Users\Zila\Downloads\BN5212\MIMIC-CXR\p10\p10\p10001884\s53894864.txt,matched,1,1,0
10001884,54828594,C:\Users\Zila\Downloads\BN5212\MIMIC-CXR\p10\p10\p10001884\s54828594.txt,matched,1,1,0
10001884,55333410,C:\Users\Zila\Downloads\BN5212\MIMIC-CXR\p10\p10\p10001884\s55333410.txt,matched,2,2,0
10001884,53109065,C:\Users\Zila\Downloads\BN5212\MIMIC-CXR\p10\p10\p10001884\s53109065.txt,matched,1,1,0
10001884,58350684,C:\Users\Zila\Downloads\BN5212\MIMIC-CXR\p10\p10\p10001884\s58350684.txt,matched,1,1,0
10001884,52060840,C:\Users\Zila\Downloads\BN5212\MIMIC-CXR\p10\p10\p10001884\s52060840.txt,matched,1,1,0
10001884,54369281,C:\Users\Zila\Downloads\BN5212\MIMIC-CXR\p10\p10\p10001884\s54369281.txt,no_matches,0,0,0
10001884,57156853,C:\Users\Zila\Downloads\BN5212\MIMIC-CXR\p10\p10\p10001884\s57156853.txt,matched,1,1,0
10001884,50712381,C:\Users\Zila\Downloads\BN5212\MIMIC-CXR\p10\p10\p10001884\s50712381.txt,matched,4,4,0
10001884,56722923,C:\Users\Zila\Downloads\BN5212\MIMIC-CXR\p10\p10\p10001884\s56722923.txt,matched,3,3,0
10001884,59305618,C:\Users\Zila\Downloads\BN5212\MIMIC-CXR\p10\p10\p10001884\s59305618.txt,matched,2,2,0
10001884,50376803,C:\Users\Zila\Downloads\BN5212\MIMIC-CXR\p10\p10\p10001884\s50376803.txt,matched,2,2,0
10002013,55608920,C:\Users\Zila\Downloads\BN5212\MIMIC-CXR\p10\p10\p10002013\s55608920.txt,unlabeled,0,0,0
10002013,57741292,C:\Users\Zila\Downloads\BN5212\MIMIC-CXR\p10\p10\p10002013\s57741292.txt,no_matches,0,0,0
10002013,55969846,C:\Users\Zila\Downloads\BN5212\MIMIC-CXR\p10\p10\p10002013\s55969846.txt,no_matches,0,0,0
10002013,52163036,C:\Users\Zila\Downloads\BN5212\MIMIC-CXR\p10\p10\p10002013\s52163036.txt,unlabeled,0,0,0
10002013,58054149,C:\Users\Zila\Downloads\BN5212\MIMIC-CXR\p10\p10\p10002013\s58054149.txt,matched,2,1,0
10002013,55312734,C:\Users\Zila\Downloads\BN5212\MIMIC-CXR\p10\p10\p10002013\s55312734.txt,matched,2,2,0
10002013,52535468,C:\Users\Zila\Downloads\BN5212\MIMIC-CXR\p10\p10\p10002013\s52535468.txt,no_matches,0,0,0
10002013,55941092,C:\Users\Zila\Downloads\BN5212\MIMIC-CXR\p10\p10\p10002013\s55941092.txt,no_matches,0,0,0
10002013,54573731,C:\Users\Zila\Downloads\BN5212\MIMIC-CXR\p10\p10\p10002013\s54573731.txt,matched,1,1,0
10002428,57321224,C:\Users\Zila\Downloads\BN5212\MIMIC-CXR\p10\p10\p10002428\s57321224.txt,matched,1,1,0
10002428,58658824,C:\Users\Zila\Downloads\BN5212\MIMIC-CXR\p10\p10\p10002428\s58658824.txt,matched,2,2,0
10002428,56100138,C:\Users\Zila\Downloads\BN5212\MIMIC-CXR\p10\p10\p10002428\s56100138.txt,matched,5,5,0
10002428,59015983,C:\Users\Zila\Downloads\BN5212\MIMIC-CXR\p10\p10\p10002428\s59015983.txt,unlabeled,0,0,0
10002428,57887188,C:\Users\Zila\Downloads\BN5212\MIMIC-CXR\p10\p10\p10002428\s57887188.txt,matched,3,3,0
10002428,55758034,C:\Users\Zila\Downloads\BN5212\MIMIC-CXR\p10\p10\p10002428\s55758034.txt,matched,6,4,0
10002428,50027225,C:\Users\Zila\Downloads\BN5212\MIMIC-CXR\p10\p10\p10002428\s50027225.txt,matched,1,1,0
10002428,59258773,C:\Users\Zila\Downloads\BN5212\MIMIC-CXR\p10\p10\p10002428\s59258773.txt,no_matches,0,0,0
10002428,50862960,C:\Users\Zila\Downloads\BN5212\MIMIC-CXR\p10\p10\p10002428\s50862960.txt,unlabeled,0,0,0
10002428,51574899,C:\Users\Zila\Downloads\BN5212\MIMIC-CXR\p10\p10\p10002428\s51574899.txt,unlabeled,0,0,0
10002428,58601917,C:\Users\Zila\Downloads\BN5212\MIMIC-CXR\p10\p10\p10002428\s58601917.txt,matched,2,1,0
10002428,58851198,C:\Users\Zila\Downloads\BN5212\MIMIC-CXR\p10\p10\p10002428\s58851198.txt,no_matches,0,0,0
10002428,59098825,C:\Users\Zila\Downloads\BN5212\MIMIC-CXR\p10\p10\p10002428\s59098825.txt,matched,2,2,0
10002428,54020701,C:\Users\Zila\Downloads\BN5212\MIMIC-CXR\p10\p10\p10002428\s54020701.txt,matched,2,2,0
10002428,57961288,C:\Users\Zila\Downloads\BN5212\MIMIC-CXR\p10\p10\p10002428\s57961288.txt,no_matches,0,0,0
10002428,54831516,C:\Users\Zila\Downloads\BN5212\MIMIC-CXR\p10\p10\p10002428\s54831516.txt,matched,2,2,0
10002428,58838312,C:\Users\Zila\Downloads\BN5212\MIMIC-CXR\p10\p10\p10002428\s58838312.txt,no_matches,0,0,0
10002428,59659695,C:\Users\Zila\Downloads\BN5212\MIMIC-CXR\p10\p10\p10002428\s59659695.txt,matched,3,1,0
10002428,57506266,C:\Users\Zila\Downloads\BN5212\MIMIC-CXR\p10\p10\p10002428\s57506266.txt,no_matches,0,0,0
10002428,57064083,C:\Users\Zila\Downloads\BN5212\MIMIC-CXR\p10\p10\p10002428\s57064083.txt,no_matches,0,0,0
10002428,52460896,C:\Users\Zila\Downloads\BN5212\MIMIC-CXR\p10\p10\p10002428\s52460896.txt,unlabeled,0,0,0
10002428,59414737,C:\Users\Zila\Downloads\BN5212\MIMIC-CXR\p10\p10\p10002428\s59414737.txt,no_matches,0,0,0
10002428,56597576,C:\Users\Zila\Downloads\BN5212\MIMIC-CXR\p10\p10\p10002428\s56597576.txt,no_matches,0,0,0
10002428,56836542,C:\Users\Zila\Downloads\BN5212\MIMIC-CXR\p10\p10\p10002428\s56836542.txt,matched,8,3,0
10002428,50292543,C:\Users\Zila\Downloads\BN5212\MIMIC-CXR\p10\p10\p10002428\s50292543.txt,unlabeled,0,0,0
10002428,50444997,C:\Users\Zila\Downloads\BN5212\MIMIC-CXR\p10\p10\p10002428\s50444997.txt,no_matches,0,0,0
10002428,59891001,C:\Users\Zila\Downloads\BN5212\MIMIC-CXR\p10\p10\p10002428\s59891001.txt,unlabeled,0,0,0
10002428,58581921,C:\Users\Zila\Downloads\BN5212\MIMIC-CXR\p10\p10\p10002428\s58581921.txt,matched,4,4,0
10002430,57884847,C:\Users\Zila\Downloads\BN5212\MIMIC-CXR\p10\p10\p10002430\s57884847.txt,unlabeled,0,0,0
10002430,56345275,C:\Users\Zila\Downloads\BN5212\MIMIC-CXR\p10\p10\p10002430\s56345275.txt,matched,1,1,0
10002430,58911492,C:\Users\Zila\Downloads\BN5212\MIMIC-CXR\p10\p10\p10002430\s58911492.txt,matched,6,4,0
10002430,53254222,C:\Users\Zila\Downloads\BN5212\MIMIC-CXR\p10\p10\p10002430\s53254222.txt,matched,4,3,0
10002559,52212843,C:\Users\Zila\Downloads\BN5212\MIMIC-CXR\p10\p10\p10002559\s52212843.txt,matched,4,4,0
10002559,59849480,C:\Users\Zila\Downloads\BN5212\MIMIC-CXR\p10\p10\p10002559\s59849480.txt,matched,2,2,0
10003019,58365492,C:\Users\Zila\Downloads\BN5212\MIMIC-CXR\p10\p10\p10003019\s58365492.txt,matched,2,2,0
10003019,57194088,C:\Users\Zila\Downloads\BN5212\MIMIC-CXR\p10\p10\p10003019\s57194088.txt,matched,2,2,0
10003019,59829602,C:\Users\Zila\Downloads\BN5212\MIMIC-CXR\p10\p10\p10003019\s59829602.txt,matched,2,2,0
10003019,59635047,C:\Users\Zila\Downloads\BN5212\MIMIC-CXR\p10\p10\p10003019\s59635047.txt,matched,1,1,0
10003019,52117631,C:\Users\Zila\Downloads\BN5212\MIMIC-CXR\p10\p10\p10003019\s52117631.txt,matched,3,3,0
10003019,59005604,C:\Users\Zila\Downloads\BN5212\MIMIC-CXR\p10\p10\p10003019\s59005604.txt,matched,2,2,0
10003019,58505074,C:\Users\Zila\Downloads\BN5212\MIMIC-CXR\p10\p10\p10003019\s58505074.txt,matched,1,1,0
10003019,55487822,C:\Users\Zila\Downloads\BN5212\MIMIC-CXR\p10\p10\p10003019\s55487822.txt,matched,1,1,0
10003019,50543252,C:\Users\Zila\Downloads\BN5212\MIMIC-CXR\p10\p10\p10003019\s50543252.txt,matched,2,2,0
10003019,51117233,C:\Users\Zila\Downloads\BN5212\MIMIC-CXR\p10\p10\p10003019\s51117233.txt,matched,1,1,0
10003019,53934356,C:\Users\Zila\Downloads\BN5212\MIMIC-CXR\p10\p10\p10003019\s53934356.txt,matched,3,2,0
10003019,55931751,C:\Users\Zila\Downloads\BN5212\MIMIC-CXR\p10\p10\p10003019\s55931751.txt,no_matches,0,0,0
10003019,59730608,C:\Users\Zila\Downloads\BN5212\MIMIC-CXR\p10\p10\p10003019\s59730608.txt,matched,2,2,0
10003019,59339276,C:\Users\Zila\Downloads\BN5212\MIMIC-CXR\p10\p10\p10003019\s59339276.txt,matched,1,1,0
10003019,53098685,C:\Users\Zila\Downloads\BN5212\MIMIC-CXR\p10\p10\p10003019\s53098685.txt,matched,4,3,0
10003019,56635465,C:\Users\Zila\Downloads\BN5212\MIMIC-CXR\p10\p10\p10003019\s56635465.txt,no_matches,0,0,0
10003019,59607556,C:\Users\Zila\Downloads\BN5212\MIMIC-CXR\p10\p10\p10003019\s59607556.txt,matched,3,3,0
10003299,50536653,C:\Users\Zila\Downloads\BN5212\MIMIC-CXR\p10\p10\p10003299\s50536653.txt,matched,4,3,0
10003299,57344656,C:\Users\Zila\Downloads\BN5212\MIMIC-CXR\p10\p10\p10003299\s57344656.txt,matched,3,3,0
10003400,59336915,C:\Users\Zila\Downloads\BN5212\MIMIC-CXR\p10\p10\p10003400\s59336915.txt,matched,2,2,0
10003400,56466802,C:\Users\Zila\Downloads\BN5212\MIMIC-CXR\p10\p10\p10003400\s56466802.txt,matched,1,1,0
10003400,53661694,C:\Users\Zila\Downloads\BN5212\MIMIC-CXR\p10\p10\p10003400\s53661694.txt,matched,1,1,0
10003400,58983613,C:\Users\Zila\Downloads\BN5212\MIMIC-CXR\p10\p10\p10003400\s58983613.txt,matched,2,2,0
10003400,52822559,C:\Users\Zila\Downloads\BN5212\MIMIC-CXR\p10\p10\p10003400\s52822559.txt,matched,4,3,0
10003400,52941169,C:\Users\Zila\Downloads\BN5212\MIMIC-CXR\p10\p10\p10003400\s52941169.txt,matched,2,2,0
10003400,52181745,C:\Users\Zila\Downloads\BN5212\MIMIC-CXR\p10\p10\p10003400\s52181745.txt,matched,3,3,0
10003400,58534470,C:\Users\Zila\Downloads\BN5212\MIMIC-CXR\p10\p10\p10003400\s58534470.txt,matched,2,2,0
10003400,54341551,C:\Users\Zila\Downloads\BN5212\MIMIC-CXR\p10\p10\p10003400\s54341551.txt,no_matches,0,0,0
10003400,55549081,C:\Users\Zila\Downloads\BN5212\MIMIC-CXR\p10\p10\p10003400\s55549081.txt,no_matches,0,0,0
10003400,51345654,C:\Users\Zila\Downloads\BN5212\MIMIC-CXR\p10\p10\p10003400\s51345654.txt,matched,4,3,0
10003400,52437868,C:\Users\Zila\Downloads\BN5212\MIMIC-CXR\p10\p10\p10003400\s52437868.txt,no_matches,0,0,0
10003400,57607776,C:\Users\Zila\Downloads\BN5212\MIMIC-CXR\p10\p10\p10003400\s57607776.txt,matched,2,2,0
10003400,52207536,C:\Users\Zila\Downloads\BN5212\MIMIC-CXR\p10\p10\p10003400\s52207536.txt,matched,2,2,0
10003400,55177950,C:\Users\Zila\Downloads\BN5212\MIMIC-CXR\p10\p10\p10003400\s55177950.txt,matched,8,4,0
10003400,53352321,C:\Users\Zila\Downloads\BN5212\MIMIC-CXR\p10\p10\p10003400\s53352321.txt,no_matches,0,0,0
10003400,51777274,C:\Users\Zila\Downloads\BN5212\MIMIC-CXR\p10\p10\p10003400\s51777274.txt,no_matches,0,0,0
10003400,58633368,C:\Users\Zila\Downloads\BN5212\MIMIC-CXR\p10\p10\p10003400\s58633368.txt,no_matches,0,0,0
10003400,54050001,C:\Users\Zila\Downloads\BN5212\MIMIC-CXR\p10\p10\p10003400\s54050001.txt,no_matches,0,0,0
10003400,50100991,C:\Users\Zila\Downloads\BN5212\MIMIC-CXR\p10\p10\p10003400\s50100991.txt,matched,1,1,0
10003400,51127691,C:\Users\Zila\Downloads\BN5212\MIMIC-CXR\p10\p10\p10003400\s51127691.txt,no_matches,0,0,0
10003400,56915166,C:\Users\Zila\Downloads\BN5212\MIMIC-CXR\p10\p10\p10003400\s56915166.txt,matched,1,1,0
10003400,56185120,C:\Users\Zila\Downloads\BN5212\MIMIC-CXR\p10\p10\p10003400\s56185120.txt,matched,2,2,0
10003400,57147097,C:\Users\Zila\Downloads\BN5212\MIMIC-CXR\p10\p10\p10003400\s57147097.txt,matched,2,1,0
10003400,58820563,C:\Users\Zila\Downloads\BN5212\MIMIC-CXR\p10\p10\p10003400\s58820563.txt,matched,2,2,0
10003400,53341253,C:\Users\Zila\Downloads\BN5212\MIMIC-CXR\p10\p10\p10003400\s53341253.txt,matched,2,2,0
10003400,50183258,C:\Users\Zila\Downloads\BN5212\MIMIC-CXR\p10\p10\p10003400\s50183258.txt,matched,4,3,0
10003400,50805197,C:\Users\Zila\Downloads\BN5212\MIMIC-CXR\p10\p10\p10003400\s50805197.txt,no_matches,0,0,0
10003502,51180958,C:\Users\Zila\Downloads\BN5212\MIMIC-CXR\p10\p10\p10003502\s51180958.txt,matched,4,4,0
10003502,57812613,C:\Users\Zila\Downloads\BN5212\MIMIC-CXR\p10\p10\p10003502\s57812613.txt,matched,6,4,0
10003502,52139270,C:\Users\Zila\Downloads\BN5212\MIMIC-CXR\p10\p10\p10003502\s52139270.txt,matched,6,5,0
10003502,53836463,C:\Users\Zila\Downloads\BN5212\MIMIC-CXR\p10\p10\p10003502\s53836463.txt,no_matches,0,0,0
10003502,57641661,C:\Users\Zila\Downloads\BN5212\MIMIC-CXR\p10\p10\p10003502\s57641661.txt,no_matches,0,0,0
10003502,53282957,C:\Users\Zila\Downloads\BN5212\MIMIC-CXR\p10\p10\p10003502\s53282957.txt,matched,4,2,0
10003502,52309364,C:\Users\Zila\Downloads\BN5212\MIMIC-CXR\p10\p10\p10003502\s52309364.txt,matched,4,2,0
10003502,50084553,C:\Users\Zila\Downloads\BN5212\MIMIC-CXR\p10\p10\p10003502\s50084553.txt,matched,2,2,0
10003637,51371378,C:\Users\Zila\Downloads\BN5212\MIMIC-CXR\p10\p10\p10003637\s51371378.txt,matched,1,1,0
10003637,57024735,C:\Users\Zila\Downloads\BN5212\MIMIC-CXR\p10\p10\p10003637\s57024735.txt,matched,2,2,0
10003637,51461467,C:\Users\Zila\Downloads\BN5212\MIMIC-CXR\p10\p10\p10003637\s51461467.txt,matched,1,1,0
10004235,52379321,C:\Users\Zila\Downloads\BN5212\MIMIC-CXR\p10\p10\p10004235\s52379321.txt,matched,5,3,0
10004235,57318275,C:\Users\Zila\Downloads\BN5212\MIMIC-CXR\p10\p10\p10004235\s57318275.txt,matched,6,4,0
10004235,52604377,C:\Users\Zila\Downloads\BN5212\MIMIC-CXR\p10\p10\p10004235\s52604377.txt,no_matches,0,0,0
10004235,58604118,C:\Users\Zila\Downloads\BN5212\MIMIC-CXR\p10\p10\p10004235\s58604118.txt,no_matches,0,0,0
10004235,52962553,C:\Users\Zila\Downloads\BN5212\MIMIC-CXR\p10\p10\p10004235\s52962553.txt,matched,1,1,0
10004235,59895508,C:\Users\Zila\Downloads\BN5212\MIMIC-CXR\p10\p10\p10004235\s59895508.txt,no_matches,0,0,0
10004235,57921415,C:\Users\Zila\Downloads\BN5212\MIMIC-CXR\p10\p10\p10004235\s57921415.txt,no_matches,0,0,0
10004235,54234360,C:\Users\Zila\Downloads\BN5212\MIMIC-CXR\p10\p10\p10004235\s54234360.txt,matched,1,1,0
10005024,59581256,C:\Users\Zila\Downloads\BN5212\MIMIC-CXR\p10\p10\p10005024\s59581256.txt,matched,2,1,0
10005024,53950795,C:\Users\Zila\Downloads\BN5212\MIMIC-CXR\p10\p10\p10005024\s53950795.txt,matched,8,4,0
10005368,57426090,C:\Users\Zila\Downloads\BN5212\MIMIC-CXR\p10\p10\p10005368\s57426090.txt,no_matches,0,0,0
10005368,56689183,C:\Users\Zila\Downloads\BN5212\MIMIC-CXR\p10\p10\p10005368\s56689183.txt,matched,1,1,0
10005368,54510564,C:\Users\Zila\Downloads\BN5212\MIMIC-CXR\p10\p10\p10005368\s54510564.txt,no_matches,0,0,0
10005749,53170451,C:\Users\Zila\Downloads\BN5212\MIMIC-CXR\p10\p10\p10005749\s53170451.txt,matched,3,3,0
10005749,54040624,C:\Users\Zila\Downloads\BN5212\MIMIC-CXR\p10\p10\p10005749\s54040624.txt,matched,1,1,0
10005749,58865310,C:\Users\Zila\Downloads\BN5212\MIMIC-CXR\p10\p10\p10005749\s58865310.txt,unlabeled,0,0,0
10005749,57249718,C:\Users\Zila\Downloads\BN5212\MIMIC-CXR\p10\p10\p10005749\s57249718.txt,matched,5,3,0
10005749,54060141,C:\Users\Zila\Downloads\BN5212\MIMIC-CXR\p10\p10\p10005749\s54060141.txt,matched,2,1,0
10005749,59735352,C:\Users\Zila\Downloads\BN5212\MIMIC-CXR\p10\p10\p10005749\s59735352.txt,no_matches,0,0,0
10005858,58425702,C:\Users\Zila\Downloads\BN5212\MIMIC-CXR\p10\p10\p10005858\s58425702.txt,no_matches,0,0,0
10005858,58867217,C:\Users\Zila\Downloads\BN5212\MIMIC-CXR\p10\p10\p10005858\s58867217.txt,matched,1,1,0
10005866,57648366,C:\Users\Zila\Downloads\BN5212\MIMIC-CXR\p10\p10\p10005866\s57648366.txt,matched,4,4,0
10005866,56175428,C:\Users\Zila\Downloads\BN5212\MIMIC-CXR\p10\p10\p10005866\s56175428.txt,matched,2,1,0
10005866,59391422,C:\Users\Zila\Downloads\BN5212\MIMIC-CXR\p10\p10\p10005866\s59391422.txt,matched,2,2,0
10005866,55665483,C:\Users\Zila\Downloads\BN5212\MIMIC-CXR\p10\p10\p10005866\s55665483.txt,matched,6,4,0
10006431,54868252,C:\Users\Zila\Downloads\BN5212\MIMIC-CXR\p10\p10\p10006431\s54868252.txt,matched,3,3,0
10006431,50208870,C:\Users\Zila\Downloads\BN5212\MIMIC-CXR\p10\p10\p10006431\s50208870.txt,matched,1,1,0
10006457,58626380,C:\Users\Zila\Downloads\BN5212\MIMIC-CXR\p10\p10\p10006457\s58626380.txt,matched,1,1,0
10006457,57608640,C:\Users\Zila\Downloads\BN5212\MIMIC-CXR\p10\p10\p10006457\s57608640.txt,matched,1,1,0
10007058,54462409,C:\Users\Zila\Downloads\BN5212\MIMIC-CXR\p10\p10\p10007058\s54462409.txt,no_matches,0,0,0
10007058,56744764,C:\Users\Zila\Downloads\BN5212\MIMIC-CXR\p10\p10\p10007058\s56744764.txt,no_matches,0,0,0
10007795,54492585,C:\Users\Zila\Downloads\BN5212\MIMIC-CXR\p10\p10\p10007795\s54492585.txt,matched,5,2,0
10007795,58754452,C:\Users\Zila\Downloads\BN5212\MIMIC-CXR\p10\p10\p10007795\s58754452.txt,matched,3,3,0
10007795,54054513,C:\Users\Zila\Downloads\BN5212\MIMIC-CXR\p10\p10\p10007795\s54054513.txt,matched,3,3,0
10007795,54317369,C:\Users\Zila\Downloads\BN5212\MIMIC-CXR\p10\p10\p10007795\s54317369.txt,matched,2,1,1
10007795,57491780,C:\Users\Zila\Downloads\BN5212\MIMIC-CXR\p10\p10\p10007795\s57491780.txt,no_matches,0,0,0
10007795,57677975,C:\Users\Zila\Downloads\BN5212\MIMIC-CXR\p10\p10\p10007795\s57677975.txt,unlabeled,0,0,0
10007795,56375093,C:\Users\Zila\Downloads\BN5212\MIMIC-CXR\p10\p10\p10007795\s56375093.txt,no_matches,0,0,0
10007795,54581957,C:\Users\Zila\Downloads\BN5212\MIMIC-CXR\p10\p10\p10007795\s54581957.txt,no_matches,0,0,0
10007920,53949165,C:\Users\Zila\Downloads\BN5212\MIMIC-CXR\p10\p10\p10007920\s53949165.txt,no_matches,0,0,0
10007920,57313606,C:\Users\Zila\Downloads\BN5212\MIMIC-CXR\p10\p10\p10007920\s57313606.txt,no_matches,0,0,0
10007920,58162456,C:\Users\Zila\Downloads\BN5212\MIMIC-CXR\p10\p10\p10007920\s58162456.txt,matched,2,2,0
10007928,54272065,C:\Users\Zila\Downloads\BN5212\MIMIC-CXR\p10\p10\p10007928\s54272065.txt,matched,1,1,0
10007928,58119840,C:\Users\Zila\Downloads\BN5212\MIMIC-CXR\p10\p10\p10007928\s58119840.txt,no_matches,0,0,0
10007928,59796203,C:\Users\Zila\Downloads\BN5212\MIMIC-CXR\p10\p10\p10007928\s59796203.txt,matched,3,3,0
10007928,55780044,C:\Users\Zila\Downloads\BN5212\MIMIC-CXR\p10\p10\p10007928\s55780044.txt,matched,3,3,0
10008304,50053244,C:\Users\Zila\Downloads\BN5212\MIMIC-CXR\p10\p10\p10008304\s50053244.txt,matched,3,3,0
10008304,52686646,C:\Users\Zila\Downloads\BN5212\MIMIC-CXR\p10\p10\p10008304\s52686646.txt,matched,1,1,0
10008816,57984574,C:\Users\Zila\Downloads\BN5212\MIMIC-CXR\p10\p10\p10008816\s57984574.txt,matched,2,1,0
10008816,51161169,C:\Users\Zila\Downloads\BN5212\MIMIC-CXR\p10\p10\p10008816\s51161169.txt,matched,4,4,0
10009049,58922574,C:\Users\Zila\Downloads\BN5212\MIMIC-CXR\p10\p10\p10009049\s58922574.txt,matched,4,2,0
10009049,54850191,C:\Users\Zila\Downloads\BN5212\MIMIC-CXR\p10\p10\p10009049\s54850191.txt,matched,4,3,0
10009049,55602594,C:\Users\Zila\Downloads\BN5212\MIMIC-CXR\p10\p10\p10009049\s55602594.txt,matched,3,3,0
10009049,57157809,C:\Users\Zila\Downloads\BN5212\MIMIC-CXR\p10\p10\p10009049\s57157809.txt,matched,5,3,0
10009049,54394630,C:\Users\Zila\Downloads\BN5212\MIMIC-CXR\p10\p10\p10009049\s54394630.txt,matched,3,2,0
10010150,50055231,C:\Users\Zila\Downloads\BN5212\MIMIC-CXR\p10\p10\p10010150\s50055231.txt,matched,1,1,0
10010150,50799795,C:\Users\Zila\Downloads\BN5212\MIMIC-CXR\p10\p10\p10010150\s50799795.txt,no_matches,0,0,0
10010231,51428987,C:\Users\Zila\Downloads\BN5212\MIMIC-CXR\p10\p10\p10010231\s51428987.txt,no_matches,0,0,0
10010231,57916297,C:\Users\Zila\Downloads\BN5212\MIMIC-CXR\p10\p10\p10010231\s57916297.txt,matched,3,3,0
10010231,55204578,C:\Users\Zila\Downloads\BN5212\MIMIC-CXR\p10\p10\p10010231\s55204578.txt,matched,3,3,0
10010440,57403810,C:\Users\Zila\Downloads\BN5212\MIMIC-CXR\p10\p10\p10010440\s57403810.txt,matched,1,1,0
10010440,57693229,C:\Users\Zila\Downloads\BN5212\MIMIC-CXR\p10\p10\p10010440\s57693229.txt,matched,1,1,0
10010440,56908581,C:\Users\Zila\Downloads\BN5212\MIMIC-CXR\p10\p10\p10010440\s56908581.txt,no_matches,0,0,0
10010471,59553780,C:\Users\Zila\Downloads\BN5212\MIMIC-CXR\p10\p10\p10010471\s59553780.txt,matched,6,4,0
10010471,51674194,C:\Users\Zila\Downloads\BN5212\MIMIC-CXR\p10\p10\p10010471\s51674194.txt,matched,2,2,2
10010867,52247560,C:\Users\Zila\Downloads\BN5212\MIMIC-CXR\p10\p10\p10010867\s52247560.txt,matched,1,1,0
10010867,53658667,C:\Users\Zila\Downloads\BN5212\MIMIC-CXR\p10\p10\p10010867\s53658667.txt,matched,1,1,0
10010867,56754952,C:\Users\Zila\Downloads\BN5212\MIMIC-CXR\p10\p10\p10010867\s56754952.txt,matched,1,1,0
10010867,59155163,C:\Users\Zila\Downloads\BN5212\MIMIC-CXR\p10\p10\p10010867\s59155163.txt,matched,2,2,0
10010867,59036254,C:\Users\Zila\Downloads\BN5212\MIMIC-CXR\p10\p10\p10010867\s59036254.txt,matched,3,3,0
10010867,57317515,C:\Users\Zila\Downloads\BN5212\MIMIC-CXR\p10\p10\p10010867\s57317515.txt,no_matches,0,0,0
10010867,59851295,C:\Users\Zila\Downloads\BN5212\MIMIC-CXR\p10\p10\p10010867\s59851295.txt,matched,2,2,0
10010867,57907439,C:\Users\Zila\Downloads\BN5212\MIMIC-CXR\p10\p10\p10010867\s57907439.txt,matched,3,3,0
10010867,55759470,C:\Users\Zila\Downloads\BN5212\MIMIC-CXR\p10\p10\p10010867\s55759470.txt,matched,4,4,0
10010867,51983395,C:\Users\Zila\Downloads\BN5212\MIMIC-CXR\p10\p10\p10010867\s51983395.txt,no_matches,0,0,0
10010867,52872599,C:\Users\Zila\Downloads\BN5212\MIMIC-CXR\p10\p10\p10010867\s52872599.txt,matched,4,3,1
10010867,52975216,C:\Users\Zila\Downloads\BN5212\MIMIC-CXR\p10\p10\p10010867\s52975216.txt,matched,2,2,0
10010867,58830152,C:\Users\Zila\Downloads\BN5212\MIMIC-CXR\p10\p10\p10010867\s58830152.txt,matched,4,4,2
10010867,57260480,C:\Users\Zila\Downloads\BN5212\MIMIC-CXR\p10\p10\p10010867\s57260480.txt,matched,2,1,0
10010867,51308353,C:\Users\Zila\Downloads\BN5212\MIMIC-CXR\p10\p10\p10010867\s51308353.txt,no_matches,0,0,0
10010867,56416280,C:\Users\Zila\Downloads\BN5212\MIMIC-CXR\p10\p10\p10010867\s56416280.txt,no_matches,0,0,0
10010867,59325322,C:\Users\Zila\Downloads\BN5212\MIMIC-CXR\p10\p10\p10010867\s59325322.txt,matched,1,1,1
10010867,57662143,C:\Users\Zila\Downloads\BN5212\MIMIC-CXR\p10\p10\p10010867\s57662143.txt,no_matches,0,0,0
10010867,55614428,C:\Users\Zila\Downloads\BN5212\MIMIC-CXR\p10\p10\p10010867\s55614428.txt,matched,1,1,0
10010867,51163513,C:\Users\Zila\Downloads\BN5212\MIMIC-CXR\p10\p10\p10010867\s51163513.txt,matched,3,3,0
10011126,56036651,C:\Users\Zila\Downloads\BN5212\MIMIC-CXR\p10\p10\p10011126\s56036651.txt,matched,1,1,0
10011126,58239923,C:\Users\Zila\Downloads\BN5212\MIMIC-CXR\p10\p10\p10011126\s58239923.txt,matched,1,1,0
10011365,51117454,C:\Users\Zila\Downloads\BN5212\MIMIC-CXR\p10\p10\p10011365\s51117454.txt,matched,1,1,0
10011365,59571128,C:\Users\Zila\Downloads\BN5212\MIMIC-CXR\p10\p10\p10011365\s59571128.txt,matched,3,3,0
10011365,56594284,C:\Users\Zila\Downloads\BN5212\MIMIC-CXR\p10\p10\p10011365\s56594284.txt,matched,2,2,0
10011365,59058078,C:\Users\Zila\Downloads\BN5212\MIMIC-CXR\p10\p10\p10011365\s59058078.txt,matched,3,3,0
10011365,51830718,C:\Users\Zila\Downloads\BN5212\MIMIC-CXR\p10\p10\p10011365\s51830718.txt,matched,1,1,0
10011365,54847293,C:\Users\Zila\Downloads\BN5212\MIMIC-CXR\p10\p10\p10011365\s54847293.txt,matched,4,2,0
10011365,53459647,C:\Users\Zila\Downloads\BN5212\MIMIC-CXR\p10\p10\p10011365\s53459647.txt,matched,4,4,0
10011365,53869555,C:\Users\Zila\Downloads\BN5212\MIMIC-CXR\p10\p10\p10011365\s53869555.txt,matched,1,1,0
10011365,59373787,C:\Users\Zila\Downloads\BN5212\MIMIC-CXR\p10\p10\p10011365\s59373787.txt,matched,7,4,0
10011607,58253009,C:\Users\Zila\Downloads\BN5212\MIMIC-CXR\p10\p10\p10011607\s58253009.txt,no_matches,0,0,0
10011607,55814288,C:\Users\Zila\Downloads\BN5212\MIMIC-CXR\p10\p10\p10011607\s55814288.txt,matched,1,1,0
10011607,55850863,C:\Users\Zila\Downloads\BN5212\MIMIC-CXR\p10\p10\p10011607\s55850863.txt,matched,4,4,0
10011607,53604298,C:\Users\Zila\Downloads\BN5212\MIMIC-CXR\p10\p10\p10011607\s53604298.txt,no_matches,0,0,0
10011607,53989086,C:\Users\Zila\Downloads\BN5212\MIMIC-CXR\p10\p10\p10011607\s53989086.txt,matched,2,2,0
10011607,50435883,C:\Users\Zila\Downloads\BN5212\MIMIC-CXR\p10\p10\p10011607\s50435883.txt,matched,2,2,0
10011607,52421847,C:\Users\Zila\Downloads\BN5212\MIMIC-CXR\p10\p10\p10011607\s52421847.txt,matched,1,1,0
10011607,54471901,C:\Users\Zila\Downloads\BN5212\MIMIC-CXR\p10\p10\p10011607\s54471901.txt,matched,2,2,0
10011607,54323055,C:\Users\Zila\Downloads\BN5212\MIMIC-CXR\p10\p10\p10011607\s54323055.txt,matched,1,1,0
10011607,59358789,C:\Users\Zila\Downloads\BN5212\MIMIC-CXR\p10\p10\p10011607\s59358789.txt,matched,2,2,0
10011607,56807530,C:\Users\Zila\Downloads\BN5212\MIMIC-CXR\p10\p10\p10011607\s56807530.txt,matched,1,1,0
10011668,50539024,C:\Users\Zila\Downloads\BN5212\MIMIC-CXR\p10\p10\p10011668\s50539024.txt,matched,7,4,0
10011668,56511682,C:\Users\Zila\Downloads\BN5212\MIMIC-CXR\p10\p10\p10011668\s56511682.txt,matched,2,2,0
10011668,52123095,C:\Users\Zila\Downloads\BN5212\MIMIC-CXR\p10\p10\p10011668\s52123095.txt,matched,3,3,0
10011668,57317530,C:\Users\Zila\Downloads\BN5212\MIMIC-CXR\p10\p10\p10011668\s57317530.txt,matched,2,2,0
10011668,54026364,C:\Users\Zila\Downloads\BN5212\MIMIC-CXR\p10\p10\p10011668\s54026364.txt,matched,3,3,0
10011668,50139454,C:\Users\Zila\Downloads\BN5212\MIMIC-CXR\p10\p10\p10011668\s50139454.txt,matched,1,1,0
10011668,57069032,C:\Users\Zila\Downloads\BN5212\MIMIC-CXR\p10\p10\p10011668\s57069032.txt,matched,2,2,0
10011938,50109051,C:\Users\Zila\Downloads\BN5212\MIMIC-CXR\p10\p10\p10011938\s50109051.txt,matched,5,3,0
10011938,56362279,C:\Users\Zila\Downloads\BN5212\MIMIC-CXR\p10\p10\p10011938\s56362279.txt,matched,4,4,0
10011938,55823081,C:\Users\Zila\Downloads\BN5212\MIMIC-CXR\p10\p10\p10011938\s55823081.txt,matched,5,3,0
10011938,54202121,C:\Users\Zila\Downloads\BN5212\MIMIC-CXR\p10\p10\p10011938\s54202121.txt,matched,2,2,0
10011938,51900145,C:\Users\Zila\Downloads\BN5212\MIMIC-CXR\p10\p10\p10011938\s51900145.txt,matched,2,2,2
10011938,51895247,C:\Users\Zila\Downloads\BN5212\MIMIC-CXR\p10\p10\p10011938\s51895247.txt,no_matches,0,0,0
10011938,54231050,C:\Users\Zila\Downloads\BN5212\MIMIC-CXR\p10\p10\p10011938\s54231050.txt,no_matches,0,0,0
10012261,55883299,C:\Users\Zila\Downloads\BN5212\MIMIC-CXR\p10\p10\p10012261\s55883299.txt,matched,3,3,0
10012261,50349409,C:\Users\Zila\Downloads\BN5212\MIMIC-CXR\p10\p10\p10012261\s50349409.txt,matched,1,1,0
10012261,55299155,C:\Users\Zila\Downloads\BN5212\MIMIC-CXR\p10\p10\p10012261\s55299155.txt,matched,2,2,0
10012261,58270659,C:\Users\Zila\Downloads\BN5212\MIMIC-CXR\p10\p10\p10012261\s58270659.txt,matched,3,2,0
10012261,51684817,C:\Users\Zila\Downloads\BN5212\MIMIC-CXR\p10\p10\p10012261\s51684817.txt,matched,1,1,0
10012261,52477504,C:\Users\Zila\Downloads\BN5212\MIMIC-CXR\p10\p10\p10012261\s52477504.txt,matched,2,2,0
10012261,52687681,C:\Users\Zila\Downloads\BN5212\MIMIC-CXR\p10\p10\p10012261\s52687681.txt,matched,1,1,0
10012261,55038624,C:\Users\Zila\Downloads\BN5212\MIMIC-CXR\p10\p10\p10012261\s55038624.txt,matched,1,1,0
10012261,55346787,C:\Users\Zila\Downloads\BN5212\MIMIC-CXR\p10\p10\p10012261\s55346787.txt,no_matches,0,0,0
10012261,54843782,C:\Users\Zila\Downloads\BN5212\MIMIC-CXR\p10\p10\p10012261\s54843782.txt,no_matches,0,0,0
10012261,57578434,C:\Users\Zila\Downloads\BN5212\MIMIC-CXR\p10\p10\p10012261\s57578434.txt,matched,1,1,1
10012261,56984106,C:\Users\Zila\Downloads\BN5212\MIMIC-CXR\p10\p10\p10012261\s56984106.txt,matched,2,2,0
10012261,50448244,C:\Users\Zila\Downloads\BN5212\MIMIC-CXR\p10\p10\p10012261\s50448244.txt,matched,2,2,0
10012261,53685030,C:\Users\Zila\Downloads\BN5212\MIMIC-CXR\p10\p10\p10012261\s53685030.txt,unlabeled,0,0,0
10012261,53728467,C:\Users\Zila\Downloads\BN5212\MIMIC-CXR\p10\p10\p10012261\s53728467.txt,matched,4,1,1
10012261,56872341,C:\Users\Zila\Downloads\BN5212\MIMIC-CXR\p10\p10\p10012261\s56872341.txt,matched,4,3,1
10012261,55316892,C:\Users\Zila\Downloads\BN5212\MIMIC-CXR\p10\p10\p10012261\s55316892.txt,matched,2,2,0
10012292,50854114,C:\Users\Zila\Downloads\BN5212\MIMIC-CXR\p10\p10\p10012292\s50854114.txt,matched,1,1,0
10012292,52412975,C:\Users\Zila\Downloads\BN5212\MIMIC-CXR\p10\p10\p10012292\s52412975.txt,no_matches,0,0,0
10012292,53627836,C:\Users\Zila\Downloads\BN5212\MIMIC-CXR\p10\p10\p10012292\s53627836.txt,matched,1,1,0
10012292,57676120,C:\Users\Zila\Downloads\BN5212\MIMIC-CXR\p10\p10\p10012292\s57676120.txt,matched,6,4,0
10012292,59162519,C:\Users\Zila\Downloads\BN5212\MIMIC-CXR\p10\p10\p10012292\s59162519.txt,no_matches,0,0,0
10012292,54533628,C:\Users\Zila\Downloads\BN5212\MIMIC-CXR\p10\p10\p10012292\s54533628.txt,no_matches,0,0,0
10012292,52500232,C:\Users\Zila\Downloads\BN5212\MIMIC-CXR\p10\p10\p10012292\s52500232.txt,matched,1,1,0
10012292,51979091,C:\Users\Zila\Downloads\BN5212\MIMIC-CXR\p10\p10\p10012292\s51979091.txt,matched,3,3,0
10012768,51169270,C:\Users\Zila\Downloads\BN5212\MIMIC-CXR\p10\p10\p10012768\s51169270.txt,no_matches,0,0,0
10012768,58861095,C:\Users\Zila\Downloads\BN5212\MIMIC-CXR\p10\p10\p10012768\s58861095.txt,matched,1,1,0
10012768,55247703,C:\Users\Zila\Downloads\BN5212\MIMIC-CXR\p10\p10\p10012768\s55247703.txt,matched,3,3,0
10012853,53243235,C:\Users\Zila\Downloads\BN5212\MIMIC-CXR\p10\p10\p10012853\s53243235.txt,matched,6,2,0
10012853,58181999,C:\Users\Zila\Downloads\BN5212\MIMIC-CXR\p10\p10\p10012853\s58181999.txt,matched,3,3,0
10012853,58569460,C:\Users\Zila\Downloads\BN5212\MIMIC-CXR\p10\p10\p10012853\s58569460.txt,matched,1,1,0
10012853,50200959,C:\Users\Zila\Downloads\BN5212\MIMIC-CXR\p10\p10\p10012853\s50200959.txt,matched,7,4,0
10013502,59527128,C:\Users\Zila\Downloads\BN5212\MIMIC-CXR\p10\p10\p10013502\s59527128.txt,matched,3,3,0
10013502,54857277,C:\Users\Zila\Downloads\BN5212\MIMIC-CXR\p10\p10\p10013502\s54857277.txt,unlabeled,0,0,0
10013569,53407104,C:\Users\Zila\Downloads\BN5212\MIMIC-CXR\p10\p10\p10013569\s53407104.txt,no_matches,0,0,0
10013569,57151026,C:\Users\Zila\Downloads\BN5212\MIMIC-CXR\p10\p10\p10013569\s57151026.txt,matched,6,3,0
10013569,51292378,C:\Users\Zila\Downloads\BN5212\MIMIC-CXR\p10\p10\p10013569\s51292378.txt,unlabeled,0,0,0
10013569,54308488,C:\Users\Zila\Downloads\BN5212\MIMIC-CXR\p10\p10\p10013569\s54308488.txt,unlabeled,0,0,0
10013569,56120093,C:\Users\Zila\Downloads\BN5212\MIMIC-CXR\p10\p10\p10013569\s56120093.txt,matched,2,2,0
10013569,59650630,C:\Users\Zila\Downloads\BN5212\MIMIC-CXR\p10\p10\p10013569\s59650630.txt,unlabeled,0,0,0
10013569,56197670,C:\Users\Zila\Downloads\BN5212\MIMIC-CXR\p10\p10\p10013569\s56197670.txt,no_matches,0,0,0
10013569,57416395,C:\Users\Zila\Downloads\BN5212\MIMIC-CXR\p10\p10\p10013569\s57416395.txt,unlabeled,0,0,0
10013569,53680741,C:\Users\Zila\Downloads\BN5212\MIMIC-CXR\p10\p10\p10013569\s53680741.txt,unlabeled,0,0,0
10013569,53365004,C:\Users\Zila\Downloads\BN5212\MIMIC-CXR\p10\p10\p10013569\s53365004.txt,unlabeled,0,0,0
10013569,57874790,C:\Users\Zila\Downloads\BN5212\MIMIC-CXR\p10\p10\p10013569\s57874790.txt,matched,1,1,0
10013569,53790772,C:\Users\Zila\Downloads\BN5212\MIMIC-CXR\p10\p10\p10013569\s53790772.txt,unlabeled,0,0,0
10013569,55169196,C:\Users\Zila\Downloads\BN5212\MIMIC-CXR\p10\p10\p10013569\s55169196.txt,unlabeled,0,0,0
10013569,52553082,C:\Users\Zila\Downloads\BN5212\MIMIC-CXR\p10\p10\p10013569\s52553082.txt,matched,3,3,0
10013643,51129178,C:\Users\Zila\Downloads\BN5212\MIMIC-CXR\p10\p10\p10013643\s51129178.txt,no_matches,0,0,0
10013643,55641691,C:\Users\Zila\Downloads\BN5212\MIMIC-CXR\p10\p10\p10013643\s55641691.txt,no_matches,0,0,0
10013643,53230061,C:\Users\Zila\Downloads\BN5212\MIMIC-CXR\p10\p10\p10013643\s53230061.txt,no_matches,0,0,0
10013643,58230749,C:\Users\Zila\Downloads\BN5212\MIMIC-CXR\p10\p10\p10013643\s58230749.txt,matched,2,2,0
10013643,52222477,C:\Users\Zila\Downloads\BN5212\MIMIC-CXR\p10\p10\p10013643\s52222477.txt,matched,2,2,0
10013643,52512677,C:\Users\Zila\Downloads\BN5212\MIMIC-CXR\p10\p10\p10013643\s52512677.txt,matched,4,4,0
10013643,53841005,C:\Users\Zila\Downloads\BN5212\MIMIC-CXR\p10\p10\p10013643\s53841005.txt,matched,5,3,0
10013643,58785837,C:\Users\Zila\Downloads\BN5212\MIMIC-CXR\p10\p10\p10013643\s58785837.txt,matched,5,3,0
10013653,57456069,C:\Users\Zila\Downloads\BN5212\MIMIC-CXR\p10\p10\p10013653\s57456069.txt,matched,3,3,0
10013653,56765058,C:\Users\Zila\Downloads\BN5212\MIMIC-CXR\p10\p10\p10013653\s56765058.txt,matched,3,3,0
10013653,54266127,C:\Users\Zila\Downloads\BN5212\MIMIC-CXR\p10\p10\p10013653\s54266127.txt,matched,2,2,0
10013653,50370108,C:\Users\Zila\Downloads\BN5212\MIMIC-CXR\p10\p10\p10013653\s50370108.txt,matched,3,3,0
10013653,53383585,C:\Users\Zila\Downloads\BN5212\MIMIC-CXR\p10\p10\p10013653\s53383585.txt,matched,3,3,0
10013653,55563991,C:\Users\Zila\Downloads\BN5212\MIMIC-CXR\p10\p10\p10013653\s55563991.txt,matched,6,4,0
10013653,59887647,C:\Users\Zila\Downloads\BN5212\MIMIC-CXR\p10\p10\p10013653\s59887647.txt,matched,3,3,0
10013653,51083432,C:\Users\Zila\Downloads\BN5212\MIMIC-CXR\p10\p10\p10013653\s51083432.txt,no_matches,0,0,0
10013653,53718217,C:\Users\Zila\Downloads\BN5212\MIMIC-CXR\p10\p10\p10013653\s53718217.txt,matched,5,5,2
10013653,58257691,C:\Users\Zila\Downloads\BN5212\MIMIC-CXR\p10\p10\p10013653\s58257691.txt,matched,2,2,0
10013653,53212555,C:\Users\Zila\Downloads\BN5212\MIMIC-CXR\p10\p10\p10013653\s53212555.txt,matched,2,1,0
10013653,50073683,C:\Users\Zila\Downloads\BN5212\MIMIC-CXR\p10\p10\p10013653\s50073683.txt,no_matches,0,0,0
10013653,56172765,C:\Users\Zila\Downloads\BN5212\MIMIC-CXR\p10\p10\p10013653\s56172765.txt,matched,3,3,0
10014078,58004016,C:\Users\Zila\Downloads\BN5212\MIMIC-CXR\p10\p10\p10014078\s58004016.txt,no_matches,0,0,0
10014078,51417320,C:\Users\Zila\Downloads\BN5212\MIMIC-CXR\p10\p10\p10014078\s51417320.txt,no_matches,0,0,0
10014354,59818531,C:\Users\Zila\Downloads\BN5212\MIMIC-CXR\p10\p10\p10014354\s59818531.txt,matched,3,3,0
10014354,56187971,C:\Users\Zila\Downloads\BN5212\MIMIC-CXR\p10\p10\p10014354\s56187971.txt,matched,1,1,0
10014354,55291283,C:\Users\Zila\Downloads\BN5212\MIMIC-CXR\p10\p10\p10014354\s55291283.txt,matched,1,1,0
10014610,50713146,C:\Users\Zila\Downloads\BN5212\MIMIC-CXR\p10\p10\p10014610\s50713146.txt,no_matches,0,0,0
10014610,55886777,C:\Users\Zila\Downloads\BN5212\MIMIC-CXR\p10\p10\p10014610\s55886777.txt,no_matches,0,0,0
10014610,54899084,C:\Users\Zila\Downloads\BN5212\MIMIC-CXR\p10\p10\p10014610\s54899084.txt,matched,2,2,0
10014610,54258223,C:\Users\Zila\Downloads\BN5212\MIMIC-CXR\p10\p10\p10014610\s54258223.txt,no_matches,0,0,0
10014610,57344954,C:\Users\Zila\Downloads\BN5212\MIMIC-CXR\p10\p10\p10014610\s57344954.txt,matched,1,1,0
10014610,54331589,C:\Users\Zila\Downloads\BN5212\MIMIC-CXR\p10\p10\p10014610\s54331589.txt,matched,3,3,0
10014610,54475753,C:\Users\Zila\Downloads\BN5212\MIMIC-CXR\p10\p10\p10014610\s54475753.txt,no_matches,0,0,0
10014610,55636823,C:\Users\Zila\Downloads\BN5212\MIMIC-CXR\p10\p10\p10014610\s55636823.txt,no_matches,0,0,0
10014610,55477990,C:\Users\Zila\Downloads\BN5212\MIMIC-CXR\p10\p10\p10014610\s55477990.txt,matched,4,4,0
10014610,52971110,C:\Users\Zila\Downloads\BN5212\MIMIC-CXR\p10\p10\p10014610\s52971110.txt,matched,2,2,0
10014610,59565048,C:\Users\Zila\Downloads\BN5212\MIMIC-CXR\p10\p10\p10014610\s59565048.txt,matched,1,1,0
10014610,54251554,C:\Users\Zila\Downloads\BN5212\MIMIC-CXR\p10\p10\p10014610\s54251554.txt,matched,1,1,0
10014729,52149569,C:\Users\Zila\Downloads\BN5212\MIMIC-CXR\p10\p10\p10014729\s52149569.txt,matched,3,3,0
10014729,54116558,C:\Users\Zila\Downloads\BN5212\MIMIC-CXR\p10\p10\p10014729\s54116558.txt,no_matches,0,0,0
10014729,51377970,C:\Users\Zila\Downloads\BN5212\MIMIC-CXR\p10\p10\p10014729\s51377970.txt,matched,3,3,0
10014729,56982861,C:\Users\Zila\Downloads\BN5212\MIMIC-CXR\p10\p10\p10014729\s56982861.txt,matched,1,1,0
10014729,54258430,C:\Users\Zila\Downloads\BN5212\MIMIC-CXR\p10\p10\p10014729\s54258430.txt,no_matches,0,0,0
10014729,55397704,C:\Users\Zila\Downloads\BN5212\MIMIC-CXR\p10\p10\p10014729\s55397704.txt,matched,1,1,0
10014729,53646444,C:\Users\Zila\Downloads\BN5212\MIMIC-CXR\p10\p10\p10014729\s53646444.txt,matched,1,1,0
10014729,52620675,C:\Users\Zila\Downloads\BN5212\MIMIC-CXR\p10\p10\p10014729\s52620675.txt,unlabeled,0,0,0
10014729,52359357,C:\Users\Zila\Downloads\BN5212\MIMIC-CXR\p10\p10\p10014729\s52359357.txt,no_matches,0,0,0
10014729,56014224,C:\Users\Zila\Downloads\BN5212\MIMIC-CXR\p10\p10\p10014729\s56014224.txt,no_matches,0,0,0
10014765,57515592,C:\Users\Zila\Downloads\BN5212\MIMIC-CXR\p10\p10\p10014765\s57515592.txt,no_matches,0,0,0
10014765,55749084,C:\Users\Zila\Downloads\BN5212\MIMIC-CXR\p10\p10\p10014765\s55749084.txt,matched,2,2,0
10014967,52050610,C:\Users\Zila\Downloads\BN5212\MIMIC-CXR\p10\p10\p10014967\s52050610.txt,matched,1,1,0
10014967,52591138,C:\Users\Zila\Downloads\BN5212\MIMIC-CXR\p10\p10\p10014967\s52591138.txt,no_matches,0,0,0
10015048,53719691,C:\Users\Zila\Downloads\BN5212\MIMIC-CXR\p10\p10\p10015048\s53719691.txt,matched,1,1,0
10015048,50292012,C:\Users\Zila\Downloads\BN5212\MIMIC-CXR\p10\p10\p10015048\s50292012.txt,matched,3,3,0
10015048,57847000,C:\Users\Zila\Downloads\BN5212\MIMIC-CXR\p10\p10\p10015048\s57847000.txt,matched,4,3,0
10015048,50474111,C:\Users\Zila\Downloads\BN5212\MIMIC-CXR\p10\p10\p10015048\s50474111.txt,matched,1,1,0
10015048,58698953,C:\Users\Zila\Downloads\BN5212\MIMIC-CXR\p10\p10\p10015048\s58698953.txt,matched,3,3,0
10015048,57144495,C:\Users\Zila\Downloads\BN5212\MIMIC-CXR\p10\p10\p10015048\s57144495.txt,matched,1,1,0
10015129,54747140,C:\Users\Zila\Downloads\BN5212\MIMIC-CXR\p10\p10\p10015129\s54747140.txt,matched,1,1,0
10015129,57452970,C:\Users\Zila\Downloads\BN5212\MIMIC-CXR\p10\p10\p10015129\s57452970.txt,no_matches,0,0,0
10015129,54690616,C:\Users\Zila\Downloads\BN5212\MIMIC-CXR\p10\p10\p10015129\s54690616.txt,matched,2,2,0
10015487,58028693,C:\Users\Zila\Downloads\BN5212\MIMIC-CXR\p10\p10\p10015487\s58028693.txt,matched,1,1,0
10015487,57448287,C:\Users\Zila\Downloads\BN5212\MIMIC-CXR\p10\p10\p10015487\s57448287.txt,matched,2,2,0
10015785,52335725,C:\Users\Zila\Downloads\BN5212\MIMIC-CXR\p10\p10\p10015785\s52335725.txt,matched,1,1,0
10015785,59095926,C:\Users\Zila\Downloads\BN5212\MIMIC-CXR\p10\p10\p10015785\s59095926.txt,matched,2,2,0
10015860,51904202,C:\Users\Zila\Downloads\BN5212\MIMIC-CXR\p10\p10\p10015860\s51904202.txt,matched,2,2,0
10015860,54563930,C:\Users\Zila\Downloads\BN5212\MIMIC-CXR\p10\p10\p10015860\s54563930.txt,matched,2,2,0
10015860,54943790,C:\Users\Zila\Downloads\BN5212\MIMIC-CXR\p10\p10\p10015860\s54943790.txt,matched,2,2,0
10015860,55513261,C:\Users\Zila\Downloads\BN5212\MIMIC-CXR\p10\p10\p10015860\s55513261.txt,matched,2,1,0
10015860,52909824,C:\Users\Zila\Downloads\BN5212\MIMIC-CXR\p10\p10\p10015860\s52909824.txt,matched,3,2,0
10015931,53883707,C:\Users\Zila\Downloads\BN5212\MIMIC-CXR\p10\p10\p10015931\s53883707.txt,matched,5,3,0
10015931,57792054,C:\Users\Zila\Downloads\BN5212\MIMIC-CXR\p10\p10\p10015931\s57792054.txt,matched,4,3,0
10015931,57962525,C:\Users\Zila\Downloads\BN5212\MIMIC-CXR\p10\p10\p10015931\s57962525.txt,matched,2,2,0
10015931,56053701,C:\Users\Zila\Downloads\BN5212\MIMIC-CXR\p10\p10\p10015931\s56053701.txt,matched,1,1,0
10015931,55693693,C:\Users\Zila\Downloads\BN5212\MIMIC-CXR\p10\p10\p10015931\s55693693.txt,matched,2,2,0
10015931,57552246,C:\Users\Zila\Downloads\BN5212\MIMIC-CXR\p10\p10\p10015931\s57552246.txt,matched,4,4,0
10015931,51155735,C:\Users\Zila\Downloads\BN5212\MIMIC-CXR\p10\p10\p10015931\s51155735.txt,matched,1,1,0
10015931,58488942,C:\Users\Zila\Downloads\BN5212\MIMIC-CXR\p10\p10\p10015931\s58488942.txt,matched,2,1,0
10015931,50912119,C:\Users\Zila\Downloads\BN5212\MIMIC-CXR\p10\p10\p10015931\s50912119.txt,matched,3,3,0
10015931,52545203,C:\Users\Zila\Downloads\BN5212\MIMIC-CXR\p10\p10\p10015931\s52545203.txt,matched,6,3,0
10015931,55684791,C:\Users\Zila\Downloads\BN5212\MIMIC-CXR\p10\p10\p10015931\s55684791.txt,matched,2,2,0
10015931,52062743,C:\Users\Zila\Downloads\BN5212\MIMIC-CXR\p10\p10\p10015931\s52062743.txt,no_matches,0,0,0
10015931,58306154,C:\Users\Zila\Downloads\BN5212\MIMIC-CXR\p10\p10\p10015931\s58306154.txt,matched,1,1,0
10016084,51872870,C:\Users\Zila\Downloads\BN5212\MIMIC-CXR\p10\p10\p10016084\s51872870.txt,matched,2,2,0
10016084,50755440,C:\Users\Zila\Downloads\BN5212\MIMIC-CXR\p10\p10\p10016084\s50755440.txt,no_matches,0,0,0
10016367,51553809,C:\Users\Zila\Downloads\BN5212\MIMIC-CXR\p10\p10\p10016367\s51553809.txt,matched,1,1,0
10016367,58382768,C:\Users\Zila\Downloads\BN5212\MIMIC-CXR\p10\p10\p10016367\s58382768.txt,matched,1,1,0
10016742,54544825,C:\Users\Zila\Downloads\BN5212\MIMIC-CXR\p10\p10\p10016742\s54544825.txt,no_matches,0,0,0
10016742,51823916,C:\Users\Zila\Downloads\BN5212\MIMIC-CXR\p10\p10\p10016742\s51823916.txt,no_matches,0,0,0
10016742,58242013,C:\Users\Zila\Downloads\BN5212\MIMIC-CXR\p10\p10\p10016742\s58242013.txt,no_matches,0,0,0
10016742,58718226,C:\Users\Zila\Downloads\BN5212\MIMIC-CXR\p10\p10\p10016742\s58718226.txt,matched,5,5,0
10016742,51877206,C:\Users\Zila\Downloads\BN5212\MIMIC-CXR\p10\p10\p10016742\s51877206.txt,matched,2,2,1
10016742,57347343,C:\Users\Zila\Downloads\BN5212\MIMIC-CXR\p10\p10\p10016742\s57347343.txt,matched,2,2,0
10016742,59397266,C:\Users\Zila\Downloads\BN5212\MIMIC-CXR\p10\p10\p10016742\s59397266.txt,matched,1,1,0
10016742,56815951,C:\Users\Zila\Downloads\BN5212\MIMIC-CXR\p10\p10\p10016742\s56815951.txt,no_matches,0,0,0
10016742,50273193,C:\Users\Zila\Downloads\BN5212\MIMIC-CXR\p10\p10\p10016742\s50273193.txt,no_matches,0,0,0
10016742,50285724,C:\Users\Zila\Downloads\BN5212\MIMIC-CXR\p10\p10\p10016742\s50285724.txt,no_matches,0,0,0
10016742,50500001,C:\Users\Zila\Downloads\BN5212\MIMIC-CXR\p10\p10\p10016742\s50500001.txt,matched,1,1,0
10018081,51219318,C:\Users\Zila\Downloads\BN5212\MIMIC-CXR\p10\p10\p10018081\s51219318.txt,matched,1,1,0
10018081,50515796,C:\Users\Zila\Downloads\BN5212\MIMIC-CXR\p10\p10\p10018081\s50515796.txt,matched,4,4,0
10018081,53262913,C:\Users\Zila\Downloads\BN5212\MIMIC-CXR\p10\p10\p10018081\s53262913.txt,matched,1,1,0
10018081,55554731,C:\Users\Zila\Downloads\BN5212\MIMIC-CXR\p10\p10\p10018081\s55554731.txt,matched,5,3,0
10018081,58175153,C:\Users\Zila\Downloads\BN5212\MIMIC-CXR\p10\p10\p10018081\s58175153.txt,matched,3,2,0
10018081,53356842,C:\Users\Zila\Downloads\BN5212\MIMIC-CXR\p10\p10\p10018081\s53356842.txt,matched,3,2,0
10018081,59239908,C:\Users\Zila\Downloads\BN5212\MIMIC-CXR\p10\p10\p10018081\s59239908.txt,matched,5,4,0
10018081,57539618,C:\Users\Zila\Downloads\BN5212\MIMIC-CXR\p10\p10\p10018081\s57539618.txt,matched,2,1,0
10018081,55735807,C:\Users\Zila\Downloads\BN5212\MIMIC-CXR\p10\p10\p10018081\s55735807.txt,matched,3,2,0
10018081,52361916,C:\Users\Zila\Downloads\BN5212\MIMIC-CXR\p10\p10\p10018081\s52361916.txt,matched,4,4,0
10018081,58536937,C:\Users\Zila\Downloads\BN5212\MIMIC-CXR\p10\p10\p10018081\s58536937.txt,matched,2,2,0
10018081,55281127,C:\Users\Zila\Downloads\BN5212\MIMIC-CXR\p10\p10\p10018081\s55281127.txt,matched,3,2,1
10018081,56762822,C:\Users\Zila\Downloads\BN5212\MIMIC-CXR\p10\p10\p10018081\s56762822.txt,matched,3,3,0
10018081,59614225,C:\Users\Zila\Downloads\BN5212\MIMIC-CXR\p10\p10\p10018081\s59614225.txt,matched,3,3,0
10018081,50772344,C:\Users\Zila\Downloads\BN5212\MIMIC-CXR\p10\p10\p10018081\s50772344.txt,matched,3,3,0
10018081,57486705,C:\Users\Zila\Downloads\BN5212\MIMIC-CXR\p10\p10\p10018081\s57486705.txt,matched,1,1,0
10018081,51961926,C:\Users\Zila\Downloads\BN5212\MIMIC-CXR\p10\p10\p10018081\s51961926.txt,matched,4,4,0
10018081,51331930,C:\Users\Zila\Downloads\BN5212\MIMIC-CXR\p10\p10\p10018081\s51331930.txt,matched,1,1,0
10018081,58479559,C:\Users\Zila\Downloads\BN5212\MIMIC-CXR\p10\p10\p10018081\s58479559.txt,matched,6,2,0
10018081,57481090,C:\Users\Zila\Downloads\BN5212\MIMIC-CXR\p10\p10\p10018081\s57481090.txt,matched,2,2,0
10018081,57747740,C:\Users\Zila\Downloads\BN5212\MIMIC-CXR\p10\p10\p10018081\s57747740.txt,matched,1,1,0
10018081,55605617,C:\Users\Zila\Downloads\BN5212\MIMIC-CXR\p10\p10\p10018081\s55605617.txt,matched,1,1,1
10018081,55879987,C:\Users\Zila\Downloads\BN5212\MIMIC-CXR\p10\p10\p10018081\s55879987.txt,matched,1,1,0
10018081,52015079,C:\Users\Zila\Downloads\BN5212\MIMIC-CXR\p10\p10\p10018081\s52015079.txt,no_matches,0,0,0
10018081,53437264,C:\Users\Zila\Downloads\BN5212\MIMIC-CXR\p10\p10\p10018081\s53437264.txt,no_matches,0,0,0
10018081,52241060,C:\Users\Zila\Downloads\BN5212\MIMIC-CXR\p10\p10\p10018081\s52241060.txt,no_matches,0,0,0
10018081,55937781,C:\Users\Zila\Downloads\BN5212\MIMIC-CXR\p10\p10\p10018081\s55937781.txt,matched,5,3,0
10018081,56684174,C:\Users\Zila\Downloads\BN5212\MIMIC-CXR\p10\p10\p10018081\s56684174.txt,matched,3,3,0
10018081,54070678,C:\Users\Zila\Downloads\BN5212\MIMIC-CXR\p10\p10\p10018081\s54070678.txt,matched,1,1,0
10018081,52153377,C:\Users\Zila\Downloads\BN5212\MIMIC-CXR\p10\p10\p10018081\s52153377.txt,matched,1,1,0
10018081,53134267,C:\Users\Zila\Downloads\BN5212\MIMIC-CXR\p10\p10\p10018081\s53134267.txt,matched,3,3,0
10018081,55764579,C:\Users\Zila\Downloads\BN5212\MIMIC-CXR\p10\p10\p10018081\s55764579.txt,matched,1,1,0
10018081,56942504,C:\Users\Zila\Downloads\BN5212\MIMIC-CXR\p10\p10\p10018081\s56942504.txt,matched,6,3,0
10018081,55297211,C:\Users\Zila\Downloads\BN5212\MIMIC-CXR\p10\p10\p10018081\s55297211.txt,matched,5,4,0
10018081,59593112,C:\Users\Zila\Downloads\BN5212\MIMIC-CXR\p10\p10\p10018081\s59593112.txt,matched,1,1,0
10018081,52355329,C:\Users\Zila\Downloads\BN5212\MIMIC-CXR\p10\p10\p10018081\s52355329.txt,matched,4,2,1
10018205,55652312,C:\Users\Zila\Downloads\BN5212\MIMIC-CXR\p10\p10\p10018205\s55652312.txt,matched,1,1,0
10018205,51700871,C:\Users\Zila\Downloads\BN5212\MIMIC-CXR\p10\p10\p10018205\s51700871.txt,matched,1,1,0
10018205,58629645,C:\Users\Zila\Downloads\BN5212\MIMIC-CXR\p10\p10\p10018205\s58629645.txt,matched,1,1,0
10018328,53995593,C:\Users\Zila\Downloads\BN5212\MIMIC-CXR\p10\p10\p10018328\s53995593.txt,matched,4,4,0
10018328,51710812,C:\Users\Zila\Downloads\BN5212\MIMIC-CXR\p10\p10\p10018328\s51710812.txt,no_matches,0,0,0
10018328,53637154,C:\Users\Zila\Downloads\BN5212\MIMIC-CXR\p10\p10\p10018328\s53637154.txt,matched,1,1,0
10018423,58815716,C:\Users\Zila\Downloads\BN5212\MIMIC-CXR\p10\p10\p10018423\s58815716.txt,matched,1,1,0
10018423,51545426,C:\Users\Zila\Downloads\BN5212\MIMIC-CXR\p10\p10\p10018423\s51545426.txt,matched,1,1,0
10018423,58065422,C:\Users\Zila\Downloads\BN5212\MIMIC-CXR\p10\p10\p10018423\s58065422.txt,no_matches,0,0,0
10018423,50526690,C:\Users\Zila\Downloads\BN5212\MIMIC-CXR\p10\p10\p10018423\s50526690.txt,no_matches,0,0,0
10018712,56085991,C:\Users\Zila\Downloads\BN5212\MIMIC-CXR\p10\p10\p10018712\s56085991.txt,matched,1,1,0
10018712,58860169,C:\Users\Zila\Downloads\BN5212\MIMIC-CXR\p10\p10\p10018712\s58860169.txt,matched,1,1,0
10019003,57733086,C:\Users\Zila\Downloads\BN5212\MIMIC-CXR\p10\p10\p10019003\s57733086.txt,matched,5,3,0
10019003,53307223,C:\Users\Zila\Downloads\BN5212\MIMIC-CXR\p10\p10\p10019003\s53307223.txt,matched,4,2,0
10019003,53986244,C:\Users\Zila\Downloads\BN5212\MIMIC-CXR\p10\p10\p10019003\s53986244.txt,no_matches,0,0,0
10019003,55125544,C:\Users\Zila\Downloads\BN5212\MIMIC-CXR\p10\p10\p10019003\s55125544.txt,no_matches,0,0,0
10019003,56297761,C:\Users\Zila\Downloads\BN5212\MIMIC-CXR\p10\p10\p10019003\s56297761.txt,no_matches,0,0,0
10019003,54798105,C:\Users\Zila\Downloads\BN5212\MIMIC-CXR\p10\p10\p10019003\s54798105.txt,matched,5,3,0
10019003,54681791,C:\Users\Zila\Downloads\BN5212\MIMIC-CXR\p10\p10\p10019003\s54681791.txt,no_matches,0,0,0
10019003,56482942,C:\Users\Zila\Downloads\BN5212\MIMIC-CXR\p10\p10\p10019003\s56482942.txt,matched,1,1,1
10019003,58240524,C:\Users\Zila\Downloads\BN5212\MIMIC-CXR\p10\p10\p10019003\s58240524.txt,matched,1,1,0
10019003,59157833,C:\Users\Zila\Downloads\BN5212\MIMIC-CXR\p10\p10\p10019003\s59157833.txt,no_matches,0,0,0
10019385,50273827,C:\Users\Zila\Downloads\BN5212\MIMIC-CXR\p10\p10\p10019385\s50273827.txt,matched,1,1,0
10019385,50113144,C:\Users\Zila\Downloads\BN5212\MIMIC-CXR\p10\p10\p10019385\s50113144.txt,matched,2,2,0
10019385,51044398,C:\Users\Zila\Downloads\BN5212\MIMIC-CXR\p10\p10\p10019385\s51044398.txt,matched,2,2,0
10019385,55200571,C:\Users\Zila\Downloads\BN5212\MIMIC-CXR\p10\p10\p10019385\s55200571.txt,matched,2,1,0
10019517,56621765,C:\Users\Zila\Downloads\BN5212\MIMIC-CXR\p10\p10\p10019517\s56621765.txt,matched,1,1,0
10019517,52418577,C:\Users\Zila\Downloads\BN5212\MIMIC-CXR\p10\p10\p10019517\s52418577.txt,matched,3,3,0
10019568,52687854,C:\Users\Zila\Downloads\BN5212\MIMIC-CXR\p10\p10\p10019568\s52687854.txt,matched,1,1,0
10019568,56124175,C:\Users\Zila\Downloads\BN5212\MIMIC-CXR\p10\p10\p10019568\s56124175.txt,matched,3,1,0
10019568,58665413,C:\Users\Zila\Downloads\BN5212\MIMIC-CXR\p10\p10\p10019568\s58665413.txt,matched,1,1,0
10019568,59892630,C:\Users\Zila\Downloads\BN5212\MIMIC-CXR\p10\p10\p10019568\s59892630.txt,matched,3,2,0
10019777,58527977,C:\Users\Zila\Downloads\BN5212\MIMIC-CXR\p10\p10\p10019777\s58527977.txt,matched,3,3,0
10019777,53481915,C:\Users\Zila\Downloads\BN5212\MIMIC-CXR\p10\p10\p10019777\s53481915.txt,matched,1,1,0
10019777,57883142,C:\Users\Zila\Downloads\BN5212\MIMIC-CXR\p10\p10\p10019777\s57883142.txt,matched,4,2,0
10019777,54750545,C:\Users\Zila\Downloads\BN5212\MIMIC-CXR\p10\p10\p10019777\s54750545.txt,no_matches,0,0,0
10019777,55627966,C:\Users\Zila\Downloads\BN5212\MIMIC-CXR\p10\p10\p10019777\s55627966.txt,matched,3,2,1
10019777,56013693,C:\Users\Zila\Downloads\BN5212\MIMIC-CXR\p10\p10\p10019777\s56013693.txt,matched,2,2,0
10020306,58083231,C:\Users\Zila\Downloads\BN5212\MIMIC-CXR\p10\p10\p10020306\s58083231.txt,matched,1,1,0
10020306,52734703,C:\Users\Zila\Downloads\BN5212\MIMIC-CXR\p10\p10\p10020306\s52734703.txt,matched,2,2,0
10020306,58198752,C:\Users\Zila\Downloads\BN5212\MIMIC-CXR\p10\p10\p10020306\s58198752.txt,no_matches,0,0,0
10020435,51690362,C:\Users\Zila\Downloads\BN5212\MIMIC-CXR\p10\p10\p10020435\s51690362.txt,matched,1,1,0
10020435,57084280,C:\Users\Zila\Downloads\BN5212\MIMIC-CXR\p10\p10\p10020435\s57084280.txt,matched,1,1,0
10020740,55522869,C:\Users\Zila\Downloads\BN5212\MIMIC-CXR\p10\p10\p10020740\s55522869.txt,matched,2,2,0
10020740,58116104,C:\Users\Zila\Downloads\BN5212\MIMIC-CXR\p10\p10\p10020740\s58116104.txt,matched,3,3,0
10020740,59646202,C:\Users\Zila\Downloads\BN5212\MIMIC-CXR\p10\p10\p10020740\s59646202.txt,no_matches,0,0,0
10020740,57133090,C:\Users\Zila\Downloads\BN5212\MIMIC-CXR\p10\p10\p10020740\s57133090.txt,no_matches,0,0,0
10020740,57634229,C:\Users\Zila\Downloads\BN5212\MIMIC-CXR\p10\p10\p10020740\s57634229.txt,matched,3,3,0
10020740,59801677,C:\Users\Zila\Downloads\BN5212\MIMIC-CXR\p10\p10\p10020740\s59801677.txt,matched,1,1,0
10020740,51970847,C:\Users\Zila\Downloads\BN5212\MIMIC-CXR\p10\p10\p10020740\s51970847.txt,matched,1,1,0
10020740,56201490,C:\Users\Zila\Downloads\BN5212\MIMIC-CXR\p10\p10\p10020740\s56201490.txt,no_matches,0,0,0
10020740,59638055,C:\Users\Zila\Downloads\BN5212\MIMIC-CXR\p10\p10\p10020740\s59638055.txt,matched,1,1,0
10020740,58601155,C:\Users\Zila\Downloads\BN5212\MIMIC-CXR\p10\p10\p10020740\s58601155.txt,no_matches,0,0,0
10020740,56959982,C:\Users\Zila\Downloads\BN5212\MIMIC-CXR\p10\p10\p10020740\s56959982.txt,no_matches,0,0,0
10020740,54429329,C:\Users\Zila\Downloads\BN5212\MIMIC-CXR\p10\p10\p10020740\s54429329.txt,matched,1,1,0
10020740,53160696,C:\Users\Zila\Downloads\BN5212\MIMIC-CXR\p10\p10\p10020740\s53160696.txt,matched,1,1,0
10020740,56053044,C:\Users\Zila\Downloads\BN5212\MIMIC-CXR\p10\p10\p10020740\s56053044.txt,matched,1,1,0
10020740,57037479,C:\Users\Zila\Downloads\BN5212\MIMIC-CXR\p10\p10\p10020740\s57037479.txt,no_matches,0,0,0
10020740,59492946,C:\Users\Zila\Downloads\BN5212\MIMIC-CXR\p10\p10\p10020740\s59492946.txt,matched,1,1,0
10020740,52180258,C:\Users\Zila\Downloads\BN5212\MIMIC-CXR\p10\p10\p10020740\s52180258.txt,no_matches,0,0,0
10020740,55372019,C:\Users\Zila\Downloads\BN5212\MIMIC-CXR\p10\p10\p10020740\s55372019.txt,no_matches,0,0,0
10020740,59317612,C:\Users\Zila\Downloads\BN5212\MIMIC-CXR\p10\p10\p10020740\s59317612.txt,matched,1,1,0
10020740,52268471,C:\Users\Zila\Downloads\BN5212\MIMIC-CXR\p10\p10\p10020740\s52268471.txt,matched,1,1,0
10020852,58129659,C:\Users\Zila\Downloads\BN5212\MIMIC-CXR\p10\p10\p10020852\s58129659.txt,matched,1,1,0
10020852,50577055,C:\Users\Zila\Downloads\BN5212\MIMIC-CXR\p10\p10\p10020852\s50577055.txt,matched,1,1,0
10020944,54752011,C:\Users\Zila\Downloads\BN5212\MIMIC-CXR\p10\p10\p10020944\s54752011.txt,matched,3,2,0
10020944,57029107,C:\Users\Zila\Downloads\BN5212\MIMIC-CXR\p10\p10\p10020944\s57029107.txt,matched,2,2,1
10020944,59618738,C:\Users\Zila\Downloads\BN5212\MIMIC-CXR\p10\p10\p10020944\s59618738.txt,matched,1,1,0
10020944,56067699,C:\Users\Zila\Downloads\BN5212\MIMIC-CXR\p10\p10\p10020944\s56067699.txt,matched,3,3,0
10020944,52441819,C:\Users\Zila\Downloads\BN5212\MIMIC-CXR\p10\p10\p10020944\s52441819.txt,matched,4,2,0
10020944,56843445,C:\Users\Zila\Downloads\BN5212\MIMIC-CXR\p10\p10\p10020944\s56843445.txt,no_matches,0,0,0
10020944,53903006,C:\Users\Zila\Downloads\BN5212\MIMIC-CXR\p10\p10\p10020944\s53903006.txt,no_matches,0,0,0
10020944,59602114,C:\Users\Zila\Downloads\BN5212\MIMIC-CXR\p10\p10\p10020944\s59602114.txt,matched,3,3,0
10020944,59169950,C:\Users\Zila\Downloads\BN5212\MIMIC-CXR\p10\p10\p10020944\s59169950.txt,matched,4,4,0
10020944,55858000,C:\Users\Zila\Downloads\BN5212\MIMIC-CXR\p10\p10\p10020944\s55858000.txt,matched,1,1,0
10020944,57546443,C:\Users\Zila\Downloads\BN5212\MIMIC-CXR\p10\p10\p10020944\s57546443.txt,matched,5,3,0
10020944,54060261,C:\Users\Zila\Downloads\BN5212\MIMIC-CXR\p10\p10\p10020944\s54060261.txt,matched,1,1,0
10021348,51196256,C:\Users\Zila\Downloads\BN5212\MIMIC-CXR\p10\p10\p10021348\s51196256.txt,matched,2,2,0
10021348,58126648,C:\Users\Zila\Downloads\BN5212\MIMIC-CXR\p10\p10\p10021348\s58126648.txt,matched,1,1,0
10021487,52515667,C:\Users\Zila\Downloads\BN5212\MIMIC-CXR\p10\p10\p10021487\s52515667.txt,no_matches,0,0,0
10021487,57549992,C:\Users\Zila\Downloads\BN5212\MIMIC-CXR\p10\p10\p10021487\s57549992.txt,matched,1,1,0
10021487,52532886,C:\Users\Zila\Downloads\BN5212\MIMIC-CXR\p10\p10\p10021487\s52532886.txt,matched,5,3,0
10021487,57861581,C:\Users\Zila\Downloads\BN5212\MIMIC-CXR\p10\p10\p10021487\s57861581.txt,matched,5,3,0
10021487,52487989,C:\Users\Zila\Downloads\BN5212\MIMIC-CXR\p10\p10\p10021487\s52487989.txt,matched,1,1,0
10021487,58098754,C:\Users\Zila\Downloads\BN5212\MIMIC-CXR\p10\p10\p10021487\s58098754.txt,matched,1,1,0
10021487,56769265,C:\Users\Zila\Downloads\BN5212\MIMIC-CXR\p10\p10\p10021487\s56769265.txt,matched,2,2,0
10021487,53139340,C:\Users\Zila\Downloads\BN5212\MIMIC-CXR\p10\p10\p10021487\s53139340.txt,matched,3,3,0
10021487,52729894,C:\Users\Zila\Downloads\BN5212\MIMIC-CXR\p10\p10\p10021487\s52729894.txt,no_matches,0,0,0
10021487,57544796,C:\Users\Zila\Downloads\BN5212\MIMIC-CXR\p10\p10\p10021487\s57544796.txt,matched,2,2,0
10021487,50763544,C:\Users\Zila\Downloads\BN5212\MIMIC-CXR\p10\p10\p10021487\s50763544.txt,matched,2,2,0
10021487,55024078,C:\Users\Zila\Downloads\BN5212\MIMIC-CXR\p10\p10\p10021487\s55024078.txt,matched,2,2,2
10021487,57174722,C:\Users\Zila\Downloads\BN5212\MIMIC-CXR\p10\p10\p10021487\s57174722.txt,matched,3,3,0
10021487,54626295,C:\Users\Zila\Downloads\BN5212\MIMIC-CXR\p10\p10\p10021487\s54626295.txt,matched,3,2,0
10021487,52512958,C:\Users\Zila\Downloads\BN5212\MIMIC-CXR\p10\p10\p10021487\s52512958.txt,matched,2,2,0
10021487,54921147,C:\Users\Zila\Downloads\BN5212\MIMIC-CXR\p10\p10\p10021487\s54921147.txt,unlabeled,0,0,0
10021487,52264519,C:\Users\Zila\Downloads\BN5212\MIMIC-CXR\p10\p10\p10021487\s52264519.txt,unlabeled,0,0,0
10021487,55681272,C:\Users\Zila\Downloads\BN5212\MIMIC-CXR\p10\p10\p10021487\s55681272.txt,matched,2,1,0
10021487,50316375,C:\Users\Zila\Downloads\BN5212\MIMIC-CXR\p10\p10\p10021487\s50316375.txt,matched,4,2,0
10021487,59671735,C:\Users\Zila\Downloads\BN5212\MIMIC-CXR\p10\p10\p10021487\s59671735.txt,matched,4,3,0
10021487,51955860,C:\Users\Zila\Downloads\BN5212\MIMIC-CXR\p10\p10\p10021487\s51955860.txt,unlabeled,0,0,0
10021487,53730037,C:\Users\Zila\Downloads\BN5212\MIMIC-CXR\p10\p10\p10021487\s53730037.txt,no_matches,0,0,0
10021487,53109949,C:\Users\Zila\Downloads\BN5212\MIMIC-CXR\p10\p10\p10021487\s53109949.txt,no_matches,0,0,0
10021666,51474885,C:\Users\Zila\Downloads\BN5212\MIMIC-CXR\p10\p10\p10021666\s51474885.txt,matched,3,3,0
10021666,55219437,C:\Users\Zila\Downloads\BN5212\MIMIC-CXR\p10\p10\p10021666\s55219437.txt,matched,5,5,0
10021927,54413057,C:\Users\Zila\Downloads\BN5212\MIMIC-CXR\p10\p10\p10021927\s54413057.txt,matched,1,1,0
10021927,52452170,C:\Users\Zila\Downloads\BN5212\MIMIC-CXR\p10\p10\p10021927\s52452170.txt,matched,1,1,0
10021927,57834745,C:\Users\Zila\Downloads\BN5212\MIMIC-CXR\p10\p10\p10021927\s57834745.txt,matched,2,2,0
10021927,56404554,C:\Users\Zila\Downloads\BN5212\MIMIC-CXR\p10\p10\p10021927\s56404554.txt,no_matches,0,0,0
10021927,51939213,C:\Users\Zila\Downloads\BN5212\MIMIC-CXR\p10\p10\p10021927\s51939213.txt,matched,2,2,0
10021927,58742316,C:\Users\Zila\Downloads\BN5212\MIMIC-CXR\p10\p10\p10021927\s58742316.txt,matched,1,1,0
10021927,52675129,C:\Users\Zila\Downloads\BN5212\MIMIC-CXR\p10\p10\p10021927\s52675129.txt,no_matches,0,0,0
10021927,58429029,C:\Users\Zila\Downloads\BN5212\MIMIC-CXR\p10\p10\p10021927\s58429029.txt,matched,1,1,0
10021927,59713053,C:\Users\Zila\Downloads\BN5212\MIMIC-CXR\p10\p10\p10021927\s59713053.txt,matched,2,2,0
10021927,55642678,C:\Users\Zila\Downloads\BN5212\MIMIC-CXR\p10\p10\p10021927\s55642678.txt,no_matches,0,0,0
10021927,55422556,C:\Users\Zila\Downloads\BN5212\MIMIC-CXR\p10\p10\p10021927\s55422556.txt,matched,5,3,0
10021927,56863750,C:\Users\Zila\Downloads\BN5212\MIMIC-CXR\p10\p10\p10021927\s56863750.txt,matched,7,4,0
10021927,56474613,C:\Users\Zila\Downloads\BN5212\MIMIC-CXR\p10\p10\p10021927\s56474613.txt,matched,3,2,0
10021927,55803399,C:\Users\Zila\Downloads\BN5212\MIMIC-CXR\p10\p10\p10021927\s55803399.txt,matched,1,1,0
10021927,58800461,C:\Users\Zila\Downloads\BN5212\MIMIC-CXR\p10\p10\p10021927\s58800461.txt,matched,5,3,0
10021927,52138197,C:\Users\Zila\Downloads\BN5212\MIMIC-CXR\p10\p10\p10021927\s52138197.txt,matched,3,3,1
10021938,55463845,C:\Users\Zila\Downloads\BN5212\MIMIC-CXR\p10\p10\p10021938\s55463845.txt,matched,1,1,0
10021938,50014720,C:\Users\Zila\Downloads\BN5212\MIMIC-CXR\p10\p10\p10021938\s50014720.txt,matched,5,3,0
10021938,54308908,C:\Users\Zila\Downloads\BN5212\MIMIC-CXR\p10\p10\p10021938\s54308908.txt,matched,6,4,0
10022037,56917931,C:\Users\Zila\Downloads\BN5212\MIMIC-CXR\p10\p10\p10022037\s56917931.txt,no_matches,0,0,0
10022037,50864266,C:\Users\Zila\Downloads\BN5212\MIMIC-CXR\p10\p10\p10022037\s50864266.txt,matched,1,1,0
10022041,58688931,C:\Users\Zila\Downloads\BN5212\MIMIC-CXR\p10\p10\p10022041\s58688931.txt,no_matches,0,0,0
10022041,55830708,C:\Users\Zila\Downloads\BN5212\MIMIC-CXR\p10\p10\p10022041\s55830708.txt,matched,4,4,0
10022041,56775341,C:\Users\Zila\Downloads\BN5212\MIMIC-CXR\p10\p10\p10022041\s56775341.txt,matched,1,1,0
10022373,55084044,C:\Users\Zila\Downloads\BN5212\MIMIC-CXR\p10\p10\p10022373\s55084044.txt,matched,1,1,0
10022373,51071301,C:\Users\Zila\Downloads\BN5212\MIMIC-CXR\p10\p10\p10022373\s51071301.txt,matched,2,1,0
10022373,54005410,C:\Users\Zila\Downloads\BN5212\MIMIC-CXR\p10\p10\p10022373\s54005410.txt,matched,1,1,0
10022373,56011276,C:\Users\Zila\Downloads\BN5212\MIMIC-CXR\p10\p10\p10022373\s56011276.txt,matched,1,1,0
10022373,55891252,C:\Users\Zila\Downloads\BN5212\MIMIC-CXR\p10\p10\p10022373\s55891252.txt,matched,1,1,0
10023117,52880779,C:\Users\Zila\Downloads\BN5212\MIMIC-CXR\p10\p10\p10023117\s52880779.txt,matched,4,4,0
10023117,50130952,C:\Users\Zila\Downloads\BN5212\MIMIC-CXR\p10\p10\p10023117\s50130952.txt,matched,4,4,0
10023117,50767919,C:\Users\Zila\Downloads\BN5212\MIMIC-CXR\p10\p10\p10023117\s50767919.txt,no_matches,0,0,0
10023117,56067386,C:\Users\Zila\Downloads\BN5212\MIMIC-CXR\p10\p10\p10023117\s56067386.txt,matched,2,1,0
10023117,51848374,C:\Users\Zila\Downloads\BN5212\MIMIC-CXR\p10\p10\p10023117\s51848374.txt,unlabeled,0,0,0
10023117,50447167,C:\Users\Zila\Downloads\BN5212\MIMIC-CXR\p10\p10\p10023117\s50447167.txt,matched,1,1,0
10023117,56007252,C:\Users\Zila\Downloads\BN5212\MIMIC-CXR\p10\p10\p10023117\s56007252.txt,matched,1,1,0
10023117,54404075,C:\Users\Zila\Downloads\BN5212\MIMIC-CXR\p10\p10\p10023117\s54404075.txt,matched,3,3,0
10023117,59383121,C:\Users\Zila\Downloads\BN5212\MIMIC-CXR\p10\p10\p10023117\s59383121.txt,no_matches,0,0,0
10023117,54051348,C:\Users\Zila\Downloads\BN5212\MIMIC-CXR\p10\p10\p10023117\s54051348.txt,matched,1,1,0
10023117,53372543,C:\Users\Zila\Downloads\BN5212\MIMIC-CXR\p10\p10\p10023117\s53372543.txt,matched,7,6,0
10023117,54675992,C:\Users\Zila\Downloads\BN5212\MIMIC-CXR\p10\p10\p10023117\s54675992.txt,matched,3,3,0
10023117,55383014,C:\Users\Zila\Downloads\BN5212\MIMIC-CXR\p10\p10\p10023117\s55383014.txt,matched,3,3,0
10023117,59984631,C:\Users\Zila\Downloads\BN5212\MIMIC-CXR\p10\p10\p10023117\s59984631.txt,matched,3,3,0
10023117,54147385,C:\Users\Zila\Downloads\BN5212\MIMIC-CXR\p10\p10\p10023117\s54147385.txt,matched,2,2,0
10023117,54761644,C:\Users\Zila\Downloads\BN5212\MIMIC-CXR\p10\p10\p10023117\s54761644.txt,matched,3,3,0
10023117,59094925,C:\Users\Zila\Downloads\BN5212\MIMIC-CXR\p10\p10\p10023117\s59094925.txt,no_matches,0,0,0
10023708,56514664,C:\Users\Zila\Downloads\BN5212\MIMIC-CXR\p10\p10\p10023708\s56514664.txt,matched,3,2,0
10023708,59148024,C:\Users\Zila\Downloads\BN5212\MIMIC-CXR\p10\p10\p10023708\s59148024.txt,no_matches,0,0,0
10023708,52858069,C:\Users\Zila\Downloads\BN5212\MIMIC-CXR\p10\p10\p10023708\s52858069.txt,matched,3,3,0
10024331,52186169,C:\Users\Zila\Downloads\BN5212\MIMIC-CXR\p10\p10\p10024331\s52186169.txt,matched,1,1,0
10024331,59977695,C:\Users\Zila\Downloads\BN5212\MIMIC-CXR\p10\p10\p10024331\s59977695.txt,no_matches,0,0,0
10024331,58970424,C:\Users\Zila\Downloads\BN5212\MIMIC-CXR\p10\p10\p10024331\s58970424.txt,no_matches,0,0,0
10024331,57724025,C:\Users\Zila\Downloads\BN5212\MIMIC-CXR\p10\p10\p10024331\s57724025.txt,matched,2,2,0
10024331,55744691,C:\Users\Zila\Downloads\BN5212\MIMIC-CXR\p10\p10\p10024331\s55744691.txt,matched,1,1,0
10024331,56690125,C:\Users\Zila\Downloads\BN5212\MIMIC-CXR\p10\p10\p10024331\s56690125.txt,no_matches,0,0,0
10024913,59681425,C:\Users\Zila\Downloads\BN5212\MIMIC-CXR\p10\p10\p10024913\s59681425.txt,no_matches,0,0,0
10024913,50842239,C:\Users\Zila\Downloads\BN5212\MIMIC-CXR\p10\p10\p10024913\s50842239.txt,no_matches,0,0,0
10024913,58116491,C:\Users\Zila\Downloads\BN5212\MIMIC-CXR\p10\p10\p10024913\s58116491.txt,matched,1,1,0
10024913,51467077,C:\Users\Zila\Downloads\BN5212\MIMIC-CXR\p10\p10\p10024913\s51467077.txt,matched,2,1,0
10024913,58061008,C:\Users\Zila\Downloads\BN5212\MIMIC-CXR\p10\p10\p10024913\s58061008.txt,no_matches,0,0,0
10024982,57639867,C:\Users\Zila\Downloads\BN5212\MIMIC-CXR\p10\p10\p10024982\s57639867.txt,matched,1,1,0
10024982,50980427,C:\Users\Zila\Downloads\BN5212\MIMIC-CXR\p10\p10\p10024982\s50980427.txt,matched,4,2,0
10024982,52413690,C:\Users\Zila\Downloads\BN5212\MIMIC-CXR\p10\p10\p10024982\s52413690.txt,matched,2,2,0
10024982,54589172,C:\Users\Zila\Downloads\BN5212\MIMIC-CXR\p10\p10\p10024982\s54589172.txt,matched,4,3,0
10024982,54438313,C:\Users\Zila\Downloads\BN5212\MIMIC-CXR\p10\p10\p10024982\s54438313.txt,matched,7,4,0
10024982,53186936,C:\Users\Zila\Downloads\BN5212\MIMIC-CXR\p10\p10\p10024982\s53186936.txt,matched,4,4,0
10024982,51638975,C:\Users\Zila\Downloads\BN5212\MIMIC-CXR\p10\p10\p10024982\s51638975.txt,matched,4,4,0
10024982,58575944,C:\Users\Zila\Downloads\BN5212\MIMIC-CXR\p10\p10\p10024982\s58575944.txt,matched,8,4,0
10024982,58294755,C:\Users\Zila\Downloads\BN5212\MIMIC-CXR\p10\p10\p10024982\s58294755.txt,no_matches,0,0,0
10024982,52024751,C:\Users\Zila\Downloads\BN5212\MIMIC-CXR\p10\p10\p10024982\s52024751.txt,unlabeled,0,0,0
10024982,53898800,C:\Users\Zila\Downloads\BN5212\MIMIC-CXR\p10\p10\p10024982\s53898800.txt,no_matches,0,0,0
10024982,52567614,C:\Users\Zila\Downloads\BN5212\MIMIC-CXR\p10\p10\p10024982\s52567614.txt,matched,5,4,0
10024982,54981300,C:\Users\Zila\Downloads\BN5212\MIMIC-CXR\p10\p10\p10024982\s54981300.txt,matched,9,4,0
10024982,55271482,C:\Users\Zila\Downloads\BN5212\MIMIC-CXR\p10\p10\p10024982\s55271482.txt,matched,2,2,0
10024982,50732596,C:\Users\Zila\Downloads\BN5212\MIMIC-CXR\p10\p10\p10024982\s50732596.txt,matched,1,1,0
10024982,53158855,C:\Users\Zila\Downloads\BN5212\MIMIC-CXR\p10\p10\p10024982\s53158855.txt,matched,1,1,0
10024982,57368861,C:\Users\Zila\Downloads\BN5212\MIMIC-CXR\p10\p10\p10024982\s57368861.txt,matched,4,4,0
10024982,59608895,C:\Users\Zila\Downloads\BN5212\MIMIC-CXR\p10\p10\p10024982\s59608895.txt,matched,5,2,0
10024982,57617161,C:\Users\Zila\Downloads\BN5212\MIMIC-CXR\p10\p10\p10024982\s57617161.txt,no_matches,0,0,0
10024982,57517987,C:\Users\Zila\Downloads\BN5212\MIMIC-CXR\p10\p10\p10024982\s57517987.txt,matched,3,2,0
10024982,55121733,C:\Users\Zila\Downloads\BN5212\MIMIC-CXR\p10\p10\p10024982\s55121733.txt,matched,4,4,0
10024982,51226294,C:\Users\Zila\Downloads\BN5212\MIMIC-CXR\p10\p10\p10024982\s51226294.txt,no_matches,0,0,0
10024982,54829612,C:\Users\Zila\Downloads\BN5212\MIMIC-CXR\p10\p10\p10024982\s54829612.txt,matched,2,2,0
10024982,52295645,C:\Users\Zila\Downloads\BN5212\MIMIC-CXR\p10\p10\p10024982\s52295645.txt,matched,2,1,0
10024982,56206556,C:\Users\Zila\Downloads\BN5212\MIMIC-CXR\p10\p10\p10024982\s56206556.txt,matched,1,1,0
10025139,50252522,C:\Users\Zila\Downloads\BN5212\MIMIC-CXR\p10\p10\p10025139\s50252522.txt,matched,2,2,0
10025139,50196457,C:\Users\Zila\Downloads\BN5212\MIMIC-CXR\p10\p10\p10025139\s50196457.txt,matched,4,3,0
10025139,57077706,C:\Users\Zila\Downloads\BN5212\MIMIC-CXR\p10\p10\p10025139\s57077706.txt,no_matches,0,0,0
10025268,57742816,C:\Users\Zila\Downloads\BN5212\MIMIC-CXR\p10\p10\p10025268\s57742816.txt,matched,2,2,0
10025268,52697858,C:\Users\Zila\Downloads\BN5212\MIMIC-CXR\p10\p10\p10025268\s52697858.txt,matched,3,3,0
10025268,50115535,C:\Users\Zila\Downloads\BN5212\MIMIC-CXR\p10\p10\p10025268\s50115535.txt,no_matches,0,0,0
10025268,53208209,C:\Users\Zila\Downloads\BN5212\MIMIC-CXR\p10\p10\p10025268\s53208209.txt,matched,1,1,0
10025630,51476943,C:\Users\Zila\Downloads\BN5212\MIMIC-CXR\p10\p10\p10025630\s51476943.txt,matched,1,1,0
10025630,59510909,C:\Users\Zila\Downloads\BN5212\MIMIC-CXR\p10\p10\p10025630\s59510909.txt,matched,2,1,0
10025647,59622244,C:\Users\Zila\Downloads\BN5212\MIMIC-CXR\p10\p10\p10025647\s59622244.txt,no_matches,0,0,0
10025647,54701892,C:\Users\Zila\Downloads\BN5212\MIMIC-CXR\p10\p10\p10025647\s54701892.txt,matched,4,2,0
10025647,53436257,C:\Users\Zila\Downloads\BN5212\MIMIC-CXR\p10\p10\p10025647\s53436257.txt,unlabeled,0,0,0
10025647,54831482,C:\Users\Zila\Downloads\BN5212\MIMIC-CXR\p10\p10\p10025647\s54831482.txt,matched,6,4,0
10025647,51297617,C:\Users\Zila\Downloads\BN5212\MIMIC-CXR\p10\p10\p10025647\s51297617.txt,matched,6,5,0
10025647,56005833,C:\Users\Zila\Downloads\BN5212\MIMIC-CXR\p10\p10\p10025647\s56005833.txt,matched,3,1,0
10026255,57824622,C:\Users\Zila\Downloads\BN5212\MIMIC-CXR\p10\p10\p10026255\s57824622.txt,matched,2,1,0
10026255,55384601,C:\Users\Zila\Downloads\BN5212\MIMIC-CXR\p10\p10\p10026255\s55384601.txt,matched,1,1,0
10026255,52035576,C:\Users\Zila\Downloads\BN5212\MIMIC-CXR\p10\p10\p10026255\s52035576.txt,matched,1,1,0
10026255,50617488,C:\Users\Zila\Downloads\BN5212\MIMIC-CXR\p10\p10\p10026255\s50617488.txt,matched,1,1,0
10026255,55516976,C:\Users\Zila\Downloads\BN5212\MIMIC-CXR\p10\p10\p10026255\s55516976.txt,no_matches,0,0,0
10026255,53472223,C:\Users\Zila\Downloads\BN5212\MIMIC-CXR\p10\p10\p10026255\s53472223.txt,matched,2,2,0
10026255,50378131,C:\Users\Zila\Downloads\BN5212\MIMIC-CXR\p10\p10\p10026255\s50378131.txt,matched,1,1,0
10026255,52168916,C:\Users\Zila\Downloads\BN5212\MIMIC-CXR\p10\p10\p10026255\s52168916.txt,matched,2,2,0
10026255,52058107,C:\Users\Zila\Downloads\BN5212\MIMIC-CXR\p10\p10\p10026255\s52058107.txt,no_matches,0,0,0
10026255,58640215,C:\Users\Zila\Downloads\BN5212\MIMIC-CXR\p10\p10\p10026255\s58640215.txt,matched,2,2,0
10026255,50395086,C:\Users\Zila\Downloads\BN5212\MIMIC-CXR\p10\p10\p10026255\s50395086.txt,matched,3,3,0
10026255,50356590,C:\Users\Zila\Downloads\BN5212\MIMIC-CXR\p10\p10\p10026255\s50356590.txt,no_matches,0,0,0
10026263,56448939,C:\Users\Zila\Downloads\BN5212\MIMIC-CXR\p10\p10\p10026263\s56448939.txt,no_matches,0,0,0
10026263,57413062,C:\Users\Zila\Downloads\BN5212\MIMIC-CXR\p10\p10\p10026263\s57413062.txt,matched,1,1,0
10026263,50405504,C:\Users\Zila\Downloads\BN5212\MIMIC-CXR\p10\p10\p10026263\s50405504.txt,matched,3,2,0
10026354,54886258,C:\Users\Zila\Downloads\BN5212\MIMIC-CXR\p10\p10\p10026354\s54886258.txt,matched,3,3,0
10026354,55348031,C:\Users\Zila\Downloads\BN5212\MIMIC-CXR\p10\p10\p10026354\s55348031.txt,matched,1,1,0
10026698,50908403,C:\Users\Zila\Downloads\BN5212\MIMIC-CXR\p10\p10\p10026698\s50908403.txt,matched,2,2,0
10026698,50088546,C:\Users\Zila\Downloads\BN5212\MIMIC-CXR\p10\p10\p10026698\s50088546.txt,matched,2,2,0
10026950,54993065,C:\Users\Zila\Downloads\BN5212\MIMIC-CXR\p10\p10\p10026950\s54993065.txt,no_matches,0,0,0
10026950,51906383,C:\Users\Zila\Downloads\BN5212\MIMIC-CXR\p10\p10\p10026950\s51906383.txt,matched,3,3,0
10027100,53799740,C:\Users\Zila\Downloads\BN5212\MIMIC-CXR\p10\p10\p10027100\s53799740.txt,matched,2,2,0
10027100,51919409,C:\Users\Zila\Downloads\BN5212\MIMIC-CXR\p10\p10\p10027100\s51919409.txt,matched,4,2,0
10027100,59896865,C:\Users\Zila\Downloads\BN5212\MIMIC-CXR\p10\p10\p10027100\s59896865.txt,matched,1,1,0
10027100,52417922,C:\Users\Zila\Downloads\BN5212\MIMIC-CXR\p10\p10\p10027100\s52417922.txt,matched,1,1,0
10027100,52812156,C:\Users\Zila\Downloads\BN5212\MIMIC-CXR\p10\p10\p10027100\s52812156.txt,matched,1,1,0
10027100,58970064,C:\Users\Zila\Downloads\BN5212\MIMIC-CXR\p10\p10\p10027100\s58970064.txt,matched,3,3,0
10027100,59445954,C:\Users\Zila\Downloads\BN5212\MIMIC-CXR\p10\p10\p10027100\s59445954.txt,matched,3,3,0
10027602,51645407,C:\Users\Zila\Downloads\BN5212\MIMIC-CXR\p10\p10\p10027602\s51645407.txt,matched,1,1,0
10027602,59894220,C:\Users\Zila\Downloads\BN5212\MIMIC-CXR\p10\p10\p10027602\s59894220.txt,matched,2,2,0
10027602,59761701,C:\Users\Zila\Downloads\BN5212\MIMIC-CXR\p10\p10\p10027602\s59761701.txt,no_matches,0,0,0
10027602,54098104,C:\Users\Zila\Downloads\BN5212\MIMIC-CXR\p10\p10\p10027602\s54098104.txt,matched,1,1,0
10027602,52261670,C:\Users\Zila\Downloads\BN5212\MIMIC-CXR\p10\p10\p10027602\s52261670.txt,no_matches,0,0,0
10027602,56041330,C:\Users\Zila\Downloads\BN5212\MIMIC-CXR\p10\p10\p10027602\s56041330.txt,matched,2,2,0
10027602,54741765,C:\Users\Zila\Downloads\BN5212\MIMIC-CXR\p10\p10\p10027602\s54741765.txt,matched,1,1,0
10027602,55019003,C:\Users\Zila\Downloads\BN5212\MIMIC-CXR\p10\p10\p10027602\s55019003.txt,matched,1,1,0
10027602,56777726,C:\Users\Zila\Downloads\BN5212\MIMIC-CXR\p10\p10\p10027602\s56777726.txt,matched,3,2,0
10027602,52323342,C:\Users\Zila\Downloads\BN5212\MIMIC-CXR\p10\p10\p10027602\s52323342.txt,matched,4,4,0
10027602,51580408,C:\Users\Zila\Downloads\BN5212\MIMIC-CXR\p10\p10\p10027602\s51580408.txt,no_matches,0,0,0
10027957,54120913,C:\Users\Zila\Downloads\BN5212\MIMIC-CXR\p10\p10\p10027957\s54120913.txt,matched,2,2,0
10027957,50867638,C:\Users\Zila\Downloads\BN5212\MIMIC-CXR\p10\p10\p10027957\s50867638.txt,matched,1,1,0
10027957,52771355,C:\Users\Zila\Downloads\BN5212\MIMIC-CXR\p10\p10\p10027957\s52771355.txt,matched,1,1,0
10027957,54310741,C:\Users\Zila\Downloads\BN5212\MIMIC-CXR\p10\p10\p10027957\s54310741.txt,no_matches,0,0,0
10027957,59195693,C:\Users\Zila\Downloads\BN5212\MIMIC-CXR\p10\p10\p10027957\s59195693.txt,no_matches,0,0,0
10027957,53807579,C:\Users\Zila\Downloads\BN5212\MIMIC-CXR\p10\p10\p10027957\s53807579.txt,matched,1,1,0
10027957,57665959,C:\Users\Zila\Downloads\BN5212\MIMIC-CXR\p10\p10\p10027957\s57665959.txt,matched,1,1,0
10028480,57458660,C:\Users\Zila\Downloads\BN5212\MIMIC-CXR\p10\p10\p10028480\s57458660.txt,no_matches,0,0,0
10028480,59153189,C:\Users\Zila\Downloads\BN5212\MIMIC-CXR\p10\p10\p10028480\s59153189.txt,matched,2,2,0
10028480,53807119,C:\Users\Zila\Downloads\BN5212\MIMIC-CXR\p10\p10\p10028480\s53807119.txt,matched,4,4,0
10028480,52938334,C:\Users\Zila\Downloads\BN5212\MIMIC-CXR\p10\p10\p10028480\s52938334.txt,matched,5,3,0
10028480,52781231,C:\Users\Zila\Downloads\BN5212\MIMIC-CXR\p10\p10\p10028480\s52781231.txt,matched,6,5,0
10029291,51946347,C:\Users\Zila\Downloads\BN5212\MIMIC-CXR\p10\p10\p10029291\s51946347.txt,matched,5,5,0
10029291,51934618,C:\Users\Zila\Downloads\BN5212\MIMIC-CXR\p10\p10\p10029291\s51934618.txt,matched,3,3,0
10029291,58888045,C:\Users\Zila\Downloads\BN5212\MIMIC-CXR\p10\p10\p10029291\s58888045.txt,no_matches,0,0,0
10029291,56112507,C:\Users\Zila\Downloads\BN5212\MIMIC-CXR\p10\p10\p10029291\s56112507.txt,no_matches,0,0,0
10029291,55735656,C:\Users\Zila\Downloads\BN5212\MIMIC-CXR\p10\p10\p10029291\s55735656.txt,no_matches,0,0,0
10029291,59372381,C:\Users\Zila\Downloads\BN5212\MIMIC-CXR\p10\p10\p10029291\s59372381.txt,no_matches,0,0,0
10029291,58553613,C:\Users\Zila\Downloads\BN5212\MIMIC-CXR\p10\p10\p10029291\s58553613.txt,matched,1,1,0
10029291,55252960,C:\Users\Zila\Downloads\BN5212\MIMIC-CXR\p10\p10\p10029291\s55252960.txt,no_matches,0,0,0
10029291,59069679,C:\Users\Zila\Downloads\BN5212\MIMIC-CXR\p10\p10\p10029291\s59069679.txt,matched,2,2,0
10029291,54531745,C:\Users\Zila\Downloads\BN5212\MIMIC-CXR\p10\p10\p10029291\s54531745.txt,no_matches,0,0,0
10029291,50907647,C:\Users\Zila\Downloads\BN5212\MIMIC-CXR\p10\p10\p10029291\s50907647.txt,matched,4,3,0
10029291,52115281,C:\Users\Zila\Downloads\BN5212\MIMIC-CXR\p10\p10\p10029291\s52115281.txt,matched,2,2,0
10029291,59308512,C:\Users\Zila\Downloads\BN5212\MIMIC-CXR\p10\p10\p10029291\s59308512.txt,no_matches,0,0,0
10029411,50542413,C:\Users\Zila\Downloads\BN5212\MIMIC-CXR\p10\p10\p10029411\s50542413.txt,no_matches,0,0,0
10029411,55015852,C:\Users\Zila\Downloads\BN5212\MIMIC-CXR\p10\p10\p10029411\s55015852.txt,matched,1,1,0
10029874,54149750,C:\Users\Zila\Downloads\BN5212\MIMIC-CXR\p10\p10\p10029874\s54149750.txt,matched,1,1,0
10029874,55355911,C:\Users\Zila\Downloads\BN5212\MIMIC-CXR\p10\p10\p10029874\s55355911.txt,matched,1,1,0
10029874,54860819,C:\Users\Zila\Downloads\BN5212\MIMIC-CXR\p10\p10\p10029874\s54860819.txt,matched,1,1,0
10029874,52202163,C:\Users\Zila\Downloads\BN5212\MIMIC-CXR\p10\p10\p10029874\s52202163.txt,matched,2,2,0
10029874,53475623,C:\Users\Zila\Downloads\BN5212\MIMIC-CXR\p10\p10\p10029874\s53475623.txt,matched,3,2,0
10029874,51797904,C:\Users\Zila\Downloads\BN5212\MIMIC-CXR\p10\p10\p10029874\s51797904.txt,no_matches,0,0,0
10029874,58053419,C:\Users\Zila\Downloads\BN5212\MIMIC-CXR\p10\p10\p10029874\s58053419.txt,matched,3,3,0
10029874,54139930,C:\Users\Zila\Downloads\BN5212\MIMIC-CXR\p10\p10\p10029874\s54139930.txt,matched,7,5,0
10030487,55326723,C:\Users\Zila\Downloads\BN5212\MIMIC-CXR\p10\p10\p10030487\s55326723.txt,matched,9,5,0
10030487,52922406,C:\Users\Zila\Downloads\BN5212\MIMIC-CXR\p10\p10\p10030487\s52922406.txt,matched,3,3,0
10030487,53249827,C:\Users\Zila\Downloads\BN5212\MIMIC-CXR\p10\p10\p10030487\s53249827.txt,matched,3,2,0
10030487,50519814,C:\Users\Zila\Downloads\BN5212\MIMIC-CXR\p10\p10\p10030487\s50519814.txt,matched,4,3,0
10030487,56404897,C:\Users\Zila\Downloads\BN5212\MIMIC-CXR\p10\p10\p10030487\s56404897.txt,matched,5,3,0
10030487,57391561,C:\Users\Zila\Downloads\BN5212\MIMIC-CXR\p10\p10\p10030487\s57391561.txt,matched,4,3,0
10030753,53724703,C:\Users\Zila\Downloads\BN5212\MIMIC-CXR\p10\p10\p10030753\s53724703.txt,matched,4,4,0
10030753,55205725,C:\Users\Zila\Downloads\BN5212\MIMIC-CXR\p10\p10\p10030753\s55205725.txt,matched,1,1,0
10030753,59825225,C:\Users\Zila\Downloads\BN5212\MIMIC-CXR\p10\p10\p10030753\s59825225.txt,matched,1,1,0
10030753,52230171,C:\Users\Zila\Downloads\BN5212\MIMIC-CXR\p10\p10\p10030753\s52230171.txt,matched,2,2,0
10030753,57016568,C:\Users\Zila\Downloads\BN5212\MIMIC-CXR\p10\p10\p10030753\s57016568.txt,matched,1,1,0
10030753,52571593,C:\Users\Zila\Downloads\BN5212\MIMIC-CXR\p10\p10\p10030753\s52571593.txt,no_matches,0,0,0
10030753,56648067,C:\Users\Zila\Downloads\BN5212\MIMIC-CXR\p10\p10\p10030753\s56648067.txt,matched,2,2,0
10030753,51882357,C:\Users\Zila\Downloads\BN5212\MIMIC-CXR\p10\p10\p10030753\s51882357.txt,no_matches,0,0,0
10030753,53034862,C:\Users\Zila\Downloads\BN5212\MIMIC-CXR\p10\p10\p10030753\s53034862.txt,matched,3,2,0
10031687,56022717,C:\Users\Zila\Downloads\BN5212\MIMIC-CXR\p10\p10\p10031687\s56022717.txt,matched,2,1,0
10031687,53503478,C:\Users\Zila\Downloads\BN5212\MIMIC-CXR\p10\p10\p10031687\s53503478.txt,matched,1,1,0
10031687,56473015,C:\Users\Zila\Downloads\BN5212\MIMIC-CXR\p10\p10\p10031687\s56473015.txt,matched,2,2,0
10031816,53085045,C:\Users\Zila\Downloads\BN5212\MIMIC-CXR\p10\p10\p10031816\s53085045.txt,no_matches,0,0,0
10031816,59326077,C:\Users\Zila\Downloads\BN5212\MIMIC-CXR\p10\p10\p10031816\s59326077.txt,matched,2,2,0
10031850,54587031,C:\Users\Zila\Downloads\BN5212\MIMIC-CXR\p10\p10\p10031850\s54587031.txt,no_matches,0,0,0
10031850,56419673,C:\Users\Zila\Downloads\BN5212\MIMIC-CXR\p10\p10\p10031850\s56419673.txt,matched,3,3,0
10031850,59085528,C:\Users\Zila\Downloads\BN5212\MIMIC-CXR\p10\p10\p10031850\s59085528.txt,matched,5,5,0
10031850,53101309,C:\Users\Zila\Downloads\BN5212\MIMIC-CXR\p10\p10\p10031850\s53101309.txt,unlabeled,0,0,0
10032409,59757357,C:\Users\Zila\Downloads\BN5212\MIMIC-CXR\p10\p10\p10032409\s59757357.txt,matched,1,1,0
10032409,50400468,C:\Users\Zila\Downloads\BN5212\MIMIC-CXR\p10\p10\p10032409\s50400468.txt,matched,1,1,0
10032409,51759094,C:\Users\Zila\Downloads\BN5212\MIMIC-CXR\p10\p10\p10032409\s51759094.txt,matched,1,1,0
10032409,58373141,C:\Users\Zila\Downloads\BN5212\MIMIC-CXR\p10\p10\p10032409\s58373141.txt,no_matches,0,0,0
10032409,51455994,C:\Users\Zila\Downloads\BN5212\MIMIC-CXR\p10\p10\p10032409\s51455994.txt,matched,4,4,0
10032409,58699467,C:\Users\Zila\Downloads\BN5212\MIMIC-CXR\p10\p10\p10032409\s58699467.txt,matched,1,1,0
10032409,54744778,C:\Users\Zila\Downloads\BN5212\MIMIC-CXR\p10\p10\p10032409\s54744778.txt,matched,1,1,0
10032409,51636382,C:\Users\Zila\Downloads\BN5212\MIMIC-CXR\p10\p10\p10032409\s51636382.txt,matched,4,4,0
10032409,50002405,C:\Users\Zila\Downloads\BN5212\MIMIC-CXR\p10\p10\p10032409\s50002405.txt,no_matches,0,0,0
10032409,55101318,C:\Users\Zila\Downloads\BN5212\MIMIC-CXR\p10\p10\p10032409\s55101318.txt,matched,2,2,0
10032409,55250890,C:\Users\Zila\Downloads\BN5212\MIMIC-CXR\p10\p10\p10032409\s55250890.txt,matched,2,2,0
10032409,57131291,C:\Users\Zila\Downloads\BN5212\MIMIC-CXR\p10\p10\p10032409\s57131291.txt,matched,1,1,0
10032409,52149024,C:\Users\Zila\Downloads\BN5212\MIMIC-CXR\p10\p10\p10032409\s52149024.txt,matched,3,3,0
10032409,53114330,C:\Users\Zila\Downloads\BN5212\MIMIC-CXR\p10\p10\p10032409\s53114330.txt,matched,2,2,0
10032409,51910314,C:\Users\Zila\Downloads\BN5212\MIMIC-CXR\p10\p10\p10032409\s51910314.txt,matched,2,2,0
10032409,51611449,C:\Users\Zila\Downloads\BN5212\MIMIC-CXR\p10\p10\p10032409\s51611449.txt,matched,2,2,0
10032409,50222572,C:\Users\Zila\Downloads\BN5212\MIMIC-CXR\p10\p10\p10032409\s50222572.txt,matched,4,4,0
10032409,51371118,C:\Users\Zila\Downloads\BN5212\MIMIC-CXR\p10\p10\p10032409\s51371118.txt,matched,1,1,0
10032409,53362562,C:\Users\Zila\Downloads\BN5212\MIMIC-CXR\p10\p10\p10032409\s53362562.txt,matched,2,2,0
10032409,55481921,C:\Users\Zila\Downloads\BN5212\MIMIC-CXR\p10\p10\p10032409\s55481921.txt,matched,5,5,1
10032409,55242788,C:\Users\Zila\Downloads\BN5212\MIMIC-CXR\p10\p10\p10032409\s55242788.txt,matched,5,4,0
10032409,52344253,C:\Users\Zila\Downloads\BN5212\MIMIC-CXR\p10\p10\p10032409\s52344253.txt,matched,3,3,0
10032409,58140535,C:\Users\Zila\Downloads\BN5212\MIMIC-CXR\p10\p10\p10032409\s58140535.txt,matched,3,3,1
10032409,52468723,C:\Users\Zila\Downloads\BN5212\MIMIC-CXR\p10\p10\p10032409\s52468723.txt,matched,4,3,0
10032409,59955977,C:\Users\Zila\Downloads\BN5212\MIMIC-CXR\p10\p10\p10032409\s59955977.txt,matched,3,3,0
10032409,52555915,C:\Users\Zila\Downloads\BN5212\MIMIC-CXR\p10\p10\p10032409\s52555915.txt,matched,1,1,0
10032409,52729515,C:\Users\Zila\Downloads\BN5212\MIMIC-CXR\p10\p10\p10032409\s52729515.txt,matched,3,3,0
10032409,54157824,C:\Users\Zila\Downloads\BN5212\MIMIC-CXR\p10\p10\p10032409\s54157824.txt,matched,4,4,0
10032409,54300630,C:\Users\Zila\Downloads\BN5212\MIMIC-CXR\p10\p10\p10032409\s54300630.txt,matched,2,2,2
10032725,50331901,C:\Users\Zila\Downloads\BN5212\MIMIC-CXR\p10\p10\p10032725\s50331901.txt,no_matches,0,0,0
10032725,55504914,C:\Users\Zila\Downloads\BN5212\MIMIC-CXR\p10\p10\p10032725\s55504914.txt,no_matches,0,0,0
10033552,58734596,C:\Users\Zila\Downloads\BN5212\MIMIC-CXR\p10\p10\p10033552\s58734596.txt,matched,1,1,0
10033552,56492208,C:\Users\Zila\Downloads\BN5212\MIMIC-CXR\p10\p10\p10033552\s56492208.txt,matched,7,4,0
10033552,56920846,C:\Users\Zila\Downloads\BN5212\MIMIC-CXR\p10\p10\p10033552\s56920846.txt,matched,1,1,0
10033552,57007678,C:\Users\Zila\Downloads\BN5212\MIMIC-CXR\p10\p10\p10033552\s57007678.txt,matched,2,2,0
10035631,54278093,C:\Users\Zila\Downloads\BN5212\MIMIC-CXR\p10\p10\p10035631\s54278093.txt,matched,2,2,0
10035631,51304196,C:\Users\Zila\Downloads\BN5212\MIMIC-CXR\p10\p10\p10035631\s51304196.txt,matched,2,2,0
10035631,50257519,C:\Users\Zila\Downloads\BN5212\MIMIC-CXR\p10\p10\p10035631\s50257519.txt,matched,1,1,0
10035631,58924047,C:\Users\Zila\Downloads\BN5212\MIMIC-CXR\p10\p10\p10035631\s58924047.txt,matched,5,5,0
10035631,52445335,C:\Users\Zila\Downloads\BN5212\MIMIC-CXR\p10\p10\p10035631\s52445335.txt,matched,1,1,0
10035631,58755270,C:\Users\Zila\Downloads\BN5212\MIMIC-CXR\p10\p10\p10035631\s58755270.txt,no_matches,0,0,0
10035631,50214252,C:\Users\Zila\Downloads\BN5212\MIMIC-CXR\p10\p10\p10035631\s50214252.txt,no_matches,0,0,0
10035631,57929979,C:\Users\Zila\Downloads\BN5212\MIMIC-CXR\p10\p10\p10035631\s57929979.txt,matched,1,1,0
10035631,50955670,C:\Users\Zila\Downloads\BN5212\MIMIC-CXR\p10\p10\p10035631\s50955670.txt,matched,5,4,0
10035780,52502485,C:\Users\Zila\Downloads\BN5212\MIMIC-CXR\p10\p10\p10035780\s52502485.txt,matched,1,1,0
10035780,55343330,C:\Users\Zila\Downloads\BN5212\MIMIC-CXR\p10\p10\p10035780\s55343330.txt,matched,2,2,0
10035780,59076224,C:\Users\Zila\Downloads\BN5212\MIMIC-CXR\p10\p10\p10035780\s59076224.txt,matched,2,2,0
10035780,53120593,C:\Users\Zila\Downloads\BN5212\MIMIC-CXR\p10\p10\p10035780\s53120593.txt,matched,1,1,0
10035780,53087369,C:\Users\Zila\Downloads\BN5212\MIMIC-CXR\p10\p10\p10035780\s53087369.txt,matched,1,1,0
10036086,58578322,C:\Users\Zila\Downloads\BN5212\MIMIC-CXR\p10\p10\p10036086\s58578322.txt,matched,5,5,0
10036086,57254866,C:\Users\Zila\Downloads\BN5212\MIMIC-CXR\p10\p10\p10036086\s57254866.txt,matched,5,3,0
10037020,58400371,C:\Users\Zila\Downloads\BN5212\MIMIC-CXR\p10\p10\p10037020\s58400371.txt,matched,1,1,0
10037020,50400085,C:\Users\Zila\Downloads\BN5212\MIMIC-CXR\p10\p10\p10037020\s50400085.txt,unlabeled,0,0,0
10037020,56501836,C:\Users\Zila\Downloads\BN5212\MIMIC-CXR\p10\p10\p10037020\s56501836.txt,no_matches,0,0,0
10037020,56218658,C:\Users\Zila\Downloads\BN5212\MIMIC-CXR\p10\p10\p10037020\s56218658.txt,no_matches,0,0,0
10037432,52374866,C:\Users\Zila\Downloads\BN5212\MIMIC-CXR\p10\p10\p10037432\s52374866.txt,matched,1,1,0
10037432,53928123,C:\Users\Zila\Downloads\BN5212\MIMIC-CXR\p10\p10\p10037432\s53928123.txt,no_matches,0,0,0
10037602,56937008,C:\Users\Zila\Downloads\BN5212\MIMIC-CXR\p10\p10\p10037602\s56937008.txt,matched,4,4,0
10037602,54515885,C:\Users\Zila\Downloads\BN5212\MIMIC-CXR\p10\p10\p10037602\s54515885.txt,matched,1,1,0
10037928,50750148,C:\Users\Zila\Downloads\BN5212\MIMIC-CXR\p10\p10\p10037928\s50750148.txt,matched,1,1,0
10037928,58807737,C:\Users\Zila\Downloads\BN5212\MIMIC-CXR\p10\p10\p10037928\s58807737.txt,matched,1,1,0
10037928,58272405,C:\Users\Zila\Downloads\BN5212\MIMIC-CXR\p10\p10\p10037928\s58272405.txt,matched,1,1,0
10037928,57804560,C:\Users\Zila\Downloads\BN5212\MIMIC-CXR\p10\p10\p10037928\s57804560.txt,no_matches,0,0,0
10037928,50317115,C:\Users\Zila\Downloads\BN5212\MIMIC-CXR\p10\p10\p10037928\s50317115.txt,no_matches,0,0,0
10037928,56264697,C:\Users\Zila\Downloads\BN5212\MIMIC-CXR\p10\p10\p10037928\s56264697.txt,matched,3,3,0
10037928,57611600,C:\Users\Zila\Downloads\BN5212\MIMIC-CXR\p10\p10\p10037928\s57611600.txt,matched,1,1,0
10037928,56942662,C:\Users\Zila\Downloads\BN5212\MIMIC-CXR\p10\p10\p10037928\s56942662.txt,matched,2,2,0
10037928,50369509,C:\Users\Zila\Downloads\BN5212\MIMIC-CXR\p10\p10\p10037928\s50369509.txt,matched,3,3,0
10037928,57629828,C:\Users\Zila\Downloads\BN5212\MIMIC-CXR\p10\p10\p10037928\s57629828.txt,no_matches,0,0,0
10037928,55225655,C:\Users\Zila\Downloads\BN5212\MIMIC-CXR\p10\p10\p10037928\s55225655.txt,matched,1,1,0
10037967,58780598,C:\Users\Zila\Downloads\BN5212\MIMIC-CXR\p10\p10\p10037967\s58780598.txt,no_matches,0,0,0
10037967,55073504,C:\Users\Zila\Downloads\BN5212\MIMIC-CXR\p10\p10\p10037967\s55073504.txt,matched,1,1,0
10037967,53059965,C:\Users\Zila\Downloads\BN5212\MIMIC-CXR\p10\p10\p10037967\s53059965.txt,matched,1,1,0
10037967,56403664,C:\Users\Zila\Downloads\BN5212\MIMIC-CXR\p10\p10\p10037967\s56403664.txt,matched,1,1,0
10038332,52128719,C:\Users\Zila\Downloads\BN5212\MIMIC-CXR\p10\p10\p10038332\s52128719.txt,no_matches,0,0,0
10038332,51895880,C:\Users\Zila\Downloads\BN5212\MIMIC-CXR\p10\p10\p10038332\s51895880.txt,matched,1,1,0
10038999,50971552,C:\Users\Zila\Downloads\BN5212\MIMIC-CXR\p10\p10\p10038999\s50971552.txt,no_matches,0,0,0
10038999,55930674,C:\Users\Zila\Downloads\BN5212\MIMIC-CXR\p10\p10\p10038999\s55930674.txt,matched,1,1,0
10038999,53658987,C:\Users\Zila\Downloads\BN5212\MIMIC-CXR\p10\p10\p10038999\s53658987.txt,matched,3,3,0
10038999,51204730,C:\Users\Zila\Downloads\BN5212\MIMIC-CXR\p10\p10\p10038999\s51204730.txt,no_matches,0,0,0
10038999,51760120,C:\Users\Zila\Downloads\BN5212\MIMIC-CXR\p10\p10\p10038999\s51760120.txt,matched,2,1,0
10038999,59572507,C:\Users\Zila\Downloads\BN5212\MIMIC-CXR\p10\p10\p10038999\s59572507.txt,no_matches,0,0,0
10038999,54562872,C:\Users\Zila\Downloads\BN5212\MIMIC-CXR\p10\p10\p10038999\s54562872.txt,matched,2,2,0
10038999,53087507,C:\Users\Zila\Downloads\BN5212\MIMIC-CXR\p10\p10\p10038999\s53087507.txt,no_matches,0,0,0
10038999,51437212,C:\Users\Zila\Downloads\BN5212\MIMIC-CXR\p10\p10\p10038999\s51437212.txt,no_matches,0,0,0
10038999,57007792,C:\Users\Zila\Downloads\BN5212\MIMIC-CXR\p10\p10\p10038999\s57007792.txt,no_matches,0,0,0
10039272,59975213,C:\Users\Zila\Downloads\BN5212\MIMIC-CXR\p10\p10\p10039272\s59975213.txt,matched,4,3,0
10039272,52657157,C:\Users\Zila\Downloads\BN5212\MIMIC-CXR\p10\p10\p10039272\s52657157.txt,no_matches,0,0,0
10039272,55594119,C:\Users\Zila\Downloads\BN5212\MIMIC-CXR\p10\p10\p10039272\s55594119.txt,matched,4,2,0
10039272,58098083,C:\Users\Zila\Downloads\BN5212\MIMIC-CXR\p10\p10\p10039272\s58098083.txt,matched,5,4,0
10039272,57688550,C:\Users\Zila\Downloads\BN5212\MIMIC-CXR\p10\p10\p10039272\s57688550.txt,matched,1,1,0
10039272,56135137,C:\Users\Zila\Downloads\BN5212\MIMIC-CXR\p10\p10\p10039272\s56135137.txt,matched,2,1,0
10039272,54437576,C:\Users\Zila\Downloads\BN5212\MIMIC-CXR\p10\p10\p10039272\s54437576.txt,matched,1,1,0
10039272,50177761,C:\Users\Zila\Downloads\BN5212\MIMIC-CXR\p10\p10\p10039272\s50177761.txt,matched,2,2,0
10039272,56823182,C:\Users\Zila\Downloads\BN5212\MIMIC-CXR\p10\p10\p10039272\s56823182.txt,matched,1,1,0
10039272,53049255,C:\Users\Zila\Downloads\BN5212\MIMIC-CXR\p10\p10\p10039272\s53049255.txt,matched,1,1,0
10039272,50821222,C:\Users\Zila\Downloads\BN5212\MIMIC-CXR\p10\p10\p10039272\s50821222.txt,matched,2,1,0
10039272,53612745,C:\Users\Zila\Downloads\BN5212\MIMIC-CXR\p10\p10\p10039272\s53612745.txt,matched,2,2,0
10039272,51168084,C:\Users\Zila\Downloads\BN5212\MIMIC-CXR\p10\p10\p10039272\s51168084.txt,matched,1,1,0
10039272,56948355,C:\Users\Zila\Downloads\BN5212\MIMIC-CXR\p10\p10\p10039272\s56948355.txt,no_matches,0,0,0
10039272,50589184,C:\Users\Zila\Downloads\BN5212\MIMIC-CXR\p10\p10\p10039272\s50589184.txt,matched,1,1,0
10039272,50384423,C:\Users\Zila\Downloads\BN5212\MIMIC-CXR\p10\p10\p10039272\s50384423.txt,no_matches,0,0,0
10039272,56509573,C:\Users\Zila\Downloads\BN5212\MIMIC-CXR\p10\p10\p10039272\s56509573.txt,no_matches,0,0,0
10039272,55751631,C:\Users\Zila\Downloads\BN5212\MIMIC-CXR\p10\p10\p10039272\s55751631.txt,matched,1,1,0
10039302,56223619,C:\Users\Zila\Downloads\BN5212\MIMIC-CXR\p10\p10\p10039302\s56223619.txt,no_matches,0,0,0
10039302,51998680,C:\Users\Zila\Downloads\BN5212\MIMIC-CXR\p10\p10\p10039302\s51998680.txt,matched,1,1,0
10039302,52548274,C:\Users\Zila\Downloads\BN5212\MIMIC-CXR\p10\p10\p10039302\s52548274.txt,matched,6,4,0
10039302,51396442,C:\Users\Zila\Downloads\BN5212\MIMIC-CXR\p10\p10\p10039302\s51396442.txt,matched,1,1,0
10039302,52140570,C:\Users\Zila\Downloads\BN5212\MIMIC-CXR\p10\p10\p10039302\s52140570.txt,matched,4,4,0
10039708,52212139,C:\Users\Zila\Downloads\BN5212\MIMIC-CXR\p10\p10\p10039708\s52212139.txt,no_matches,0,0,0
10039708,50938342,C:\Users\Zila\Downloads\BN5212\MIMIC-CXR\p10\p10\p10039708\s50938342.txt,matched,1,1,0
10039708,57243660,C:\Users\Zila\Downloads\BN5212\MIMIC-CXR\p10\p10\p10039708\s57243660.txt,matched,4,2,0
10039708,54897888,C:\Users\Zila\Downloads\BN5212\MIMIC-CXR\p10\p10\p10039708\s54897888.txt,matched,4,2,0
10039708,50766016,C:\Users\Zila\Downloads\BN5212\MIMIC-CXR\p10\p10\p10039708\s50766016.txt,matched,3,3,0
10039708,53675063,C:\Users\Zila\Downloads\BN5212\MIMIC-CXR\p10\p10\p10039708\s53675063.txt,matched,3,3,1
10039708,51842243,C:\Users\Zila\Downloads\BN5212\MIMIC-CXR\p10\p10\p10039708\s51842243.txt,matched,2,2,0
10039708,57591044,C:\Users\Zila\Downloads\BN5212\MIMIC-CXR\p10\p10\p10039708\s57591044.txt,matched,2,2,0
10039708,57407980,C:\Users\Zila\Downloads\BN5212\MIMIC-CXR\p10\p10\p10039708\s57407980.txt,matched,2,2,0
10039708,58565615,C:\Users\Zila\Downloads\BN5212\MIMIC-CXR\p10\p10\p10039708\s58565615.txt,no_matches,0,0,0
10039708,52039221,C:\Users\Zila\Downloads\BN5212\MIMIC-CXR\p10\p10\p10039708\s52039221.txt,matched,3,3,0
10039708,53731428,C:\Users\Zila\Downloads\BN5212\MIMIC-CXR\p10\p10\p10039708\s53731428.txt,matched,3,3,1
10039708,52420354,C:\Users\Zila\Downloads\BN5212\MIMIC-CXR\p10\p10\p10039708\s52420354.txt,no_matches,0,0,0
10039708,54676653,C:\Users\Zila\Downloads\BN5212\MIMIC-CXR\p10\p10\p10039708\s54676653.txt,matched,1,1,0
10039708,51380099,C:\Users\Zila\Downloads\BN5212\MIMIC-CXR\p10\p10\p10039708\s51380099.txt,no_matches,0,0,0
10039708,58376483,C:\Users\Zila\Downloads\BN5212\MIMIC-CXR\p10\p10\p10039708\s58376483.txt,matched,1,1,0
10039708,53721111,C:\Users\Zila\Downloads\BN5212\MIMIC-CXR\p10\p10\p10039708\s53721111.txt,matched,1,1,0
10039708,53594394,C:\Users\Zila\Downloads\BN5212\MIMIC-CXR\p10\p10\p10039708\s53594394.txt,no_matches,0,0,0
10039708,59291493,C:\Users\Zila\Downloads\BN5212\MIMIC-CXR\p10\p10\p10039708\s59291493.txt,no_matches,0,0,0
10039708,53699596,C:\Users\Zila\Downloads\BN5212\MIMIC-CXR\p10\p10\p10039708\s53699596.txt,no_matches,0,0,0
10039708,52492334,C:\Users\Zila\Downloads\BN5212\MIMIC-CXR\p10\p10\p10039708\s52492334.txt,no_matches,0,0,0
10039708,51907574,C:\Users\Zila\Downloads\BN5212\MIMIC-CXR\p10\p10\p10039708\s51907574.txt,matched,2,2,0
10039708,53671981,C:\Users\Zila\Downloads\BN5212\MIMIC-CXR\p10\p10\p10039708\s53671981.txt,no_matches,0,0,0
10039708,58947467,C:\Users\Zila\Downloads\BN5212\MIMIC-CXR\p10\p10\p10039708\s58947467.txt,no_matches,0,0,0
10040025,56461316,C:\Users\Zila\Downloads\BN5212\MIMIC-CXR\p10\p10\p10040025\s56461316.txt,no_matches,0,0,0
10040025,58793821,C:\Users\Zila\Downloads\BN5212\MIMIC-CXR\p10\p10\p10040025\s58793821.txt,no_matches,0,0,0
10040025,57798724,C:\Users\Zila\Downloads\BN5212\MIMIC-CXR\p10\p10\p10040025\s57798724.txt,matched,1,1,0
10040025,56874940,C:\Users\Zila\Downloads\BN5212\MIMIC-CXR\p10\p10\p10040025\s56874940.txt,matched,3,2,0
10040631,53480981,C:\Users\Zila\Downloads\BN5212\MIMIC-CXR\p10\p10\p10040631\s53480981.txt,matched,4,3,0
10040631,51708526,C:\Users\Zila\Downloads\BN5212\MIMIC-CXR\p10\p10\p10040631\s51708526.txt,matched,4,4,0
10040884,56265430,C:\Users\Zila\Downloads\BN5212\MIMIC-CXR\p10\p10\p10040884\s56265430.txt,matched,1,1,0
10040884,50940511,C:\Users\Zila\Downloads\BN5212\MIMIC-CXR\p10\p10\p10040884\s50940511.txt,matched,1,1,0
10041408,58489475,C:\Users\Zila\Downloads\BN5212\MIMIC-CXR\p10\p10\p10041408\s58489475.txt,matched,3,3,0
10041408,54849524,C:\Users\Zila\Downloads\BN5212\MIMIC-CXR\p10\p10\p10041408\s54849524.txt,matched,2,1,0
10041918,54120088,C:\Users\Zila\Downloads\BN5212\MIMIC-CXR\p10\p10\p10041918\s54120088.txt,matched,1,1,0
10041918,50301247,C:\Users\Zila\Downloads\BN5212\MIMIC-CXR\p10\p10\p10041918\s50301247.txt,no_matches,0,0,0
10042810,55039117,C:\Users\Zila\Downloads\BN5212\MIMIC-CXR\p10\p10\p10042810\s55039117.txt,matched,3,3,0
10042810,52077136,C:\Users\Zila\Downloads\BN5212\MIMIC-CXR\p10\p10\p10042810\s52077136.txt,matched,10,7,0
10042810,51978525,C:\Users\Zila\Downloads\BN5212\MIMIC-CXR\p10\p10\p10042810\s51978525.txt,matched,2,2,0
10042810,58507360,C:\Users\Zila\Downloads\BN5212\MIMIC-CXR\p10\p10\p10042810\s58507360.txt,no_matches,0,0,0
10043115,58467930,C:\Users\Zila\Downloads\BN5212\MIMIC-CXR\p10\p10\p10043115\s58467930.txt,matched,1,1,0
10043115,58460599,C:\Users\Zila\Downloads\BN5212\MIMIC-CXR\p10\p10\p10043115\s58460599.txt,matched,6,5,0
10043177,54036634,C:\Users\Zila\Downloads\BN5212\MIMIC-CXR\p10\p10\p10043177\s54036634.txt,no_matches,0,0,0
10043177,54813548,C:\Users\Zila\Downloads\BN5212\MIMIC-CXR\p10\p10\p10043177\s54813548.txt,matched,3,3,0
10043321,56415759,C:\Users\Zila\Downloads\BN5212\MIMIC-CXR\p10\p10\p10043321\s56415759.txt,matched,3,2,0
10043321,57676358,C:\Users\Zila\Downloads\BN5212\MIMIC-CXR\p10\p10\p10043321\s57676358.txt,matched,3,3,0
10043321,51406412,C:\Users\Zila\Downloads\BN5212\MIMIC-CXR\p10\p10\p10043321\s51406412.txt,matched,2,2,0
10043321,59164130,C:\Users\Zila\Downloads\BN5212\MIMIC-CXR\p10\p10\p10043321\s59164130.txt,matched,4,4,0
10043321,53579054,C:\Users\Zila\Downloads\BN5212\MIMIC-CXR\p10\p10\p10043321\s53579054.txt,no_matches,0,0,0
10043321,53004485,C:\Users\Zila\Downloads\BN5212\MIMIC-CXR\p10\p10\p10043321\s53004485.txt,matched,2,2,0
10043423,50303127,C:\Users\Zila\Downloads\BN5212\MIMIC-CXR\p10\p10\p10043423\s50303127.txt,no_matches,0,0,0
10043423,57983886,C:\Users\Zila\Downloads\BN5212\MIMIC-CXR\p10\p10\p10043423\s57983886.txt,matched,3,3,0
10043646,52835668,C:\Users\Zila\Downloads\BN5212\MIMIC-CXR\p10\p10\p10043646\s52835668.txt,matched,1,1,0
10043646,59435834,C:\Users\Zila\Downloads\BN5212\MIMIC-CXR\p10\p10\p10043646\s59435834.txt,no_matches,0,0,0
10044096,57282397,C:\Users\Zila\Downloads\BN5212\MIMIC-CXR\p10\p10\p10044096\s57282397.txt,matched,1,1,0
10044096,57401874,C:\Users\Zila\Downloads\BN5212\MIMIC-CXR\p10\p10\p10044096\s57401874.txt,matched,2,2,0
10044096,56859736,C:\Users\Zila\Downloads\BN5212\MIMIC-CXR\p10\p10\p10044096\s56859736.txt,matched,3,2,0
10044096,56482600,C:\Users\Zila\Downloads\BN5212\MIMIC-CXR\p10\p10\p10044096\s56482600.txt,matched,1,1,0
10044096,58651937,C:\Users\Zila\Downloads\BN5212\MIMIC-CXR\p10\p10\p10044096\s58651937.txt,matched,1,1,0
10044096,52927278,C:\Users\Zila\Downloads\BN5212\MIMIC-CXR\p10\p10\p10044096\s52927278.txt,matched,1,1,0
10044189,56174180,C:\Users\Zila\Downloads\BN5212\MIMIC-CXR\p10\p10\p10044189\s56174180.txt,matched,1,1,0
10044189,53945669,C:\Users\Zila\Downloads\BN5212\MIMIC-CXR\p10\p10\p10044189\s53945669.txt,matched,1,1,0
10044189,56367844,C:\Users\Zila\Downloads\BN5212\MIMIC-CXR\p10\p10\p10044189\s56367844.txt,matched,3,3,0
10044189,53647608,C:\Users\Zila\Downloads\BN5212\MIMIC-CXR\p10\p10\p10044189\s53647608.txt,matched,5,3,0
10044316,55641540,C:\Users\Zila\Downloads\BN5212\MIMIC-CXR\p10\p10\p10044316\s55641540.txt,matched,3,2,0
10044316,50174192,C:\Users\Zila\Downloads\BN5212\MIMIC-CXR\p10\p10\p10044316\s50174192.txt,matched,2,2,0
10045929,59881596,C:\Users\Zila\Downloads\BN5212\MIMIC-CXR\p10\p10\p10045929\s59881596.txt,matched,4,2,0
10045929,56134006,C:\Users\Zila\Downloads\BN5212\MIMIC-CXR\p10\p10\p10045929\s56134006.txt,no_matches,0,0,0
10045929,58508761,C:\Users\Zila\Downloads\BN5212\MIMIC-CXR\p10\p10\p10045929\s58508761.txt,matched,1,1,0
10045929,52686702,C:\Users\Zila\Downloads\BN5212\MIMIC-CXR\p10\p10\p10045929\s52686702.txt,matched,4,4,0
10045929,58067291,C:\Users\Zila\Downloads\BN5212\MIMIC-CXR\p10\p10\p10045929\s58067291.txt,matched,3,3,0
10045929,58111227,C:\Users\Zila\Downloads\BN5212\MIMIC-CXR\p10\p10\p10045929\s58111227.txt,matched,2,2,0
10045929,59828529,C:\Users\Zila\Downloads\BN5212\MIMIC-CXR\p10\p10\p10045929\s59828529.txt,no_matches,0,0,0
10045929,50857808,C:\Users\Zila\Downloads\BN5212\MIMIC-CXR\p10\p10\p10045929\s50857808.txt,no_matches,0,0,0
10045929,54575275,C:\Users\Zila\Downloads\BN5212\MIMIC-CXR\p10\p10\p10045929\s54575275.txt,no_matches,0,0,0
10046166,56173345,C:\Users\Zila\Downloads\BN5212\MIMIC-CXR\p10\p10\p10046166\s56173345.txt,unlabeled,0,0,0
10046166,57977208,C:\Users\Zila\Downloads\BN5212\MIMIC-CXR\p10\p10\p10046166\s57977208.txt,no_matches,0,0,0
10046166,53492798,C:\Users\Zila\Downloads\BN5212\MIMIC-CXR\p10\p10\p10046166\s53492798.txt,matched,1,1,0
10046166,57379357,C:\Users\Zila\Downloads\BN5212\MIMIC-CXR\p10\p10\p10046166\s57379357.txt,matched,2,2,0
10046166,51738740,C:\Users\Zila\Downloads\BN5212\MIMIC-CXR\p10\p10\p10046166\s51738740.txt,no_matches,0,0,0
10046166,50051329,C:\Users\Zila\Downloads\BN5212\MIMIC-CXR\p10\p10\p10046166\s50051329.txt,matched,3,3,0
10046241,56200967,C:\Users\Zila\Downloads\BN5212\MIMIC-CXR\p10\p10\p10046241\s56200967.txt,no_matches,0,0,0
10046241,50471483,C:\Users\Zila\Downloads\BN5212\MIMIC-CXR\p10\p10\p10046241\s50471483.txt,no_matches,0,0,0
10046592,55960637,C:\Users\Zila\Downloads\BN5212\MIMIC-CXR\p10\p10\p10046592\s55960637.txt,matched,4,4,0
10046592,55152804,C:\Users\Zila\Downloads\BN5212\MIMIC-CXR\p10\p10\p10046592\s55152804.txt,matched,2,2,0
10046592,54827752,C:\Users\Zila\Downloads\BN5212\MIMIC-CXR\p10\p10\p10046592\s54827752.txt,matched,1,1,0
10046679,54480315,C:\Users\Zila\Downloads\BN5212\MIMIC-CXR\p10\p10\p10046679\s54480315.txt,matched,2,2,0
10046679,58689398,C:\Users\Zila\Downloads\BN5212\MIMIC-CXR\p10\p10\p10046679\s58689398.txt,matched,2,2,0
10046679,51410749,C:\Users\Zila\Downloads\BN5212\MIMIC-CXR\p10\p10\p10046679\s51410749.txt,matched,4,3,0
10046679,52056662,C:\Users\Zila\Downloads\BN5212\MIMIC-CXR\p10\p10\p10046679\s52056662.txt,matched,4,4,0
10046679,57782654,C:\Users\Zila\Downloads\BN5212\MIMIC-CXR\p10\p10\p10046679\s57782654.txt,no_matches,0,0,0
10046679,52299822,C:\Users\Zila\Downloads\BN5212\MIMIC-CXR\p10\p10\p10046679\s52299822.txt,no_matches,0,0,0
10046679,53936527,C:\Users\Zila\Downloads\BN5212\MIMIC-CXR\p10\p10\p10046679\s53936527.txt,matched,2,2,0
10046679,56489636,C:\Users\Zila\Downloads\BN5212\MIMIC-CXR\p10\p10\p10046679\s56489636.txt,no_matches,0,0,0
10046679,52944223,C:\Users\Zila\Downloads\BN5212\MIMIC-CXR\p10\p10\p10046679\s52944223.txt,matched,5,2,0
10046679,50744827,C:\Users\Zila\Downloads\BN5212\MIMIC-CXR\p10\p10\p10046679\s50744827.txt,matched,2,2,1
10046679,58048905,C:\Users\Zila\Downloads\BN5212\MIMIC-CXR\p10\p10\p10046679\s58048905.txt,matched,2,2,0
10046679,57374230,C:\Users\Zila\Downloads\BN5212\MIMIC-CXR\p10\p10\p10046679\s57374230.txt,matched,4,2,0
10046679,52148996,C:\Users\Zila\Downloads\BN5212\MIMIC-CXR\p10\p10\p10046679\s52148996.txt,no_matches,0,0,0
10047172,50770204,C:\Users\Zila\Downloads\BN5212\MIMIC-CXR\p10\p10\p10047172\s50770204.txt,matched,1,1,0
10047172,51949233,C:\Users\Zila\Downloads\BN5212\MIMIC-CXR\p10\p10\p10047172\s51949233.txt,no_matches,0,0,0
10047172,56746253,C:\Users\Zila\Downloads\BN5212\MIMIC-CXR\p10\p10\p10047172\s56746253.txt,no_matches,0,0,0
10047172,54544556,C:\Users\Zila\Downloads\BN5212\MIMIC-CXR\p10\p10\p10047172\s54544556.txt,matched,3,3,0
10047172,51954960,C:\Users\Zila\Downloads\BN5212\MIMIC-CXR\p10\p10\p10047172\s51954960.txt,no_matches,0,0,0
10047172,56356284,C:\Users\Zila\Downloads\BN5212\MIMIC-CXR\p10\p10\p10047172\s56356284.txt,matched,4,4,0
10047766,52278032,C:\Users\Zila\Downloads\BN5212\MIMIC-CXR\p10\p10\p10047766\s52278032.txt,matched,1,1,0
10047766,54423775,C:\Users\Zila\Downloads\BN5212\MIMIC-CXR\p10\p10\p10047766\s54423775.txt,matched,1,1,0
10047766,55277368,C:\Users\Zila\Downloads\BN5212\MIMIC-CXR\p10\p10\p10047766\s55277368.txt,matched,3,2,0
10047766,55339630,C:\Users\Zila\Downloads\BN5212\MIMIC-CXR\p10\p10\p10047766\s55339630.txt,matched,6,5,0
10048001,57131783,C:\Users\Zila\Downloads\BN5212\MIMIC-CXR\p10\p10\p10048001\s57131783.txt,unlabeled,0,0,0
10048001,58895152,C:\Users\Zila\Downloads\BN5212\MIMIC-CXR\p10\p10\p10048001\s58895152.txt,unlabeled,0,0,0
10048001,55896992,C:\Users\Zila\Downloads\BN5212\MIMIC-CXR\p10\p10\p10048001\s55896992.txt,matched,1,1,0
10048001,53330064,C:\Users\Zila\Downloads\BN5212\MIMIC-CXR\p10\p10\p10048001\s53330064.txt,matched,3,3,0
10048001,54792659,C:\Users\Zila\Downloads\BN5212\MIMIC-CXR\p10\p10\p10048001\s54792659.txt,unlabeled,0,0,0
10048001,58465122,C:\Users\Zila\Downloads\BN5212\MIMIC-CXR\p10\p10\p10048001\s58465122.txt,matched,2,2,0
10048001,59666772,C:\Users\Zila\Downloads\BN5212\MIMIC-CXR\p10\p10\p10048001\s59666772.txt,matched,1,1,0
10048001,53380168,C:\Users\Zila\Downloads\BN5212\MIMIC-CXR\p10\p10\p10048001\s53380168.txt,unlabeled,0,0,0
10048001,51826614,C:\Users\Zila\Downloads\BN5212\MIMIC-CXR\p10\p10\p10048001\s51826614.txt,unlabeled,0,0,0
10048001,59223098,C:\Users\Zila\Downloads\BN5212\MIMIC-CXR\p10\p10\p10048001\s59223098.txt,matched,2,2,0
10048001,57376621,C:\Users\Zila\Downloads\BN5212\MIMIC-CXR\p10\p10\p10048001\s57376621.txt,matched,2,2,1
10048001,58174077,C:\Users\Zila\Downloads\BN5212\MIMIC-CXR\p10\p10\p10048001\s58174077.txt,matched,3,3,0
10048001,56731990,C:\Users\Zila\Downloads\BN5212\MIMIC-CXR\p10\p10\p10048001\s56731990.txt,matched,3,3,0
10048001,52519083,C:\Users\Zila\Downloads\BN5212\MIMIC-CXR\p10\p10\p10048001\s52519083.txt,matched,2,2,0
10048001,57185874,C:\Users\Zila\Downloads\BN5212\MIMIC-CXR\p10\p10\p10048001\s57185874.txt,matched,2,2,0
10048244,57365558,C:\Users\Zila\Downloads\BN5212\MIMIC-CXR\p10\p10\p10048244\s57365558.txt,matched,1,1,0
10048244,58471828,C:\Users\Zila\Downloads\BN5212\MIMIC-CXR\p10\p10\p10048244\s58471828.txt,matched,2,2,0
10048244,57971406,C:\Users\Zila\Downloads\BN5212\MIMIC-CXR\p10\p10\p10048244\s57971406.txt,matched,3,2,0
10048244,58554556,C:\Users\Zila\Downloads\BN5212\MIMIC-CXR\p10\p10\p10048244\s58554556.txt,no_matches,0,0,0
10048244,59453425,C:\Users\Zila\Downloads\BN5212\MIMIC-CXR\p10\p10\p10048244\s59453425.txt,matched,1,1,0
10048244,54685030,C:\Users\Zila\Downloads\BN5212\MIMIC-CXR\p10\p10\p10048244\s54685030.txt,unlabeled,0,0,0
10048244,54350402,C:\Users\Zila\Downloads\BN5212\MIMIC-CXR\p10\p10\p10048244\s54350402.txt,no_matches,0,0,0
10048244,52960881,C:\Users\Zila\Downloads\BN5212\MIMIC-CXR\p10\p10\p10048244\s52960881.txt,matched,1,1,0
10048244,59192637,C:\Users\Zila\Downloads\BN5212\MIMIC-CXR\p10\p10\p10048244\s59192637.txt,no_matches,0,0,0
10048244,55126369,C:\Users\Zila\Downloads\BN5212\MIMIC-CXR\p10\p10\p10048244\s55126369.txt,matched,3,3,0
10048244,58732361,C:\Users\Zila\Downloads\BN5212\MIMIC-CXR\p10\p10\p10048244\s58732361.txt,matched,2,1,0
10048244,50891588,C:\Users\Zila\Downloads\BN5212\MIMIC-CXR\p10\p10\p10048244\s50891588.txt,matched,1,1,0
10048244,58727358,C:\Users\Zila\Downloads\BN5212\MIMIC-CXR\p10\p10\p10048244\s58727358.txt,no_matches,0,0,0
10048244,59707821,C:\Users\Zila\Downloads\BN5212\MIMIC-CXR\p10\p10\p10048244\s59707821.txt,matched,1,1,0
10048451,58989759,C:\Users\Zila\Downloads\BN5212\MIMIC-CXR\p10\p10\p10048451\s58989759.txt,unlabeled,0,0,0
10048451,51889569,C:\Users\Zila\Downloads\BN5212\MIMIC-CXR\p10\p10\p10048451\s51889569.txt,matched,1,1,0
10048451,56379266,C:\Users\Zila\Downloads\BN5212\MIMIC-CXR\p10\p10\p10048451\s56379266.txt,matched,6,5,0
10048451,54883941,C:\Users\Zila\Downloads\BN5212\MIMIC-CXR\p10\p10\p10048451\s54883941.txt,matched,3,2,0
10048451,57319650,C:\Users\Zila\Downloads\BN5212\MIMIC-CXR\p10\p10\p10048451\s57319650.txt,matched,1,1,0
10048451,53489305,C:\Users\Zila\Downloads\BN5212\MIMIC-CXR\p10\p10\p10048451\s53489305.txt,matched,5,2,0
10048451,51673029,C:\Users\Zila\Downloads\BN5212\MIMIC-CXR\p10\p10\p10048451\s51673029.txt,matched,2,2,0
10048522,52414596,C:\Users\Zila\Downloads\BN5212\MIMIC-CXR\p10\p10\p10048522\s52414596.txt,matched,4,4,0
10048522,58079528,C:\Users\Zila\Downloads\BN5212\MIMIC-CXR\p10\p10\p10048522\s58079528.txt,no_matches,0,0,0
10048710,52513745,C:\Users\Zila\Downloads\BN5212\MIMIC-CXR\p10\p10\p10048710\s52513745.txt,no_matches,0,0,0
10048710,53729967,C:\Users\Zila\Downloads\BN5212\MIMIC-CXR\p10\p10\p10048710\s53729967.txt,matched,1,1,0
10048986,56135417,C:\Users\Zila\Downloads\BN5212\MIMIC-CXR\p10\p10\p10048986\s56135417.txt,matched,2,2,0
10048986,54900831,C:\Users\Zila\Downloads\BN5212\MIMIC-CXR\p10\p10\p10048986\s54900831.txt,matched,5,3,0
10048986,56592156,C:\Users\Zila\Downloads\BN5212\MIMIC-CXR\p10\p10\p10048986\s56592156.txt,matched,3,3,0
10048986,51337401,C:\Users\Zila\Downloads\BN5212\MIMIC-CXR\p10\p10\p10048986\s51337401.txt,matched,1,1,0
10048986,54969955,C:\Users\Zila\Downloads\BN5212\MIMIC-CXR\p10\p10\p10048986\s54969955.txt,matched,2,2,0
10048986,58116858,C:\Users\Zila\Downloads\BN5212\MIMIC-CXR\p10\p10\p10048986\s58116858.txt,matched,1,1,0
10049334,55820511,C:\Users\Zila\Downloads\BN5212\MIMIC-CXR\p10\p10\p10049334\s55820511.txt,matched,4,4,0
10049334,58877721,C:\Users\Zila\Downloads\BN5212\MIMIC-CXR\p10\p10\p10049334\s58877721.txt,matched,4,3,1
10049334,54625686,C:\Users\Zila\Downloads\BN5212\MIMIC-CXR\p10\p10\p10049334\s54625686.txt,matched,5,4,0
10049341,53480270,C:\Users\Zila\Downloads\BN5212\MIMIC-CXR\p10\p10\p10049341\s53480270.txt,no_matches,0,0,0
10049341,52059571,C:\Users\Zila\Downloads\BN5212\MIMIC-CXR\p10\p10\p10049341\s52059571.txt,matched,1,1,0
10049341,56327756,C:\Users\Zila\Downloads\BN5212\MIMIC-CXR\p10\p10\p10049341\s56327756.txt,matched,1,1,0
10049902,50158897,C:\Users\Zila\Downloads\BN5212\MIMIC-CXR\p10\p10\p10049902\s50158897.txt,matched,2,1,0
10049902,50339410,C:\Users\Zila\Downloads\BN5212\MIMIC-CXR\p10\p10\p10049902\s50339410.txt,matched,2,2,0
10049902,55662406,C:\Users\Zila\Downloads\BN5212\MIMIC-CXR\p10\p10\p10049902\s55662406.txt,matched,2,2,0
10049902,52019420,C:\Users\Zila\Downloads\BN5212\MIMIC-CXR\p10\p10\p10049902\s52019420.txt,no_matches,0,0,0
10049902,58043521,C:\Users\Zila\Downloads\BN5212\MIMIC-CXR\p10\p10\p10049902\s58043521.txt,no_matches,0,0,0
10049902,53541813,C:\Users\Zila\Downloads\BN5212\MIMIC-CXR\p10\p10\p10049902\s53541813.txt,no_matches,0,0,0
10050755,56440546,C:\Users\Zila\Downloads\BN5212\MIMIC-CXR\p10\p10\p10050755\s56440546.txt,matched,3,3,0
10050755,54038182,C:\Users\Zila\Downloads\BN5212\MIMIC-CXR\p10\p10\p10050755\s54038182.txt,no_matches,0,0,0
10050755,57168919,C:\Users\Zila\Downloads\BN5212\MIMIC-CXR\p10\p10\p10050755\s57168919.txt,matched,1,1,0
10050755,54564455,C:\Users\Zila\Downloads\BN5212\MIMIC-CXR\p10\p10\p10050755\s54564455.txt,no_matches,0,0,0
10050755,54751890,C:\Users\Zila\Downloads\BN5212\MIMIC-CXR\p10\p10\p10050755\s54751890.txt,no_matches,0,0,0
10050755,59226213,C:\Users\Zila\Downloads\BN5212\MIMIC-CXR\p10\p10\p10050755\s59226213.txt,no_matches,0,0,0
10050755,53573770,C:\Users\Zila\Downloads\BN5212\MIMIC-CXR\p10\p10\p10050755\s53573770.txt,matched,2,1,1
10050755,53755468,C:\Users\Zila\Downloads\BN5212\MIMIC-CXR\p10\p10\p10050755\s53755468.txt,no_matches,0,0,0
10051043,53215480,C:\Users\Zila\Downloads\BN5212\MIMIC-CXR\p10\p10\p10051043\s53215480.txt,no_matches,0,0,0
10051043,54323425,C:\Users\Zila\Downloads\BN5212\MIMIC-CXR\p10\p10\p10051043\s54323425.txt,no_matches,0,0,0
10051043,57716752,C:\Users\Zila\Downloads\BN5212\MIMIC-CXR\p10\p10\p10051043\s57716752.txt,matched,1,1,0
10051043,50094291,C:\Users\Zila\Downloads\BN5212\MIMIC-CXR\p10\p10\p10051043\s50094291.txt,matched,2,2,0
10051043,54678972,C:\Users\Zila\Downloads\BN5212\MIMIC-CXR\p10\p10\p10051043\s54678972.txt,matched,1,1,0
10051043,53567737,C:\Users\Zila\Downloads\BN5212\MIMIC-CXR\p10\p10\p10051043\s53567737.txt,no_matches,0,0,0
10051043,54862267,C:\Users\Zila\Downloads\BN5212\MIMIC-CXR\p10\p10\p10051043\s54862267.txt,unlabeled,0,0,0
10051043,52582060,C:\Users\Zila\Downloads\BN5212\MIMIC-CXR\p10\p10\p10051043\s52582060.txt,no_matches,0,0,0
10051043,57250953,C:\Users\Zila\Downloads\BN5212\MIMIC-CXR\p10\p10\p10051043\s57250953.txt,matched,3,2,0
10051043,51121067,C:\Users\Zila\Downloads\BN5212\MIMIC-CXR\p10\p10\p10051043\s51121067.txt,matched,1,1,0
10051043,56775724,C:\Users\Zila\Downloads\BN5212\MIMIC-CXR\p10\p10\p10051043\s56775724.txt,matched,2,2,0
10051043,51917464,C:\Users\Zila\Downloads\BN5212\MIMIC-CXR\p10\p10\p10051043\s51917464.txt,matched,2,1,0
10051990,51068958,C:\Users\Zila\Downloads\BN5212\MIMIC-CXR\p10\p10\p10051990\s51068958.txt,matched,2,2,0
10051990,53765613,C:\Users\Zila\Downloads\BN5212\MIMIC-CXR\p10\p10\p10051990\s53765613.txt,matched,1,1,0
10052277,53462370,C:\Users\Zila\Downloads\BN5212\MIMIC-CXR\p10\p10\p10052277\s53462370.txt,no_matches,0,0,0
10052277,50476467,C:\Users\Zila\Downloads\BN5212\MIMIC-CXR\p10\p10\p10052277\s50476467.txt,matched,1,1,0
10052277,53511796,C:\Users\Zila\Downloads\BN5212\MIMIC-CXR\p10\p10\p10052277\s53511796.txt,matched,1,1,0
10052277,55162593,C:\Users\Zila\Downloads\BN5212\MIMIC-CXR\p10\p10\p10052277\s55162593.txt,no_matches,0,0,0
10052926,56504845,C:\Users\Zila\Downloads\BN5212\MIMIC-CXR\p10\p10\p10052926\s56504845.txt,no_matches,0,0,0
10052926,59395476,C:\Users\Zila\Downloads\BN5212\MIMIC-CXR\p10\p10\p10052926\s59395476.txt,matched,2,2,0
10052926,56799999,C:\Users\Zila\Downloads\BN5212\MIMIC-CXR\p10\p10\p10052926\s56799999.txt,matched,3,2,0
10052926,51808680,C:\Users\Zila\Downloads\BN5212\MIMIC-CXR\p10\p10\p10052926\s51808680.txt,matched,1,1,0
10052926,50929633,C:\Users\Zila\Downloads\BN5212\MIMIC-CXR\p10\p10\p10052926\s50929633.txt,matched,5,2,0
10052926,51951563,C:\Users\Zila\Downloads\BN5212\MIMIC-CXR\p10\p10\p10052926\s51951563.txt,no_matches,0,0,0
10052926,54704427,C:\Users\Zila\Downloads\BN5212\MIMIC-CXR\p10\p10\p10052926\s54704427.txt,matched,2,2,1
10052926,50472162,C:\Users\Zila\Downloads\BN5212\MIMIC-CXR\p10\p10\p10052926\s50472162.txt,matched,4,4,0
10052992,51784751,C:\Users\Zila\Downloads\BN5212\MIMIC-CXR\p10\p10\p10052992\s51784751.txt,matched,2,2,0
10052992,55087891,C:\Users\Zila\Downloads\BN5212\MIMIC-CXR\p10\p10\p10052992\s55087891.txt,matched,1,1,0
10053207,55471183,C:\Users\Zila\Downloads\BN5212\MIMIC-CXR\p10\p10\p10053207\s55471183.txt,no_matches,0,0,0
10053207,58225815,C:\Users\Zila\Downloads\BN5212\MIMIC-CXR\p10\p10\p10053207\s58225815.txt,matched,1,1,0
10053611,50546425,C:\Users\Zila\Downloads\BN5212\MIMIC-CXR\p10\p10\p10053611\s50546425.txt,matched,1,1,0
10053611,54306622,C:\Users\Zila\Downloads\BN5212\MIMIC-CXR\p10\p10\p10053611\s54306622.txt,matched,3,3,0
10053611,50053035,C:\Users\Zila\Downloads\BN5212\MIMIC-CXR\p10\p10\p10053611\s50053035.txt,matched,3,3,0
10054277,58516571,C:\Users\Zila\Downloads\BN5212\MIMIC-CXR\p10\p10\p10054277\s58516571.txt,matched,1,1,0
10054277,58951907,C:\Users\Zila\Downloads\BN5212\MIMIC-CXR\p10\p10\p10054277\s58951907.txt,matched,2,1,0
10054277,52344469,C:\Users\Zila\Downloads\BN5212\MIMIC-CXR\p10\p10\p10054277\s52344469.txt,no_matches,0,0,0
10054277,59617838,C:\Users\Zila\Downloads\BN5212\MIMIC-CXR\p10\p10\p10054277\s59617838.txt,matched,1,1,0
10054639,58535890,C:\Users\Zila\Downloads\BN5212\MIMIC-CXR\p10\p10\p10054639\s58535890.txt,matched,5,5,0
10054639,55344325,C:\Users\Zila\Downloads\BN5212\MIMIC-CXR\p10\p10\p10054639\s55344325.txt,matched,1,1,0
10054639,52018146,C:\Users\Zila\Downloads\BN5212\MIMIC-CXR\p10\p10\p10054639\s52018146.txt,matched,1,1,0
10055034,55450321,C:\Users\Zila\Downloads\BN5212\MIMIC-CXR\p10\p10\p10055034\s55450321.txt,no_matches,0,0,0
10055034,50874464,C:\Users\Zila\Downloads\BN5212\MIMIC-CXR\p10\p10\p10055034\s50874464.txt,matched,1,1,0
10055034,57890116,C:\Users\Zila\Downloads\BN5212\MIMIC-CXR\p10\p10\p10055034\s57890116.txt,matched,3,2,0
10055034,56527119,C:\Users\Zila\Downloads\BN5212\MIMIC-CXR\p10\p10\p10055034\s56527119.txt,matched,4,3,0
10055034,52988883,C:\Users\Zila\Downloads\BN5212\MIMIC-CXR\p10\p10\p10055034\s52988883.txt,matched,2,2,0
10055034,55957750,C:\Users\Zila\Downloads\BN5212\MIMIC-CXR\p10\p10\p10055034\s55957750.txt,matched,1,1,0
10055344,54584237,C:\Users\Zila\Downloads\BN5212\MIMIC-CXR\p10\p10\p10055344\s54584237.txt,matched,1,1,0
10055344,59607496,C:\Users\Zila\Downloads\BN5212\MIMIC-CXR\p10\p10\p10055344\s59607496.txt,unlabeled,0,0,0
10055344,55693941,C:\Users\Zila\Downloads\BN5212\MIMIC-CXR\p10\p10\p10055344\s55693941.txt,matched,2,2,0
10055344,57386530,C:\Users\Zila\Downloads\BN5212\MIMIC-CXR\p10\p10\p10055344\s57386530.txt,no_matches,0,0,0
10055344,55260214,C:\Users\Zila\Downloads\BN5212\MIMIC-CXR\p10\p10\p10055344\s55260214.txt,matched,3,3,0
10055344,58045520,C:\Users\Zila\Downloads\BN5212\MIMIC-CXR\p10\p10\p10055344\s58045520.txt,matched,2,2,0
10055361,56381894,C:\Users\Zila\Downloads\BN5212\MIMIC-CXR\p10\p10\p10055361\s56381894.txt,matched,2,2,0
10055361,58672477,C:\Users\Zila\Downloads\BN5212\MIMIC-CXR\p10\p10\p10055361\s58672477.txt,unlabeled,0,0,0
10055361,59087693,C:\Users\Zila\Downloads\BN5212\MIMIC-CXR\p10\p10\p10055361\s59087693.txt,unlabeled,0,0,0
10055361,54927720,C:\Users\Zila\Downloads\BN5212\MIMIC-CXR\p10\p10\p10055361\s54927720.txt,matched,5,4,0
10055361,51116681,C:\Users\Zila\Downloads\BN5212\MIMIC-CXR\p10\p10\p10055361\s51116681.txt,matched,1,1,0
10055361,59790370,C:\Users\Zila\Downloads\BN5212\MIMIC-CXR\p10\p10\p10055361\s59790370.txt,matched,2,2,0
10055361,50608704,C:\Users\Zila\Downloads\BN5212\MIMIC-CXR\p10\p10\p10055361\s50608704.txt,matched,4,3,0
10055361,58669595,C:\Users\Zila\Downloads\BN5212\MIMIC-CXR\p10\p10\p10055361\s58669595.txt,matched,4,4,1
10055694,54848722,C:\Users\Zila\Downloads\BN5212\MIMIC-CXR\p10\p10\p10055694\s54848722.txt,matched,3,3,0
10055694,59632945,C:\Users\Zila\Downloads\BN5212\MIMIC-CXR\p10\p10\p10055694\s59632945.txt,matched,1,1,0
10055694,52767042,C:\Users\Zila\Downloads\BN5212\MIMIC-CXR\p10\p10\p10055694\s52767042.txt,matched,3,3,0
10055694,57963923,C:\Users\Zila\Downloads\BN5212\MIMIC-CXR\p10\p10\p10055694\s57963923.txt,matched,3,3,0
10055694,59844689,C:\Users\Zila\Downloads\BN5212\MIMIC-CXR\p10\p10\p10055694\s59844689.txt,matched,3,3,0
10055694,55007777,C:\Users\Zila\Downloads\BN5212\MIMIC-CXR\p10\p10\p10055694\s55007777.txt,unlabeled,0,0,0
10055694,53544097,C:\Users\Zila\Downloads\BN5212\MIMIC-CXR\p10\p10\p10055694\s53544097.txt,matched,10,4,0
10055694,59993559,C:\Users\Zila\Downloads\BN5212\MIMIC-CXR\p10\p10\p10055694\s59993559.txt,matched,7,4,0
10055694,54669448,C:\Users\Zila\Downloads\BN5212\MIMIC-CXR\p10\p10\p10055694\s54669448.txt,matched,5,3,0
10055694,59418510,C:\Users\Zila\Downloads\BN5212\MIMIC-CXR\p10\p10\p10055694\s59418510.txt,unlabeled,0,0,0
10055694,55036106,C:\Users\Zila\Downloads\BN5212\MIMIC-CXR\p10\p10\p10055694\s55036106.txt,matched,4,4,2
10055694,56008505,C:\Users\Zila\Downloads\BN5212\MIMIC-CXR\p10\p10\p10055694\s56008505.txt,matched,5,3,0
10055694,55786904,C:\Users\Zila\Downloads\BN5212\MIMIC-CXR\p10\p10\p10055694\s55786904.txt,matched,5,3,0
10055694,59377047,C:\Users\Zila\Downloads\BN5212\MIMIC-CXR\p10\p10\p10055694\s59377047.txt,matched,2,2,1
10055694,55081774,C:\Users\Zila\Downloads\BN5212\MIMIC-CXR\p10\p10\p10055694\s55081774.txt,matched,5,3,0
10056223,57733074,C:\Users\Zila\Downloads\BN5212\MIMIC-CXR\p10\p10\p10056223\s57733074.txt,matched,2,2,0
10056223,54557046,C:\Users\Zila\Downloads\BN5212\MIMIC-CXR\p10\p10\p10056223\s54557046.txt,matched,2,2,0
10056223,55763184,C:\Users\Zila\Downloads\BN5212\MIMIC-CXR\p10\p10\p10056223\s55763184.txt,matched,3,3,0
10056223,53428079,C:\Users\Zila\Downloads\BN5212\MIMIC-CXR\p10\p10\p10056223\s53428079.txt,no_matches,0,0,0
10056223,58799130,C:\Users\Zila\Downloads\BN5212\MIMIC-CXR\p10\p10\p10056223\s58799130.txt,matched,1,1,0
10056223,52121411,C:\Users\Zila\Downloads\BN5212\MIMIC-CXR\p10\p10\p10056223\s52121411.txt,matched,1,1,0
10056223,50581723,C:\Users\Zila\Downloads\BN5212\MIMIC-CXR\p10\p10\p10056223\s50581723.txt,matched,2,2,0
10056223,54982251,C:\Users\Zila\Downloads\BN5212\MIMIC-CXR\p10\p10\p10056223\s54982251.txt,matched,2,2,0
10056223,50233501,C:\Users\Zila\Downloads\BN5212\MIMIC-CXR\p10\p10\p10056223\s50233501.txt,matched,1,1,0
10056223,53347394,C:\Users\Zila\Downloads\BN5212\MIMIC-CXR\p10\p10\p10056223\s53347394.txt,matched,2,2,0
10056223,51632024,C:\Users\Zila\Downloads\BN5212\MIMIC-CXR\p10\p10\p10056223\s51632024.txt,matched,3,3,0
10056223,51129298,C:\Users\Zila\Downloads\BN5212\MIMIC-CXR\p10\p10\p10056223\s51129298.txt,matched,4,3,0
10056223,54590321,C:\Users\Zila\Downloads\BN5212\MIMIC-CXR\p10\p10\p10056223\s54590321.txt,matched,5,5,0
10056223,50510907,C:\Users\Zila\Downloads\BN5212\MIMIC-CXR\p10\p10\p10056223\s50510907.txt,matched,2,1,0
10056223,59315493,C:\Users\Zila\Downloads\BN5212\MIMIC-CXR\p10\p10\p10056223\s59315493.txt,no_matches,0,0,0
10056223,53347987,C:\Users\Zila\Downloads\BN5212\MIMIC-CXR\p10\p10\p10056223\s53347987.txt,matched,4,1,0
10056612,51282729,C:\Users\Zila\Downloads\BN5212\MIMIC-CXR\p10\p10\p10056612\s51282729.txt,matched,1,1,0
10056612,57492693,C:\Users\Zila\Downloads\BN5212\MIMIC-CXR\p10\p10\p10056612\s57492693.txt,no_matches,0,0,0
10057005,51968288,C:\Users\Zila\Downloads\BN5212\MIMIC-CXR\p10\p10\p10057005\s51968288.txt,no_matches,0,0,0
10057005,53440914,C:\Users\Zila\Downloads\BN5212\MIMIC-CXR\p10\p10\p10057005\s53440914.txt,no_matches,0,0,0
10057005,57217578,C:\Users\Zila\Downloads\BN5212\MIMIC-CXR\p10\p10\p10057005\s57217578.txt,no_matches,0,0,0
10057005,54563587,C:\Users\Zila\Downloads\BN5212\MIMIC-CXR\p10\p10\p10057005\s54563587.txt,no_matches,0,0,0
10057005,56057364,C:\Users\Zila\Downloads\BN5212\MIMIC-CXR\p10\p10\p10057005\s56057364.txt,matched,3,3,0
10057009,52592034,C:\Users\Zila\Downloads\BN5212\MIMIC-CXR\p10\p10\p10057009\s52592034.txt,matched,3,3,0
10057009,55685825,C:\Users\Zila\Downloads\BN5212\MIMIC-CXR\p10\p10\p10057009\s55685825.txt,matched,3,3,0
10057763,51945040,C:\Users\Zila\Downloads\BN5212\MIMIC-CXR\p10\p10\p10057763\s51945040.txt,matched,1,1,0
10057763,50343567,C:\Users\Zila\Downloads\BN5212\MIMIC-CXR\p10\p10\p10057763\s50343567.txt,matched,2,2,0
10058150,52848611,C:\Users\Zila\Downloads\BN5212\MIMIC-CXR\p10\p10\p10058150\s52848611.txt,matched,3,2,0
10058150,55135339,C:\Users\Zila\Downloads\BN5212\MIMIC-CXR\p10\p10\p10058150\s55135339.txt,matched,2,2,0
10058575,55438536,C:\Users\Zila\Downloads\BN5212\MIMIC-CXR\p10\p10\p10058575\s55438536.txt,no_matches,0,0,0
10058575,52040799,C:\Users\Zila\Downloads\BN5212\MIMIC-CXR\p10\p10\p10058575\s52040799.txt,no_matches,0,0,0
10058575,55928284,C:\Users\Zila\Downloads\BN5212\MIMIC-CXR\p10\p10\p10058575\s55928284.txt,no_matches,0,0,0
10058575,59404180,C:\Users\Zila\Downloads\BN5212\MIMIC-CXR\p10\p10\p10058575\s59404180.txt,matched,4,2,0
10058575,59833091,C:\Users\Zila\Downloads\BN5212\MIMIC-CXR\p10\p10\p10058575\s59833091.txt,no_matches,0,0,0
10058575,55424675,C:\Users\Zila\Downloads\BN5212\MIMIC-CXR\p10\p10\p10058575\s55424675.txt,no_matches,0,0,0
10058575,50255541,C:\Users\Zila\Downloads\BN5212\MIMIC-CXR\p10\p10\p10058575\s50255541.txt,matched,4,3,0
10058575,53774370,C:\Users\Zila\Downloads\BN5212\MIMIC-CXR\p10\p10\p10058575\s53774370.txt,matched,4,2,0
10058575,50325664,C:\Users\Zila\Downloads\BN5212\MIMIC-CXR\p10\p10\p10058575\s50325664.txt,matched,2,1,0
10058575,57299045,C:\Users\Zila\Downloads\BN5212\MIMIC-CXR\p10\p10\p10058575\s57299045.txt,matched,2,2,0
10058575,53122863,C:\Users\Zila\Downloads\BN5212\MIMIC-CXR\p10\p10\p10058575\s53122863.txt,matched,2,2,0
10058575,51144654,C:\Users\Zila\Downloads\BN5212\MIMIC-CXR\p10\p10\p10058575\s51144654.txt,no_matches,0,0,0
10058575,51872105,C:\Users\Zila\Downloads\BN5212\MIMIC-CXR\p10\p10\p10058575\s51872105.txt,matched,1,1,0
10058575,52415124,C:\Users\Zila\Downloads\BN5212\MIMIC-CXR\p10\p10\p10058575\s52415124.txt,no_matches,0,0,0
10058974,57577174,C:\Users\Zila\Downloads\BN5212\MIMIC-CXR\p10\p10\p10058974\s57577174.txt,matched,1,1,0
10058974,54893609,C:\Users\Zila\Downloads\BN5212\MIMIC-CXR\p10\p10\p10058974\s54893609.txt,unlabeled,0,0,0
10058974,53583135,C:\Users\Zila\Downloads\BN5212\MIMIC-CXR\p10\p10\p10058974\s53583135.txt,matched,1,1,0
10058974,54456726,C:\Users\Zila\Downloads\BN5212\MIMIC-CXR\p10\p10\p10058974\s54456726.txt,no_matches,0,0,0
10059690,50008601,C:\Users\Zila\Downloads\BN5212\MIMIC-CXR\p10\p10\p10059690\s50008601.txt,matched,1,1,0
10059690,52147847,C:\Users\Zila\Downloads\BN5212\MIMIC-CXR\p10\p10\p10059690\s52147847.txt,matched,2,2,0
10059690,54149097,C:\Users\Zila\Downloads\BN5212\MIMIC-CXR\p10\p10\p10059690\s54149097.txt,matched,3,3,0
10060142,50063022,C:\Users\Zila\Downloads\BN5212\MIMIC-CXR\p10\p10\p10060142\s50063022.txt,matched,1,1,0
10060142,54426084,C:\Users\Zila\Downloads\BN5212\MIMIC-CXR\p10\p10\p10060142\s54426084.txt,no_matches,0,0,0
10060142,52115374,C:\Users\Zila\Downloads\BN5212\MIMIC-CXR\p10\p10\p10060142\s52115374.txt,unlabeled,0,0,0
10060142,52590350,C:\Users\Zila\Downloads\BN5212\MIMIC-CXR\p10\p10\p10060142\s52590350.txt,matched,1,1,0
10060142,56946673,C:\Users\Zila\Downloads\BN5212\MIMIC-CXR\p10\p10\p10060142\s56946673.txt,matched,1,1,0
10060142,59490715,C:\Users\Zila\Downloads\BN5212\MIMIC-CXR\p10\p10\p10060142\s59490715.txt,matched,2,2,0
10060204,51650444,C:\Users\Zila\Downloads\BN5212\MIMIC-CXR\p10\p10\p10060204\s51650444.txt,matched,3,3,0
10060204,53765730,C:\Users\Zila\Downloads\BN5212\MIMIC-CXR\p10\p10\p10060204\s53765730.txt,matched,3,2,0
10060703,57167111,C:\Users\Zila\Downloads\BN5212\MIMIC-CXR\p10\p10\p10060703\s57167111.txt,matched,1,1,0
10060703,55310039,C:\Users\Zila\Downloads\BN5212\MIMIC-CXR\p10\p10\p10060703\s55310039.txt,matched,2,2,0
10060863,54183885,C:\Users\Zila\Downloads\BN5212\MIMIC-CXR\p10\p10\p10060863\s54183885.txt,no_matches,0,0,0
10060863,52706779,C:\Users\Zila\Downloads\BN5212\MIMIC-CXR\p10\p10\p10060863\s52706779.txt,no_matches,0,0,0
10061593,58463156,C:\Users\Zila\Downloads\BN5212\MIMIC-CXR\p10\p10\p10061593\s58463156.txt,matched,1,1,0
10061593,56718765,C:\Users\Zila\Downloads\BN5212\MIMIC-CXR\p10\p10\p10061593\s56718765.txt,matched,1,1,0
10061593,53221797,C:\Users\Zila\Downloads\BN5212\MIMIC-CXR\p10\p10\p10061593\s53221797.txt,matched,1,1,0
10061731,57947282,C:\Users\Zila\Downloads\BN5212\MIMIC-CXR\p10\p10\p10061731\s57947282.txt,no_matches,0,0,0
10061731,57693716,C:\Users\Zila\Downloads\BN5212\MIMIC-CXR\p10\p10\p10061731\s57693716.txt,matched,2,2,0
10062020,58785934,C:\Users\Zila\Downloads\BN5212\MIMIC-CXR\p10\p10\p10062020\s58785934.txt,matched,1,1,0
10062020,54721029,C:\Users\Zila\Downloads\BN5212\MIMIC-CXR\p10\p10\p10062020\s54721029.txt,no_matches,0,0,0
10062020,55700573,C:\Users\Zila\Downloads\BN5212\MIMIC-CXR\p10\p10\p10062020\s55700573.txt,matched,4,3,0
10062020,58128787,C:\Users\Zila\Downloads\BN5212\MIMIC-CXR\p10\p10\p10062020\s58128787.txt,no_matches,0,0,0
10062501,57987233,C:\Users\Zila\Downloads\BN5212\MIMIC-CXR\p10\p10\p10062501\s57987233.txt,matched,1,1,0
10062501,55699985,C:\Users\Zila\Downloads\BN5212\MIMIC-CXR\p10\p10\p10062501\s55699985.txt,no_matches,0,0,0
10062617,58274130,C:\Users\Zila\Downloads\BN5212\MIMIC-CXR\p10\p10\p10062617\s58274130.txt,matched,4,4,0
10062617,58048417,C:\Users\Zila\Downloads\BN5212\MIMIC-CXR\p10\p10\p10062617\s58048417.txt,matched,1,1,0
10062617,59986994,C:\Users\Zila\Downloads\BN5212\MIMIC-CXR\p10\p10\p10062617\s59986994.txt,matched,1,1,0
10062617,50247193,C:\Users\Zila\Downloads\BN5212\MIMIC-CXR\p10\p10\p10062617\s50247193.txt,matched,6,5,0
10062617,54889099,C:\Users\Zila\Downloads\BN5212\MIMIC-CXR\p10\p10\p10062617\s54889099.txt,matched,4,4,0
10062617,52207698,C:\Users\Zila\Downloads\BN5212\MIMIC-CXR\p10\p10\p10062617\s52207698.txt,matched,5,5,0
10062617,50346563,C:\Users\Zila\Downloads\BN5212\MIMIC-CXR\p10\p10\p10062617\s50346563.txt,matched,3,2,1
10062617,53916328,C:\Users\Zila\Downloads\BN5212\MIMIC-CXR\p10\p10\p10062617\s53916328.txt,matched,2,2,0
10062617,55170181,C:\Users\Zila\Downloads\BN5212\MIMIC-CXR\p10\p10\p10062617\s55170181.txt,matched,2,2,0
10062617,52442584,C:\Users\Zila\Downloads\BN5212\MIMIC-CXR\p10\p10\p10062617\s52442584.txt,matched,2,2,0
10062692,58442156,C:\Users\Zila\Downloads\BN5212\MIMIC-CXR\p10\p10\p10062692\s58442156.txt,no_matches,0,0,0
10062692,59688344,C:\Users\Zila\Downloads\BN5212\MIMIC-CXR\p10\p10\p10062692\s59688344.txt,matched,3,2,0
10062692,53731682,C:\Users\Zila\Downloads\BN5212\MIMIC-CXR\p10\p10\p10062692\s53731682.txt,matched,1,1,0
10062692,55587830,C:\Users\Zila\Downloads\BN5212\MIMIC-CXR\p10\p10\p10062692\s55587830.txt,matched,3,2,0
10062981,56136181,C:\Users\Zila\Downloads\BN5212\MIMIC-CXR\p10\p10\p10062981\s56136181.txt,matched,1,1,0
10062981,50064996,C:\Users\Zila\Downloads\BN5212\MIMIC-CXR\p10\p10\p10062981\s50064996.txt,no_matches,0,0,0
10063280,57709757,C:\Users\Zila\Downloads\BN5212\MIMIC-CXR\p10\p10\p10063280\s57709757.txt,no_matches,0,0,0
10063280,52504796,C:\Users\Zila\Downloads\BN5212\MIMIC-CXR\p10\p10\p10063280\s52504796.txt,matched,3,3,0
10063534,54266862,C:\Users\Zila\Downloads\BN5212\MIMIC-CXR\p10\p10\p10063534\s54266862.txt,matched,5,4,0
10063534,50088361,C:\Users\Zila\Downloads\BN5212\MIMIC-CXR\p10\p10\p10063534\s50088361.txt,matched,6,3,0
10063856,54814005,C:\Users\Zila\Downloads\BN5212\MIMIC-CXR\p10\p10\p10063856\s54814005.txt,matched,3,2,0
10063856,56759094,C:\Users\Zila\Downloads\BN5212\MIMIC-CXR\p10\p10\p10063856\s56759094.txt,matched,3,2,0
10063856,59111503,C:\Users\Zila\Downloads\BN5212\MIMIC-CXR\p10\p10\p10063856\s59111503.txt,matched,4,3,0
10063856,59903306,C:\Users\Zila\Downloads\BN5212\MIMIC-CXR\p10\p10\p10063856\s59903306.txt,matched,1,1,0
10064049,54392870,C:\Users\Zila\Downloads\BN5212\MIMIC-CXR\p10\p10\p10064049\s54392870.txt,matched,4,2,0
10064049,55505244,C:\Users\Zila\Downloads\BN5212\MIMIC-CXR\p10\p10\p10064049\s55505244.txt,matched,3,2,0
10064049,53745704,C:\Users\Zila\Downloads\BN5212\MIMIC-CXR\p10\p10\p10064049\s53745704.txt,matched,5,4,0
10064049,51327292,C:\Users\Zila\Downloads\BN5212\MIMIC-CXR\p10\p10\p10064049\s51327292.txt,matched,5,3,0
10064049,57926554,C:\Users\Zila\Downloads\BN5212\MIMIC-CXR\p10\p10\p10064049\s57926554.txt,matched,6,5,0
10064049,56453401,C:\Users\Zila\Downloads\BN5212\MIMIC-CXR\p10\p10\p10064049\s56453401.txt,unlabeled,0,0,0
10064049,57819907,C:\Users\Zila\Downloads\BN5212\MIMIC-CXR\p10\p10\p10064049\s57819907.txt,matched,3,3,0
10064049,57371365,C:\Users\Zila\Downloads\BN5212\MIMIC-CXR\p10\p10\p10064049\s57371365.txt,matched,4,3,0
10064049,59540552,C:\Users\Zila\Downloads\BN5212\MIMIC-CXR\p10\p10\p10064049\s59540552.txt,matched,4,4,0
10064049,59114682,C:\Users\Zila\Downloads\BN5212\MIMIC-CXR\p10\p10\p10064049\s59114682.txt,matched,2,2,0
10064049,58749812,C:\Users\Zila\Downloads\BN5212\MIMIC-CXR\p10\p10\p10064049\s58749812.txt,no_matches,0,0,0
10064049,58833217,C:\Users\Zila\Downloads\BN5212\MIMIC-CXR\p10\p10\p10064049\s58833217.txt,matched,3,3,0
10064049,52322584,C:\Users\Zila\Downloads\BN5212\MIMIC-CXR\p10\p10\p10064049\s52322584.txt,no_matches,0,0,0
10064049,51373990,C:\Users\Zila\Downloads\BN5212\MIMIC-CXR\p10\p10\p10064049\s51373990.txt,matched,2,2,0
10064049,50590063,C:\Users\Zila\Downloads\BN5212\MIMIC-CXR\p10\p10\p10064049\s50590063.txt,matched,6,5,0
10064049,54536926,C:\Users\Zila\Downloads\BN5212\MIMIC-CXR\p10\p10\p10064049\s54536926.txt,matched,2,1,0
10064049,57160141,C:\Users\Zila\Downloads\BN5212\MIMIC-CXR\p10\p10\p10064049\s57160141.txt,matched,1,1,0
10064049,54885215,C:\Users\Zila\Downloads\BN5212\MIMIC-CXR\p10\p10\p10064049\s54885215.txt,no_matches,0,0,0
10064049,56368658,C:\Users\Zila\Downloads\BN5212\MIMIC-CXR\p10\p10\p10064049\s56368658.txt,matched,4,4,1
10064049,53998334,C:\Users\Zila\Downloads\BN5212\MIMIC-CXR\p10\p10\p10064049\s53998334.txt,matched,1,1,0
10064049,59450994,C:\Users\Zila\Downloads\BN5212\MIMIC-CXR\p10\p10\p10064049\s59450994.txt,no_matches,0,0,0
10064049,51334169,C:\Users\Zila\Downloads\BN5212\MIMIC-CXR\p10\p10\p10064049\s51334169.txt,matched,1,1,0
10064049,55829478,C:\Users\Zila\Downloads\BN5212\MIMIC-CXR\p10\p10\p10064049\s55829478.txt,matched,4,4,0
10064049,57816907,C:\Users\Zila\Downloads\BN5212\MIMIC-CXR\p10\p10\p10064049\s57816907.txt,matched,3,2,0
10064049,51742046,C:\Users\Zila\Downloads\BN5212\MIMIC-CXR\p10\p10\p10064049\s51742046.txt,no_matches,0,0,0
10064049,57850450,C:\Users\Zila\Downloads\BN5212\MIMIC-CXR\p10\p10\p10064049\s57850450.txt,matched,1,1,0
10064049,57279039,C:\Users\Zila\Downloads\BN5212\MIMIC-CXR\p10\p10\p10064049\s57279039.txt,matched,1,1,0
10064390,53553355,C:\Users\Zila\Downloads\BN5212\MIMIC-CXR\p10\p10\p10064390\s53553355.txt,matched,4,4,0
10064390,53483779,C:\Users\Zila\Downloads\BN5212\MIMIC-CXR\p10\p10\p10064390\s53483779.txt,matched,3,3,0
10064390,58688273,C:\Users\Zila\Downloads\BN5212\MIMIC-CXR\p10\p10\p10064390\s58688273.txt,no_matches,0,0,0
10064390,51635815,C:\Users\Zila\Downloads\BN5212\MIMIC-CXR\p10\p10\p10064390\s51635815.txt,no_matches,0,0,0
10064390,53860499,C:\Users\Zila\Downloads\BN5212\MIMIC-CXR\p10\p10\p10064390\s53860499.txt,no_matches,0,0,0
10064390,52896409,C:\Users\Zila\Downloads\BN5212\MIMIC-CXR\p10\p10\p10064390\s52896409.txt,matched,3,3,0
10064678,53148023,C:\Users\Zila\Downloads\BN5212\MIMIC-CXR\p10\p10\p10064678\s53148023.txt,matched,1,1,0
10064678,54227874,C:\Users\Zila\Downloads\BN5212\MIMIC-CXR\p10\p10\p10064678\s54227874.txt,matched,3,3,0
10064678,53173852,C:\Users\Zila\Downloads\BN5212\MIMIC-CXR\p10\p10\p10064678\s53173852.txt,matched,2,2,0
10064678,59901201,C:\Users\Zila\Downloads\BN5212\MIMIC-CXR\p10\p10\p10064678\s59901201.txt,no_matches,0,0,0
10064678,55354126,C:\Users\Zila\Downloads\BN5212\MIMIC-CXR\p10\p10\p10064678\s55354126.txt,matched,6,3,0
10064678,54868430,C:\Users\Zila\Downloads\BN5212\MIMIC-CXR\p10\p10\p10064678\s54868430.txt,matched,5,4,0
10064678,59792119,C:\Users\Zila\Downloads\BN5212\MIMIC-CXR\p10\p10\p10064678\s59792119.txt,matched,4,2,0
10065125,53891313,C:\Users\Zila\Downloads\BN5212\MIMIC-CXR\p10\p10\p10065125\s53891313.txt,matched,1,1,0
10065125,54719123,C:\Users\Zila\Downloads\BN5212\MIMIC-CXR\p10\p10\p10065125\s54719123.txt,matched,1,1,0
10065354,51090606,C:\Users\Zila\Downloads\BN5212\MIMIC-CXR\p10\p10\p10065354\s51090606.txt,matched,1,1,0
10065354,54049005,C:\Users\Zila\Downloads\BN5212\MIMIC-CXR\p10\p10\p10065354\s54049005.txt,matched,2,2,0
10065383,54100577,C:\Users\Zila\Downloads\BN5212\MIMIC-CXR\p10\p10\p10065383\s54100577.txt,matched,2,2,0
10065383,57692725,C:\Users\Zila\Downloads\BN5212\MIMIC-CXR\p10\p10\p10065383\s57692725.txt,unlabeled,0,0,0
10065383,59841945,C:\Users\Zila\Downloads\BN5212\MIMIC-CXR\p10\p10\p10065383\s59841945.txt,matched,1,1,0
10065383,54059506,C:\Users\Zila\Downloads\BN5212\MIMIC-CXR\p10\p10\p10065383\s54059506.txt,matched,3,3,0
10065383,51890757,C:\Users\Zila\Downloads\BN5212\MIMIC-CXR\p10\p10\p10065383\s51890757.txt,no_matches,0,0,0
10065383,51407501,C:\Users\Zila\Downloads\BN5212\MIMIC-CXR\p10\p10\p10065383\s51407501.txt,matched,1,1,0
10065383,51342751,C:\Users\Zila\Downloads\BN5212\MIMIC-CXR\p10\p10\p10065383\s51342751.txt,no_matches,0,0,0
10065383,56317984,C:\Users\Zila\Downloads\BN5212\MIMIC-CXR\p10\p10\p10065383\s56317984.txt,no_matches,0,0,0
10065383,53014323,C:\Users\Zila\Downloads\BN5212\MIMIC-CXR\p10\p10\p10065383\s53014323.txt,no_matches,0,0,0
10065383,58618981,C:\Users\Zila\Downloads\BN5212\MIMIC-CXR\p10\p10\p10065383\s58618981.txt,no_matches,0,0,0
10065383,56624805,C:\Users\Zila\Downloads\BN5212\MIMIC-CXR\p10\p10\p10065383\s56624805.txt,matched,2,2,0
10065383,51143472,C:\Users\Zila\Downloads\BN5212\MIMIC-CXR\p10\p10\p10065383\s51143472.txt,unlabeled,0,0,0
10065383,55539498,C:\Users\Zila\Downloads\BN5212\MIMIC-CXR\p10\p10\p10065383\s55539498.txt,unlabeled,0,0,0
10065383,58533251,C:\Users\Zila\Downloads\BN5212\MIMIC-CXR\p10\p10\p10065383\s58533251.txt,unlabeled,0,0,0
10065383,55506765,C:\Users\Zila\Downloads\BN5212\MIMIC-CXR\p10\p10\p10065383\s55506765.txt,unlabeled,0,0,0
10065383,54640497,C:\Users\Zila\Downloads\BN5212\MIMIC-CXR\p10\p10\p10065383\s54640497.txt,unlabeled,0,0,0
10065383,57402058,C:\Users\Zila\Downloads\BN5212\MIMIC-CXR\p10\p10\p10065383\s57402058.txt,no_matches,0,0,0
10065383,51280385,C:\Users\Zila\Downloads\BN5212\MIMIC-CXR\p10\p10\p10065383\s51280385.txt,no_matches,0,0,0
10065383,59551407,C:\Users\Zila\Downloads\BN5212\MIMIC-CXR\p10\p10\p10065383\s59551407.txt,unlabeled,0,0,0
10065383,52292453,C:\Users\Zila\Downloads\BN5212\MIMIC-CXR\p10\p10\p10065383\s52292453.txt,matched,1,1,0
10065383,58507709,C:\Users\Zila\Downloads\BN5212\MIMIC-CXR\p10\p10\p10065383\s58507709.txt,matched,1,1,0
10065383,51350342,C:\Users\Zila\Downloads\BN5212\MIMIC-CXR\p10\p10\p10065383\s51350342.txt,no_matches,0,0,0
10065383,55971968,C:\Users\Zila\Downloads\BN5212\MIMIC-CXR\p10\p10\p10065383\s55971968.txt,matched,1,1,0
10065383,53295124,C:\Users\Zila\Downloads\BN5212\MIMIC-CXR\p10\p10\p10065383\s53295124.txt,no_matches,0,0,0
10065383,56820799,C:\Users\Zila\Downloads\BN5212\MIMIC-CXR\p10\p10\p10065383\s56820799.txt,no_matches,0,0,0
10065383,56420773,C:\Users\Zila\Downloads\BN5212\MIMIC-CXR\p10\p10\p10065383\s56420773.txt,unlabeled,0,0,0
10065383,53525291,C:\Users\Zila\Downloads\BN5212\MIMIC-CXR\p10\p10\p10065383\s53525291.txt,unlabeled,0,0,0
10065383,56828029,C:\Users\Zila\Downloads\BN5212\MIMIC-CXR\p10\p10\p10065383\s56828029.txt,unlabeled,0,0,0
10065383,55376096,C:\Users\Zila\Downloads\BN5212\MIMIC-CXR\p10\p10\p10065383\s55376096.txt,unlabeled,0,0,0
10065383,59019387,C:\Users\Zila\Downloads\BN5212\MIMIC-CXR\p10\p10\p10065383\s59019387.txt,no_matches,0,0,0
10065383,55304894,C:\Users\Zila\Downloads\BN5212\MIMIC-CXR\p10\p10\p10065383\s55304894.txt,no_matches,0,0,0
10065383,57158901,C:\Users\Zila\Downloads\BN5212\MIMIC-CXR\p10\p10\p10065383\s57158901.txt,unlabeled,0,0,0
10065383,52736576,C:\Users\Zila\Downloads\BN5212\MIMIC-CXR\p10\p10\p10065383\s52736576.txt,unlabeled,0,0,0
10065383,51464212,C:\Users\Zila\Downloads\BN5212\MIMIC-CXR\p10\p10\p10065383\s51464212.txt,unlabeled,0,0,0
10065383,53483649,C:\Users\Zila\Downloads\BN5212\MIMIC-CXR\p10\p10\p10065383\s53483649.txt,unlabeled,0,0,0
10065615,52840308,C:\Users\Zila\Downloads\BN5212\MIMIC-CXR\p10\p10\p10065615\s52840308.txt,unlabeled,0,0,0
10065615,52827353,C:\Users\Zila\Downloads\BN5212\MIMIC-CXR\p10\p10\p10065615\s52827353.txt,matched,1,1,0
10065615,54779177,C:\Users\Zila\Downloads\BN5212\MIMIC-CXR\p10\p10\p10065615\s54779177.txt,unlabeled,0,0,0
10065767,54518839,C:\Users\Zila\Downloads\BN5212\MIMIC-CXR\p10\p10\p10065767\s54518839.txt,matched,2,2,0
10065767,58161378,C:\Users\Zila\Downloads\BN5212\MIMIC-CXR\p10\p10\p10065767\s58161378.txt,matched,5,4,0
10065767,56852269,C:\Users\Zila\Downloads\BN5212\MIMIC-CXR\p10\p10\p10065767\s56852269.txt,no_matches,0,0,0
10065767,52662409,C:\Users\Zila\Downloads\BN5212\MIMIC-CXR\p10\p10\p10065767\s52662409.txt,matched,2,2,0
10065767,59395809,C:\Users\Zila\Downloads\BN5212\MIMIC-CXR\p10\p10\p10065767\s59395809.txt,matched,1,1,0
10065767,53585720,C:\Users\Zila\Downloads\BN5212\MIMIC-CXR\p10\p10\p10065767\s53585720.txt,no_matches,0,0,0
10065767,59819791,C:\Users\Zila\Downloads\BN5212\MIMIC-CXR\p10\p10\p10065767\s59819791.txt,matched,3,3,0
10065767,55813004,C:\Users\Zila\Downloads\BN5212\MIMIC-CXR\p10\p10\p10065767\s55813004.txt,unlabeled,0,0,0
10065990,56988122,C:\Users\Zila\Downloads\BN5212\MIMIC-CXR\p10\p10\p10065990\s56988122.txt,matched,2,2,0
10065990,52572574,C:\Users\Zila\Downloads\BN5212\MIMIC-CXR\p10\p10\p10065990\s52572574.txt,matched,1,1,0
10065990,50522386,C:\Users\Zila\Downloads\BN5212\MIMIC-CXR\p10\p10\p10065990\s50522386.txt,no_matches,0,0,0
10065997,50352457,C:\Users\Zila\Downloads\BN5212\MIMIC-CXR\p10\p10\p10065997\s50352457.txt,matched,1,1,0
10065997,52040687,C:\Users\Zila\Downloads\BN5212\MIMIC-CXR\p10\p10\p10065997\s52040687.txt,matched,2,1,0
10066209,54104613,C:\Users\Zila\Downloads\BN5212\MIMIC-CXR\p10\p10\p10066209\s54104613.txt,no_matches,0,0,0
10066209,52709729,C:\Users\Zila\Downloads\BN5212\MIMIC-CXR\p10\p10\p10066209\s52709729.txt,no_matches,0,0,0
10066209,58372828,C:\Users\Zila\Downloads\BN5212\MIMIC-CXR\p10\p10\p10066209\s58372828.txt,no_matches,0,0,0
10066209,59978802,C:\Users\Zila\Downloads\BN5212\MIMIC-CXR\p10\p10\p10066209\s59978802.txt,matched,3,3,0
10066209,59285576,C:\Users\Zila\Downloads\BN5212\MIMIC-CXR\p10\p10\p10066209\s59285576.txt,matched,2,2,0
10066209,57171245,C:\Users\Zila\Downloads\BN5212\MIMIC-CXR\p10\p10\p10066209\s57171245.txt,matched,4,4,0
10067530,52026760,C:\Users\Zila\Downloads\BN5212\MIMIC-CXR\p10\p10\p10067530\s52026760.txt,matched,2,2,0
10067530,56543992,C:\Users\Zila\Downloads\BN5212\MIMIC-CXR\p10\p10\p10067530\s56543992.txt,matched,2,2,0
10067702,55566141,C:\Users\Zila\Downloads\BN5212\MIMIC-CXR\p10\p10\p10067702\s55566141.txt,matched,2,2,0
10067702,54176488,C:\Users\Zila\Downloads\BN5212\MIMIC-CXR\p10\p10\p10067702\s54176488.txt,matched,2,1,0
10067702,58493449,C:\Users\Zila\Downloads\BN5212\MIMIC-CXR\p10\p10\p10067702\s58493449.txt,matched,1,1,0
10067702,50396656,C:\Users\Zila\Downloads\BN5212\MIMIC-CXR\p10\p10\p10067702\s50396656.txt,no_matches,0,0,0
10067702,56666405,C:\Users\Zila\Downloads\BN5212\MIMIC-CXR\p10\p10\p10067702\s56666405.txt,matched,1,1,0
10067702,57325376,C:\Users\Zila\Downloads\BN5212\MIMIC-CXR\p10\p10\p10067702\s57325376.txt,matched,1,1,0
10067702,52093291,C:\Users\Zila\Downloads\BN5212\MIMIC-CXR\p10\p10\p10067702\s52093291.txt,matched,5,3,0
10068026,55568174,C:\Users\Zila\Downloads\BN5212\MIMIC-CXR\p10\p10\p10068026\s55568174.txt,no_matches,0,0,0
10068026,50712393,C:\Users\Zila\Downloads\BN5212\MIMIC-CXR\p10\p10\p10068026\s50712393.txt,matched,4,4,0
10068304,54217246,C:\Users\Zila\Downloads\BN5212\MIMIC-CXR\p10\p10\p10068304\s54217246.txt,no_matches,0,0,0
10068304,53738487,C:\Users\Zila\Downloads\BN5212\MIMIC-CXR\p10\p10\p10068304\s53738487.txt,no_matches,0,0,0
10068304,57038126,C:\Users\Zila\Downloads\BN5212\MIMIC-CXR\p10\p10\p10068304\s57038126.txt,matched,2,2,0
10068304,57983647,C:\Users\Zila\Downloads\BN5212\MIMIC-CXR\p10\p10\p10068304\s57983647.txt,no_matches,0,0,0
10068304,56918136,C:\Users\Zila\Downloads\BN5212\MIMIC-CXR\p10\p10\p10068304\s56918136.txt,matched,1,1,0
10068304,52523230,C:\Users\Zila\Downloads\BN5212\MIMIC-CXR\p10\p10\p10068304\s52523230.txt,matched,4,2,0
10068304,54831452,C:\Users\Zila\Downloads\BN5212\MIMIC-CXR\p10\p10\p10068304\s54831452.txt,matched,3,3,0
10068304,54027769,C:\Users\Zila\Downloads\BN5212\MIMIC-CXR\p10\p10\p10068304\s54027769.txt,matched,1,1,0
10068304,51829800,C:\Users\Zila\Downloads\BN5212\MIMIC-CXR\p10\p10\p10068304\s51829800.txt,matched,2,2,0
10068304,52523257,C:\Users\Zila\Downloads\BN5212\MIMIC-CXR\p10\p10\p10068304\s52523257.txt,matched,4,4,0
10068304,59277690,C:\Users\Zila\Downloads\BN5212\MIMIC-CXR\p10\p10\p10068304\s59277690.txt,matched,3,3,0
10068304,53442406,C:\Users\Zila\Downloads\BN5212\MIMIC-CXR\p10\p10\p10068304\s53442406.txt,matched,3,3,0
10068741,58252032,C:\Users\Zila\Downloads\BN5212\MIMIC-CXR\p10\p10\p10068741\s58252032.txt,matched,5,4,0
10068741,52806019,C:\Users\Zila\Downloads\BN5212\MIMIC-CXR\p10\p10\p10068741\s52806019.txt,matched,1,1,0
10068880,50438260,C:\Users\Zila\Downloads\BN5212\MIMIC-CXR\p10\p10\p10068880\s50438260.txt,no_matches,0,0,0
10068880,59302019,C:\Users\Zila\Downloads\BN5212\MIMIC-CXR\p10\p10\p10068880\s59302019.txt,matched,2,2,0
10069423,55700778,C:\Users\Zila\Downloads\BN5212\MIMIC-CXR\p10\p10\p10069423\s55700778.txt,matched,2,1,0
10069423,59981182,C:\Users\Zila\Downloads\BN5212\MIMIC-CXR\p10\p10\p10069423\s59981182.txt,matched,1,1,0
10069423,54213212,C:\Users\Zila\Downloads\BN5212\MIMIC-CXR\p10\p10\p10069423\s54213212.txt,matched,1,1,0
10069423,51403613,C:\Users\Zila\Downloads\BN5212\MIMIC-CXR\p10\p10\p10069423\s51403613.txt,no_matches,0,0,0
10069423,56707646,C:\Users\Zila\Downloads\BN5212\MIMIC-CXR\p10\p10\p10069423\s56707646.txt,no_matches,0,0,0
10070288,57218599,C:\Users\Zila\Downloads\BN5212\MIMIC-CXR\p10\p10\p10070288\s57218599.txt,matched,1,1,0
10070288,56486389,C:\Users\Zila\Downloads\BN5212\MIMIC-CXR\p10\p10\p10070288\s56486389.txt,matched,2,1,0
10070311,55001140,C:\Users\Zila\Downloads\BN5212\MIMIC-CXR\p10\p10\p10070311\s55001140.txt,matched,5,3,0
10070311,58690770,C:\Users\Zila\Downloads\BN5212\MIMIC-CXR\p10\p10\p10070311\s58690770.txt,matched,1,1,0
10070330,57110005,C:\Users\Zila\Downloads\BN5212\MIMIC-CXR\p10\p10\p10070330\s57110005.txt,matched,1,1,0
10070330,59331037,C:\Users\Zila\Downloads\BN5212\MIMIC-CXR\p10\p10\p10070330\s59331037.txt,matched,1,1,0
10070592,58936443,C:\Users\Zila\Downloads\BN5212\MIMIC-CXR\p10\p10\p10070592\s58936443.txt,matched,1,1,0
10070592,59696628,C:\Users\Zila\Downloads\BN5212\MIMIC-CXR\p10\p10\p10070592\s59696628.txt,matched,1,1,0
10070592,50488552,C:\Users\Zila\Downloads\BN5212\MIMIC-CXR\p10\p10\p10070592\s50488552.txt,matched,1,1,0
10070614,58864875,C:\Users\Zila\Downloads\BN5212\MIMIC-CXR\p10\p10\p10070614\s58864875.txt,matched,4,3,0
10070614,52627603,C:\Users\Zila\Downloads\BN5212\MIMIC-CXR\p10\p10\p10070614\s52627603.txt,no_matches,0,0,0
10070614,52470047,C:\Users\Zila\Downloads\BN5212\MIMIC-CXR\p10\p10\p10070614\s52470047.txt,matched,3,3,0
10070928,56788284,C:\Users\Zila\Downloads\BN5212\MIMIC-CXR\p10\p10\p10070928\s56788284.txt,no_matches,0,0,0
10070928,58997709,C:\Users\Zila\Downloads\BN5212\MIMIC-CXR\p10\p10\p10070928\s58997709.txt,matched,2,2,0
10070928,56508815,C:\Users\Zila\Downloads\BN5212\MIMIC-CXR\p10\p10\p10070928\s56508815.txt,matched,3,3,0
10070928,56478170,C:\Users\Zila\Downloads\BN5212\MIMIC-CXR\p10\p10\p10070928\s56478170.txt,no_matches,0,0,0
10070928,57837461,C:\Users\Zila\Downloads\BN5212\MIMIC-CXR\p10\p10\p10070928\s57837461.txt,matched,2,2,0
10070928,57557577,C:\Users\Zila\Downloads\BN5212\MIMIC-CXR\p10\p10\p10070928\s57557577.txt,matched,4,4,0
10070928,57036840,C:\Users\Zila\Downloads\BN5212\MIMIC-CXR\p10\p10\p10070928\s57036840.txt,matched,2,2,0
10070928,54506701,C:\Users\Zila\Downloads\BN5212\MIMIC-CXR\p10\p10\p10070928\s54506701.txt,matched,1,1,0
10070928,58510069,C:\Users\Zila\Downloads\BN5212\MIMIC-CXR\p10\p10\p10070928\s58510069.txt,matched,2,2,0
10070928,56708414,C:\Users\Zila\Downloads\BN5212\MIMIC-CXR\p10\p10\p10070928\s56708414.txt,no_matches,0,0,0
10071281,50639339,C:\Users\Zila\Downloads\BN5212\MIMIC-CXR\p10\p10\p10071281\s50639339.txt,matched,3,3,0
10071281,54174022,C:\Users\Zila\Downloads\BN5212\MIMIC-CXR\p10\p10\p10071281\s54174022.txt,no_matches,0,0,0
10071281,58830246,C:\Users\Zila\Downloads\BN5212\MIMIC-CXR\p10\p10\p10071281\s58830246.txt,matched,2,2,0
10071281,56760248,C:\Users\Zila\Downloads\BN5212\MIMIC-CXR\p10\p10\p10071281\s56760248.txt,matched,6,3,0
10071281,54567010,C:\Users\Zila\Downloads\BN5212\MIMIC-CXR\p10\p10\p10071281\s54567010.txt,matched,2,2,0
10071281,54893356,C:\Users\Zila\Downloads\BN5212\MIMIC-CXR\p10\p10\p10071281\s54893356.txt,matched,1,1,0
10071281,50095640,C:\Users\Zila\Downloads\BN5212\MIMIC-CXR\p10\p10\p10071281\s50095640.txt,matched,1,1,0
10071403,54512949,C:\Users\Zila\Downloads\BN5212\MIMIC-CXR\p10\p10\p10071403\s54512949.txt,no_matches,0,0,0
10071403,51218312,C:\Users\Zila\Downloads\BN5212\MIMIC-CXR\p10\p10\p10071403\s51218312.txt,no_matches,0,0,0
10071403,50562142,C:\Users\Zila\Downloads\BN5212\MIMIC-CXR\p10\p10\p10071403\s50562142.txt,no_matches,0,0,0
10071403,53531489,C:\Users\Zila\Downloads\BN5212\MIMIC-CXR\p10\p10\p10071403\s53531489.txt,no_matches,0,0,0
10071403,54086998,C:\Users\Zila\Downloads\BN5212\MIMIC-CXR\p10\p10\p10071403\s54086998.txt,no_matches,0,0,0
10071403,51389402,C:\Users\Zila\Downloads\BN5212\MIMIC-CXR\p10\p10\p10071403\s51389402.txt,matched,5,5,0
10071403,51248215,C:\Users\Zila\Downloads\BN5212\MIMIC-CXR\p10\p10\p10071403\s51248215.txt,matched,2,1,0
10071403,53732712,C:\Users\Zila\Downloads\BN5212\MIMIC-CXR\p10\p10\p10071403\s53732712.txt,matched,3,3,0
10071403,50863940,C:\Users\Zila\Downloads\BN5212\MIMIC-CXR\p10\p10\p10071403\s50863940.txt,no_matches,0,0,0
10071403,55130499,C:\Users\Zila\Downloads\BN5212\MIMIC-CXR\p10\p10\p10071403\s55130499.txt,matched,1,1,0
10071403,58362117,C:\Users\Zila\Downloads\BN5212\MIMIC-CXR\p10\p10\p10071403\s58362117.txt,matched,2,1,0
10071620,50877078,C:\Users\Zila\Downloads\BN5212\MIMIC-CXR\p10\p10\p10071620\s50877078.txt,matched,2,2,0
10071620,58349596,C:\Users\Zila\Downloads\BN5212\MIMIC-CXR\p10\p10\p10071620\s58349596.txt,matched,1,1,0
10071869,56653718,C:\Users\Zila\Downloads\BN5212\MIMIC-CXR\p10\p10\p10071869\s56653718.txt,matched,4,2,0
10071869,53370316,C:\Users\Zila\Downloads\BN5212\MIMIC-CXR\p10\p10\p10071869\s53370316.txt,matched,3,3,0
10071869,55911123,C:\Users\Zila\Downloads\BN5212\MIMIC-CXR\p10\p10\p10071869\s55911123.txt,matched,3,3,0
10071869,50216971,C:\Users\Zila\Downloads\BN5212\MIMIC-CXR\p10\p10\p10071869\s50216971.txt,matched,1,1,0
10071869,55965143,C:\Users\Zila\Downloads\BN5212\MIMIC-CXR\p10\p10\p10071869\s55965143.txt,no_matches,0,0,0
10071869,51343405,C:\Users\Zila\Downloads\BN5212\MIMIC-CXR\p10\p10\p10071869\s51343405.txt,no_matches,0,0,0
10071869,50030754,C:\Users\Zila\Downloads\BN5212\MIMIC-CXR\p10\p10\p10071869\s50030754.txt,no_matches,0,0,0
10071869,54271988,C:\Users\Zila\Downloads\BN5212\MIMIC-CXR\p10\p10\p10071869\s54271988.txt,matched,2,2,0
10071869,54202380,C:\Users\Zila\Downloads\BN5212\MIMIC-CXR\p10\p10\p10071869\s54202380.txt,matched,1,1,0
10072153,55066102,C:\Users\Zila\Downloads\BN5212\MIMIC-CXR\p10\p10\p10072153\s55066102.txt,matched,5,4,0
10072153,52900702,C:\Users\Zila\Downloads\BN5212\MIMIC-CXR\p10\p10\p10072153\s52900702.txt,no_matches,0,0,0
10072153,59129101,C:\Users\Zila\Downloads\BN5212\MIMIC-CXR\p10\p10\p10072153\s59129101.txt,matched,2,2,0
10072153,54655799,C:\Users\Zila\Downloads\BN5212\MIMIC-CXR\p10\p10\p10072153\s54655799.txt,matched,1,1,0
10072167,50281931,C:\Users\Zila\Downloads\BN5212\MIMIC-CXR\p10\p10\p10072167\s50281931.txt,no_matches,0,0,0
10072167,53625240,C:\Users\Zila\Downloads\BN5212\MIMIC-CXR\p10\p10\p10072167\s53625240.txt,matched,1,1,0
10072167,53950117,C:\Users\Zila\Downloads\BN5212\MIMIC-CXR\p10\p10\p10072167\s53950117.txt,matched,1,1,0
10072167,55283974,C:\Users\Zila\Downloads\BN5212\MIMIC-CXR\p10\p10\p10072167\s55283974.txt,matched,2,2,0
10072264,53451069,C:\Users\Zila\Downloads\BN5212\MIMIC-CXR\p10\p10\p10072264\s53451069.txt,matched,4,4,0
10072264,54246115,C:\Users\Zila\Downloads\BN5212\MIMIC-CXR\p10\p10\p10072264\s54246115.txt,matched,8,4,0
10072945,58239820,C:\Users\Zila\Downloads\BN5212\MIMIC-CXR\p10\p10\p10072945\s58239820.txt,matched,1,1,0
10072945,54011869,C:\Users\Zila\Downloads\BN5212\MIMIC-CXR\p10\p10\p10072945\s54011869.txt,matched,4,4,0
10073182,51617685,C:\Users\Zila\Downloads\BN5212\MIMIC-CXR\p10\p10\p10073182\s51617685.txt,matched,1,1,0
10073182,56721247,C:\Users\Zila\Downloads\BN5212\MIMIC-CXR\p10\p10\p10073182\s56721247.txt,matched,3,3,0
10073336,57056744,C:\Users\Zila\Downloads\BN5212\MIMIC-CXR\p10\p10\p10073336\s57056744.txt,matched,2,2,0
10073336,55528000,C:\Users\Zila\Downloads\BN5212\MIMIC-CXR\p10\p10\p10073336\s55528000.txt,matched,2,2,0
10073646,52430157,C:\Users\Zila\Downloads\BN5212\MIMIC-CXR\p10\p10\p10073646\s52430157.txt,unlabeled,0,0,0
10073646,55302510,C:\Users\Zila\Downloads\BN5212\MIMIC-CXR\p10\p10\p10073646\s55302510.txt,matched,2,2,0
10073646,54852967,C:\Users\Zila\Downloads\BN5212\MIMIC-CXR\p10\p10\p10073646\s54852967.txt,matched,3,3,0
10073847,52511930,C:\Users\Zila\Downloads\BN5212\MIMIC-CXR\p10\p10\p10073847\s52511930.txt,matched,1,1,0
10073847,50470993,C:\Users\Zila\Downloads\BN5212\MIMIC-CXR\p10\p10\p10073847\s50470993.txt,matched,3,3,0
10073847,51563555,C:\Users\Zila\Downloads\BN5212\MIMIC-CXR\p10\p10\p10073847\s51563555.txt,matched,2,2,0
10073847,59601283,C:\Users\Zila\Downloads\BN5212\MIMIC-CXR\p10\p10\p10073847\s59601283.txt,no_matches,0,0,0
10073847,53607195,C:\Users\Zila\Downloads\BN5212\MIMIC-CXR\p10\p10\p10073847\s53607195.txt,matched,1,1,0
10073847,52072814,C:\Users\Zila\Downloads\BN5212\MIMIC-CXR\p10\p10\p10073847\s52072814.txt,matched,1,1,0
10073847,55561081,C:\Users\Zila\Downloads\BN5212\MIMIC-CXR\p10\p10\p10073847\s55561081.txt,matched,1,1,0
10073847,57900053,C:\Users\Zila\Downloads\BN5212\MIMIC-CXR\p10\p10\p10073847\s57900053.txt,matched,4,4,0
10073847,52318649,C:\Users\Zila\Downloads\BN5212\MIMIC-CXR\p10\p10\p10073847\s52318649.txt,matched,1,1,0
10073847,57134488,C:\Users\Zila\Downloads\BN5212\MIMIC-CXR\p10\p10\p10073847\s57134488.txt,matched,1,1,0
10073847,59649649,C:\Users\Zila\Downloads\BN5212\MIMIC-CXR\p10\p10\p10073847\s59649649.txt,unlabeled,0,0,0
10073847,55937094,C:\Users\Zila\Downloads\BN5212\MIMIC-CXR\p10\p10\p10073847\s55937094.txt,matched,4,4,0
10073847,54348948,C:\Users\Zila\Downloads\BN5212\MIMIC-CXR\p10\p10\p10073847\s54348948.txt,no_matches,0,0,0
10073847,54806306,C:\Users\Zila\Downloads\BN5212\MIMIC-CXR\p10\p10\p10073847\s54806306.txt,matched,2,2,0
10074282,50552472,C:\Users\Zila\Downloads\BN5212\MIMIC-CXR\p10\p10\p10074282\s50552472.txt,no_matches,0,0,0
10074282,51903341,C:\Users\Zila\Downloads\BN5212\MIMIC-CXR\p10\p10\p10074282\s51903341.txt,matched,2,2,0
10074282,55129139,C:\Users\Zila\Downloads\BN5212\MIMIC-CXR\p10\p10\p10074282\s55129139.txt,matched,2,2,0
10074282,56730462,C:\Users\Zila\Downloads\BN5212\MIMIC-CXR\p10\p10\p10074282\s56730462.txt,matched,3,2,0
10074282,51450408,C:\Users\Zila\Downloads\BN5212\MIMIC-CXR\p10\p10\p10074282\s51450408.txt,matched,5,3,0
10074321,52215958,C:\Users\Zila\Downloads\BN5212\MIMIC-CXR\p10\p10\p10074321\s52215958.txt,matched,1,1,0
10074321,53894176,C:\Users\Zila\Downloads\BN5212\MIMIC-CXR\p10\p10\p10074321\s53894176.txt,matched,1,1,0
10074323,52846390,C:\Users\Zila\Downloads\BN5212\MIMIC-CXR\p10\p10\p10074323\s52846390.txt,matched,1,1,0
10074323,57695149,C:\Users\Zila\Downloads\BN5212\MIMIC-CXR\p10\p10\p10074323\s57695149.txt,matched,1,1,0
10074323,54031601,C:\Users\Zila\Downloads\BN5212\MIMIC-CXR\p10\p10\p10074323\s54031601.txt,matched,3,3,0
10074323,52404543,C:\Users\Zila\Downloads\BN5212\MIMIC-CXR\p10\p10\p10074323\s52404543.txt,unlabeled,0,0,0
10074434,51649373,C:\Users\Zila\Downloads\BN5212\MIMIC-CXR\p10\p10\p10074434\s51649373.txt,matched,2,2,0
10074434,50250623,C:\Users\Zila\Downloads\BN5212\MIMIC-CXR\p10\p10\p10074434\s50250623.txt,matched,3,2,0
10074434,57980377,C:\Users\Zila\Downloads\BN5212\MIMIC-CXR\p10\p10\p10074434\s57980377.txt,matched,3,3,0
10074434,54951608,C:\Users\Zila\Downloads\BN5212\MIMIC-CXR\p10\p10\p10074434\s54951608.txt,matched,2,2,0
10074556,53079175,C:\Users\Zila\Downloads\BN5212\MIMIC-CXR\p10\p10\p10074556\s53079175.txt,matched,4,4,0
10074556,58430962,C:\Users\Zila\Downloads\BN5212\MIMIC-CXR\p10\p10\p10074556\s58430962.txt,no_matches,0,0,0
10074556,52583306,C:\Users\Zila\Downloads\BN5212\MIMIC-CXR\p10\p10\p10074556\s52583306.txt,matched,1,1,0
10074556,52494638,C:\Users\Zila\Downloads\BN5212\MIMIC-CXR\p10\p10\p10074556\s52494638.txt,matched,3,3,0
10074556,58876517,C:\Users\Zila\Downloads\BN5212\MIMIC-CXR\p10\p10\p10074556\s58876517.txt,matched,4,4,0
10074908,53916595,C:\Users\Zila\Downloads\BN5212\MIMIC-CXR\p10\p10\p10074908\s53916595.txt,no_matches,0,0,0
10074908,52439886,C:\Users\Zila\Downloads\BN5212\MIMIC-CXR\p10\p10\p10074908\s52439886.txt,no_matches,0,0,0
10074908,53728997,C:\Users\Zila\Downloads\BN5212\MIMIC-CXR\p10\p10\p10074908\s53728997.txt,no_matches,0,0,0
10074908,51534562,C:\Users\Zila\Downloads\BN5212\MIMIC-CXR\p10\p10\p10074908\s51534562.txt,matched,3,3,0
10076144,51491771,C:\Users\Zila\Downloads\BN5212\MIMIC-CXR\p10\p10\p10076144\s51491771.txt,matched,1,1,0
10076144,54873685,C:\Users\Zila\Downloads\BN5212\MIMIC-CXR\p10\p10\p10076144\s54873685.txt,matched,1,1,0
10076144,58535769,C:\Users\Zila\Downloads\BN5212\MIMIC-CXR\p10\p10\p10076144\s58535769.txt,matched,1,1,0
10076263,56942596,C:\Users\Zila\Downloads\BN5212\MIMIC-CXR\p10\p10\p10076263\s56942596.txt,no_matches,0,0,0
10076263,58170135,C:\Users\Zila\Downloads\BN5212\MIMIC-CXR\p10\p10\p10076263\s58170135.txt,matched,2,2,0
10076263,51723085,C:\Users\Zila\Downloads\BN5212\MIMIC-CXR\p10\p10\p10076263\s51723085.txt,matched,1,1,0
10076263,58996482,C:\Users\Zila\Downloads\BN5212\MIMIC-CXR\p10\p10\p10076263\s58996482.txt,unlabeled,0,0,0
10076263,58861262,C:\Users\Zila\Downloads\BN5212\MIMIC-CXR\p10\p10\p10076263\s58861262.txt,matched,1,1,0
10076526,50896827,C:\Users\Zila\Downloads\BN5212\MIMIC-CXR\p10\p10\p10076526\s50896827.txt,matched,6,3,0
10076526,58127828,C:\Users\Zila\Downloads\BN5212\MIMIC-CXR\p10\p10\p10076526\s58127828.txt,unlabeled,0,0,0
10076526,50032808,C:\Users\Zila\Downloads\BN5212\MIMIC-CXR\p10\p10\p10076526\s50032808.txt,matched,4,4,0
10076526,54021960,C:\Users\Zila\Downloads\BN5212\MIMIC-CXR\p10\p10\p10076526\s54021960.txt,matched,3,2,0
10076526,56817357,C:\Users\Zila\Downloads\BN5212\MIMIC-CXR\p10\p10\p10076526\s56817357.txt,no_matches,0,0,0
10076526,56873781,C:\Users\Zila\Downloads\BN5212\MIMIC-CXR\p10\p10\p10076526\s56873781.txt,unlabeled,0,0,0
10076526,55079082,C:\Users\Zila\Downloads\BN5212\MIMIC-CXR\p10\p10\p10076526\s55079082.txt,unlabeled,0,0,0
10076526,54880968,C:\Users\Zila\Downloads\BN5212\MIMIC-CXR\p10\p10\p10076526\s54880968.txt,no_matches,0,0,0
10076526,53465958,C:\Users\Zila\Downloads\BN5212\MIMIC-CXR\p10\p10\p10076526\s53465958.txt,no_matches,0,0,0
10076526,59199952,C:\Users\Zila\Downloads\BN5212\MIMIC-CXR\p10\p10\p10076526\s59199952.txt,matched,1,1,0
10076617,54989308,C:\Users\Zila\Downloads\BN5212\MIMIC-CXR\p10\p10\p10076617\s54989308.txt,matched,1,1,0
10076617,52909336,C:\Users\Zila\Downloads\BN5212\MIMIC-CXR\p10\p10\p10076617\s52909336.txt,no_matches,0,0,0
10076617,54255555,C:\Users\Zila\Downloads\BN5212\MIMIC-CXR\p10\p10\p10076617\s54255555.txt,matched,1,1,0
10076617,57107231,C:\Users\Zila\Downloads\BN5212\MIMIC-CXR\p10\p10\p10076617\s57107231.txt,matched,6,4,0
10076617,58890733,C:\Users\Zila\Downloads\BN5212\MIMIC-CXR\p10\p10\p10076617\s58890733.txt,matched,5,3,0
10076958,54475823,C:\Users\Zila\Downloads\BN5212\MIMIC-CXR\p10\p10\p10076958\s54475823.txt,matched,1,1,0
10076958,52985900,C:\Users\Zila\Downloads\BN5212\MIMIC-CXR\p10\p10\p10076958\s52985900.txt,no_matches,0,0,0
10076958,51089814,C:\Users\Zila\Downloads\BN5212\MIMIC-CXR\p10\p10\p10076958\s51089814.txt,no_matches,0,0,0
10076958,51200380,C:\Users\Zila\Downloads\BN5212\MIMIC-CXR\p10\p10\p10076958\s51200380.txt,matched,2,2,0
10076958,51642095,C:\Users\Zila\Downloads\BN5212\MIMIC-CXR\p10\p10\p10076958\s51642095.txt,matched,3,3,0
10076958,55255863,C:\Users\Zila\Downloads\BN5212\MIMIC-CXR\p10\p10\p10076958\s55255863.txt,matched,1,1,0
10076958,51036150,C:\Users\Zila\Downloads\BN5212\MIMIC-CXR\p10\p10\p10076958\s51036150.txt,matched,2,1,0
10076958,51811757,C:\Users\Zila\Downloads\BN5212\MIMIC-CXR\p10\p10\p10076958\s51811757.txt,matched,1,1,0
10076958,51809334,C:\Users\Zila\Downloads\BN5212\MIMIC-CXR\p10\p10\p10076958\s51809334.txt,matched,2,2,0
10076958,59590469,C:\Users\Zila\Downloads\BN5212\MIMIC-CXR\p10\p10\p10076958\s59590469.txt,unlabeled,0,0,0
10076958,50078763,C:\Users\Zila\Downloads\BN5212\MIMIC-CXR\p10\p10\p10076958\s50078763.txt,unlabeled,0,0,0
10076958,54933716,C:\Users\Zila\Downloads\BN5212\MIMIC-CXR\p10\p10\p10076958\s54933716.txt,matched,2,1,0
10076958,53544303,C:\Users\Zila\Downloads\BN5212\MIMIC-CXR\p10\p10\p10076958\s53544303.txt,no_matches,0,0,0
10076958,59464308,C:\Users\Zila\Downloads\BN5212\MIMIC-CXR\p10\p10\p10076958\s59464308.txt,no_matches,0,0,0
10076958,51801244,C:\Users\Zila\Downloads\BN5212\MIMIC-CXR\p10\p10\p10076958\s51801244.txt,matched,1,1,0
10076958,59006685,C:\Users\Zila\Downloads\BN5212\MIMIC-CXR\p10\p10\p10076958\s59006685.txt,matched,1,1,0
10076958,51098622,C:\Users\Zila\Downloads\BN5212\MIMIC-CXR\p10\p10\p10076958\s51098622.txt,matched,2,2,0
10076958,50435166,C:\Users\Zila\Downloads\BN5212\MIMIC-CXR\p10\p10\p10076958\s50435166.txt,no_matches,0,0,0
10076958,55095408,C:\Users\Zila\Downloads\BN5212\MIMIC-CXR\p10\p10\p10076958\s55095408.txt,no_matches,0,0,0
10076958,58152647,C:\Users\Zila\Downloads\BN5212\MIMIC-CXR\p10\p10\p10076958\s58152647.txt,matched,1,1,0
10076958,54880492,C:\Users\Zila\Downloads\BN5212\MIMIC-CXR\p10\p10\p10076958\s54880492.txt,no_matches,0,0,0
10076958,56409487,C:\Users\Zila\Downloads\BN5212\MIMIC-CXR\p10\p10\p10076958\s56409487.txt,matched,1,1,0
10076958,50003651,C:\Users\Zila\Downloads\BN5212\MIMIC-CXR\p10\p10\p10076958\s50003651.txt,matched,2,2,0
10076958,54746884,C:\Users\Zila\Downloads\BN5212\MIMIC-CXR\p10\p10\p10076958\s54746884.txt,matched,3,2,0
10076958,59518886,C:\Users\Zila\Downloads\BN5212\MIMIC-CXR\p10\p10\p10076958\s59518886.txt,matched,3,3,0
10076958,58850885,C:\Users\Zila\Downloads\BN5212\MIMIC-CXR\p10\p10\p10076958\s58850885.txt,matched,1,1,0
10076958,55579609,C:\Users\Zila\Downloads\BN5212\MIMIC-CXR\p10\p10\p10076958\s55579609.txt,no_matches,0,0,0
10076958,59180098,C:\Users\Zila\Downloads\BN5212\MIMIC-CXR\p10\p10\p10076958\s59180098.txt,matched,1,1,0
10076958,51561578,C:\Users\Zila\Downloads\BN5212\MIMIC-CXR\p10\p10\p10076958\s51561578.txt,matched,1,1,0
10076958,51916780,C:\Users\Zila\Downloads\BN5212\MIMIC-CXR\p10\p10\p10076958\s51916780.txt,matched,2,2,0
10076958,52410795,C:\Users\Zila\Downloads\BN5212\MIMIC-CXR\p10\p10\p10076958\s52410795.txt,no_matches,0,0,0
10077298,54371773,C:\Users\Zila\Downloads\BN5212\MIMIC-CXR\p10\p10\p10077298\s54371773.txt,matched,1,1,0
10077298,50389495,C:\Users\Zila\Downloads\BN5212\MIMIC-CXR\p10\p10\p10077298\s50389495.txt,no_matches,0,0,0
10078072,51097951,C:\Users\Zila\Downloads\BN5212\MIMIC-CXR\p10\p10\p10078072\s51097951.txt,matched,3,3,0
10078072,56231772,C:\Users\Zila\Downloads\BN5212\MIMIC-CXR\p10\p10\p10078072\s56231772.txt,no_matches,0,0,0
10078072,59824734,C:\Users\Zila\Downloads\BN5212\MIMIC-CXR\p10\p10\p10078072\s59824734.txt,no_matches,0,0,0
10078072,51430214,C:\Users\Zila\Downloads\BN5212\MIMIC-CXR\p10\p10\p10078072\s51430214.txt,matched,1,1,0
10078072,58674453,C:\Users\Zila\Downloads\BN5212\MIMIC-CXR\p10\p10\p10078072\s58674453.txt,unlabeled,0,0,0
10078115,51407800,C:\Users\Zila\Downloads\BN5212\MIMIC-CXR\p10\p10\p10078115\s51407800.txt,matched,2,2,0
10078115,50377264,C:\Users\Zila\Downloads\BN5212\MIMIC-CXR\p10\p10\p10078115\s50377264.txt,matched,2,2,0
10078115,56712964,C:\Users\Zila\Downloads\BN5212\MIMIC-CXR\p10\p10\p10078115\s56712964.txt,matched,4,3,0
10078115,58810728,C:\Users\Zila\Downloads\BN5212\MIMIC-CXR\p10\p10\p10078115\s58810728.txt,unlabeled,0,0,0
10078115,52481083,C:\Users\Zila\Downloads\BN5212\MIMIC-CXR\p10\p10\p10078115\s52481083.txt,no_matches,0,0,0
10078115,58448677,C:\Users\Zila\Downloads\BN5212\MIMIC-CXR\p10\p10\p10078115\s58448677.txt,matched,1,1,0
10078115,53480792,C:\Users\Zila\Downloads\BN5212\MIMIC-CXR\p10\p10\p10078115\s53480792.txt,unlabeled,0,0,0
10078115,59562487,C:\Users\Zila\Downloads\BN5212\MIMIC-CXR\p10\p10\p10078115\s59562487.txt,matched,3,3,0
10078115,52233115,C:\Users\Zila\Downloads\BN5212\MIMIC-CXR\p10\p10\p10078115\s52233115.txt,matched,3,3,0
10078115,57467562,C:\Users\Zila\Downloads\BN5212\MIMIC-CXR\p10\p10\p10078115\s57467562.txt,matched,2,2,0
10078115,52365458,C:\Users\Zila\Downloads\BN5212\MIMIC-CXR\p10\p10\p10078115\s52365458.txt,matched,1,1,0
10078115,55962269,C:\Users\Zila\Downloads\BN5212\MIMIC-CXR\p10\p10\p10078115\s55962269.txt,unlabeled,0,0,0
10078115,50922710,C:\Users\Zila\Downloads\BN5212\MIMIC-CXR\p10\p10\p10078115\s50922710.txt,matched,2,2,1
10078115,59919639,C:\Users\Zila\Downloads\BN5212\MIMIC-CXR\p10\p10\p10078115\s59919639.txt,matched,2,2,0
10078115,51751845,C:\Users\Zila\Downloads\BN5212\MIMIC-CXR\p10\p10\p10078115\s51751845.txt,no_matches,0,0,0
10078115,58319102,C:\Users\Zila\Downloads\BN5212\MIMIC-CXR\p10\p10\p10078115\s58319102.txt,matched,1,1,0
10078115,51073410,C:\Users\Zila\Downloads\BN5212\MIMIC-CXR\p10\p10\p10078115\s51073410.txt,unlabeled,0,0,0
10078115,51981600,C:\Users\Zila\Downloads\BN5212\MIMIC-CXR\p10\p10\p10078115\s51981600.txt,matched,5,5,0
10078480,55492778,C:\Users\Zila\Downloads\BN5212\MIMIC-CXR\p10\p10\p10078480\s55492778.txt,matched,1,1,0
10078480,56955708,C:\Users\Zila\Downloads\BN5212\MIMIC-CXR\p10\p10\p10078480\s56955708.txt,no_matches,0,0,0
10078805,52741797,C:\Users\Zila\Downloads\BN5212\MIMIC-CXR\p10\p10\p10078805\s52741797.txt,matched,2,2,0
10078805,57630654,C:\Users\Zila\Downloads\BN5212\MIMIC-CXR\p10\p10\p10078805\s57630654.txt,matched,4,2,0
10078805,53458039,C:\Users\Zila\Downloads\BN5212\MIMIC-CXR\p10\p10\p10078805\s53458039.txt,matched,4,2,0
10079117,57518177,C:\Users\Zila\Downloads\BN5212\MIMIC-CXR\p10\p10\p10079117\s57518177.txt,matched,2,2,0
10079117,56816862,C:\Users\Zila\Downloads\BN5212\MIMIC-CXR\p10\p10\p10079117\s56816862.txt,matched,3,3,0
10079290,56735314,C:\Users\Zila\Downloads\BN5212\MIMIC-CXR\p10\p10\p10079290\s56735314.txt,matched,2,2,0
10079290,50949300,C:\Users\Zila\Downloads\BN5212\MIMIC-CXR\p10\p10\p10079290\s50949300.txt,no_matches,0,0,0
10079467,53311005,C:\Users\Zila\Downloads\BN5212\MIMIC-CXR\p10\p10\p10079467\s53311005.txt,matched,1,1,0
10079467,56978596,C:\Users\Zila\Downloads\BN5212\MIMIC-CXR\p10\p10\p10079467\s56978596.txt,matched,3,2,0
10080421,50488665,C:\Users\Zila\Downloads\BN5212\MIMIC-CXR\p10\p10\p10080421\s50488665.txt,matched,2,2,0
10080421,52735204,C:\Users\Zila\Downloads\BN5212\MIMIC-CXR\p10\p10\p10080421\s52735204.txt,matched,2,2,0
10080443,58695222,C:\Users\Zila\Downloads\BN5212\MIMIC-CXR\p10\p10\p10080443\s58695222.txt,unlabeled,0,0,0
10080443,59351204,C:\Users\Zila\Downloads\BN5212\MIMIC-CXR\p10\p10\p10080443\s59351204.txt,matched,1,1,0
10080695,57985622,C:\Users\Zila\Downloads\BN5212\MIMIC-CXR\p10\p10\p10080695\s57985622.txt,matched,2,2,0
10080695,52418569,C:\Users\Zila\Downloads\BN5212\MIMIC-CXR\p10\p10\p10080695\s52418569.txt,matched,1,1,0
10080695,54495391,C:\Users\Zila\Downloads\BN5212\MIMIC-CXR\p10\p10\p10080695\s54495391.txt,no_matches,0,0,0
10080928,59397987,C:\Users\Zila\Downloads\BN5212\MIMIC-CXR\p10\p10\p10080928\s59397987.txt,matched,3,3,0
10080928,54842185,C:\Users\Zila\Downloads\BN5212\MIMIC-CXR\p10\p10\p10080928\s54842185.txt,matched,1,1,0
10080928,58142273,C:\Users\Zila\Downloads\BN5212\MIMIC-CXR\p10\p10\p10080928\s58142273.txt,matched,1,1,0
10080928,56145954,C:\Users\Zila\Downloads\BN5212\MIMIC-CXR\p10\p10\p10080928\s56145954.txt,matched,2,2,0
10080961,51856852,C:\Users\Zila\Downloads\BN5212\MIMIC-CXR\p10\p10\p10080961\s51856852.txt,matched,2,2,0
10080961,58001323,C:\Users\Zila\Downloads\BN5212\MIMIC-CXR\p10\p10\p10080961\s58001323.txt,matched,1,1,0
10080961,50262495,C:\Users\Zila\Downloads\BN5212\MIMIC-CXR\p10\p10\p10080961\s50262495.txt,matched,1,1,0
10080961,55822222,C:\Users\Zila\Downloads\BN5212\MIMIC-CXR\p10\p10\p10080961\s55822222.txt,no_matches,0,0,0
10080961,51592221,C:\Users\Zila\Downloads\BN5212\MIMIC-CXR\p10\p10\p10080961\s51592221.txt,matched,2,2,0
10080961,53189887,C:\Users\Zila\Downloads\BN5212\MIMIC-CXR\p10\p10\p10080961\s53189887.txt,matched,1,1,0
10081045,55782574,C:\Users\Zila\Downloads\BN5212\MIMIC-CXR\p10\p10\p10081045\s55782574.txt,matched,2,1,0
10081045,58073915,C:\Users\Zila\Downloads\BN5212\MIMIC-CXR\p10\p10\p10081045\s58073915.txt,matched,2,2,0
10081245,57174937,C:\Users\Zila\Downloads\BN5212\MIMIC-CXR\p10\p10\p10081245\s57174937.txt,no_matches,0,0,0
10081245,54473166,C:\Users\Zila\Downloads\BN5212\MIMIC-CXR\p10\p10\p10081245\s54473166.txt,no_matches,0,0,0
10081525,50361595,C:\Users\Zila\Downloads\BN5212\MIMIC-CXR\p10\p10\p10081525\s50361595.txt,matched,1,1,0
10081525,57673535,C:\Users\Zila\Downloads\BN5212\MIMIC-CXR\p10\p10\p10081525\s57673535.txt,matched,1,1,0
10081525,51427176,C:\Users\Zila\Downloads\BN5212\MIMIC-CXR\p10\p10\p10081525\s51427176.txt,matched,3,2,0
10081525,58389005,C:\Users\Zila\Downloads\BN5212\MIMIC-CXR\p10\p10\p10081525\s58389005.txt,matched,1,1,0
10081525,56082337,C:\Users\Zila\Downloads\BN5212\MIMIC-CXR\p10\p10\p10081525\s56082337.txt,unlabeled,0,0,0
10081525,58356313,C:\Users\Zila\Downloads\BN5212\MIMIC-CXR\p10\p10\p10081525\s58356313.txt,matched,5,2,0
10081869,50580744,C:\Users\Zila\Downloads\BN5212\MIMIC-CXR\p10\p10\p10081869\s50580744.txt,no_matches,0,0,0
10081869,51260161,C:\Users\Zila\Downloads\BN5212\MIMIC-CXR\p10\p10\p10081869\s51260161.txt,no_matches,0,0,0
10081869,57027309,C:\Users\Zila\Downloads\BN5212\MIMIC-CXR\p10\p10\p10081869\s57027309.txt,matched,2,1,0
10081869,59906850,C:\Users\Zila\Downloads\BN5212\MIMIC-CXR\p10\p10\p10081869\s59906850.txt,no_matches,0,0,0
10081869,50880271,C:\Users\Zila\Downloads\BN5212\MIMIC-CXR\p10\p10\p10081869\s50880271.txt,matched,4,1,0
10081869,59547400,C:\Users\Zila\Downloads\BN5212\MIMIC-CXR\p10\p10\p10081869\s59547400.txt,matched,2,2,0
10081891,58788499,C:\Users\Zila\Downloads\BN5212\MIMIC-CXR\p10\p10\p10081891\s58788499.txt,matched,2,2,0
10081891,58454343,C:\Users\Zila\Downloads\BN5212\MIMIC-CXR\p10\p10\p10081891\s58454343.txt,matched,3,3,0
10081891,56639766,C:\Users\Zila\Downloads\BN5212\MIMIC-CXR\p10\p10\p10081891\s56639766.txt,matched,2,1,0
10082014,52838923,C:\Users\Zila\Downloads\BN5212\MIMIC-CXR\p10\p10\p10082014\s52838923.txt,matched,3,2,0
10082014,50194136,C:\Users\Zila\Downloads\BN5212\MIMIC-CXR\p10\p10\p10082014\s50194136.txt,matched,4,4,0
10082014,54602067,C:\Users\Zila\Downloads\BN5212\MIMIC-CXR\p10\p10\p10082014\s54602067.txt,no_matches,0,0,0
10082014,50397369,C:\Users\Zila\Downloads\BN5212\MIMIC-CXR\p10\p10\p10082014\s50397369.txt,no_matches,0,0,0
10082014,54419001,C:\Users\Zila\Downloads\BN5212\MIMIC-CXR\p10\p10\p10082014\s54419001.txt,matched,3,3,0
10082014,55731615,C:\Users\Zila\Downloads\BN5212\MIMIC-CXR\p10\p10\p10082014\s55731615.txt,matched,2,2,0
10082014,59471145,C:\Users\Zila\Downloads\BN5212\MIMIC-CXR\p10\p10\p10082014\s59471145.txt,matched,5,3,0
10082014,50316757,C:\Users\Zila\Downloads\BN5212\MIMIC-CXR\p10\p10\p10082014\s50316757.txt,no_matches,0,0,0
10082014,54290113,C:\Users\Zila\Downloads\BN5212\MIMIC-CXR\p10\p10\p10082014\s54290113.txt,matched,3,3,1
10082543,52317659,C:\Users\Zila\Downloads\BN5212\MIMIC-CXR\p10\p10\p10082543\s52317659.txt,no_matches,0,0,0
10082543,54115520,C:\Users\Zila\Downloads\BN5212\MIMIC-CXR\p10\p10\p10082543\s54115520.txt,matched,2,2,0
10082560,57681520,C:\Users\Zila\Downloads\BN5212\MIMIC-CXR\p10\p10\p10082560\s57681520.txt,matched,4,4,0
10082560,59221835,C:\Users\Zila\Downloads\BN5212\MIMIC-CXR\p10\p10\p10082560\s59221835.txt,matched,1,1,0
10082560,53715641,C:\Users\Zila\Downloads\BN5212\MIMIC-CXR\p10\p10\p10082560\s53715641.txt,no_matches,0,0,0
10082560,50563159,C:\Users\Zila\Downloads\BN5212\MIMIC-CXR\p10\p10\p10082560\s50563159.txt,matched,2,2,0
10082560,59544711,C:\Users\Zila\Downloads\BN5212\MIMIC-CXR\p10\p10\p10082560\s59544711.txt,matched,3,2,0
10082560,58667997,C:\Users\Zila\Downloads\BN5212\MIMIC-CXR\p10\p10\p10082560\s58667997.txt,matched,3,1,0
10083708,54375938,C:\Users\Zila\Downloads\BN5212\MIMIC-CXR\p10\p10\p10083708\s54375938.txt,matched,1,1,0
10083708,58917174,C:\Users\Zila\Downloads\BN5212\MIMIC-CXR\p10\p10\p10083708\s58917174.txt,matched,1,1,0
10083754,50779872,C:\Users\Zila\Downloads\BN5212\MIMIC-CXR\p10\p10\p10083754\s50779872.txt,matched,2,2,0
10083754,58316418,C:\Users\Zila\Downloads\BN5212\MIMIC-CXR\p10\p10\p10083754\s58316418.txt,matched,1,1,0
10083754,54841118,C:\Users\Zila\Downloads\BN5212\MIMIC-CXR\p10\p10\p10083754\s54841118.txt,matched,2,2,0
10083754,55837751,C:\Users\Zila\Downloads\BN5212\MIMIC-CXR\p10\p10\p10083754\s55837751.txt,matched,3,3,0
10083754,59125232,C:\Users\Zila\Downloads\BN5212\MIMIC-CXR\p10\p10\p10083754\s59125232.txt,matched,3,2,0
10083833,59766637,C:\Users\Zila\Downloads\BN5212\MIMIC-CXR\p10\p10\p10083833\s59766637.txt,matched,2,2,0
10083833,51949859,C:\Users\Zila\Downloads\BN5212\MIMIC-CXR\p10\p10\p10083833\s51949859.txt,no_matches,0,0,0
10084245,57866947,C:\Users\Zila\Downloads\BN5212\MIMIC-CXR\p10\p10\p10084245\s57866947.txt,matched,1,1,0
10084245,57758659,C:\Users\Zila\Downloads\BN5212\MIMIC-CXR\p10\p10\p10084245\s57758659.txt,no_matches,0,0,0
10084454,54342243,C:\Users\Zila\Downloads\BN5212\MIMIC-CXR\p10\p10\p10084454\s54342243.txt,matched,4,3,0
10084454,55952795,C:\Users\Zila\Downloads\BN5212\MIMIC-CXR\p10\p10\p10084454\s55952795.txt,matched,2,2,0
10086390,52262699,C:\Users\Zila\Downloads\BN5212\MIMIC-CXR\p10\p10\p10086390\s52262699.txt,matched,2,2,0
10086390,54232849,C:\Users\Zila\Downloads\BN5212\MIMIC-CXR\p10\p10\p10086390\s54232849.txt,matched,3,2,0
10086390,54143095,C:\Users\Zila\Downloads\BN5212\MIMIC-CXR\p10\p10\p10086390\s54143095.txt,matched,1,1,0
10087588,56862893,C:\Users\Zila\Downloads\BN5212\MIMIC-CXR\p10\p10\p10087588\s56862893.txt,matched,1,1,0
10087588,52746329,C:\Users\Zila\Downloads\BN5212\MIMIC-CXR\p10\p10\p10087588\s52746329.txt,no_matches,0,0,0
10087922,56799383,C:\Users\Zila\Downloads\BN5212\MIMIC-CXR\p10\p10\p10087922\s56799383.txt,matched,1,1,0
10087922,54382419,C:\Users\Zila\Downloads\BN5212\MIMIC-CXR\p10\p10\p10087922\s54382419.txt,matched,1,1,0
10087922,52581906,C:\Users\Zila\Downloads\BN5212\MIMIC-CXR\p10\p10\p10087922\s52581906.txt,matched,2,2,0
10087922,53253214,C:\Users\Zila\Downloads\BN5212\MIMIC-CXR\p10\p10\p10087922\s53253214.txt,no_matches,0,0,0
10088198,51973224,C:\Users\Zila\Downloads\BN5212\MIMIC-CXR\p10\p10\p10088198\s51973224.txt,no_matches,0,0,0
10088198,59061144,C:\Users\Zila\Downloads\BN5212\MIMIC-CXR\p10\p10\p10088198\s59061144.txt,matched,2,2,0
10088198,56308459,C:\Users\Zila\Downloads\BN5212\MIMIC-CXR\p10\p10\p10088198\s56308459.txt,no_matches,0,0,0
10088198,58224105,C:\Users\Zila\Downloads\BN5212\MIMIC-CXR\p10\p10\p10088198\s58224105.txt,matched,2,1,0
10088198,55536724,C:\Users\Zila\Downloads\BN5212\MIMIC-CXR\p10\p10\p10088198\s55536724.txt,matched,2,2,0
10088198,58202293,C:\Users\Zila\Downloads\BN5212\MIMIC-CXR\p10\p10\p10088198\s58202293.txt,matched,2,2,0
10088198,59707692,C:\Users\Zila\Downloads\BN5212\MIMIC-CXR\p10\p10\p10088198\s59707692.txt,no_matches,0,0,0
10088198,53585599,C:\Users\Zila\Downloads\BN5212\MIMIC-CXR\p10\p10\p10088198\s53585599.txt,no_matches,0,0,0
10088198,57430622,C:\Users\Zila\Downloads\BN5212\MIMIC-CXR\p10\p10\p10088198\s57430622.txt,matched,3,1,0
10088198,58070518,C:\Users\Zila\Downloads\BN5212\MIMIC-CXR\p10\p10\p10088198\s58070518.txt,unlabeled,0,0,0
10088198,56156638,C:\Users\Zila\Downloads\BN5212\MIMIC-CXR\p10\p10\p10088198\s56156638.txt,unlabeled,0,0,0
10088198,51358155,C:\Users\Zila\Downloads\BN5212\MIMIC-CXR\p10\p10\p10088198\s51358155.txt,unlabeled,0,0,0
10088198,53688200,C:\Users\Zila\Downloads\BN5212\MIMIC-CXR\p10\p10\p10088198\s53688200.txt,matched,4,2,0
10088198,56778882,C:\Users\Zila\Downloads\BN5212\MIMIC-CXR\p10\p10\p10088198\s56778882.txt,matched,3,3,0
10088198,52464111,C:\Users\Zila\Downloads\BN5212\MIMIC-CXR\p10\p10\p10088198\s52464111.txt,no_matches,0,0,0
10088198,50446121,C:\Users\Zila\Downloads\BN5212\MIMIC-CXR\p10\p10\p10088198\s50446121.txt,matched,2,2,0
10088355,51354795,C:\Users\Zila\Downloads\BN5212\MIMIC-CXR\p10\p10\p10088355\s51354795.txt,no_matches,0,0,0
10088355,59938935,C:\Users\Zila\Downloads\BN5212\MIMIC-CXR\p10\p10\p10088355\s59938935.txt,matched,2,2,0
10088669,54959574,C:\Users\Zila\Downloads\BN5212\MIMIC-CXR\p10\p10\p10088669\s54959574.txt,matched,1,1,0
10088669,56400029,C:\Users\Zila\Downloads\BN5212\MIMIC-CXR\p10\p10\p10088669\s56400029.txt,matched,1,1,0
10088669,57194095,C:\Users\Zila\Downloads\BN5212\MIMIC-CXR\p10\p10\p10088669\s57194095.txt,matched,1,1,0
10088669,54662291,C:\Users\Zila\Downloads\BN5212\MIMIC-CXR\p10\p10\p10088669\s54662291.txt,matched,1,1,0
10088799,54800083,C:\Users\Zila\Downloads\BN5212\MIMIC-CXR\p10\p10\p10088799\s54800083.txt,matched,2,2,0
10088799,56288685,C:\Users\Zila\Downloads\BN5212\MIMIC-CXR\p10\p10\p10088799\s56288685.txt,matched,4,3,0
10088799,58205745,C:\Users\Zila\Downloads\BN5212\MIMIC-CXR\p10\p10\p10088799\s58205745.txt,matched,3,3,0
10088966,56754337,C:\Users\Zila\Downloads\BN5212\MIMIC-CXR\p10\p10\p10088966\s56754337.txt,matched,1,1,0
10088966,56032947,C:\Users\Zila\Downloads\BN5212\MIMIC-CXR\p10\p10\p10088966\s56032947.txt,matched,8,4,0
10088966,59946493,C:\Users\Zila\Downloads\BN5212\MIMIC-CXR\p10\p10\p10088966\s59946493.txt,matched,4,4,0
10088966,50101208,C:\Users\Zila\Downloads\BN5212\MIMIC-CXR\p10\p10\p10088966\s50101208.txt,no_matches,0,0,0
10088966,50069691,C:\Users\Zila\Downloads\BN5212\MIMIC-CXR\p10\p10\p10088966\s50069691.txt,matched,2,2,0
10088966,59763427,C:\Users\Zila\Downloads\BN5212\MIMIC-CXR\p10\p10\p10088966\s59763427.txt,matched,1,1,0
10088966,51792934,C:\Users\Zila\Downloads\BN5212\MIMIC-CXR\p10\p10\p10088966\s51792934.txt,matched,2,2,0
10088966,54520029,C:\Users\Zila\Downloads\BN5212\MIMIC-CXR\p10\p10\p10088966\s54520029.txt,matched,4,4,0
10089085,56549243,C:\Users\Zila\Downloads\BN5212\MIMIC-CXR\p10\p10\p10089085\s56549243.txt,no_matches,0,0,0
10089085,50062404,C:\Users\Zila\Downloads\BN5212\MIMIC-CXR\p10\p10\p10089085\s50062404.txt,no_matches,0,0,0
10089085,58850651,C:\Users\Zila\Downloads\BN5212\MIMIC-CXR\p10\p10\p10089085\s58850651.txt,no_matches,0,0,0
10089085,52256341,C:\Users\Zila\Downloads\BN5212\MIMIC-CXR\p10\p10\p10089085\s52256341.txt,unlabeled,0,0,0
10089085,56214736,C:\Users\Zila\Downloads\BN5212\MIMIC-CXR\p10\p10\p10089085\s56214736.txt,matched,1,1,0
10089085,50248756,C:\Users\Zila\Downloads\BN5212\MIMIC-CXR\p10\p10\p10089085\s50248756.txt,unlabeled,0,0,0
10089085,57788705,C:\Users\Zila\Downloads\BN5212\MIMIC-CXR\p10\p10\p10089085\s57788705.txt,unlabeled,0,0,0
10089085,56364174,C:\Users\Zila\Downloads\BN5212\MIMIC-CXR\p10\p10\p10089085\s56364174.txt,matched,1,1,0
10089085,56298512,C:\Users\Zila\Downloads\BN5212\MIMIC-CXR\p10\p10\p10089085\s56298512.txt,no_matches,0,0,0
10089085,56314113,C:\Users\Zila\Downloads\BN5212\MIMIC-CXR\p10\p10\p10089085\s56314113.txt,matched,2,1,0
10089085,57318427,C:\Users\Zila\Downloads\BN5212\MIMIC-CXR\p10\p10\p10089085\s57318427.txt,matched,1,1,0
10089085,59024338,C:\Users\Zila\Downloads\BN5212\MIMIC-CXR\p10\p10\p10089085\s59024338.txt,matched,2,2,0
10089085,53475993,C:\Users\Zila\Downloads\BN5212\MIMIC-CXR\p10\p10\p10089085\s53475993.txt,matched,1,1,0
10089085,55822470,C:\Users\Zila\Downloads\BN5212\MIMIC-CXR\p10\p10\p10089085\s55822470.txt,no_matches,0,0,0
10089085,52935394,C:\Users\Zila\Downloads\BN5212\MIMIC-CXR\p10\p10\p10089085\s52935394.txt,unlabeled,0,0,0
10089085,57616538,C:\Users\Zila\Downloads\BN5212\MIMIC-CXR\p10\p10\p10089085\s57616538.txt,matched,4,3,0
10089085,50281546,C:\Users\Zila\Downloads\BN5212\MIMIC-CXR\p10\p10\p10089085\s50281546.txt,no_matches,0,0,0
10089085,57636299,C:\Users\Zila\Downloads\BN5212\MIMIC-CXR\p10\p10\p10089085\s57636299.txt,no_matches,0,0,0
10090257,54873348,C:\Users\Zila\Downloads\BN5212\MIMIC-CXR\p10\p10\p10090257\s54873348.txt,matched,2,2,0
10090257,55957078,C:\Users\Zila\Downloads\BN5212\MIMIC-CXR\p10\p10\p10090257\s55957078.txt,matched,5,4,0
10090919,55754486,C:\Users\Zila\Downloads\BN5212\MIMIC-CXR\p10\p10\p10090919\s55754486.txt,matched,2,2,0
10090919,56770344,C:\Users\Zila\Downloads\BN5212\MIMIC-CXR\p10\p10\p10090919\s56770344.txt,no_matches,0,0,0
10091327,55157414,C:\Users\Zila\Downloads\BN5212\MIMIC-CXR\p10\p10\p10091327\s55157414.txt,matched,3,3,0
10091327,52696885,C:\Users\Zila\Downloads\BN5212\MIMIC-CXR\p10\p10\p10091327\s52696885.txt,matched,2,2,0
10091327,53221192,C:\Users\Zila\Downloads\BN5212\MIMIC-CXR\p10\p10\p10091327\s53221192.txt,no_matches,0,0,0
10091327,54871621,C:\Users\Zila\Downloads\BN5212\MIMIC-CXR\p10\p10\p10091327\s54871621.txt,matched,3,3,0
10091327,55699728,C:\Users\Zila\Downloads\BN5212\MIMIC-CXR\p10\p10\p10091327\s55699728.txt,matched,1,1,0
10091327,55193209,C:\Users\Zila\Downloads\BN5212\MIMIC-CXR\p10\p10\p10091327\s55193209.txt,matched,1,1,0
10091327,54067901,C:\Users\Zila\Downloads\BN5212\MIMIC-CXR\p10\p10\p10091327\s54067901.txt,no_matches,0,0,0
10091327,56788005,C:\Users\Zila\Downloads\BN5212\MIMIC-CXR\p10\p10\p10091327\s56788005.txt,no_matches,0,0,0
10091327,53509063,C:\Users\Zila\Downloads\BN5212\MIMIC-CXR\p10\p10\p10091327\s53509063.txt,no_matches,0,0,0
10091629,55051203,C:\Users\Zila\Downloads\BN5212\MIMIC-CXR\p10\p10\p10091629\s55051203.txt,no_matches,0,0,0
10091629,54107569,C:\Users\Zila\Downloads\BN5212\MIMIC-CXR\p10\p10\p10091629\s54107569.txt,matched,1,1,0
10091629,54759914,C:\Users\Zila\Downloads\BN5212\MIMIC-CXR\p10\p10\p10091629\s54759914.txt,matched,1,1,0
10092009,54791790,C:\Users\Zila\Downloads\BN5212\MIMIC-CXR\p10\p10\p10092009\s54791790.txt,matched,5,4,0
10092009,57379959,C:\Users\Zila\Downloads\BN5212\MIMIC-CXR\p10\p10\p10092009\s57379959.txt,matched,2,2,0
10093425,59189960,C:\Users\Zila\Downloads\BN5212\MIMIC-CXR\p10\p10\p10093425\s59189960.txt,matched,2,1,0
10093425,59222643,C:\Users\Zila\Downloads\BN5212\MIMIC-CXR\p10\p10\p10093425\s59222643.txt,no_matches,0,0,0
10093425,52517711,C:\Users\Zila\Downloads\BN5212\MIMIC-CXR\p10\p10\p10093425\s52517711.txt,matched,1,1,0
10093425,59701785,C:\Users\Zila\Downloads\BN5212\MIMIC-CXR\p10\p10\p10093425\s59701785.txt,no_matches,0,0,0
10093425,50162047,C:\Users\Zila\Downloads\BN5212\MIMIC-CXR\p10\p10\p10093425\s50162047.txt,no_matches,0,0,0
10093425,57166035,C:\Users\Zila\Downloads\BN5212\MIMIC-CXR\p10\p10\p10093425\s57166035.txt,matched,1,1,0
10093425,52219106,C:\Users\Zila\Downloads\BN5212\MIMIC-CXR\p10\p10\p10093425\s52219106.txt,matched,1,1,0
10094107,52616515,C:\Users\Zila\Downloads\BN5212\MIMIC-CXR\p10\p10\p10094107\s52616515.txt,matched,5,2,0
10094107,55774288,C:\Users\Zila\Downloads\BN5212\MIMIC-CXR\p10\p10\p10094107\s55774288.txt,matched,2,2,0
10094121,50182616,C:\Users\Zila\Downloads\BN5212\MIMIC-CXR\p10\p10\p10094121\s50182616.txt,matched,1,1,0
10094121,53637202,C:\Users\Zila\Downloads\BN5212\MIMIC-CXR\p10\p10\p10094121\s53637202.txt,no_matches,0,0,0
10094121,55725406,C:\Users\Zila\Downloads\BN5212\MIMIC-CXR\p10\p10\p10094121\s55725406.txt,matched,1,1,0
10094121,56649060,C:\Users\Zila\Downloads\BN5212\MIMIC-CXR\p10\p10\p10094121\s56649060.txt,matched,1,1,0
10094132,59047508,C:\Users\Zila\Downloads\BN5212\MIMIC-CXR\p10\p10\p10094132\s59047508.txt,matched,2,2,0
10094132,58036492,C:\Users\Zila\Downloads\BN5212\MIMIC-CXR\p10\p10\p10094132\s58036492.txt,matched,2,1,0
10094132,59586246,C:\Users\Zila\Downloads\BN5212\MIMIC-CXR\p10\p10\p10094132\s59586246.txt,matched,1,1,0
10094706,51681931,C:\Users\Zila\Downloads\BN5212\MIMIC-CXR\p10\p10\p10094706\s51681931.txt,matched,1,1,0
10094706,53167457,C:\Users\Zila\Downloads\BN5212\MIMIC-CXR\p10\p10\p10094706\s53167457.txt,no_matches,0,0,0
10094971,50192640,C:\Users\Zila\Downloads\BN5212\MIMIC-CXR\p10\p10\p10094971\s50192640.txt,matched,6,4,0
10094971,58409016,C:\Users\Zila\Downloads\BN5212\MIMIC-CXR\p10\p10\p10094971\s58409016.txt,matched,1,1,0
10094971,59974835,C:\Users\Zila\Downloads\BN5212\MIMIC-CXR\p10\p10\p10094971\s59974835.txt,matched,1,1,0
10095139,55835458,C:\Users\Zila\Downloads\BN5212\MIMIC-CXR\p10\p10\p10095139\s55835458.txt,no_matches,0,0,0
10095139,56862352,C:\Users\Zila\Downloads\BN5212\MIMIC-CXR\p10\p10\p10095139\s56862352.txt,matched,1,1,0
10095141,59265243,C:\Users\Zila\Downloads\BN5212\MIMIC-CXR\p10\p10\p10095141\s59265243.txt,matched,3,2,0
10095141,56162064,C:\Users\Zila\Downloads\BN5212\MIMIC-CXR\p10\p10\p10095141\s56162064.txt,matched,3,2,0
10095141,51471366,C:\Users\Zila\Downloads\BN5212\MIMIC-CXR\p10\p10\p10095141\s51471366.txt,matched,1,1,0
10095181,57427058,C:\Users\Zila\Downloads\BN5212\MIMIC-CXR\p10\p10\p10095181\s57427058.txt,matched,2,1,0
10095181,51068699,C:\Users\Zila\Downloads\BN5212\MIMIC-CXR\p10\p10\p10095181\s51068699.txt,matched,2,1,0
10095181,51702229,C:\Users\Zila\Downloads\BN5212\MIMIC-CXR\p10\p10\p10095181\s51702229.txt,matched,3,3,0
10095181,52185486,C:\Users\Zila\Downloads\BN5212\MIMIC-CXR\p10\p10\p10095181\s52185486.txt,matched,1,1,0
10095181,59678597,C:\Users\Zila\Downloads\BN5212\MIMIC-CXR\p10\p10\p10095181\s59678597.txt,matched,5,4,0
10095181,51836845,C:\Users\Zila\Downloads\BN5212\MIMIC-CXR\p10\p10\p10095181\s51836845.txt,no_matches,0,0,0
10095181,50494469,C:\Users\Zila\Downloads\BN5212\MIMIC-CXR\p10\p10\p10095181\s50494469.txt,no_matches,0,0,0
10095181,56946146,C:\Users\Zila\Downloads\BN5212\MIMIC-CXR\p10\p10\p10095181\s56946146.txt,matched,1,1,0
10095258,55820483,C:\Users\Zila\Downloads\BN5212\MIMIC-CXR\p10\p10\p10095258\s55820483.txt,matched,1,1,0
10095258,54774968,C:\Users\Zila\Downloads\BN5212\MIMIC-CXR\p10\p10\p10095258\s54774968.txt,no_matches,0,0,0
10095286,54805682,C:\Users\Zila\Downloads\BN5212\MIMIC-CXR\p10\p10\p10095286\s54805682.txt,matched,2,1,0
10095286,57062714,C:\Users\Zila\Downloads\BN5212\MIMIC-CXR\p10\p10\p10095286\s57062714.txt,no_matches,0,0,0
10095286,56888033,C:\Users\Zila\Downloads\BN5212\MIMIC-CXR\p10\p10\p10095286\s56888033.txt,matched,1,1,0
10095286,52801314,C:\Users\Zila\Downloads\BN5212\MIMIC-CXR\p10\p10\p10095286\s52801314.txt,matched,3,3,0
10095570,55674921,C:\Users\Zila\Downloads\BN5212\MIMIC-CXR\p10\p10\p10095570\s55674921.txt,no_matches,0,0,0
10095570,53351393,C:\Users\Zila\Downloads\BN5212\MIMIC-CXR\p10\p10\p10095570\s53351393.txt,matched,4,4,0
10095570,59429006,C:\Users\Zila\Downloads\BN5212\MIMIC-CXR\p10\p10\p10095570\s59429006.txt,matched,2,2,0
10095570,50737736,C:\Users\Zila\Downloads\BN5212\MIMIC-CXR\p10\p10\p10095570\s50737736.txt,no_matches,0,0,0
10095570,56624188,C:\Users\Zila\Downloads\BN5212\MIMIC-CXR\p10\p10\p10095570\s56624188.txt,matched,1,1,0
10095982,55531941,C:\Users\Zila\Downloads\BN5212\MIMIC-CXR\p10\p10\p10095982\s55531941.txt,matched,1,1,0
10095982,54052225,C:\Users\Zila\Downloads\BN5212\MIMIC-CXR\p10\p10\p10095982\s54052225.txt,matched,2,2,0
10095982,51837053,C:\Users\Zila\Downloads\BN5212\MIMIC-CXR\p10\p10\p10095982\s51837053.txt,matched,2,1,0
10095982,52132160,C:\Users\Zila\Downloads\BN5212\MIMIC-CXR\p10\p10\p10095982\s52132160.txt,matched,2,2,0
10095982,55545891,C:\Users\Zila\Downloads\BN5212\MIMIC-CXR\p10\p10\p10095982\s55545891.txt,matched,11,5,0
10095982,52867515,C:\Users\Zila\Downloads\BN5212\MIMIC-CXR\p10\p10\p10095982\s52867515.txt,matched,2,2,0
10096391,54848668,C:\Users\Zila\Downloads\BN5212\MIMIC-CXR\p10\p10\p10096391\s54848668.txt,matched,4,4,0
10096391,50175723,C:\Users\Zila\Downloads\BN5212\MIMIC-CXR\p10\p10\p10096391\s50175723.txt,matched,1,1,0
10096391,57076361,C:\Users\Zila\Downloads\BN5212\MIMIC-CXR\p10\p10\p10096391\s57076361.txt,matched,5,3,0
10097232,51834590,C:\Users\Zila\Downloads\BN5212\MIMIC-CXR\p10\p10\p10097232\s51834590.txt,matched,3,2,0
10097232,55995712,C:\Users\Zila\Downloads\BN5212\MIMIC-CXR\p10\p10\p10097232\s55995712.txt,matched,3,2,0
10097232,56313462,C:\Users\Zila\Downloads\BN5212\MIMIC-CXR\p10\p10\p10097232\s56313462.txt,no_matches,0,0,0
10097232,52168212,C:\Users\Zila\Downloads\BN5212\MIMIC-CXR\p10\p10\p10097232\s52168212.txt,matched,1,1,0
10097232,53361278,C:\Users\Zila\Downloads\BN5212\MIMIC-CXR\p10\p10\p10097232\s53361278.txt,matched,2,2,0
10097612,51968731,C:\Users\Zila\Downloads\BN5212\MIMIC-CXR\p10\p10\p10097612\s51968731.txt,matched,3,3,0
10097612,56461207,C:\Users\Zila\Downloads\BN5212\MIMIC-CXR\p10\p10\p10097612\s56461207.txt,matched,8,5,0
10097612,58270224,C:\Users\Zila\Downloads\BN5212\MIMIC-CXR\p10\p10\p10097612\s58270224.txt,matched,4,3,0
10097612,57886372,C:\Users\Zila\Downloads\BN5212\MIMIC-CXR\p10\p10\p10097612\s57886372.txt,matched,3,3,0
10097612,59679824,C:\Users\Zila\Downloads\BN5212\MIMIC-CXR\p10\p10\p10097612\s59679824.txt,matched,5,3,0
10097612,51532014,C:\Users\Zila\Downloads\BN5212\MIMIC-CXR\p10\p10\p10097612\s51532014.txt,matched,1,1,0
10097612,55662521,C:\Users\Zila\Downloads\BN5212\MIMIC-CXR\p10\p10\p10097612\s55662521.txt,matched,2,1,0
10097612,51664412,C:\Users\Zila\Downloads\BN5212\MIMIC-CXR\p10\p10\p10097612\s51664412.txt,matched,5,3,0
10098008,51057848,C:\Users\Zila\Downloads\BN5212\MIMIC-CXR\p10\p10\p10098008\s51057848.txt,matched,1,1,0
10098008,53086305,C:\Users\Zila\Downloads\BN5212\MIMIC-CXR\p10\p10\p10098008\s53086305.txt,matched,1,1,0
10098008,54312381,C:\Users\Zila\Downloads\BN5212\MIMIC-CXR\p10\p10\p10098008\s54312381.txt,matched,6,3,0
10098008,52637853,C:\Users\Zila\Downloads\BN5212\MIMIC-CXR\p10\p10\p10098008\s52637853.txt,matched,2,1,0
10098008,59169031,C:\Users\Zila\Downloads\BN5212\MIMIC-CXR\p10\p10\p10098008\s59169031.txt,matched,1,1,0
10098008,54267692,C:\Users\Zila\Downloads\BN5212\MIMIC-CXR\p10\p10\p10098008\s54267692.txt,matched,6,3,0
10098672,53584500,C:\Users\Zila\Downloads\BN5212\MIMIC-CXR\p10\p10\p10098672\s53584500.txt,matched,1,1,0
10098672,58774567,C:\Users\Zila\Downloads\BN5212\MIMIC-CXR\p10\p10\p10098672\s58774567.txt,matched,2,2,0
10098672,53441621,C:\Users\Zila\Downloads\BN5212\MIMIC-CXR\p10\p10\p10098672\s53441621.txt,matched,5,3,0
10098672,55309125,C:\Users\Zila\Downloads\BN5212\MIMIC-CXR\p10\p10\p10098672\s55309125.txt,unlabeled,0,0,0
10098672,51363651,C:\Users\Zila\Downloads\BN5212\MIMIC-CXR\p10\p10\p10098672\s51363651.txt,matched,1,1,0
10098993,52050071,C:\Users\Zila\Downloads\BN5212\MIMIC-CXR\p10\p10\p10098993\s52050071.txt,matched,1,1,0
10098993,55380457,C:\Users\Zila\Downloads\BN5212\MIMIC-CXR\p10\p10\p10098993\s55380457.txt,no_matches,0,0,0
10098993,59302191,C:\Users\Zila\Downloads\BN5212\MIMIC-CXR\p10\p10\p10098993\s59302191.txt,matched,1,1,0
10098993,57070654,C:\Users\Zila\Downloads\BN5212\MIMIC-CXR\p10\p10\p10098993\s57070654.txt,no_matches,0,0,0
10099480,59803841,C:\Users\Zila\Downloads\BN5212\MIMIC-CXR\p10\p10\p10099480\s59803841.txt,no_matches,0,0,0
10099480,54991223,C:\Users\Zila\Downloads\BN5212\MIMIC-CXR\p10\p10\p10099480\s54991223.txt,matched,1,1,0
10099480,58656590,C:\Users\Zila\Downloads\BN5212\MIMIC-CXR\p10\p10\p10099480\s58656590.txt,matched,4,2,0
10099480,52732932,C:\Users\Zila\Downloads\BN5212\MIMIC-CXR\p10\p10\p10099480\s52732932.txt,no_matches,0,0,0
10099480,53302538,C:\Users\Zila\Downloads\BN5212\MIMIC-CXR\p10\p10\p10099480\s53302538.txt,no_matches,0,0,0
10099480,51075500,C:\Users\Zila\Downloads\BN5212\MIMIC-CXR\p10\p10\p10099480\s51075500.txt,matched,2,2,0
10099497,51408615,C:\Users\Zila\Downloads\BN5212\MIMIC-CXR\p10\p10\p10099497\s51408615.txt,matched,5,3,0
10099497,55189170,C:\Users\Zila\Downloads\BN5212\MIMIC-CXR\p10\p10\p10099497\s55189170.txt,matched,1,1,0
10099652,54674924,C:\Users\Zila\Downloads\BN5212\MIMIC-CXR\p10\p10\p10099652\s54674924.txt,matched,1,1,0
10099652,51385293,C:\Users\Zila\Downloads\BN5212\MIMIC-CXR\p10\p10\p10099652\s51385293.txt,matched,2,2,0
10099869,53490649,C:\Users\Zila\Downloads\BN5212\MIMIC-CXR\p10\p10\p10099869\s53490649.txt,matched,3,2,0
10099869,51274618,C:\Users\Zila\Downloads\BN5212\MIMIC-CXR\p10\p10\p10099869\s51274618.txt,matched,1,1,0
10099869,52511189,C:\Users\Zila\Downloads\BN5212\MIMIC-CXR\p10\p10\p10099869\s52511189.txt,matched,1,1,0
10099869,59612696,C:\Users\Zila\Downloads\BN5212\MIMIC-CXR\p10\p10\p10099869\s59612696.txt,matched,1,1,0
10099869,54065620,C:\Users\Zila\Downloads\BN5212\MIMIC-CXR\p10\p10\p10099869\s54065620.txt,no_matches,0,0,0
10099869,58785569,C:\Users\Zila\Downloads\BN5212\MIMIC-CXR\p10\p10\p10099869\s58785569.txt,no_matches,0,0,0
10099869,57908246,C:\Users\Zila\Downloads\BN5212\MIMIC-CXR\p10\p10\p10099869\s57908246.txt,no_matches,0,0,0
10099869,55726602,C:\Users\Zila\Downloads\BN5212\MIMIC-CXR\p10\p10\p10099869\s55726602.txt,no_matches,0,0,0
10099869,53054935,C:\Users\Zila\Downloads\BN5212\MIMIC-CXR\p10\p10\p10099869\s53054935.txt,matched,1,1,0
10099869,57972791,C:\Users\Zila\Downloads\BN5212\MIMIC-CXR\p10\p10\p10099869\s57972791.txt,matched,1,1,0
10100035,56674998,C:\Users\Zila\Downloads\BN5212\MIMIC-CXR\p10\p10\p10100035\s56674998.txt,matched,1,1,0
10100035,51716298,C:\Users\Zila\Downloads\BN5212\MIMIC-CXR\p10\p10\p10100035\s51716298.txt,no_matches,0,0,0
10100035,53798084,C:\Users\Zila\Downloads\BN5212\MIMIC-CXR\p10\p10\p10100035\s53798084.txt,matched,2,1,0
10100035,51741443,C:\Users\Zila\Downloads\BN5212\MIMIC-CXR\p10\p10\p10100035\s51741443.txt,no_matches,0,0,0
10100177,58169230,C:\Users\Zila\Downloads\BN5212\MIMIC-CXR\p10\p10\p10100177\s58169230.txt,matched,1,1,0
10100177,59248519,C:\Users\Zila\Downloads\BN5212\MIMIC-CXR\p10\p10\p10100177\s59248519.txt,matched,4,3,0
10100810,52006320,C:\Users\Zila\Downloads\BN5212\MIMIC-CXR\p10\p10\p10100810\s52006320.txt,matched,2,2,0
10100810,52380442,C:\Users\Zila\Downloads\BN5212\MIMIC-CXR\p10\p10\p10100810\s52380442.txt,unlabeled,0,0,0
10100810,57823070,C:\Users\Zila\Downloads\BN5212\MIMIC-CXR\p10\p10\p10100810\s57823070.txt,matched,1,1,0
10101070,53062846,C:\Users\Zila\Downloads\BN5212\MIMIC-CXR\p10\p10\p10101070\s53062846.txt,no_matches,0,0,0
10101070,52571298,C:\Users\Zila\Downloads\BN5212\MIMIC-CXR\p10\p10\p10101070\s52571298.txt,matched,3,2,0
10101070,52909222,C:\Users\Zila\Downloads\BN5212\MIMIC-CXR\p10\p10\p10101070\s52909222.txt,matched,3,2,0
10101070,54500215,C:\Users\Zila\Downloads\BN5212\MIMIC-CXR\p10\p10\p10101070\s54500215.txt,no_matches,0,0,0
10101282,55599111,C:\Users\Zila\Downloads\BN5212\MIMIC-CXR\p10\p10\p10101282\s55599111.txt,matched,2,1,0
10101282,58226723,C:\Users\Zila\Downloads\BN5212\MIMIC-CXR\p10\p10\p10101282\s58226723.txt,matched,2,1,0
10101518,56571877,C:\Users\Zila\Downloads\BN5212\MIMIC-CXR\p10\p10\p10101518\s56571877.txt,matched,2,1,0
10101518,54066080,C:\Users\Zila\Downloads\BN5212\MIMIC-CXR\p10\p10\p10101518\s54066080.txt,matched,2,2,0
10101585,51388829,C:\Users\Zila\Downloads\BN5212\MIMIC-CXR\p10\p10\p10101585\s51388829.txt,no_matches,0,0,0
10101585,51437903,C:\Users\Zila\Downloads\BN5212\MIMIC-CXR\p10\p10\p10101585\s51437903.txt,matched,3,2,0
10101795,54396651,C:\Users\Zila\Downloads\BN5212\MIMIC-CXR\p10\p10\p10101795\s54396651.txt,unlabeled,0,0,0
10101795,50042820,C:\Users\Zila\Downloads\BN5212\MIMIC-CXR\p10\p10\p10101795\s50042820.txt,matched,1,1,0
10101795,54300643,C:\Users\Zila\Downloads\BN5212\MIMIC-CXR\p10\p10\p10101795\s54300643.txt,matched,1,1,0
10101795,55056375,C:\Users\Zila\Downloads\BN5212\MIMIC-CXR\p10\p10\p10101795\s55056375.txt,matched,1,1,0
10101795,58084153,C:\Users\Zila\Downloads\BN5212\MIMIC-CXR\p10\p10\p10101795\s58084153.txt,matched,3,2,0
10102822,52273425,C:\Users\Zila\Downloads\BN5212\MIMIC-CXR\p10\p10\p10102822\s52273425.txt,matched,1,1,0
10102822,55694343,C:\Users\Zila\Downloads\BN5212\MIMIC-CXR\p10\p10\p10102822\s55694343.txt,no_matches,0,0,0
10103318,59779345,C:\Users\Zila\Downloads\BN5212\MIMIC-CXR\p10\p10\p10103318\s59779345.txt,no_matches,0,0,0
10103318,58470002,C:\Users\Zila\Downloads\BN5212\MIMIC-CXR\p10\p10\p10103318\s58470002.txt,matched,1,1,0
10103318,51375310,C:\Users\Zila\Downloads\BN5212\MIMIC-CXR\p10\p10\p10103318\s51375310.txt,no_matches,0,0,0
10103318,58632954,C:\Users\Zila\Downloads\BN5212\MIMIC-CXR\p10\p10\p10103318\s58632954.txt,no_matches,0,0,0
10103318,57509788,C:\Users\Zila\Downloads\BN5212\MIMIC-CXR\p10\p10\p10103318\s57509788.txt,no_matches,0,0,0
10103318,50682969,C:\Users\Zila\Downloads\BN5212\MIMIC-CXR\p10\p10\p10103318\s50682969.txt,matched,1,1,0
10103318,50493941,C:\Users\Zila\Downloads\BN5212\MIMIC-CXR\p10\p10\p10103318\s50493941.txt,no_matches,0,0,0
10103318,55911198,C:\Users\Zila\Downloads\BN5212\MIMIC-CXR\p10\p10\p10103318\s55911198.txt,no_matches,0,0,0
10103318,57408307,C:\Users\Zila\Downloads\BN5212\MIMIC-CXR\p10\p10\p10103318\s57408307.txt,unlabeled,0,0,0
10103318,57540394,C:\Users\Zila\Downloads\BN5212\MIMIC-CXR\p10\p10\p10103318\s57540394.txt,no_matches,0,0,0
10103318,57523244,C:\Users\Zila\Downloads\BN5212\MIMIC-CXR\p10\p10\p10103318\s57523244.txt,matched,1,1,0
10103318,57300677,C:\Users\Zila\Downloads\BN5212\MIMIC-CXR\p10\p10\p10103318\s57300677.txt,matched,2,2,0
10103318,57848443,C:\Users\Zila\Downloads\BN5212\MIMIC-CXR\p10\p10\p10103318\s57848443.txt,no_matches,0,0,0
10103318,55372423,C:\Users\Zila\Downloads\BN5212\MIMIC-CXR\p10\p10\p10103318\s55372423.txt,no_matches,0,0,0
10103318,50873434,C:\Users\Zila\Downloads\BN5212\MIMIC-CXR\p10\p10\p10103318\s50873434.txt,no_matches,0,0,0
10103748,53898980,C:\Users\Zila\Downloads\BN5212\MIMIC-CXR\p10\p10\p10103748\s53898980.txt,matched,4,2,0
10103748,54870431,C:\Users\Zila\Downloads\BN5212\MIMIC-CXR\p10\p10\p10103748\s54870431.txt,matched,2,1,0
10103748,53858061,C:\Users\Zila\Downloads\BN5212\MIMIC-CXR\p10\p10\p10103748\s53858061.txt,matched,2,1,0
10103748,55934580,C:\Users\Zila\Downloads\BN5212\MIMIC-CXR\p10\p10\p10103748\s55934580.txt,matched,2,2,0
10103748,58377323,C:\Users\Zila\Downloads\BN5212\MIMIC-CXR\p10\p10\p10103748\s58377323.txt,unlabeled,0,0,0
10103748,50006246,C:\Users\Zila\Downloads\BN5212\MIMIC-CXR\p10\p10\p10103748\s50006246.txt,unlabeled,0,0,0
10103748,51692314,C:\Users\Zila\Downloads\BN5212\MIMIC-CXR\p10\p10\p10103748\s51692314.txt,unlabeled,0,0,0
10103748,53794432,C:\Users\Zila\Downloads\BN5212\MIMIC-CXR\p10\p10\p10103748\s53794432.txt,unlabeled,0,0,0
10103748,54144563,C:\Users\Zila\Downloads\BN5212\MIMIC-CXR\p10\p10\p10103748\s54144563.txt,matched,2,2,0
10103748,58750826,C:\Users\Zila\Downloads\BN5212\MIMIC-CXR\p10\p10\p10103748\s58750826.txt,matched,1,1,0
10103748,52069718,C:\Users\Zila\Downloads\BN5212\MIMIC-CXR\p10\p10\p10103748\s52069718.txt,matched,5,2,0
10103748,50900444,C:\Users\Zila\Downloads\BN5212\MIMIC-CXR\p10\p10\p10103748\s50900444.txt,no_matches,0,0,0
10103748,56182017,C:\Users\Zila\Downloads\BN5212\MIMIC-CXR\p10\p10\p10103748\s56182017.txt,matched,1,1,0
10103748,53441481,C:\Users\Zila\Downloads\BN5212\MIMIC-CXR\p10\p10\p10103748\s53441481.txt,unlabeled,0,0,0
10103748,50551427,C:\Users\Zila\Downloads\BN5212\MIMIC-CXR\p10\p10\p10103748\s50551427.txt,matched,4,4,0
10103748,59333384,C:\Users\Zila\Downloads\BN5212\MIMIC-CXR\p10\p10\p10103748\s59333384.txt,matched,7,4,0
10103748,54173103,C:\Users\Zila\Downloads\BN5212\MIMIC-CXR\p10\p10\p10103748\s54173103.txt,matched,4,4,2
10103748,55376331,C:\Users\Zila\Downloads\BN5212\MIMIC-CXR\p10\p10\p10103748\s55376331.txt,matched,2,2,0
10104308,52433992,C:\Users\Zila\Downloads\BN5212\MIMIC-CXR\p10\p10\p10104308\s52433992.txt,matched,2,2,0
10104308,51415625,C:\Users\Zila\Downloads\BN5212\MIMIC-CXR\p10\p10\p10104308\s51415625.txt,matched,4,4,0
10104308,52457866,C:\Users\Zila\Downloads\BN5212\MIMIC-CXR\p10\p10\p10104308\s52457866.txt,matched,4,4,0
10104335,56833379,C:\Users\Zila\Downloads\BN5212\MIMIC-CXR\p10\p10\p10104335\s56833379.txt,unlabeled,0,0,0
10104335,53416858,C:\Users\Zila\Downloads\BN5212\MIMIC-CXR\p10\p10\p10104335\s53416858.txt,matched,1,1,0
10104549,59280396,C:\Users\Zila\Downloads\BN5212\MIMIC-CXR\p10\p10\p10104549\s59280396.txt,matched,1,1,0
10104549,55079298,C:\Users\Zila\Downloads\BN5212\MIMIC-CXR\p10\p10\p10104549\s55079298.txt,matched,1,1,0
10104549,58782592,C:\Users\Zila\Downloads\BN5212\MIMIC-CXR\p10\p10\p10104549\s58782592.txt,matched,1,1,0
10104549,50954705,C:\Users\Zila\Downloads\BN5212\MIMIC-CXR\p10\p10\p10104549\s50954705.txt,matched,1,1,0
10104549,55625832,C:\Users\Zila\Downloads\BN5212\MIMIC-CXR\p10\p10\p10104549\s55625832.txt,no_matches,0,0,0
10104549,55859563,C:\Users\Zila\Downloads\BN5212\MIMIC-CXR\p10\p10\p10104549\s55859563.txt,unlabeled,0,0,0
10104549,59686004,C:\Users\Zila\Downloads\BN5212\MIMIC-CXR\p10\p10\p10104549\s59686004.txt,matched,1,1,0
10104549,59822754,C:\Users\Zila\Downloads\BN5212\MIMIC-CXR\p10\p10\p10104549\s59822754.txt,matched,1,1,0
10104549,50210486,C:\Users\Zila\Downloads\BN5212\MIMIC-CXR\p10\p10\p10104549\s50210486.txt,matched,2,1,0
10104730,55324041,C:\Users\Zila\Downloads\BN5212\MIMIC-CXR\p10\p10\p10104730\s55324041.txt,matched,2,2,0
10104730,55888496,C:\Users\Zila\Downloads\BN5212\MIMIC-CXR\p10\p10\p10104730\s55888496.txt,no_matches,0,0,0
10104730,53302024,C:\Users\Zila\Downloads\BN5212\MIMIC-CXR\p10\p10\p10104730\s53302024.txt,no_matches,0,0,0
10104730,58476342,C:\Users\Zila\Downloads\BN5212\MIMIC-CXR\p10\p10\p10104730\s58476342.txt,no_matches,0,0,0
10104730,56952765,C:\Users\Zila\Downloads\BN5212\MIMIC-CXR\p10\p10\p10104730\s56952765.txt,matched,4,3,0
10104730,54295356,C:\Users\Zila\Downloads\BN5212\MIMIC-CXR\p10\p10\p10104730\s54295356.txt,matched,3,3,0
10104730,58035785,C:\Users\Zila\Downloads\BN5212\MIMIC-CXR\p10\p10\p10104730\s58035785.txt,matched,2,2,0
10104730,58014007,C:\Users\Zila\Downloads\BN5212\MIMIC-CXR\p10\p10\p10104730\s58014007.txt,matched,8,3,0
10104732,56033097,C:\Users\Zila\Downloads\BN5212\MIMIC-CXR\p10\p10\p10104732\s56033097.txt,matched,1,1,0
10104732,58182448,C:\Users\Zila\Downloads\BN5212\MIMIC-CXR\p10\p10\p10104732\s58182448.txt,matched,3,3,0
10104732,55584988,C:\Users\Zila\Downloads\BN5212\MIMIC-CXR\p10\p10\p10104732\s55584988.txt,matched,1,1,0
10104732,56671882,C:\Users\Zila\Downloads\BN5212\MIMIC-CXR\p10\p10\p10104732\s56671882.txt,matched,3,3,0
10104732,59794138,C:\Users\Zila\Downloads\BN5212\MIMIC-CXR\p10\p10\p10104732\s59794138.txt,matched,3,3,0
10104732,52467156,C:\Users\Zila\Downloads\BN5212\MIMIC-CXR\p10\p10\p10104732\s52467156.txt,matched,2,2,0
10104732,54570821,C:\Users\Zila\Downloads\BN5212\MIMIC-CXR\p10\p10\p10104732\s54570821.txt,matched,2,2,0
10104732,50569022,C:\Users\Zila\Downloads\BN5212\MIMIC-CXR\p10\p10\p10104732\s50569022.txt,matched,2,2,0
10104732,53497865,C:\Users\Zila\Downloads\BN5212\MIMIC-CXR\p10\p10\p10104732\s53497865.txt,matched,1,1,0
10104732,58188503,C:\Users\Zila\Downloads\BN5212\MIMIC-CXR\p10\p10\p10104732\s58188503.txt,matched,1,1,0
10105456,58449297,C:\Users\Zila\Downloads\BN5212\MIMIC-CXR\p10\p10\p10105456\s58449297.txt,no_matches,0,0,0
10105456,56294380,C:\Users\Zila\Downloads\BN5212\MIMIC-CXR\p10\p10\p10105456\s56294380.txt,matched,1,1,0
10106244,59467766,C:\Users\Zila\Downloads\BN5212\MIMIC-CXR\p10\p10\p10106244\s59467766.txt,matched,3,3,0
10106244,51679331,C:\Users\Zila\Downloads\BN5212\MIMIC-CXR\p10\p10\p10106244\s51679331.txt,no_matches,0,0,0
10106244,55172864,C:\Users\Zila\Downloads\BN5212\MIMIC-CXR\p10\p10\p10106244\s55172864.txt,matched,2,2,0
10106244,51204126,C:\Users\Zila\Downloads\BN5212\MIMIC-CXR\p10\p10\p10106244\s51204126.txt,no_matches,0,0,0
10106244,50711748,C:\Users\Zila\Downloads\BN5212\MIMIC-CXR\p10\p10\p10106244\s50711748.txt,matched,1,1,0
10106890,54327368,C:\Users\Zila\Downloads\BN5212\MIMIC-CXR\p10\p10\p10106890\s54327368.txt,matched,1,1,0
10106890,55599935,C:\Users\Zila\Downloads\BN5212\MIMIC-CXR\p10\p10\p10106890\s55599935.txt,matched,3,2,0
10106890,55459939,C:\Users\Zila\Downloads\BN5212\MIMIC-CXR\p10\p10\p10106890\s55459939.txt,no_matches,0,0,0
10106890,50164080,C:\Users\Zila\Downloads\BN5212\MIMIC-CXR\p10\p10\p10106890\s50164080.txt,no_matches,0,0,0
10106890,57973874,C:\Users\Zila\Downloads\BN5212\MIMIC-CXR\p10\p10\p10106890\s57973874.txt,matched,1,1,0
10106890,52646170,C:\Users\Zila\Downloads\BN5212\MIMIC-CXR\p10\p10\p10106890\s52646170.txt,matched,2,2,0
10106890,56696480,C:\Users\Zila\Downloads\BN5212\MIMIC-CXR\p10\p10\p10106890\s56696480.txt,no_matches,0,0,0
10106890,59377188,C:\Users\Zila\Downloads\BN5212\MIMIC-CXR\p10\p10\p10106890\s59377188.txt,no_matches,0,0,0
10106890,57045721,C:\Users\Zila\Downloads\BN5212\MIMIC-CXR\p10\p10\p10106890\s57045721.txt,no_matches,0,0,0
10106890,58740092,C:\Users\Zila\Downloads\BN5212\MIMIC-CXR\p10\p10\p10106890\s58740092.txt,matched,2,1,0
10106899,55149307,C:\Users\Zila\Downloads\BN5212\MIMIC-CXR\p10\p10\p10106899\s55149307.txt,matched,4,2,0
10106899,57131579,C:\Users\Zila\Downloads\BN5212\MIMIC-CXR\p10\p10\p10106899\s57131579.txt,matched,14,4,0
10106899,52052329,C:\Users\Zila\Downloads\BN5212\MIMIC-CXR\p10\p10\p10106899\s52052329.txt,unlabeled,0,0,0
10107208,56736121,C:\Users\Zila\Downloads\BN5212\MIMIC-CXR\p10\p10\p10107208\s56736121.txt,no_matches,0,0,0
10107208,53309843,C:\Users\Zila\Downloads\BN5212\MIMIC-CXR\p10\p10\p10107208\s53309843.txt,no_matches,0,0,0
10107208,50744673,C:\Users\Zila\Downloads\BN5212\MIMIC-CXR\p10\p10\p10107208\s50744673.txt,matched,1,1,0
10107208,55083348,C:\Users\Zila\Downloads\BN5212\MIMIC-CXR\p10\p10\p10107208\s55083348.txt,matched,2,2,0
10108435,59903303,C:\Users\Zila\Downloads\BN5212\MIMIC-CXR\p10\p10\p10108435\s59903303.txt,no_matches,0,0,0
10108435,58170356,C:\Users\Zila\Downloads\BN5212\MIMIC-CXR\p10\p10\p10108435\s58170356.txt,no_matches,0,0,0
10108435,57918260,C:\Users\Zila\Downloads\BN5212\MIMIC-CXR\p10\p10\p10108435\s57918260.txt,matched,1,1,0
10108435,59276548,C:\Users\Zila\Downloads\BN5212\MIMIC-CXR\p10\p10\p10108435\s59276548.txt,no_matches,0,0,0
10108435,54405181,C:\Users\Zila\Downloads\BN5212\MIMIC-CXR\p10\p10\p10108435\s54405181.txt,matched,1,1,0
10108435,50530072,C:\Users\Zila\Downloads\BN5212\MIMIC-CXR\p10\p10\p10108435\s50530072.txt,matched,1,1,0
10108435,59620466,C:\Users\Zila\Downloads\BN5212\MIMIC-CXR\p10\p10\p10108435\s59620466.txt,matched,5,5,0
10108435,50125077,C:\Users\Zila\Downloads\BN5212\MIMIC-CXR\p10\p10\p10108435\s50125077.txt,matched,1,1,0
10108435,50384779,C:\Users\Zila\Downloads\BN5212\MIMIC-CXR\p10\p10\p10108435\s50384779.txt,matched,2,2,0
10108435,51949189,C:\Users\Zila\Downloads\BN5212\MIMIC-CXR\p10\p10\p10108435\s51949189.txt,matched,3,3,0
10108435,53034337,C:\Users\Zila\Downloads\BN5212\MIMIC-CXR\p10\p10\p10108435\s53034337.txt,matched,4,3,0
10108435,55963866,C:\Users\Zila\Downloads\BN5212\MIMIC-CXR\p10\p10\p10108435\s55963866.txt,matched,2,1,0
10108435,58000488,C:\Users\Zila\Downloads\BN5212\MIMIC-CXR\p10\p10\p10108435\s58000488.txt,matched,6,4,0
10108435,52958884,C:\Users\Zila\Downloads\BN5212\MIMIC-CXR\p10\p10\p10108435\s52958884.txt,matched,3,3,0
10108435,52578568,C:\Users\Zila\Downloads\BN5212\MIMIC-CXR\p10\p10\p10108435\s52578568.txt,matched,3,2,0
10108435,54207716,C:\Users\Zila\Downloads\BN5212\MIMIC-CXR\p10\p10\p10108435\s54207716.txt,matched,4,3,0
10108709,58400785,C:\Users\Zila\Downloads\BN5212\MIMIC-CXR\p10\p10\p10108709\s58400785.txt,no_matches,0,0,0
10108709,52698497,C:\Users\Zila\Downloads\BN5212\MIMIC-CXR\p10\p10\p10108709\s52698497.txt,no_matches,0,0,0
10108709,58756958,C:\Users\Zila\Downloads\BN5212\MIMIC-CXR\p10\p10\p10108709\s58756958.txt,no_matches,0,0,0
10108709,50669229,C:\Users\Zila\Downloads\BN5212\MIMIC-CXR\p10\p10\p10108709\s50669229.txt,matched,1,1,0
10108709,57571205,C:\Users\Zila\Downloads\BN5212\MIMIC-CXR\p10\p10\p10108709\s57571205.txt,matched,1,1,0
10108709,54958570,C:\Users\Zila\Downloads\BN5212\MIMIC-CXR\p10\p10\p10108709\s54958570.txt,matched,1,1,0
10108709,51661659,C:\Users\Zila\Downloads\BN5212\MIMIC-CXR\p10\p10\p10108709\s51661659.txt,no_matches,0,0,0
10108709,59448359,C:\Users\Zila\Downloads\BN5212\MIMIC-CXR\p10\p10\p10108709\s59448359.txt,matched,1,1,0
10108709,51687028,C:\Users\Zila\Downloads\BN5212\MIMIC-CXR\p10\p10\p10108709\s51687028.txt,no_matches,0,0,0
10108709,50173624,C:\Users\Zila\Downloads\BN5212\MIMIC-CXR\p10\p10\p10108709\s50173624.txt,no_matches,0,0,0
10108709,53887690,C:\Users\Zila\Downloads\BN5212\MIMIC-CXR\p10\p10\p10108709\s53887690.txt,no_matches,0,0,0
10108709,55421946,C:\Users\Zila\Downloads\BN5212\MIMIC-CXR\p10\p10\p10108709\s55421946.txt,matched,1,1,0
10108709,56954745,C:\Users\Zila\Downloads\BN5212\MIMIC-CXR\p10\p10\p10108709\s56954745.txt,matched,1,1,0
10108709,55895688,C:\Users\Zila\Downloads\BN5212\MIMIC-CXR\p10\p10\p10108709\s55895688.txt,no_matches,0,0,0
10108868,50328592,C:\Users\Zila\Downloads\BN5212\MIMIC-CXR\p10\p10\p10108868\s50328592.txt,matched,1,1,0
10108868,57567183,C:\Users\Zila\Downloads\BN5212\MIMIC-CXR\p10\p10\p10108868\s57567183.txt,matched,3,3,0
10108868,55641224,C:\Users\Zila\Downloads\BN5212\MIMIC-CXR\p10\p10\p10108868\s55641224.txt,no_matches,0,0,0
10108868,52343363,C:\Users\Zila\Downloads\BN5212\MIMIC-CXR\p10\p10\p10108868\s52343363.txt,no_matches,0,0,0
10108868,55190681,C:\Users\Zila\Downloads\BN5212\MIMIC-CXR\p10\p10\p10108868\s55190681.txt,matched,1,1,0
10109085,58457739,C:\Users\Zila\Downloads\BN5212\MIMIC-CXR\p10\p10\p10109085\s58457739.txt,unlabeled,0,0,0
10109085,54755731,C:\Users\Zila\Downloads\BN5212\MIMIC-CXR\p10\p10\p10109085\s54755731.txt,unlabeled,0,0,0
10109085,55579671,C:\Users\Zila\Downloads\BN5212\MIMIC-CXR\p10\p10\p10109085\s55579671.txt,unlabeled,0,0,0
10109085,58950825,C:\Users\Zila\Downloads\BN5212\MIMIC-CXR\p10\p10\p10109085\s58950825.txt,matched,4,2,0
10109085,50117978,C:\Users\Zila\Downloads\BN5212\MIMIC-CXR\p10\p10\p10109085\s50117978.txt,no_matches,0,0,0
10109085,57478140,C:\Users\Zila\Downloads\BN5212\MIMIC-CXR\p10\p10\p10109085\s57478140.txt,matched,3,3,0
10109085,56066657,C:\Users\Zila\Downloads\BN5212\MIMIC-CXR\p10\p10\p10109085\s56066657.txt,matched,1,1,0
10109085,52033547,C:\Users\Zila\Downloads\BN5212\MIMIC-CXR\p10\p10\p10109085\s52033547.txt,matched,1,1,0
10109085,50243662,C:\Users\Zila\Downloads\BN5212\MIMIC-CXR\p10\p10\p10109085\s50243662.txt,matched,2,2,0
10109085,59425412,C:\Users\Zila\Downloads\BN5212\MIMIC-CXR\p10\p10\p10109085\s59425412.txt,unlabeled,0,0,0
10109085,52915858,C:\Users\Zila\Downloads\BN5212\MIMIC-CXR\p10\p10\p10109085\s52915858.txt,matched,4,2,0
10109085,58112161,C:\Users\Zila\Downloads\BN5212\MIMIC-CXR\p10\p10\p10109085\s58112161.txt,no_matches,0,0,0
10109085,53240301,C:\Users\Zila\Downloads\BN5212\MIMIC-CXR\p10\p10\p10109085\s53240301.txt,matched,2,2,0
10109555,57195302,C:\Users\Zila\Downloads\BN5212\MIMIC-CXR\p10\p10\p10109555\s57195302.txt,matched,3,3,0
10109555,56124439,C:\Users\Zila\Downloads\BN5212\MIMIC-CXR\p10\p10\p10109555\s56124439.txt,no_matches,0,0,0
10109555,56241563,C:\Users\Zila\Downloads\BN5212\MIMIC-CXR\p10\p10\p10109555\s56241563.txt,matched,2,2,0
10109555,58237423,C:\Users\Zila\Downloads\BN5212\MIMIC-CXR\p10\p10\p10109555\s58237423.txt,matched,1,1,0
10109555,57242093,C:\Users\Zila\Downloads\BN5212\MIMIC-CXR\p10\p10\p10109555\s57242093.txt,matched,2,1,0
10109668,59929104,C:\Users\Zila\Downloads\BN5212\MIMIC-CXR\p10\p10\p10109668\s59929104.txt,matched,2,2,0
10109668,50804764,C:\Users\Zila\Downloads\BN5212\MIMIC-CXR\p10\p10\p10109668\s50804764.txt,matched,2,2,0
10109668,56315818,C:\Users\Zila\Downloads\BN5212\MIMIC-CXR\p10\p10\p10109668\s56315818.txt,matched,2,2,0
10109668,51171589,C:\Users\Zila\Downloads\BN5212\MIMIC-CXR\p10\p10\p10109668\s51171589.txt,matched,1,1,0
10109899,55505975,C:\Users\Zila\Downloads\BN5212\MIMIC-CXR\p10\p10\p10109899\s55505975.txt,matched,5,5,0
10109899,50341312,C:\Users\Zila\Downloads\BN5212\MIMIC-CXR\p10\p10\p10109899\s50341312.txt,matched,1,1,0
10109899,54655298,C:\Users\Zila\Downloads\BN5212\MIMIC-CXR\p10\p10\p10109899\s54655298.txt,matched,3,2,0
10109899,55994339,C:\Users\Zila\Downloads\BN5212\MIMIC-CXR\p10\p10\p10109899\s55994339.txt,no_matches,0,0,0
10109899,57600436,C:\Users\Zila\Downloads\BN5212\MIMIC-CXR\p10\p10\p10109899\s57600436.txt,no_matches,0,0,0
10109899,55734091,C:\Users\Zila\Downloads\BN5212\MIMIC-CXR\p10\p10\p10109899\s55734091.txt,matched,2,2,0
10109899,51270735,C:\Users\Zila\Downloads\BN5212\MIMIC-CXR\p10\p10\p10109899\s51270735.txt,matched,2,2,0
10109899,56650301,C:\Users\Zila\Downloads\BN5212\MIMIC-CXR\p10\p10\p10109899\s56650301.txt,matched,2,1,0
10110584,52265451,C:\Users\Zila\Downloads\BN5212\MIMIC-CXR\p10\p10\p10110584\s52265451.txt,matched,3,3,0
10110584,53930997,C:\Users\Zila\Downloads\BN5212\MIMIC-CXR\p10\p10\p10110584\s53930997.txt,matched,2,2,0
10110764,58771416,C:\Users\Zila\Downloads\BN5212\MIMIC-CXR\p10\p10\p10110764\s58771416.txt,matched,3,3,0
10110764,54536496,C:\Users\Zila\Downloads\BN5212\MIMIC-CXR\p10\p10\p10110764\s54536496.txt,matched,2,2,0
10110764,59844938,C:\Users\Zila\Downloads\BN5212\MIMIC-CXR\p10\p10\p10110764\s59844938.txt,matched,3,3,0
10110764,50947907,C:\Users\Zila\Downloads\BN5212\MIMIC-CXR\p10\p10\p10110764\s50947907.txt,matched,2,2,0
10110764,54169998,C:\Users\Zila\Downloads\BN5212\MIMIC-CXR\p10\p10\p10110764\s54169998.txt,no_matches,0,0,0
10110764,57733259,C:\Users\Zila\Downloads\BN5212\MIMIC-CXR\p10\p10\p10110764\s57733259.txt,matched,1,1,0
10110764,52561350,C:\Users\Zila\Downloads\BN5212\MIMIC-CXR\p10\p10\p10110764\s52561350.txt,no_matches,0,0,0
10110764,58540759,C:\Users\Zila\Downloads\BN5212\MIMIC-CXR\p10\p10\p10110764\s58540759.txt,matched,3,2,0
10110764,55080133,C:\Users\Zila\Downloads\BN5212\MIMIC-CXR\p10\p10\p10110764\s55080133.txt,matched,2,2,0
10110764,54503939,C:\Users\Zila\Downloads\BN5212\MIMIC-CXR\p10\p10\p10110764\s54503939.txt,unlabeled,0,0,0
10110764,58865809,C:\Users\Zila\Downloads\BN5212\MIMIC-CXR\p10\p10\p10110764\s58865809.txt,no_matches,0,0,0
10110764,52848177,C:\Users\Zila\Downloads\BN5212\MIMIC-CXR\p10\p10\p10110764\s52848177.txt,unlabeled,0,0,0
10110764,56660690,C:\Users\Zila\Downloads\BN5212\MIMIC-CXR\p10\p10\p10110764\s56660690.txt,unlabeled,0,0,0
10110764,53553063,C:\Users\Zila\Downloads\BN5212\MIMIC-CXR\p10\p10\p10110764\s53553063.txt,unlabeled,0,0,0
10110764,54021517,C:\Users\Zila\Downloads\BN5212\MIMIC-CXR\p10\p10\p10110764\s54021517.txt,matched,2,2,0
10110764,53993306,C:\Users\Zila\Downloads\BN5212\MIMIC-CXR\p10\p10\p10110764\s53993306.txt,unlabeled,0,0,0
10110764,51766025,C:\Users\Zila\Downloads\BN5212\MIMIC-CXR\p10\p10\p10110764\s51766025.txt,matched,3,3,0
10110843,52187616,C:\Users\Zila\Downloads\BN5212\MIMIC-CXR\p10\p10\p10110843\s52187616.txt,matched,4,4,0
10110843,52009209,C:\Users\Zila\Downloads\BN5212\MIMIC-CXR\p10\p10\p10110843\s52009209.txt,matched,2,2,0
10111075,55017692,C:\Users\Zila\Downloads\BN5212\MIMIC-CXR\p10\p10\p10111075\s55017692.txt,matched,4,4,0
10111075,52104248,C:\Users\Zila\Downloads\BN5212\MIMIC-CXR\p10\p10\p10111075\s52104248.txt,matched,5,5,0
10111112,57560649,C:\Users\Zila\Downloads\BN5212\MIMIC-CXR\p10\p10\p10111112\s57560649.txt,unlabeled,0,0,0
10111112,51507614,C:\Users\Zila\Downloads\BN5212\MIMIC-CXR\p10\p10\p10111112\s51507614.txt,matched,1,1,0
10111112,50159440,C:\Users\Zila\Downloads\BN5212\MIMIC-CXR\p10\p10\p10111112\s50159440.txt,matched,3,2,0
10111112,54063740,C:\Users\Zila\Downloads\BN5212\MIMIC-CXR\p10\p10\p10111112\s54063740.txt,matched,1,1,0
10111112,56562738,C:\Users\Zila\Downloads\BN5212\MIMIC-CXR\p10\p10\p10111112\s56562738.txt,matched,7,4,0
10111112,50996857,C:\Users\Zila\Downloads\BN5212\MIMIC-CXR\p10\p10\p10111112\s50996857.txt,matched,2,2,0
10111112,54407292,C:\Users\Zila\Downloads\BN5212\MIMIC-CXR\p10\p10\p10111112\s54407292.txt,no_matches,0,0,0
10111112,55937636,C:\Users\Zila\Downloads\BN5212\MIMIC-CXR\p10\p10\p10111112\s55937636.txt,matched,1,1,0
10111112,52087933,C:\Users\Zila\Downloads\BN5212\MIMIC-CXR\p10\p10\p10111112\s52087933.txt,matched,2,2,0
10111112,50912762,C:\Users\Zila\Downloads\BN5212\MIMIC-CXR\p10\p10\p10111112\s50912762.txt,matched,2,2,0
10111112,55925982,C:\Users\Zila\Downloads\BN5212\MIMIC-CXR\p10\p10\p10111112\s55925982.txt,matched,5,4,0
10111112,54939261,C:\Users\Zila\Downloads\BN5212\MIMIC-CXR\p10\p10\p10111112\s54939261.txt,matched,4,4,0
10111112,52799327,C:\Users\Zila\Downloads\BN5212\MIMIC-CXR\p10\p10\p10111112\s52799327.txt,matched,1,1,0
10111112,56432484,C:\Users\Zila\Downloads\BN5212\MIMIC-CXR\p10\p10\p10111112\s56432484.txt,matched,1,1,0
10111112,58755401,C:\Users\Zila\Downloads\BN5212\MIMIC-CXR\p10\p10\p10111112\s58755401.txt,matched,4,3,0
10111112,56258097,C:\Users\Zila\Downloads\BN5212\MIMIC-CXR\p10\p10\p10111112\s56258097.txt,matched,2,2,0
10111112,52725429,C:\Users\Zila\Downloads\BN5212\MIMIC-CXR\p10\p10\p10111112\s52725429.txt,matched,3,2,1
10111112,54644103,C:\Users\Zila\Downloads\BN5212\MIMIC-CXR\p10\p10\p10111112\s54644103.txt,matched,5,3,0
10111112,58860868,C:\Users\Zila\Downloads\BN5212\MIMIC-CXR\p10\p10\p10111112\s58860868.txt,matched,2,1,0
10111112,56361327,C:\Users\Zila\Downloads\BN5212\MIMIC-CXR\p10\p10\p10111112\s56361327.txt,matched,2,2,0
10111112,56666966,C:\Users\Zila\Downloads\BN5212\MIMIC-CXR\p10\p10\p10111112\s56666966.txt,matched,2,1,0
10111112,55924913,C:\Users\Zila\Downloads\BN5212\MIMIC-CXR\p10\p10\p10111112\s55924913.txt,matched,4,2,0
10111112,56996888,C:\Users\Zila\Downloads\BN5212\MIMIC-CXR\p10\p10\p10111112\s56996888.txt,matched,2,1,0
10111614,57147208,C:\Users\Zila\Downloads\BN5212\MIMIC-CXR\p10\p10\p10111614\s57147208.txt,matched,3,3,0
10111614,58560464,C:\Users\Zila\Downloads\BN5212\MIMIC-CXR\p10\p10\p10111614\s58560464.txt,matched,4,2,0
10111614,57593257,C:\Users\Zila\Downloads\BN5212\MIMIC-CXR\p10\p10\p10111614\s57593257.txt,matched,1,1,0
10111614,58104827,C:\Users\Zila\Downloads\BN5212\MIMIC-CXR\p10\p10\p10111614\s58104827.txt,matched,1,1,0
10111614,51146102,C:\Users\Zila\Downloads\BN5212\MIMIC-CXR\p10\p10\p10111614\s51146102.txt,matched,1,1,0
10111614,53195778,C:\Users\Zila\Downloads\BN5212\MIMIC-CXR\p10\p10\p10111614\s53195778.txt,matched,3,3,0
10111614,55729805,C:\Users\Zila\Downloads\BN5212\MIMIC-CXR\p10\p10\p10111614\s55729805.txt,matched,5,5,0
10111614,52685454,C:\Users\Zila\Downloads\BN5212\MIMIC-CXR\p10\p10\p10111614\s52685454.txt,matched,2,2,0
10112548,50299682,C:\Users\Zila\Downloads\BN5212\MIMIC-CXR\p10\p10\p10112548\s50299682.txt,matched,4,2,0
10112548,55172783,C:\Users\Zila\Downloads\BN5212\MIMIC-CXR\p10\p10\p10112548\s55172783.txt,matched,1,1,0
10113381,52726979,C:\Users\Zila\Downloads\BN5212\MIMIC-CXR\p10\p10\p10113381\s52726979.txt,matched,1,1,0
10113381,53228052,C:\Users\Zila\Downloads\BN5212\MIMIC-CXR\p10\p10\p10113381\s53228052.txt,matched,3,3,0
10113512,53403533,C:\Users\Zila\Downloads\BN5212\MIMIC-CXR\p10\p10\p10113512\s53403533.txt,matched,4,4,0
10113512,58878874,C:\Users\Zila\Downloads\BN5212\MIMIC-CXR\p10\p10\p10113512\s58878874.txt,matched,4,4,0
10113628,54310216,C:\Users\Zila\Downloads\BN5212\MIMIC-CXR\p10\p10\p10113628\s54310216.txt,matched,1,1,0
10113628,56076442,C:\Users\Zila\Downloads\BN5212\MIMIC-CXR\p10\p10\p10113628\s56076442.txt,matched,1,1,0
10113628,57049235,C:\Users\Zila\Downloads\BN5212\MIMIC-CXR\p10\p10\p10113628\s57049235.txt,matched,2,2,0
10113857,52944141,C:\Users\Zila\Downloads\BN5212\MIMIC-CXR\p10\p10\p10113857\s52944141.txt,matched,1,1,0
10113857,58928714,C:\Users\Zila\Downloads\BN5212\MIMIC-CXR\p10\p10\p10113857\s58928714.txt,unlabeled,0,0,0
10113898,52735111,C:\Users\Zila\Downloads\BN5212\MIMIC-CXR\p10\p10\p10113898\s52735111.txt,no_matches,0,0,0
10113898,55612534,C:\Users\Zila\Downloads\BN5212\MIMIC-CXR\p10\p10\p10113898\s55612534.txt,matched,1,1,0
10113898,57754628,C:\Users\Zila\Downloads\BN5212\MIMIC-CXR\p10\p10\p10113898\s57754628.txt,matched,4,3,0
10113898,57086922,C:\Users\Zila\Downloads\BN5212\MIMIC-CXR\p10\p10\p10113898\s57086922.txt,no_matches,0,0,0
10113898,50618735,C:\Users\Zila\Downloads\BN5212\MIMIC-CXR\p10\p10\p10113898\s50618735.txt,no_matches,0,0,0
10113898,54907208,C:\Users\Zila\Downloads\BN5212\MIMIC-CXR\p10\p10\p10113898\s54907208.txt,unlabeled,0,0,0
10113898,51971052,C:\Users\Zila\Downloads\BN5212\MIMIC-CXR\p10\p10\p10113898\s51971052.txt,matched,4,3,0
10113898,54216437,C:\Users\Zila\Downloads\BN5212\MIMIC-CXR\p10\p10\p10113898\s54216437.txt,matched,2,1,0
10113898,50966601,C:\Users\Zila\Downloads\BN5212\MIMIC-CXR\p10\p10\p10113898\s50966601.txt,matched,2,1,0
10113898,56310595,C:\Users\Zila\Downloads\BN5212\MIMIC-CXR\p10\p10\p10113898\s56310595.txt,matched,1,1,0
10114059,58515392,C:\Users\Zila\Downloads\BN5212\MIMIC-CXR\p10\p10\p10114059\s58515392.txt,matched,1,1,0
10114059,57895810,C:\Users\Zila\Downloads\BN5212\MIMIC-CXR\p10\p10\p10114059\s57895810.txt,matched,1,1,0
10114834,56110787,C:\Users\Zila\Downloads\BN5212\MIMIC-CXR\p10\p10\p10114834\s56110787.txt,no_matches,0,0,0
10114834,58289252,C:\Users\Zila\Downloads\BN5212\MIMIC-CXR\p10\p10\p10114834\s58289252.txt,no_matches,0,0,0
10115182,51192292,C:\Users\Zila\Downloads\BN5212\MIMIC-CXR\p10\p10\p10115182\s51192292.txt,no_matches,0,0,0
10115182,53548679,C:\Users\Zila\Downloads\BN5212\MIMIC-CXR\p10\p10\p10115182\s53548679.txt,matched,2,2,0
10115182,56721565,C:\Users\Zila\Downloads\BN5212\MIMIC-CXR\p10\p10\p10115182\s56721565.txt,matched,2,2,0
10115182,52845561,C:\Users\Zila\Downloads\BN5212\MIMIC-CXR\p10\p10\p10115182\s52845561.txt,matched,1,1,0
10115182,51406842,C:\Users\Zila\Downloads\BN5212\MIMIC-CXR\p10\p10\p10115182\s51406842.txt,matched,7,5,0
10115182,56048936,C:\Users\Zila\Downloads\BN5212\MIMIC-CXR\p10\p10\p10115182\s56048936.txt,matched,5,3,0
10115397,58152455,C:\Users\Zila\Downloads\BN5212\MIMIC-CXR\p10\p10\p10115397\s58152455.txt,matched,1,1,0
10115397,56941027,C:\Users\Zila\Downloads\BN5212\MIMIC-CXR\p10\p10\p10115397\s56941027.txt,no_matches,0,0,0
10115397,55540674,C:\Users\Zila\Downloads\BN5212\MIMIC-CXR\p10\p10\p10115397\s55540674.txt,unlabeled,0,0,0
10115397,50908679,C:\Users\Zila\Downloads\BN5212\MIMIC-CXR\p10\p10\p10115397\s50908679.txt,unlabeled,0,0,0
10115397,53815383,C:\Users\Zila\Downloads\BN5212\MIMIC-CXR\p10\p10\p10115397\s53815383.txt,no_matches,0,0,0
10115397,57036762,C:\Users\Zila\Downloads\BN5212\MIMIC-CXR\p10\p10\p10115397\s57036762.txt,no_matches,0,0,0
10115397,52993418,C:\Users\Zila\Downloads\BN5212\MIMIC-CXR\p10\p10\p10115397\s52993418.txt,matched,1,1,0
10115397,57295622,C:\Users\Zila\Downloads\BN5212\MIMIC-CXR\p10\p10\p10115397\s57295622.txt,no_matches,0,0,0
10115397,50651554,C:\Users\Zila\Downloads\BN5212\MIMIC-CXR\p10\p10\p10115397\s50651554.txt,no_matches,0,0,0
10115397,52621553,C:\Users\Zila\Downloads\BN5212\MIMIC-CXR\p10\p10\p10115397\s52621553.txt,matched,7,4,0
10115397,58822948,C:\Users\Zila\Downloads\BN5212\MIMIC-CXR\p10\p10\p10115397\s58822948.txt,matched,2,2,0
10115397,56715242,C:\Users\Zila\Downloads\BN5212\MIMIC-CXR\p10\p10\p10115397\s56715242.txt,no_matches,0,0,0
10115397,51293286,C:\Users\Zila\Downloads\BN5212\MIMIC-CXR\p10\p10\p10115397\s51293286.txt,unlabeled,0,0,0
10115397,57412832,C:\Users\Zila\Downloads\BN5212\MIMIC-CXR\p10\p10\p10115397\s57412832.txt,unlabeled,0,0,0
10115397,57848506,C:\Users\Zila\Downloads\BN5212\MIMIC-CXR\p10\p10\p10115397\s57848506.txt,matched,4,2,0
10115397,59841442,C:\Users\Zila\Downloads\BN5212\MIMIC-CXR\p10\p10\p10115397\s59841442.txt,matched,3,3,0
10115397,58242434,C:\Users\Zila\Downloads\BN5212\MIMIC-CXR\p10\p10\p10115397\s58242434.txt,matched,4,4,0
10115397,57494988,C:\Users\Zila\Downloads\BN5212\MIMIC-CXR\p10\p10\p10115397\s57494988.txt,unlabeled,0,0,0
10115397,51081971,C:\Users\Zila\Downloads\BN5212\MIMIC-CXR\p10\p10\p10115397\s51081971.txt,unlabeled,0,0,0
10115397,51465187,C:\Users\Zila\Downloads\BN5212\MIMIC-CXR\p10\p10\p10115397\s51465187.txt,matched,5,3,0
10115586,50507056,C:\Users\Zila\Downloads\BN5212\MIMIC-CXR\p10\p10\p10115586\s50507056.txt,matched,1,1,0
10115586,54449813,C:\Users\Zila\Downloads\BN5212\MIMIC-CXR\p10\p10\p10115586\s54449813.txt,matched,3,3,0
10115962,55628592,C:\Users\Zila\Downloads\BN5212\MIMIC-CXR\p10\p10\p10115962\s55628592.txt,no_matches,0,0,0
10115962,57465816,C:\Users\Zila\Downloads\BN5212\MIMIC-CXR\p10\p10\p10115962\s57465816.txt,matched,2,2,0
10115962,58614344,C:\Users\Zila\Downloads\BN5212\MIMIC-CXR\p10\p10\p10115962\s58614344.txt,matched,1,1,0
10116085,55063396,C:\Users\Zila\Downloads\BN5212\MIMIC-CXR\p10\p10\p10116085\s55063396.txt,matched,2,1,0
10116085,59601323,C:\Users\Zila\Downloads\BN5212\MIMIC-CXR\p10\p10\p10116085\s59601323.txt,matched,2,2,0
10116166,53962999,C:\Users\Zila\Downloads\BN5212\MIMIC-CXR\p10\p10\p10116166\s53962999.txt,matched,1,1,0
10116166,56174993,C:\Users\Zila\Downloads\BN5212\MIMIC-CXR\p10\p10\p10116166\s56174993.txt,matched,1,1,0
10116258,55376100,C:\Users\Zila\Downloads\BN5212\MIMIC-CXR\p10\p10\p10116258\s55376100.txt,matched,3,3,0
10116258,53255889,C:\Users\Zila\Downloads\BN5212\MIMIC-CXR\p10\p10\p10116258\s53255889.txt,matched,1,1,0
10116289,51908516,C:\Users\Zila\Downloads\BN5212\MIMIC-CXR\p10\p10\p10116289\s51908516.txt,matched,2,2,0
10116289,50405292,C:\Users\Zila\Downloads\BN5212\MIMIC-CXR\p10\p10\p10116289\s50405292.txt,matched,3,3,0
10116310,50782200,C:\Users\Zila\Downloads\BN5212\MIMIC-CXR\p10\p10\p10116310\s50782200.txt,matched,3,3,0
10116310,56996062,C:\Users\Zila\Downloads\BN5212\MIMIC-CXR\p10\p10\p10116310\s56996062.txt,matched,3,3,0
10116310,56160694,C:\Users\Zila\Downloads\BN5212\MIMIC-CXR\p10\p10\p10116310\s56160694.txt,matched,3,3,0
10116621,50558411,C:\Users\Zila\Downloads\BN5212\MIMIC-CXR\p10\p10\p10116621\s50558411.txt,no_matches,0,0,0
10116621,53073769,C:\Users\Zila\Downloads\BN5212\MIMIC-CXR\p10\p10\p10116621\s53073769.txt,no_matches,0,0,0
10116621,55009631,C:\Users\Zila\Downloads\BN5212\MIMIC-CXR\p10\p10\p10116621\s55009631.txt,matched,3,3,0
10116621,57742592,C:\Users\Zila\Downloads\BN5212\MIMIC-CXR\p10\p10\p10116621\s57742592.txt,matched,1,1,0
10117130,53554072,C:\Users\Zila\Downloads\BN5212\MIMIC-CXR\p10\p10\p10117130\s53554072.txt,no_matches,0,0,0
10117130,59171217,C:\Users\Zila\Downloads\BN5212\MIMIC-CXR\p10\p10\p10117130\s59171217.txt,no_matches,0,0,0
10117130,52058606,C:\Users\Zila\Downloads\BN5212\MIMIC-CXR\p10\p10\p10117130\s52058606.txt,matched,2,2,0
10117130,53912042,C:\Users\Zila\Downloads\BN5212\MIMIC-CXR\p10\p10\p10117130\s53912042.txt,matched,3,3,0
10117273,53976240,C:\Users\Zila\Downloads\BN5212\MIMIC-CXR\p10\p10\p10117273\s53976240.txt,no_matches,0,0,0
10117273,51388005,C:\Users\Zila\Downloads\BN5212\MIMIC-CXR\p10\p10\p10117273\s51388005.txt,matched,2,2,0
10117273,58453362,C:\Users\Zila\Downloads\BN5212\MIMIC-CXR\p10\p10\p10117273\s58453362.txt,matched,2,1,0
10117273,56540304,C:\Users\Zila\Downloads\BN5212\MIMIC-CXR\p10\p10\p10117273\s56540304.txt,no_matches,0,0,0
10117273,51763901,C:\Users\Zila\Downloads\BN5212\MIMIC-CXR\p10\p10\p10117273\s51763901.txt,matched,4,3,0
10117273,53559076,C:\Users\Zila\Downloads\BN5212\MIMIC-CXR\p10\p10\p10117273\s53559076.txt,matched,3,3,0
10117273,54623447,C:\Users\Zila\Downloads\BN5212\MIMIC-CXR\p10\p10\p10117273\s54623447.txt,matched,1,1,0
10117273,57525853,C:\Users\Zila\Downloads\BN5212\MIMIC-CXR\p10\p10\p10117273\s57525853.txt,matched,1,1,0
10117741,56176950,C:\Users\Zila\Downloads\BN5212\MIMIC-CXR\p10\p10\p10117741\s56176950.txt,matched,1,1,0
10117741,52284995,C:\Users\Zila\Downloads\BN5212\MIMIC-CXR\p10\p10\p10117741\s52284995.txt,no_matches,0,0,0
10118141,55464001,C:\Users\Zila\Downloads\BN5212\MIMIC-CXR\p10\p10\p10118141\s55464001.txt,matched,3,3,0
10118141,59450151,C:\Users\Zila\Downloads\BN5212\MIMIC-CXR\p10\p10\p10118141\s59450151.txt,no_matches,0,0,0
10119001,58576565,C:\Users\Zila\Downloads\BN5212\MIMIC-CXR\p10\p10\p10119001\s58576565.txt,matched,1,1,0
10119001,51581185,C:\Users\Zila\Downloads\BN5212\MIMIC-CXR\p10\p10\p10119001\s51581185.txt,matched,1,1,0
10119001,50844254,C:\Users\Zila\Downloads\BN5212\MIMIC-CXR\p10\p10\p10119001\s50844254.txt,no_matches,0,0,0
10119391,51318265,C:\Users\Zila\Downloads\BN5212\MIMIC-CXR\p10\p10\p10119391\s51318265.txt,matched,3,2,0
10119391,57613229,C:\Users\Zila\Downloads\BN5212\MIMIC-CXR\p10\p10\p10119391\s57613229.txt,matched,2,2,0
10119514,58261220,C:\Users\Zila\Downloads\BN5212\MIMIC-CXR\p10\p10\p10119514\s58261220.txt,matched,3,2,0
10119514,55199923,C:\Users\Zila\Downloads\BN5212\MIMIC-CXR\p10\p10\p10119514\s55199923.txt,no_matches,0,0,0
10119514,50808310,C:\Users\Zila\Downloads\BN5212\MIMIC-CXR\p10\p10\p10119514\s50808310.txt,matched,3,3,0
10119514,56376784,C:\Users\Zila\Downloads\BN5212\MIMIC-CXR\p10\p10\p10119514\s56376784.txt,matched,4,4,0
10119514,50831310,C:\Users\Zila\Downloads\BN5212\MIMIC-CXR\p10\p10\p10119514\s50831310.txt,matched,2,2,0
10119514,50947370,C:\Users\Zila\Downloads\BN5212\MIMIC-CXR\p10\p10\p10119514\s50947370.txt,matched,2,2,0
10119514,51178567,C:\Users\Zila\Downloads\BN5212\MIMIC-CXR\p10\p10\p10119514\s51178567.txt,matched,2,2,0
10119514,58393726,C:\Users\Zila\Downloads\BN5212\MIMIC-CXR\p10\p10\p10119514\s58393726.txt,matched,3,3,0
10119514,52280842,C:\Users\Zila\Downloads\BN5212\MIMIC-CXR\p10\p10\p10119514\s52280842.txt,no_matches,0,0,0
10119692,57190959,C:\Users\Zila\Downloads\BN5212\MIMIC-CXR\p10\p10\p10119692\s57190959.txt,no_matches,0,0,0
10119692,58866693,C:\Users\Zila\Downloads\BN5212\MIMIC-CXR\p10\p10\p10119692\s58866693.txt,matched,1,1,0
10119760,54138065,C:\Users\Zila\Downloads\BN5212\MIMIC-CXR\p10\p10\p10119760\s54138065.txt,matched,2,2,0
10119760,52547328,C:\Users\Zila\Downloads\BN5212\MIMIC-CXR\p10\p10\p10119760\s52547328.txt,matched,1,1,0
10119910,55342978,C:\Users\Zila\Downloads\BN5212\MIMIC-CXR\p10\p10\p10119910\s55342978.txt,matched,3,3,0
10119910,54994593,C:\Users\Zila\Downloads\BN5212\MIMIC-CXR\p10\p10\p10119910\s54994593.txt,no_matches,0,0,0
10119916,58937727,C:\Users\Zila\Downloads\BN5212\MIMIC-CXR\p10\p10\p10119916\s58937727.txt,matched,1,1,0
10119916,56429302,C:\Users\Zila\Downloads\BN5212\MIMIC-CXR\p10\p10\p10119916\s56429302.txt,matched,5,5,0
10119916,53766767,C:\Users\Zila\Downloads\BN5212\MIMIC-CXR\p10\p10\p10119916\s53766767.txt,matched,2,2,0
10119916,59045523,C:\Users\Zila\Downloads\BN5212\MIMIC-CXR\p10\p10\p10119916\s59045523.txt,matched,1,1,0
10119992,56893566,C:\Users\Zila\Downloads\BN5212\MIMIC-CXR\p10\p10\p10119992\s56893566.txt,matched,4,4,0
10119992,55836834,C:\Users\Zila\Downloads\BN5212\MIMIC-CXR\p10\p10\p10119992\s55836834.txt,matched,3,3,0
10119992,56689718,C:\Users\Zila\Downloads\BN5212\MIMIC-CXR\p10\p10\p10119992\s56689718.txt,matched,3,2,0
10119992,56427402,C:\Users\Zila\Downloads\BN5212\MIMIC-CXR\p10\p10\p10119992\s56427402.txt,matched,5,5,0
10119992,56493680,C:\Users\Zila\Downloads\BN5212\MIMIC-CXR\p10\p10\p10119992\s56493680.txt,matched,4,3,0
10120109,50606744,C:\Users\Zila\Downloads\BN5212\MIMIC-CXR\p10\p10\p10120109\s50606744.txt,matched,2,2,0
10120109,57305898,C:\Users\Zila\Downloads\BN5212\MIMIC-CXR\p10\p10\p10120109\s57305898.txt,matched,1,1,0
10120330,58362361,C:\Users\Zila\Downloads\BN5212\MIMIC-CXR\p10\p10\p10120330\s58362361.txt,no_matches,0,0,0
10120330,55917884,C:\Users\Zila\Downloads\BN5212\MIMIC-CXR\p10\p10\p10120330\s55917884.txt,no_matches,0,0,0
10121003,58716524,C:\Users\Zila\Downloads\BN5212\MIMIC-CXR\p10\p10\p10121003\s58716524.txt,matched,2,2,0
10121003,58954121,C:\Users\Zila\Downloads\BN5212\MIMIC-CXR\p10\p10\p10121003\s58954121.txt,matched,2,2,0
10121003,55725630,C:\Users\Zila\Downloads\BN5212\MIMIC-CXR\p10\p10\p10121003\s55725630.txt,no_matches,0,0,0
10121003,51494957,C:\Users\Zila\Downloads\BN5212\MIMIC-CXR\p10\p10\p10121003\s51494957.txt,matched,4,4,0
10121316,51515793,C:\Users\Zila\Downloads\BN5212\MIMIC-CXR\p10\p10\p10121316\s51515793.txt,matched,3,3,0
10121316,55764223,C:\Users\Zila\Downloads\BN5212\MIMIC-CXR\p10\p10\p10121316\s55764223.txt,no_matches,0,0,0
10121316,59871357,C:\Users\Zila\Downloads\BN5212\MIMIC-CXR\p10\p10\p10121316\s59871357.txt,matched,2,2,0
10121316,54209217,C:\Users\Zila\Downloads\BN5212\MIMIC-CXR\p10\p10\p10121316\s54209217.txt,matched,2,2,0
10121316,51096228,C:\Users\Zila\Downloads\BN5212\MIMIC-CXR\p10\p10\p10121316\s51096228.txt,matched,2,2,0
10121316,55508191,C:\Users\Zila\Downloads\BN5212\MIMIC-CXR\p10\p10\p10121316\s55508191.txt,matched,2,2,0
10121579,53829407,C:\Users\Zila\Downloads\BN5212\MIMIC-CXR\p10\p10\p10121579\s53829407.txt,no_matches,0,0,0
10121579,59819920,C:\Users\Zila\Downloads\BN5212\MIMIC-CXR\p10\p10\p10121579\s59819920.txt,matched,2,1,0
10122392,54978066,C:\Users\Zila\Downloads\BN5212\MIMIC-CXR\p10\p10\p10122392\s54978066.txt,no_matches,0,0,0
10122392,59596554,C:\Users\Zila\Downloads\BN5212\MIMIC-CXR\p10\p10\p10122392\s59596554.txt,matched,2,2,0
10122589,58130669,C:\Users\Zila\Downloads\BN5212\MIMIC-CXR\p10\p10\p10122589\s58130669.txt,matched,6,5,0
10122589,50115056,C:\Users\Zila\Downloads\BN5212\MIMIC-CXR\p10\p10\p10122589\s50115056.txt,matched,4,2,0
10122589,53903088,C:\Users\Zila\Downloads\BN5212\MIMIC-CXR\p10\p10\p10122589\s53903088.txt,no_matches,0,0,0
10122589,53271877,C:\Users\Zila\Downloads\BN5212\MIMIC-CXR\p10\p10\p10122589\s53271877.txt,no_matches,0,0,0
10122589,52417409,C:\Users\Zila\Downloads\BN5212\MIMIC-CXR\p10\p10\p10122589\s52417409.txt,matched,3,3,0
10122589,54937253,C:\Users\Zila\Downloads\BN5212\MIMIC-CXR\p10\p10\p10122589\s54937253.txt,no_matches,0,0,0
10122589,59058941,C:\Users\Zila\Downloads\BN5212\MIMIC-CXR\p10\p10\p10122589\s59058941.txt,matched,3,3,0
10122589,55266455,C:\Users\Zila\Downloads\BN5212\MIMIC-CXR\p10\p10\p10122589\s55266455.txt,no_matches,0,0,0
10122589,56104045,C:\Users\Zila\Downloads\BN5212\MIMIC-CXR\p10\p10\p10122589\s56104045.txt,matched,3,3,0
10122589,54013528,C:\Users\Zila\Downloads\BN5212\MIMIC-CXR\p10\p10\p10122589\s54013528.txt,matched,4,2,0
10122589,54468524,C:\Users\Zila\Downloads\BN5212\MIMIC-CXR\p10\p10\p10122589\s54468524.txt,matched,2,2,0
10122589,59846275,C:\Users\Zila\Downloads\BN5212\MIMIC-CXR\p10\p10\p10122589\s59846275.txt,matched,2,2,0
10122589,52495824,C:\Users\Zila\Downloads\BN5212\MIMIC-CXR\p10\p10\p10122589\s52495824.txt,no_matches,0,0,0
10122589,53075201,C:\Users\Zila\Downloads\BN5212\MIMIC-CXR\p10\p10\p10122589\s53075201.txt,matched,1,1,0
10122589,55720012,C:\Users\Zila\Downloads\BN5212\MIMIC-CXR\p10\p10\p10122589\s55720012.txt,matched,1,1,0
10123063,53896508,C:\Users\Zila\Downloads\BN5212\MIMIC-CXR\p10\p10\p10123063\s53896508.txt,matched,4,3,0
10123063,59998528,C:\Users\Zila\Downloads\BN5212\MIMIC-CXR\p10\p10\p10123063\s59998528.txt,no_matches,0,0,0
10123063,54459925,C:\Users\Zila\Downloads\BN5212\MIMIC-CXR\p10\p10\p10123063\s54459925.txt,matched,2,2,0
10123063,51103039,C:\Users\Zila\Downloads\BN5212\MIMIC-CXR\p10\p10\p10123063\s51103039.txt,matched,1,1,0
10123147,54328176,C:\Users\Zila\Downloads\BN5212\MIMIC-CXR\p10\p10\p10123147\s54328176.txt,matched,1,1,0
10123147,57095757,C:\Users\Zila\Downloads\BN5212\MIMIC-CXR\p10\p10\p10123147\s57095757.txt,matched,2,2,0
10123147,52312604,C:\Users\Zila\Downloads\BN5212\MIMIC-CXR\p10\p10\p10123147\s52312604.txt,matched,3,3,0
10123147,54325625,C:\Users\Zila\Downloads\BN5212\MIMIC-CXR\p10\p10\p10123147\s54325625.txt,unlabeled,0,0,0
10123147,53075343,C:\Users\Zila\Downloads\BN5212\MIMIC-CXR\p10\p10\p10123147\s53075343.txt,matched,9,4,1
10123147,54651918,C:\Users\Zila\Downloads\BN5212\MIMIC-CXR\p10\p10\p10123147\s54651918.txt,matched,2,2,0
10123147,51322534,C:\Users\Zila\Downloads\BN5212\MIMIC-CXR\p10\p10\p10123147\s51322534.txt,matched,3,2,0
10123147,54283738,C:\Users\Zila\Downloads\BN5212\MIMIC-CXR\p10\p10\p10123147\s54283738.txt,matched,1,1,0
10123147,53504320,C:\Users\Zila\Downloads\BN5212\MIMIC-CXR\p10\p10\p10123147\s53504320.txt,matched,1,1,0
10123147,50732998,C:\Users\Zila\Downloads\BN5212\MIMIC-CXR\p10\p10\p10123147\s50732998.txt,matched,1,1,0
10123147,50230934,C:\Users\Zila\Downloads\BN5212\MIMIC-CXR\p10\p10\p10123147\s50230934.txt,matched,1,1,0
10123147,59653233,C:\Users\Zila\Downloads\BN5212\MIMIC-CXR\p10\p10\p10123147\s59653233.txt,no_matches,0,0,0
10123147,53655723,C:\Users\Zila\Downloads\BN5212\MIMIC-CXR\p10\p10\p10123147\s53655723.txt,unlabeled,0,0,0
10123147,51011412,C:\Users\Zila\Downloads\BN5212\MIMIC-CXR\p10\p10\p10123147\s51011412.txt,matched,1,1,0
10123147,51991162,C:\Users\Zila\Downloads\BN5212\MIMIC-CXR\p10\p10\p10123147\s51991162.txt,no_matches,0,0,0
10123699,55069283,C:\Users\Zila\Downloads\BN5212\MIMIC-CXR\p10\p10\p10123699\s55069283.txt,matched,1,1,0
10123699,54647327,C:\Users\Zila\Downloads\BN5212\MIMIC-CXR\p10\p10\p10123699\s54647327.txt,matched,2,2,0
10123699,58670974,C:\Users\Zila\Downloads\BN5212\MIMIC-CXR\p10\p10\p10123699\s58670974.txt,unlabeled,0,0,0
10123949,54502459,C:\Users\Zila\Downloads\BN5212\MIMIC-CXR\p10\p10\p10123949\s54502459.txt,no_matches,0,0,0
10123949,55431310,C:\Users\Zila\Downloads\BN5212\MIMIC-CXR\p10\p10\p10123949\s55431310.txt,matched,1,1,0
10123949,57205447,C:\Users\Zila\Downloads\BN5212\MIMIC-CXR\p10\p10\p10123949\s57205447.txt,unlabeled,0,0,0
10123949,51599359,C:\Users\Zila\Downloads\BN5212\MIMIC-CXR\p10\p10\p10123949\s51599359.txt,matched,1,1,0
10123949,52654625,C:\Users\Zila\Downloads\BN5212\MIMIC-CXR\p10\p10\p10123949\s52654625.txt,matched,1,1,0
10123949,50111704,C:\Users\Zila\Downloads\BN5212\MIMIC-CXR\p10\p10\p10123949\s50111704.txt,matched,1,1,0
10123949,58165013,C:\Users\Zila\Downloads\BN5212\MIMIC-CXR\p10\p10\p10123949\s58165013.txt,unlabeled,0,0,0
10123949,52941615,C:\Users\Zila\Downloads\BN5212\MIMIC-CXR\p10\p10\p10123949\s52941615.txt,matched,2,2,0
10123949,53917891,C:\Users\Zila\Downloads\BN5212\MIMIC-CXR\p10\p10\p10123949\s53917891.txt,no_matches,0,0,0
10123949,54759140,C:\Users\Zila\Downloads\BN5212\MIMIC-CXR\p10\p10\p10123949\s54759140.txt,no_matches,0,0,0
10123949,57673261,C:\Users\Zila\Downloads\BN5212\MIMIC-CXR\p10\p10\p10123949\s57673261.txt,no_matches,0,0,0
10123949,55395837,C:\Users\Zila\Downloads\BN5212\MIMIC-CXR\p10\p10\p10123949\s55395837.txt,no_matches,0,0,0
10123949,53715166,C:\Users\Zila\Downloads\BN5212\MIMIC-CXR\p10\p10\p10123949\s53715166.txt,matched,4,3,0
10123949,51795126,C:\Users\Zila\Downloads\BN5212\MIMIC-CXR\p10\p10\p10123949\s51795126.txt,matched,1,1,0
10123949,52099104,C:\Users\Zila\Downloads\BN5212\MIMIC-CXR\p10\p10\p10123949\s52099104.txt,matched,1,1,0
10123949,52120220,C:\Users\Zila\Downloads\BN5212\MIMIC-CXR\p10\p10\p10123949\s52120220.txt,matched,2,1,0
10123949,58686753,C:\Users\Zila\Downloads\BN5212\MIMIC-CXR\p10\p10\p10123949\s58686753.txt,matched,2,1,0
10123949,53602454,C:\Users\Zila\Downloads\BN5212\MIMIC-CXR\p10\p10\p10123949\s53602454.txt,matched,1,1,0
10123949,50127146,C:\Users\Zila\Downloads\BN5212\MIMIC-CXR\p10\p10\p10123949\s50127146.txt,matched,3,1,0
10123949,59850826,C:\Users\Zila\Downloads\BN5212\MIMIC-CXR\p10\p10\p10123949\s59850826.txt,matched,2,1,0
10123949,53937252,C:\Users\Zila\Downloads\BN5212\MIMIC-CXR\p10\p10\p10123949\s53937252.txt,matched,7,5,0
10123949,50217724,C:\Users\Zila\Downloads\BN5212\MIMIC-CXR\p10\p10\p10123949\s50217724.txt,matched,5,3,0
10123949,57977832,C:\Users\Zila\Downloads\BN5212\MIMIC-CXR\p10\p10\p10123949\s57977832.txt,matched,5,4,0
10123949,51809329,C:\Users\Zila\Downloads\BN5212\MIMIC-CXR\p10\p10\p10123949\s51809329.txt,no_matches,0,0,0
10123949,52858944,C:\Users\Zila\Downloads\BN5212\MIMIC-CXR\p10\p10\p10123949\s52858944.txt,matched,2,2,1
10123949,53053083,C:\Users\Zila\Downloads\BN5212\MIMIC-CXR\p10\p10\p10123949\s53053083.txt,matched,1,1,0
10123949,58806924,C:\Users\Zila\Downloads\BN5212\MIMIC-CXR\p10\p10\p10123949\s58806924.txt,matched,1,1,0
10123949,58072441,C:\Users\Zila\Downloads\BN5212\MIMIC-CXR\p10\p10\p10123949\s58072441.txt,matched,1,1,0
10123997,58719708,C:\Users\Zila\Downloads\BN5212\MIMIC-CXR\p10\p10\p10123997\s58719708.txt,matched,2,2,0
10123997,54204122,C:\Users\Zila\Downloads\BN5212\MIMIC-CXR\p10\p10\p10123997\s54204122.txt,no_matches,0,0,0
10123997,51798107,C:\Users\Zila\Downloads\BN5212\MIMIC-CXR\p10\p10\p10123997\s51798107.txt,matched,3,3,1
10123997,50935925,C:\Users\Zila\Downloads\BN5212\MIMIC-CXR\p10\p10\p10123997\s50935925.txt,matched,1,1,0
10123997,50650724,C:\Users\Zila\Downloads\BN5212\MIMIC-CXR\p10\p10\p10123997\s50650724.txt,matched,6,3,0
10123997,55167516,C:\Users\Zila\Downloads\BN5212\MIMIC-CXR\p10\p10\p10123997\s55167516.txt,matched,2,1,0
10123997,58024657,C:\Users\Zila\Downloads\BN5212\MIMIC-CXR\p10\p10\p10123997\s58024657.txt,matched,3,1,0
10123997,50092158,C:\Users\Zila\Downloads\BN5212\MIMIC-CXR\p10\p10\p10123997\s50092158.txt,matched,1,1,0
10123997,57231509,C:\Users\Zila\Downloads\BN5212\MIMIC-CXR\p10\p10\p10123997\s57231509.txt,unlabeled,0,0,0
10123997,58739175,C:\Users\Zila\Downloads\BN5212\MIMIC-CXR\p10\p10\p10123997\s58739175.txt,matched,2,2,0
10123997,53047791,C:\Users\Zila\Downloads\BN5212\MIMIC-CXR\p10\p10\p10123997\s53047791.txt,matched,2,1,0
10123997,50660699,C:\Users\Zila\Downloads\BN5212\MIMIC-CXR\p10\p10\p10123997\s50660699.txt,matched,1,1,0
10123997,59967654,C:\Users\Zila\Downloads\BN5212\MIMIC-CXR\p10\p10\p10123997\s59967654.txt,matched,2,1,0
10123997,54858106,C:\Users\Zila\Downloads\BN5212\MIMIC-CXR\p10\p10\p10123997\s54858106.txt,matched,1,1,0
10124029,55157000,C:\Users\Zila\Downloads\BN5212\MIMIC-CXR\p10\p10\p10124029\s55157000.txt,matched,4,4,0
10124029,53360317,C:\Users\Zila\Downloads\BN5212\MIMIC-CXR\p10\p10\p10124029\s53360317.txt,matched,1,1,0
10124346,53643077,C:\Users\Zila\Downloads\BN5212\MIMIC-CXR\p10\p10\p10124346\s53643077.txt,matched,3,3,0
10124346,51277019,C:\Users\Zila\Downloads\BN5212\MIMIC-CXR\p10\p10\p10124346\s51277019.txt,matched,3,2,0
10124346,58826769,C:\Users\Zila\Downloads\BN5212\MIMIC-CXR\p10\p10\p10124346\s58826769.txt,matched,2,2,0
10124346,57493430,C:\Users\Zila\Downloads\BN5212\MIMIC-CXR\p10\p10\p10124346\s57493430.txt,matched,1,1,0
10124367,53778644,C:\Users\Zila\Downloads\BN5212\MIMIC-CXR\p10\p10\p10124367\s53778644.txt,matched,1,1,0
10124367,50973777,C:\Users\Zila\Downloads\BN5212\MIMIC-CXR\p10\p10\p10124367\s50973777.txt,matched,1,1,0
10124807,58652998,C:\Users\Zila\Downloads\BN5212\MIMIC-CXR\p10\p10\p10124807\s58652998.txt,matched,1,1,0
10124807,58327725,C:\Users\Zila\Downloads\BN5212\MIMIC-CXR\p10\p10\p10124807\s58327725.txt,matched,2,2,0
10124807,59319391,C:\Users\Zila\Downloads\BN5212\MIMIC-CXR\p10\p10\p10124807\s59319391.txt,no_matches,0,0,0
10124807,57024974,C:\Users\Zila\Downloads\BN5212\MIMIC-CXR\p10\p10\p10124807\s57024974.txt,matched,1,1,0
10124807,55186280,C:\Users\Zila\Downloads\BN5212\MIMIC-CXR\p10\p10\p10124807\s55186280.txt,matched,1,1,0
10124807,58162418,C:\Users\Zila\Downloads\BN5212\MIMIC-CXR\p10\p10\p10124807\s58162418.txt,no_matches,0,0,0
10124807,51685737,C:\Users\Zila\Downloads\BN5212\MIMIC-CXR\p10\p10\p10124807\s51685737.txt,matched,3,3,0
10124807,50501991,C:\Users\Zila\Downloads\BN5212\MIMIC-CXR\p10\p10\p10124807\s50501991.txt,no_matches,0,0,0
10124807,50264132,C:\Users\Zila\Downloads\BN5212\MIMIC-CXR\p10\p10\p10124807\s50264132.txt,matched,1,1,0
10124825,58657160,C:\Users\Zila\Downloads\BN5212\MIMIC-CXR\p10\p10\p10124825\s58657160.txt,matched,4,3,0
10124825,51980768,C:\Users\Zila\Downloads\BN5212\MIMIC-CXR\p10\p10\p10124825\s51980768.txt,matched,3,3,0
10124825,51887716,C:\Users\Zila\Downloads\BN5212\MIMIC-CXR\p10\p10\p10124825\s51887716.txt,no_matches,0,0,0
10124825,51988497,C:\Users\Zila\Downloads\BN5212\MIMIC-CXR\p10\p10\p10124825\s51988497.txt,unlabeled,0,0,0
10124825,57424789,C:\Users\Zila\Downloads\BN5212\MIMIC-CXR\p10\p10\p10124825\s57424789.txt,unlabeled,0,0,0
10124825,55093585,C:\Users\Zila\Downloads\BN5212\MIMIC-CXR\p10\p10\p10124825\s55093585.txt,no_matches,0,0,0
10124825,55440265,C:\Users\Zila\Downloads\BN5212\MIMIC-CXR\p10\p10\p10124825\s55440265.txt,no_matches,0,0,0
10124825,59800209,C:\Users\Zila\Downloads\BN5212\MIMIC-CXR\p10\p10\p10124825\s59800209.txt,unlabeled,0,0,0
10124825,53049861,C:\Users\Zila\Downloads\BN5212\MIMIC-CXR\p10\p10\p10124825\s53049861.txt,matched,3,3,0
10124825,50946833,C:\Users\Zila\Downloads\BN5212\MIMIC-CXR\p10\p10\p10124825\s50946833.txt,matched,1,1,0
10124825,52883271,C:\Users\Zila\Downloads\BN5212\MIMIC-CXR\p10\p10\p10124825\s52883271.txt,matched,1,1,0
10125888,57430364,C:\Users\Zila\Downloads\BN5212\MIMIC-CXR\p10\p10\p10125888\s57430364.txt,matched,3,1,0
10125888,53297770,C:\Users\Zila\Downloads\BN5212\MIMIC-CXR\p10\p10\p10125888\s53297770.txt,matched,1,1,0
10126619,57099790,C:\Users\Zila\Downloads\BN5212\MIMIC-CXR\p10\p10\p10126619\s57099790.txt,matched,5,5,0
10126619,50520903,C:\Users\Zila\Downloads\BN5212\MIMIC-CXR\p10\p10\p10126619\s50520903.txt,matched,2,2,0
10126619,55424953,C:\Users\Zila\Downloads\BN5212\MIMIC-CXR\p10\p10\p10126619\s55424953.txt,matched,3,3,0
10126619,58455595,C:\Users\Zila\Downloads\BN5212\MIMIC-CXR\p10\p10\p10126619\s58455595.txt,matched,4,4,0
10127132,55166347,C:\Users\Zila\Downloads\BN5212\MIMIC-CXR\p10\p10\p10127132\s55166347.txt,no_matches,0,0,0
10127132,59854342,C:\Users\Zila\Downloads\BN5212\MIMIC-CXR\p10\p10\p10127132\s59854342.txt,no_matches,0,0,0
10127132,53090012,C:\Users\Zila\Downloads\BN5212\MIMIC-CXR\p10\p10\p10127132\s53090012.txt,matched,3,3,0
10127132,58215326,C:\Users\Zila\Downloads\BN5212\MIMIC-CXR\p10\p10\p10127132\s58215326.txt,matched,2,2,0
10127132,53869897,C:\Users\Zila\Downloads\BN5212\MIMIC-CXR\p10\p10\p10127132\s53869897.txt,no_matches,0,0,0
10127462,57192363,C:\Users\Zila\Downloads\BN5212\MIMIC-CXR\p10\p10\p10127462\s57192363.txt,unlabeled,0,0,0
10127462,56032421,C:\Users\Zila\Downloads\BN5212\MIMIC-CXR\p10\p10\p10127462\s56032421.txt,matched,3,3,0
10127462,54393515,C:\Users\Zila\Downloads\BN5212\MIMIC-CXR\p10\p10\p10127462\s54393515.txt,matched,5,2,0
10127462,56017350,C:\Users\Zila\Downloads\BN5212\MIMIC-CXR\p10\p10\p10127462\s56017350.txt,unlabeled,0,0,0
10127469,51591755,C:\Users\Zila\Downloads\BN5212\MIMIC-CXR\p10\p10\p10127469\s51591755.txt,matched,1,1,0
10127469,51873259,C:\Users\Zila\Downloads\BN5212\MIMIC-CXR\p10\p10\p10127469\s51873259.txt,matched,1,1,0
10127469,50686819,C:\Users\Zila\Downloads\BN5212\MIMIC-CXR\p10\p10\p10127469\s50686819.txt,matched,2,2,0
10127469,52877741,C:\Users\Zila\Downloads\BN5212\MIMIC-CXR\p10\p10\p10127469\s52877741.txt,matched,4,4,0
10127469,56582733,C:\Users\Zila\Downloads\BN5212\MIMIC-CXR\p10\p10\p10127469\s56582733.txt,matched,8,5,1
10127469,51731377,C:\Users\Zila\Downloads\BN5212\MIMIC-CXR\p10\p10\p10127469\s51731377.txt,matched,3,3,0
10127469,53209185,C:\Users\Zila\Downloads\BN5212\MIMIC-CXR\p10\p10\p10127469\s53209185.txt,matched,3,3,0
10127469,57365088,C:\Users\Zila\Downloads\BN5212\MIMIC-CXR\p10\p10\p10127469\s57365088.txt,matched,2,2,0
10127469,53795024,C:\Users\Zila\Downloads\BN5212\MIMIC-CXR\p10\p10\p10127469\s53795024.txt,no_matches,0,0,0
10127469,50900540,C:\Users\Zila\Downloads\BN5212\MIMIC-CXR\p10\p10\p10127469\s50900540.txt,matched,4,4,0
10127469,53511806,C:\Users\Zila\Downloads\BN5212\MIMIC-CXR\p10\p10\p10127469\s53511806.txt,matched,5,3,1
10127469,58852772,C:\Users\Zila\Downloads\BN5212\MIMIC-CXR\p10\p10\p10127469\s58852772.txt,matched,3,3,0
10127469,50342401,C:\Users\Zila\Downloads\BN5212\MIMIC-CXR\p10\p10\p10127469\s50342401.txt,matched,2,2,0
10127469,57995503,C:\Users\Zila\Downloads\BN5212\MIMIC-CXR\p10\p10\p10127469\s57995503.txt,matched,2,2,0
10127469,50062736,C:\Users\Zila\Downloads\BN5212\MIMIC-CXR\p10\p10\p10127469\s50062736.txt,matched,1,1,0
10127469,53276208,C:\Users\Zila\Downloads\BN5212\MIMIC-CXR\p10\p10\p10127469\s53276208.txt,matched,1,1,1
10127469,53945997,C:\Users\Zila\Downloads\BN5212\MIMIC-CXR\p10\p10\p10127469\s53945997.txt,matched,1,1,0
10127469,57773203,C:\Users\Zila\Downloads\BN5212\MIMIC-CXR\p10\p10\p10127469\s57773203.txt,no_matches,0,0,0
10127469,59068190,C:\Users\Zila\Downloads\BN5212\MIMIC-CXR\p10\p10\p10127469\s59068190.txt,matched,3,3,0
10127469,51813944,C:\Users\Zila\Downloads\BN5212\MIMIC-CXR\p10\p10\p10127469\s51813944.txt,matched,3,3,0
10127469,59088910,C:\Users\Zila\Downloads\BN5212\MIMIC-CXR\p10\p10\p10127469\s59088910.txt,matched,1,1,0
10127469,52444289,C:\Users\Zila\Downloads\BN5212\MIMIC-CXR\p10\p10\p10127469\s52444289.txt,matched,3,2,0
10127469,56867448,C:\Users\Zila\Downloads\BN5212\MIMIC-CXR\p10\p10\p10127469\s56867448.txt,matched,1,1,0
10127517,58623064,C:\Users\Zila\Downloads\BN5212\MIMIC-CXR\p10\p10\p10127517\s58623064.txt,matched,1,1,0
10127517,51507796,C:\Users\Zila\Downloads\BN5212\MIMIC-CXR\p10\p10\p10127517\s51507796.txt,matched,1,1,0
10127517,52885433,C:\Users\Zila\Downloads\BN5212\MIMIC-CXR\p10\p10\p10127517\s52885433.txt,matched,2,1,0
10127517,58892745,C:\Users\Zila\Downloads\BN5212\MIMIC-CXR\p10\p10\p10127517\s58892745.txt,no_matches,0,0,0
10127517,59363985,C:\Users\Zila\Downloads\BN5212\MIMIC-CXR\p10\p10\p10127517\s59363985.txt,no_matches,0,0,0
10127517,56251895,C:\Users\Zila\Downloads\BN5212\MIMIC-CXR\p10\p10\p10127517\s56251895.txt,matched,4,2,0
10127517,53196514,C:\Users\Zila\Downloads\BN5212\MIMIC-CXR\p10\p10\p10127517\s53196514.txt,matched,4,4,0
10127517,59073672,C:\Users\Zila\Downloads\BN5212\MIMIC-CXR\p10\p10\p10127517\s59073672.txt,no_matches,0,0,0
10127517,51376634,C:\Users\Zila\Downloads\BN5212\MIMIC-CXR\p10\p10\p10127517\s51376634.txt,matched,1,1,0
10127517,54423285,C:\Users\Zila\Downloads\BN5212\MIMIC-CXR\p10\p10\p10127517\s54423285.txt,matched,4,3,0
10127517,59196013,C:\Users\Zila\Downloads\BN5212\MIMIC-CXR\p10\p10\p10127517\s59196013.txt,no_matches,0,0,0
10128191,56054806,C:\Users\Zila\Downloads\BN5212\MIMIC-CXR\p10\p10\p10128191\s56054806.txt,matched,3,3,0
10128191,57481280,C:\Users\Zila\Downloads\BN5212\MIMIC-CXR\p10\p10\p10128191\s57481280.txt,matched,2,2,0
10129015,55303788,C:\Users\Zila\Downloads\BN5212\MIMIC-CXR\p10\p10\p10129015\s55303788.txt,matched,3,3,0
10129015,51433013,C:\Users\Zila\Downloads\BN5212\MIMIC-CXR\p10\p10\p10129015\s51433013.txt,no_matches,0,0,0
10129015,56136881,C:\Users\Zila\Downloads\BN5212\MIMIC-CXR\p10\p10\p10129015\s56136881.txt,no_matches,0,0,0
10129052,52508348,C:\Users\Zila\Downloads\BN5212\MIMIC-CXR\p10\p10\p10129052\s52508348.txt,matched,1,1,0
10129052,59496121,C:\Users\Zila\Downloads\BN5212\MIMIC-CXR\p10\p10\p10129052\s59496121.txt,matched,1,1,0
10129052,56373919,C:\Users\Zila\Downloads\BN5212\MIMIC-CXR\p10\p10\p10129052\s56373919.txt,matched,3,3,0
10129119,55184478,C:\Users\Zila\Downloads\BN5212\MIMIC-CXR\p10\p10\p10129119\s55184478.txt,matched,2,1,0
10129119,56633649,C:\Users\Zila\Downloads\BN5212\MIMIC-CXR\p10\p10\p10129119\s56633649.txt,matched,1,1,0
10129119,59629167,C:\Users\Zila\Downloads\BN5212\MIMIC-CXR\p10\p10\p10129119\s59629167.txt,matched,2,2,0
10129119,56906992,C:\Users\Zila\Downloads\BN5212\MIMIC-CXR\p10\p10\p10129119\s56906992.txt,matched,2,2,0
10129119,55963730,C:\Users\Zila\Downloads\BN5212\MIMIC-CXR\p10\p10\p10129119\s55963730.txt,matched,1,1,0
10129119,52886997,C:\Users\Zila\Downloads\BN5212\MIMIC-CXR\p10\p10\p10129119\s52886997.txt,matched,1,1,0
10129119,51579618,C:\Users\Zila\Downloads\BN5212\MIMIC-CXR\p10\p10\p10129119\s51579618.txt,no_matches,0,0,0
10129119,54210437,C:\Users\Zila\Downloads\BN5212\MIMIC-CXR\p10\p10\p10129119\s54210437.txt,matched,4,3,0
10129119,55603381,C:\Users\Zila\Downloads\BN5212\MIMIC-CXR\p10\p10\p10129119\s55603381.txt,matched,1,1,0
10129119,52861649,C:\Users\Zila\Downloads\BN5212\MIMIC-CXR\p10\p10\p10129119\s52861649.txt,no_matches,0,0,0
10129119,56831701,C:\Users\Zila\Downloads\BN5212\MIMIC-CXR\p10\p10\p10129119\s56831701.txt,matched,1,1,0
10129119,53408336,C:\Users\Zila\Downloads\BN5212\MIMIC-CXR\p10\p10\p10129119\s53408336.txt,matched,1,1,0
10129119,59108747,C:\Users\Zila\Downloads\BN5212\MIMIC-CXR\p10\p10\p10129119\s59108747.txt,no_matches,0,0,0
10129119,55904682,C:\Users\Zila\Downloads\BN5212\MIMIC-CXR\p10\p10\p10129119\s55904682.txt,matched,3,3,0
10129254,55690046,C:\Users\Zila\Downloads\BN5212\MIMIC-CXR\p10\p10\p10129254\s55690046.txt,no_matches,0,0,0
10129254,56970253,C:\Users\Zila\Downloads\BN5212\MIMIC-CXR\p10\p10\p10129254\s56970253.txt,no_matches,0,0,0
10129254,56680752,C:\Users\Zila\Downloads\BN5212\MIMIC-CXR\p10\p10\p10129254\s56680752.txt,matched,2,2,0
10129254,52093904,C:\Users\Zila\Downloads\BN5212\MIMIC-CXR\p10\p10\p10129254\s52093904.txt,unlabeled,0,0,0
10129254,56425056,C:\Users\Zila\Downloads\BN5212\MIMIC-CXR\p10\p10\p10129254\s56425056.txt,matched,3,3,0
10129254,50832792,C:\Users\Zila\Downloads\BN5212\MIMIC-CXR\p10\p10\p10129254\s50832792.txt,matched,1,1,0
10129254,56603304,C:\Users\Zila\Downloads\BN5212\MIMIC-CXR\p10\p10\p10129254\s56603304.txt,matched,1,1,0
10129254,52387210,C:\Users\Zila\Downloads\BN5212\MIMIC-CXR\p10\p10\p10129254\s52387210.txt,no_matches,0,0,0
10129254,56509962,C:\Users\Zila\Downloads\BN5212\MIMIC-CXR\p10\p10\p10129254\s56509962.txt,matched,1,1,0
10129384,50190940,C:\Users\Zila\Downloads\BN5212\MIMIC-CXR\p10\p10\p10129384\s50190940.txt,matched,3,2,0
10129384,50852782,C:\Users\Zila\Downloads\BN5212\MIMIC-CXR\p10\p10\p10129384\s50852782.txt,matched,2,2,0
10129815,50661858,C:\Users\Zila\Downloads\BN5212\MIMIC-CXR\p10\p10\p10129815\s50661858.txt,matched,2,1,0
10129815,52901287,C:\Users\Zila\Downloads\BN5212\MIMIC-CXR\p10\p10\p10129815\s52901287.txt,matched,5,3,0
10129815,50390838,C:\Users\Zila\Downloads\BN5212\MIMIC-CXR\p10\p10\p10129815\s50390838.txt,no_matches,0,0,0
10129815,51987148,C:\Users\Zila\Downloads\BN5212\MIMIC-CXR\p10\p10\p10129815\s51987148.txt,matched,3,3,0
10130111,59184428,C:\Users\Zila\Downloads\BN5212\MIMIC-CXR\p10\p10\p10130111\s59184428.txt,no_matches,0,0,0
10130111,55375426,C:\Users\Zila\Downloads\BN5212\MIMIC-CXR\p10\p10\p10130111\s55375426.txt,matched,3,3,0
10130111,52496123,C:\Users\Zila\Downloads\BN5212\MIMIC-CXR\p10\p10\p10130111\s52496123.txt,matched,6,3,0
10130111,57361710,C:\Users\Zila\Downloads\BN5212\MIMIC-CXR\p10\p10\p10130111\s57361710.txt,matched,1,1,0
10130111,50448932,C:\Users\Zila\Downloads\BN5212\MIMIC-CXR\p10\p10\p10130111\s50448932.txt,matched,2,2,0
10130573,54060509,C:\Users\Zila\Downloads\BN5212\MIMIC-CXR\p10\p10\p10130573\s54060509.txt,matched,1,1,0
10130573,58762819,C:\Users\Zila\Downloads\BN5212\MIMIC-CXR\p10\p10\p10130573\s58762819.txt,no_matches,0,0,0
10130573,55128945,C:\Users\Zila\Downloads\BN5212\MIMIC-CXR\p10\p10\p10130573\s55128945.txt,matched,3,2,0
10130585,50087560,C:\Users\Zila\Downloads\BN5212\MIMIC-CXR\p10\p10\p10130585\s50087560.txt,matched,4,3,0
10130585,57614018,C:\Users\Zila\Downloads\BN5212\MIMIC-CXR\p10\p10\p10130585\s57614018.txt,matched,1,1,0
10130585,52066829,C:\Users\Zila\Downloads\BN5212\MIMIC-CXR\p10\p10\p10130585\s52066829.txt,matched,1,1,0
10130795,56658664,C:\Users\Zila\Downloads\BN5212\MIMIC-CXR\p10\p10\p10130795\s56658664.txt,no_matches,0,0,0
10130795,50761263,C:\Users\Zila\Downloads\BN5212\MIMIC-CXR\p10\p10\p10130795\s50761263.txt,matched,1,1,0
10131237,55680500,C:\Users\Zila\Downloads\BN5212\MIMIC-CXR\p10\p10\p10131237\s55680500.txt,matched,1,1,0
10131237,59467011,C:\Users\Zila\Downloads\BN5212\MIMIC-CXR\p10\p10\p10131237\s59467011.txt,matched,2,2,0
10131237,51255751,C:\Users\Zila\Downloads\BN5212\MIMIC-CXR\p10\p10\p10131237\s51255751.txt,matched,3,3,0
10131388,59122401,C:\Users\Zila\Downloads\BN5212\MIMIC-CXR\p10\p10\p10131388\s59122401.txt,matched,1,1,0
10131388,54727930,C:\Users\Zila\Downloads\BN5212\MIMIC-CXR\p10\p10\p10131388\s54727930.txt,no_matches,0,0,0
10131388,58986745,C:\Users\Zila\Downloads\BN5212\MIMIC-CXR\p10\p10\p10131388\s58986745.txt,no_matches,0,0,0
10131388,57134074,C:\Users\Zila\Downloads\BN5212\MIMIC-CXR\p10\p10\p10131388\s57134074.txt,no_matches,0,0,0
10131388,56415985,C:\Users\Zila\Downloads\BN5212\MIMIC-CXR\p10\p10\p10131388\s56415985.txt,matched,3,3,0
10131707,54592870,C:\Users\Zila\Downloads\BN5212\MIMIC-CXR\p10\p10\p10131707\s54592870.txt,no_matches,0,0,0
10131707,59088540,C:\Users\Zila\Downloads\BN5212\MIMIC-CXR\p10\p10\p10131707\s59088540.txt,matched,1,1,0
10131707,59059256,C:\Users\Zila\Downloads\BN5212\MIMIC-CXR\p10\p10\p10131707\s59059256.txt,unlabeled,0,0,0
10131707,58397723,C:\Users\Zila\Downloads\BN5212\MIMIC-CXR\p10\p10\p10131707\s58397723.txt,matched,1,1,0
10132217,50573119,C:\Users\Zila\Downloads\BN5212\MIMIC-CXR\p10\p10\p10132217\s50573119.txt,matched,4,2,0
10132217,56497818,C:\Users\Zila\Downloads\BN5212\MIMIC-CXR\p10\p10\p10132217\s56497818.txt,no_matches,0,0,0
10132365,57681077,C:\Users\Zila\Downloads\BN5212\MIMIC-CXR\p10\p10\p10132365\s57681077.txt,matched,5,4,0
10132365,52576637,C:\Users\Zila\Downloads\BN5212\MIMIC-CXR\p10\p10\p10132365\s52576637.txt,matched,2,1,0
10132419,56794632,C:\Users\Zila\Downloads\BN5212\MIMIC-CXR\p10\p10\p10132419\s56794632.txt,matched,1,1,0
10132419,52834199,C:\Users\Zila\Downloads\BN5212\MIMIC-CXR\p10\p10\p10132419\s52834199.txt,matched,4,4,0
10132988,54399498,C:\Users\Zila\Downloads\BN5212\MIMIC-CXR\p10\p10\p10132988\s54399498.txt,no_matches,0,0,0
10132988,50344961,C:\Users\Zila\Downloads\BN5212\MIMIC-CXR\p10\p10\p10132988\s50344961.txt,matched,1,1,0
10133075,55036240,C:\Users\Zila\Downloads\BN5212\MIMIC-CXR\p10\p10\p10133075\s55036240.txt,no_matches,0,0,0
10133075,53645426,C:\Users\Zila\Downloads\BN5212\MIMIC-CXR\p10\p10\p10133075\s53645426.txt,matched,4,4,0
10133708,51156464,C:\Users\Zila\Downloads\BN5212\MIMIC-CXR\p10\p10\p10133708\s51156464.txt,no_matches,0,0,0
10133708,57794582,C:\Users\Zila\Downloads\BN5212\MIMIC-CXR\p10\p10\p10133708\s57794582.txt,no_matches,0,0,0
10133926,56368884,C:\Users\Zila\Downloads\BN5212\MIMIC-CXR\p10\p10\p10133926\s56368884.txt,matched,3,3,0
10133926,57419147,C:\Users\Zila\Downloads\BN5212\MIMIC-CXR\p10\p10\p10133926\s57419147.txt,matched,1,1,0
10134321,58831244,C:\Users\Zila\Downloads\BN5212\MIMIC-CXR\p10\p10\p10134321\s58831244.txt,no_matches,0,0,0
10134321,52357465,C:\Users\Zila\Downloads\BN5212\MIMIC-CXR\p10\p10\p10134321\s52357465.txt,no_matches,0,0,0
10134328,55428120,C:\Users\Zila\Downloads\BN5212\MIMIC-CXR\p10\p10\p10134328\s55428120.txt,no_matches,0,0,0
10134328,58286870,C:\Users\Zila\Downloads\BN5212\MIMIC-CXR\p10\p10\p10134328\s58286870.txt,matched,2,2,0
10134328,50760734,C:\Users\Zila\Downloads\BN5212\MIMIC-CXR\p10\p10\p10134328\s50760734.txt,no_matches,0,0,0
10134367,50372669,C:\Users\Zila\Downloads\BN5212\MIMIC-CXR\p10\p10\p10134367\s50372669.txt,matched,1,1,0
10134367,50299981,C:\Users\Zila\Downloads\BN5212\MIMIC-CXR\p10\p10\p10134367\s50299981.txt,matched,3,3,0
10134367,56223851,C:\Users\Zila\Downloads\BN5212\MIMIC-CXR\p10\p10\p10134367\s56223851.txt,matched,4,4,0
10135015,55015436,C:\Users\Zila\Downloads\BN5212\MIMIC-CXR\p10\p10\p10135015\s55015436.txt,matched,1,1,0
10135015,54912390,C:\Users\Zila\Downloads\BN5212\MIMIC-CXR\p10\p10\p10135015\s54912390.txt,matched,1,1,0
10135376,57168476,C:\Users\Zila\Downloads\BN5212\MIMIC-CXR\p10\p10\p10135376\s57168476.txt,matched,10,5,0
10135376,52610464,C:\Users\Zila\Downloads\BN5212\MIMIC-CXR\p10\p10\p10135376\s52610464.txt,matched,3,2,0
10135376,58795674,C:\Users\Zila\Downloads\BN5212\MIMIC-CXR\p10\p10\p10135376\s58795674.txt,no_matches,0,0,0
10135376,52533108,C:\Users\Zila\Downloads\BN5212\MIMIC-CXR\p10\p10\p10135376\s52533108.txt,matched,2,2,0
10135376,55191825,C:\Users\Zila\Downloads\BN5212\MIMIC-CXR\p10\p10\p10135376\s55191825.txt,matched,3,3,0
10135376,57883223,C:\Users\Zila\Downloads\BN5212\MIMIC-CXR\p10\p10\p10135376\s57883223.txt,matched,3,3,0
10135376,55854950,C:\Users\Zila\Downloads\BN5212\MIMIC-CXR\p10\p10\p10135376\s55854950.txt,matched,5,3,0
10135376,53978903,C:\Users\Zila\Downloads\BN5212\MIMIC-CXR\p10\p10\p10135376\s53978903.txt,no_matches,0,0,0
10135376,50478057,C:\Users\Zila\Downloads\BN5212\MIMIC-CXR\p10\p10\p10135376\s50478057.txt,matched,2,2,0
10135557,51440829,C:\Users\Zila\Downloads\BN5212\MIMIC-CXR\p10\p10\p10135557\s51440829.txt,matched,9,5,0
10135557,50489634,C:\Users\Zila\Downloads\BN5212\MIMIC-CXR\p10\p10\p10135557\s50489634.txt,matched,3,3,0
10135557,54504504,C:\Users\Zila\Downloads\BN5212\MIMIC-CXR\p10\p10\p10135557\s54504504.txt,matched,2,2,0
10135557,53873236,C:\Users\Zila\Downloads\BN5212\MIMIC-CXR\p10\p10\p10135557\s53873236.txt,matched,2,2,0
10135557,57156339,C:\Users\Zila\Downloads\BN5212\MIMIC-CXR\p10\p10\p10135557\s57156339.txt,matched,3,3,0
10136491,58132816,C:\Users\Zila\Downloads\BN5212\MIMIC-CXR\p10\p10\p10136491\s58132816.txt,matched,1,1,0
10136491,59612844,C:\Users\Zila\Downloads\BN5212\MIMIC-CXR\p10\p10\p10136491\s59612844.txt,matched,1,1,0
10136619,55114835,C:\Users\Zila\Downloads\BN5212\MIMIC-CXR\p10\p10\p10136619\s55114835.txt,matched,5,3,0
10136619,53423027,C:\Users\Zila\Downloads\BN5212\MIMIC-CXR\p10\p10\p10136619\s53423027.txt,matched,2,2,0
10136619,51814207,C:\Users\Zila\Downloads\BN5212\MIMIC-CXR\p10\p10\p10136619\s51814207.txt,matched,2,2,0
10136619,52984340,C:\Users\Zila\Downloads\BN5212\MIMIC-CXR\p10\p10\p10136619\s52984340.txt,no_matches,0,0,0
10136619,55060366,C:\Users\Zila\Downloads\BN5212\MIMIC-CXR\p10\p10\p10136619\s55060366.txt,no_matches,0,0,0
10136619,57947304,C:\Users\Zila\Downloads\BN5212\MIMIC-CXR\p10\p10\p10136619\s57947304.txt,matched,1,1,0
10136619,51041747,C:\Users\Zila\Downloads\BN5212\MIMIC-CXR\p10\p10\p10136619\s51041747.txt,no_matches,0,0,0
10136619,55797715,C:\Users\Zila\Downloads\BN5212\MIMIC-CXR\p10\p10\p10136619\s55797715.txt,no_matches,0,0,0
10136619,55393948,C:\Users\Zila\Downloads\BN5212\MIMIC-CXR\p10\p10\p10136619\s55393948.txt,no_matches,0,0,0
10136619,54722400,C:\Users\Zila\Downloads\BN5212\MIMIC-CXR\p10\p10\p10136619\s54722400.txt,no_matches,0,0,0
10136619,54015202,C:\Users\Zila\Downloads\BN5212\MIMIC-CXR\p10\p10\p10136619\s54015202.txt,matched,2,2,0
10136619,53291008,C:\Users\Zila\Downloads\BN5212\MIMIC-CXR\p10\p10\p10136619\s53291008.txt,matched,2,2,0
10136619,55078274,C:\Users\Zila\Downloads\BN5212\MIMIC-CXR\p10\p10\p10136619\s55078274.txt,no_matches,0,0,0
10136619,59152075,C:\Users\Zila\Downloads\BN5212\MIMIC-CXR\p10\p10\p10136619\s59152075.txt,no_matches,0,0,0
10136619,51371695,C:\Users\Zila\Downloads\BN5212\MIMIC-CXR\p10\p10\p10136619\s51371695.txt,no_matches,0,0,0
10136619,56080064,C:\Users\Zila\Downloads\BN5212\MIMIC-CXR\p10\p10\p10136619\s56080064.txt,no_matches,0,0,0
10136781,55725582,C:\Users\Zila\Downloads\BN5212\MIMIC-CXR\p10\p10\p10136781\s55725582.txt,matched,1,1,0
10136781,51240297,C:\Users\Zila\Downloads\BN5212\MIMIC-CXR\p10\p10\p10136781\s51240297.txt,matched,3,3,0
10136781,52677048,C:\Users\Zila\Downloads\BN5212\MIMIC-CXR\p10\p10\p10136781\s52677048.txt,no_matches,0,0,0
10136781,51355056,C:\Users\Zila\Downloads\BN5212\MIMIC-CXR\p10\p10\p10136781\s51355056.txt,no_matches,0,0,0
10136781,56279036,C:\Users\Zila\Downloads\BN5212\MIMIC-CXR\p10\p10\p10136781\s56279036.txt,matched,3,3,0
10136781,54554180,C:\Users\Zila\Downloads\BN5212\MIMIC-CXR\p10\p10\p10136781\s54554180.txt,no_matches,0,0,0
10136781,51621886,C:\Users\Zila\Downloads\BN5212\MIMIC-CXR\p10\p10\p10136781\s51621886.txt,matched,3,2,0
10136781,53757388,C:\Users\Zila\Downloads\BN5212\MIMIC-CXR\p10\p10\p10136781\s53757388.txt,matched,4,4,0
10136781,54911370,C:\Users\Zila\Downloads\BN5212\MIMIC-CXR\p10\p10\p10136781\s54911370.txt,unlabeled,0,0,0
10136781,53077019,C:\Users\Zila\Downloads\BN5212\MIMIC-CXR\p10\p10\p10136781\s53077019.txt,matched,3,2,0
10136839,54599727,C:\Users\Zila\Downloads\BN5212\MIMIC-CXR\p10\p10\p10136839\s54599727.txt,matched,1,1,0
10136839,54949728,C:\Users\Zila\Downloads\BN5212\MIMIC-CXR\p10\p10\p10136839\s54949728.txt,matched,2,2,0
10136839,59405145,C:\Users\Zila\Downloads\BN5212\MIMIC-CXR\p10\p10\p10136839\s59405145.txt,matched,2,2,0
10136839,52267647,C:\Users\Zila\Downloads\BN5212\MIMIC-CXR\p10\p10\p10136839\s52267647.txt,matched,1,1,0
10136839,56698791,C:\Users\Zila\Downloads\BN5212\MIMIC-CXR\p10\p10\p10136839\s56698791.txt,matched,3,3,0
10136921,54013318,C:\Users\Zila\Downloads\BN5212\MIMIC-CXR\p10\p10\p10136921\s54013318.txt,no_matches,0,0,0
10136921,57091328,C:\Users\Zila\Downloads\BN5212\MIMIC-CXR\p10\p10\p10136921\s57091328.txt,no_matches,0,0,0
10136921,59013669,C:\Users\Zila\Downloads\BN5212\MIMIC-CXR\p10\p10\p10136921\s59013669.txt,matched,2,2,0
10136978,53887380,C:\Users\Zila\Downloads\BN5212\MIMIC-CXR\p10\p10\p10136978\s53887380.txt,matched,3,3,0
10136978,52351452,C:\Users\Zila\Downloads\BN5212\MIMIC-CXR\p10\p10\p10136978\s52351452.txt,matched,1,1,1
10137100,52964568,C:\Users\Zila\Downloads\BN5212\MIMIC-CXR\p10\p10\p10137100\s52964568.txt,matched,4,3,0
10137100,57298029,C:\Users\Zila\Downloads\BN5212\MIMIC-CXR\p10\p10\p10137100\s57298029.txt,matched,5,4,0
10137289,59400588,C:\Users\Zila\Downloads\BN5212\MIMIC-CXR\p10\p10\p10137289\s59400588.txt,matched,4,3,0
10137289,54916710,C:\Users\Zila\Downloads\BN5212\MIMIC-CXR\p10\p10\p10137289\s54916710.txt,no_matches,0,0,0
10137553,50351797,C:\Users\Zila\Downloads\BN5212\MIMIC-CXR\p10\p10\p10137553\s50351797.txt,matched,4,3,0
10137553,59250674,C:\Users\Zila\Downloads\BN5212\MIMIC-CXR\p10\p10\p10137553\s59250674.txt,matched,3,2,0
10137553,58540899,C:\Users\Zila\Downloads\BN5212\MIMIC-CXR\p10\p10\p10137553\s58540899.txt,no_matches,0,0,0
10137553,54058594,C:\Users\Zila\Downloads\BN5212\MIMIC-CXR\p10\p10\p10137553\s54058594.txt,matched,5,3,0
10138124,58506312,C:\Users\Zila\Downloads\BN5212\MIMIC-CXR\p10\p10\p10138124\s58506312.txt,matched,2,1,0
10138124,57052610,C:\Users\Zila\Downloads\BN5212\MIMIC-CXR\p10\p10\p10138124\s57052610.txt,no_matches,0,0,0
10138124,55405859,C:\Users\Zila\Downloads\BN5212\MIMIC-CXR\p10\p10\p10138124\s55405859.txt,matched,1,1,0
10138124,53817398,C:\Users\Zila\Downloads\BN5212\MIMIC-CXR\p10\p10\p10138124\s53817398.txt,matched,1,1,0
10138124,57279849,C:\Users\Zila\Downloads\BN5212\MIMIC-CXR\p10\p10\p10138124\s57279849.txt,no_matches,0,0,0
10138124,50525058,C:\Users\Zila\Downloads\BN5212\MIMIC-CXR\p10\p10\p10138124\s50525058.txt,matched,3,3,0
10138124,55012094,C:\Users\Zila\Downloads\BN5212\MIMIC-CXR\p10\p10\p10138124\s55012094.txt,matched,1,1,0
10138124,52867167,C:\Users\Zila\Downloads\BN5212\MIMIC-CXR\p10\p10\p10138124\s52867167.txt,no_matches,0,0,0
10138124,52436559,C:\Users\Zila\Downloads\BN5212\MIMIC-CXR\p10\p10\p10138124\s52436559.txt,matched,3,3,0
10138124,56275565,C:\Users\Zila\Downloads\BN5212\MIMIC-CXR\p10\p10\p10138124\s56275565.txt,matched,1,1,0
10138124,50823885,C:\Users\Zila\Downloads\BN5212\MIMIC-CXR\p10\p10\p10138124\s50823885.txt,matched,1,1,0
10138440,55162560,C:\Users\Zila\Downloads\BN5212\MIMIC-CXR\p10\p10\p10138440\s55162560.txt,no_matches,0,0,0
10138440,53326395,C:\Users\Zila\Downloads\BN5212\MIMIC-CXR\p10\p10\p10138440\s53326395.txt,matched,1,1,0
10138917,50300111,C:\Users\Zila\Downloads\BN5212\MIMIC-CXR\p10\p10\p10138917\s50300111.txt,matched,1,1,0
10138917,55180150,C:\Users\Zila\Downloads\BN5212\MIMIC-CXR\p10\p10\p10138917\s55180150.txt,no_matches,0,0,0
10139117,58892350,C:\Users\Zila\Downloads\BN5212\MIMIC-CXR\p10\p10\p10139117\s58892350.txt,no_matches,0,0,0
10139117,56437500,C:\Users\Zila\Downloads\BN5212\MIMIC-CXR\p10\p10\p10139117\s56437500.txt,unlabeled,0,0,0
10139117,58673523,C:\Users\Zila\Downloads\BN5212\MIMIC-CXR\p10\p10\p10139117\s58673523.txt,no_matches,0,0,0
10139117,51389018,C:\Users\Zila\Downloads\BN5212\MIMIC-CXR\p10\p10\p10139117\s51389018.txt,matched,2,2,0
10139117,52974696,C:\Users\Zila\Downloads\BN5212\MIMIC-CXR\p10\p10\p10139117\s52974696.txt,matched,4,2,0
10139117,58434990,C:\Users\Zila\Downloads\BN5212\MIMIC-CXR\p10\p10\p10139117\s58434990.txt,matched,2,2,0
10139117,51159869,C:\Users\Zila\Downloads\BN5212\MIMIC-CXR\p10\p10\p10139117\s51159869.txt,matched,3,3,0
10139117,58914658,C:\Users\Zila\Downloads\BN5212\MIMIC-CXR\p10\p10\p10139117\s58914658.txt,matched,2,2,0
10139117,56852446,C:\Users\Zila\Downloads\BN5212\MIMIC-CXR\p10\p10\p10139117\s56852446.txt,unlabeled,0,0,0
10139117,54929065,C:\Users\Zila\Downloads\BN5212\MIMIC-CXR\p10\p10\p10139117\s54929065.txt,matched,2,1,1
10139117,57272007,C:\Users\Zila\Downloads\BN5212\MIMIC-CXR\p10\p10\p10139117\s57272007.txt,matched,6,3,2
10139461,58184654,C:\Users\Zila\Downloads\BN5212\MIMIC-CXR\p10\p10\p10139461\s58184654.txt,matched,3,3,0
10139461,54628956,C:\Users\Zila\Downloads\BN5212\MIMIC-CXR\p10\p10\p10139461\s54628956.txt,matched,3,3,0
10140467,53583626,C:\Users\Zila\Downloads\BN5212\MIMIC-CXR\p10\p10\p10140467\s53583626.txt,matched,7,4,0
10140467,58680101,C:\Users\Zila\Downloads\BN5212\MIMIC-CXR\p10\p10\p10140467\s58680101.txt,no_matches,0,0,0
10141035,50251980,C:\Users\Zila\Downloads\BN5212\MIMIC-CXR\p10\p10\p10141035\s50251980.txt,matched,3,3,0
10141035,57701217,C:\Users\Zila\Downloads\BN5212\MIMIC-CXR\p10\p10\p10141035\s57701217.txt,no_matches,0,0,0
10141364,57510032,C:\Users\Zila\Downloads\BN5212\MIMIC-CXR\p10\p10\p10141364\s57510032.txt,matched,1,1,0
10141364,59692929,C:\Users\Zila\Downloads\BN5212\MIMIC-CXR\p10\p10\p10141364\s59692929.txt,no_matches,0,0,0
10141364,50179434,C:\Users\Zila\Downloads\BN5212\MIMIC-CXR\p10\p10\p10141364\s50179434.txt,matched,3,3,0
10141364,54121158,C:\Users\Zila\Downloads\BN5212\MIMIC-CXR\p10\p10\p10141364\s54121158.txt,unlabeled,0,0,0
10141364,59076000,C:\Users\Zila\Downloads\BN5212\MIMIC-CXR\p10\p10\p10141364\s59076000.txt,no_matches,0,0,0
10141364,52166000,C:\Users\Zila\Downloads\BN5212\MIMIC-CXR\p10\p10\p10141364\s52166000.txt,matched,3,3,2
10141364,58570511,C:\Users\Zila\Downloads\BN5212\MIMIC-CXR\p10\p10\p10141364\s58570511.txt,matched,1,1,0
10141364,52527350,C:\Users\Zila\Downloads\BN5212\MIMIC-CXR\p10\p10\p10141364\s52527350.txt,no_matches,0,0,0
10141364,54824669,C:\Users\Zila\Downloads\BN5212\MIMIC-CXR\p10\p10\p10141364\s54824669.txt,matched,2,2,0
10141364,57466679,C:\Users\Zila\Downloads\BN5212\MIMIC-CXR\p10\p10\p10141364\s57466679.txt,matched,2,2,0
10141364,57076658,C:\Users\Zila\Downloads\BN5212\MIMIC-CXR\p10\p10\p10141364\s57076658.txt,matched,3,3,0
10141364,54175831,C:\Users\Zila\Downloads\BN5212\MIMIC-CXR\p10\p10\p10141364\s54175831.txt,matched,3,2,0
10141364,52627844,C:\Users\Zila\Downloads\BN5212\MIMIC-CXR\p10\p10\p10141364\s52627844.txt,matched,1,1,0
10141364,50976286,C:\Users\Zila\Downloads\BN5212\MIMIC-CXR\p10\p10\p10141364\s50976286.txt,matched,1,1,0
10141364,57432650,C:\Users\Zila\Downloads\BN5212\MIMIC-CXR\p10\p10\p10141364\s57432650.txt,matched,1,1,0
10141364,54003357,C:\Users\Zila\Downloads\BN5212\MIMIC-CXR\p10\p10\p10141364\s54003357.txt,matched,2,1,0
10141364,50036637,C:\Users\Zila\Downloads\BN5212\MIMIC-CXR\p10\p10\p10141364\s50036637.txt,matched,4,4,0
10141364,59338846,C:\Users\Zila\Downloads\BN5212\MIMIC-CXR\p10\p10\p10141364\s59338846.txt,matched,1,1,0
10141364,55006401,C:\Users\Zila\Downloads\BN5212\MIMIC-CXR\p10\p10\p10141364\s55006401.txt,matched,4,2,0
10141364,51265208,C:\Users\Zila\Downloads\BN5212\MIMIC-CXR\p10\p10\p10141364\s51265208.txt,no_matches,0,0,0
10141364,54771176,C:\Users\Zila\Downloads\BN5212\MIMIC-CXR\p10\p10\p10141364\s54771176.txt,no_matches,0,0,0
10141364,50909732,C:\Users\Zila\Downloads\BN5212\MIMIC-CXR\p10\p10\p10141364\s50909732.txt,matched,3,2,1
10141364,51234619,C:\Users\Zila\Downloads\BN5212\MIMIC-CXR\p10\p10\p10141364\s51234619.txt,matched,1,1,0
10141364,51373056,C:\Users\Zila\Downloads\BN5212\MIMIC-CXR\p10\p10\p10141364\s51373056.txt,matched,8,2,0
10141364,56176263,C:\Users\Zila\Downloads\BN5212\MIMIC-CXR\p10\p10\p10141364\s56176263.txt,matched,3,2,1
10141364,54252162,C:\Users\Zila\Downloads\BN5212\MIMIC-CXR\p10\p10\p10141364\s54252162.txt,matched,1,1,0
10141505,58071872,C:\Users\Zila\Downloads\BN5212\MIMIC-CXR\p10\p10\p10141505\s58071872.txt,no_matches,0,0,0
10141505,56839567,C:\Users\Zila\Downloads\BN5212\MIMIC-CXR\p10\p10\p10141505\s56839567.txt,matched,2,2,0
10141505,55651419,C:\Users\Zila\Downloads\BN5212\MIMIC-CXR\p10\p10\p10141505\s55651419.txt,matched,2,2,0
10141505,54175429,C:\Users\Zila\Downloads\BN5212\MIMIC-CXR\p10\p10\p10141505\s54175429.txt,matched,1,1,0
10141559,59576333,C:\Users\Zila\Downloads\BN5212\MIMIC-CXR\p10\p10\p10141559\s59576333.txt,matched,1,1,0
10141559,57909972,C:\Users\Zila\Downloads\BN5212\MIMIC-CXR\p10\p10\p10141559\s57909972.txt,matched,8,5,0
10141559,55304154,C:\Users\Zila\Downloads\BN5212\MIMIC-CXR\p10\p10\p10141559\s55304154.txt,no_matches,0,0,0
10141559,55460747,C:\Users\Zila\Downloads\BN5212\MIMIC-CXR\p10\p10\p10141559\s55460747.txt,matched,3,3,0
10141577,59164443,C:\Users\Zila\Downloads\BN5212\MIMIC-CXR\p10\p10\p10141577\s59164443.txt,matched,2,1,0
10141577,59150196,C:\Users\Zila\Downloads\BN5212\MIMIC-CXR\p10\p10\p10141577\s59150196.txt,matched,4,4,0
10141577,57173218,C:\Users\Zila\Downloads\BN5212\MIMIC-CXR\p10\p10\p10141577\s57173218.txt,matched,6,3,0
10141577,59612313,C:\Users\Zila\Downloads\BN5212\MIMIC-CXR\p10\p10\p10141577\s59612313.txt,matched,4,3,0
10141577,52731052,C:\Users\Zila\Downloads\BN5212\MIMIC-CXR\p10\p10\p10141577\s52731052.txt,no_matches,0,0,0
10142207,53004154,C:\Users\Zila\Downloads\BN5212\MIMIC-CXR\p10\p10\p10142207\s53004154.txt,no_matches,0,0,0
10142207,56266463,C:\Users\Zila\Downloads\BN5212\MIMIC-CXR\p10\p10\p10142207\s56266463.txt,matched,1,1,0
10142391,50901503,C:\Users\Zila\Downloads\BN5212\MIMIC-CXR\p10\p10\p10142391\s50901503.txt,matched,1,1,0
10142391,57030779,C:\Users\Zila\Downloads\BN5212\MIMIC-CXR\p10\p10\p10142391\s57030779.txt,matched,1,1,0
10142639,51984612,C:\Users\Zila\Downloads\BN5212\MIMIC-CXR\p10\p10\p10142639\s51984612.txt,no_matches,0,0,0
10142639,56078362,C:\Users\Zila\Downloads\BN5212\MIMIC-CXR\p10\p10\p10142639\s56078362.txt,matched,1,1,0
10142844,56628641,C:\Users\Zila\Downloads\BN5212\MIMIC-CXR\p10\p10\p10142844\s56628641.txt,matched,2,2,0
10142844,54376788,C:\Users\Zila\Downloads\BN5212\MIMIC-CXR\p10\p10\p10142844\s54376788.txt,matched,3,3,0
10142844,58123495,C:\Users\Zila\Downloads\BN5212\MIMIC-CXR\p10\p10\p10142844\s58123495.txt,matched,1,1,0
10142844,52846456,C:\Users\Zila\Downloads\BN5212\MIMIC-CXR\p10\p10\p10142844\s52846456.txt,matched,1,1,0
10143015,57326215,C:\Users\Zila\Downloads\BN5212\MIMIC-CXR\p10\p10\p10143015\s57326215.txt,matched,5,4,0
10143015,54818930,C:\Users\Zila\Downloads\BN5212\MIMIC-CXR\p10\p10\p10143015\s54818930.txt,matched,1,1,0
10143015,51845274,C:\Users\Zila\Downloads\BN5212\MIMIC-CXR\p10\p10\p10143015\s51845274.txt,matched,3,2,0
10143015,59849709,C:\Users\Zila\Downloads\BN5212\MIMIC-CXR\p10\p10\p10143015\s59849709.txt,matched,2,2,0
10143015,55954238,C:\Users\Zila\Downloads\BN5212\MIMIC-CXR\p10\p10\p10143015\s55954238.txt,matched,3,2,0
10143711,57365865,C:\Users\Zila\Downloads\BN5212\MIMIC-CXR\p10\p10\p10143711\s57365865.txt,matched,3,2,0
10143711,53622177,C:\Users\Zila\Downloads\BN5212\MIMIC-CXR\p10\p10\p10143711\s53622177.txt,matched,5,3,0
10144083,50264300,C:\Users\Zila\Downloads\BN5212\MIMIC-CXR\p10\p10\p10144083\s50264300.txt,no_matches,0,0,0
10144083,55439095,C:\Users\Zila\Downloads\BN5212\MIMIC-CXR\p10\p10\p10144083\s55439095.txt,matched,1,1,0
10144239,56801750,C:\Users\Zila\Downloads\BN5212\MIMIC-CXR\p10\p10\p10144239\s56801750.txt,matched,1,1,0
10144239,58177856,C:\Users\Zila\Downloads\BN5212\MIMIC-CXR\p10\p10\p10144239\s58177856.txt,matched,1,1,0
10144359,53495959,C:\Users\Zila\Downloads\BN5212\MIMIC-CXR\p10\p10\p10144359\s53495959.txt,matched,1,1,0
10144359,51101501,C:\Users\Zila\Downloads\BN5212\MIMIC-CXR\p10\p10\p10144359\s51101501.txt,matched,4,4,0
10144359,53063959,C:\Users\Zila\Downloads\BN5212\MIMIC-CXR\p10\p10\p10144359\s53063959.txt,matched,2,2,0
10144359,51740219,C:\Users\Zila\Downloads\BN5212\MIMIC-CXR\p10\p10\p10144359\s51740219.txt,no_matches,0,0,0
10144406,57794750,C:\Users\Zila\Downloads\BN5212\MIMIC-CXR\p10\p10\p10144406\s57794750.txt,unlabeled,0,0,0
10144406,54516541,C:\Users\Zila\Downloads\BN5212\MIMIC-CXR\p10\p10\p10144406\s54516541.txt,matched,2,2,0
10144406,53849357,C:\Users\Zila\Downloads\BN5212\MIMIC-CXR\p10\p10\p10144406\s53849357.txt,matched,1,1,0
10144406,50348645,C:\Users\Zila\Downloads\BN5212\MIMIC-CXR\p10\p10\p10144406\s50348645.txt,matched,1,1,0
10144424,52247265,C:\Users\Zila\Downloads\BN5212\MIMIC-CXR\p10\p10\p10144424\s52247265.txt,no_matches,0,0,0
10144424,59575628,C:\Users\Zila\Downloads\BN5212\MIMIC-CXR\p10\p10\p10144424\s59575628.txt,no_matches,0,0,0
10144424,55318406,C:\Users\Zila\Downloads\BN5212\MIMIC-CXR\p10\p10\p10144424\s55318406.txt,no_matches,0,0,0
10144569,57864663,C:\Users\Zila\Downloads\BN5212\MIMIC-CXR\p10\p10\p10144569\s57864663.txt,matched,1,1,0
10144569,50060718,C:\Users\Zila\Downloads\BN5212\MIMIC-CXR\p10\p10\p10144569\s50060718.txt,unlabeled,0,0,0
10144569,59187161,C:\Users\Zila\Downloads\BN5212\MIMIC-CXR\p10\p10\p10144569\s59187161.txt,matched,1,1,0
10144569,51128682,C:\Users\Zila\Downloads\BN5212\MIMIC-CXR\p10\p10\p10144569\s51128682.txt,matched,3,3,0
10144569,54816756,C:\Users\Zila\Downloads\BN5212\MIMIC-CXR\p10\p10\p10144569\s54816756.txt,matched,1,1,0
10144569,54668346,C:\Users\Zila\Downloads\BN5212\MIMIC-CXR\p10\p10\p10144569\s54668346.txt,matched,1,1,0
10144569,59452700,C:\Users\Zila\Downloads\BN5212\MIMIC-CXR\p10\p10\p10144569\s59452700.txt,no_matches,0,0,0
10144569,58121875,C:\Users\Zila\Downloads\BN5212\MIMIC-CXR\p10\p10\p10144569\s58121875.txt,no_matches,0,0,0
10144569,56547879,C:\Users\Zila\Downloads\BN5212\MIMIC-CXR\p10\p10\p10144569\s56547879.txt,no_matches,0,0,0
10144569,52151570,C:\Users\Zila\Downloads\BN5212\MIMIC-CXR\p10\p10\p10144569\s52151570.txt,no_matches,0,0,0
10145301,54325600,C:\Users\Zila\Downloads\BN5212\MIMIC-CXR\p10\p10\p10145301\s54325600.txt,no_matches,0,0,0
10145301,55789030,C:\Users\Zila\Downloads\BN5212\MIMIC-CXR\p10\p10\p10145301\s55789030.txt,matched,1,1,0
10145374,53602703,C:\Users\Zila\Downloads\BN5212\MIMIC-CXR\p10\p10\p10145374\s53602703.txt,matched,2,2,0
10145374,52207654,C:\Users\Zila\Downloads\BN5212\MIMIC-CXR\p10\p10\p10145374\s52207654.txt,matched,3,3,0
10145417,53936205,C:\Users\Zila\Downloads\BN5212\MIMIC-CXR\p10\p10\p10145417\s53936205.txt,unlabeled,0,0,0
10145417,56206403,C:\Users\Zila\Downloads\BN5212\MIMIC-CXR\p10\p10\p10145417\s56206403.txt,no_matches,0,0,0
10145540,52539681,C:\Users\Zila\Downloads\BN5212\MIMIC-CXR\p10\p10\p10145540\s52539681.txt,matched,2,2,0
10145540,55207194,C:\Users\Zila\Downloads\BN5212\MIMIC-CXR\p10\p10\p10145540\s55207194.txt,matched,3,3,0
10145540,50078781,C:\Users\Zila\Downloads\BN5212\MIMIC-CXR\p10\p10\p10145540\s50078781.txt,matched,1,1,0
10145540,54716374,C:\Users\Zila\Downloads\BN5212\MIMIC-CXR\p10\p10\p10145540\s54716374.txt,matched,3,3,0
10145540,59816366,C:\Users\Zila\Downloads\BN5212\MIMIC-CXR\p10\p10\p10145540\s59816366.txt,matched,1,1,0
10145540,57824903,C:\Users\Zila\Downloads\BN5212\MIMIC-CXR\p10\p10\p10145540\s57824903.txt,matched,3,3,0
10145540,54130900,C:\Users\Zila\Downloads\BN5212\MIMIC-CXR\p10\p10\p10145540\s54130900.txt,matched,1,1,0
10145540,53335438,C:\Users\Zila\Downloads\BN5212\MIMIC-CXR\p10\p10\p10145540\s53335438.txt,no_matches,0,0,0
10145540,51265383,C:\Users\Zila\Downloads\BN5212\MIMIC-CXR\p10\p10\p10145540\s51265383.txt,matched,1,1,0
10145540,55521535,C:\Users\Zila\Downloads\BN5212\MIMIC-CXR\p10\p10\p10145540\s55521535.txt,matched,2,2,0
10145553,54510240,C:\Users\Zila\Downloads\BN5212\MIMIC-CXR\p10\p10\p10145553\s54510240.txt,matched,1,1,0
10145553,59304812,C:\Users\Zila\Downloads\BN5212\MIMIC-CXR\p10\p10\p10145553\s59304812.txt,matched,2,2,0
10145553,55199151,C:\Users\Zila\Downloads\BN5212\MIMIC-CXR\p10\p10\p10145553\s55199151.txt,matched,1,1,0
10146281,52926365,C:\Users\Zila\Downloads\BN5212\MIMIC-CXR\p10\p10\p10146281\s52926365.txt,matched,1,1,0
10146281,51646910,C:\Users\Zila\Downloads\BN5212\MIMIC-CXR\p10\p10\p10146281\s51646910.txt,matched,1,1,0
10146311,59720163,C:\Users\Zila\Downloads\BN5212\MIMIC-CXR\p10\p10\p10146311\s59720163.txt,matched,1,1,0
10146311,56184592,C:\Users\Zila\Downloads\BN5212\MIMIC-CXR\p10\p10\p10146311\s56184592.txt,matched,1,1,0
10146602,57743324,C:\Users\Zila\Downloads\BN5212\MIMIC-CXR\p10\p10\p10146602\s57743324.txt,matched,1,1,0
10146602,55984261,C:\Users\Zila\Downloads\BN5212\MIMIC-CXR\p10\p10\p10146602\s55984261.txt,matched,1,1,0
10146602,58110651,C:\Users\Zila\Downloads\BN5212\MIMIC-CXR\p10\p10\p10146602\s58110651.txt,matched,1,1,0
10146602,51154665,C:\Users\Zila\Downloads\BN5212\MIMIC-CXR\p10\p10\p10146602\s51154665.txt,no_matches,0,0,0
10146602,51143989,C:\Users\Zila\Downloads\BN5212\MIMIC-CXR\p10\p10\p10146602\s51143989.txt,no_matches,0,0,0
10146602,59651572,C:\Users\Zila\Downloads\BN5212\MIMIC-CXR\p10\p10\p10146602\s59651572.txt,matched,1,1,0
10146602,52221045,C:\Users\Zila\Downloads\BN5212\MIMIC-CXR\p10\p10\p10146602\s52221045.txt,matched,3,2,0
10146602,58060815,C:\Users\Zila\Downloads\BN5212\MIMIC-CXR\p10\p10\p10146602\s58060815.txt,matched,4,4,0
10146602,54990601,C:\Users\Zila\Downloads\BN5212\MIMIC-CXR\p10\p10\p10146602\s54990601.txt,matched,4,4,0
10146602,54701974,C:\Users\Zila\Downloads\BN5212\MIMIC-CXR\p10\p10\p10146602\s54701974.txt,matched,5,3,0
10146602,52162525,C:\Users\Zila\Downloads\BN5212\MIMIC-CXR\p10\p10\p10146602\s52162525.txt,matched,1,1,0
10146602,52688797,C:\Users\Zila\Downloads\BN5212\MIMIC-CXR\p10\p10\p10146602\s52688797.txt,no_matches,0,0,0
10146602,59942050,C:\Users\Zila\Downloads\BN5212\MIMIC-CXR\p10\p10\p10146602\s59942050.txt,matched,3,3,0
10146602,52085847,C:\Users\Zila\Downloads\BN5212\MIMIC-CXR\p10\p10\p10146602\s52085847.txt,matched,2,2,0
10146602,53877270,C:\Users\Zila\Downloads\BN5212\MIMIC-CXR\p10\p10\p10146602\s53877270.txt,no_matches,0,0,0
10146602,56299651,C:\Users\Zila\Downloads\BN5212\MIMIC-CXR\p10\p10\p10146602\s56299651.txt,matched,2,1,0
10146603,55499730,C:\Users\Zila\Downloads\BN5212\MIMIC-CXR\p10\p10\p10146603\s55499730.txt,matched,4,4,0
10146603,58969505,C:\Users\Zila\Downloads\BN5212\MIMIC-CXR\p10\p10\p10146603\s58969505.txt,matched,1,1,0
10146603,56370963,C:\Users\Zila\Downloads\BN5212\MIMIC-CXR\p10\p10\p10146603\s56370963.txt,matched,2,2,0
10146735,55795480,C:\Users\Zila\Downloads\BN5212\MIMIC-CXR\p10\p10\p10146735\s55795480.txt,matched,3,3,0
10146735,55231855,C:\Users\Zila\Downloads\BN5212\MIMIC-CXR\p10\p10\p10146735\s55231855.txt,matched,1,1,0
10146735,51894296,C:\Users\Zila\Downloads\BN5212\MIMIC-CXR\p10\p10\p10146735\s51894296.txt,no_matches,0,0,0
10146735,54631954,C:\Users\Zila\Downloads\BN5212\MIMIC-CXR\p10\p10\p10146735\s54631954.txt,matched,1,1,0
10146735,52092243,C:\Users\Zila\Downloads\BN5212\MIMIC-CXR\p10\p10\p10146735\s52092243.txt,matched,3,3,0
10146735,51392320,C:\Users\Zila\Downloads\BN5212\MIMIC-CXR\p10\p10\p10146735\s51392320.txt,matched,2,2,0
10146782,57345772,C:\Users\Zila\Downloads\BN5212\MIMIC-CXR\p10\p10\p10146782\s57345772.txt,matched,1,1,0
10146782,53371236,C:\Users\Zila\Downloads\BN5212\MIMIC-CXR\p10\p10\p10146782\s53371236.txt,matched,1,1,0
10146782,51795468,C:\Users\Zila\Downloads\BN5212\MIMIC-CXR\p10\p10\p10146782\s51795468.txt,matched,1,1,0
10146782,57196287,C:\Users\Zila\Downloads\BN5212\MIMIC-CXR\p10\p10\p10146782\s57196287.txt,no_matches,0,0,0
10146782,55548021,C:\Users\Zila\Downloads\BN5212\MIMIC-CXR\p10\p10\p10146782\s55548021.txt,matched,1,1,0
10146782,54867149,C:\Users\Zila\Downloads\BN5212\MIMIC-CXR\p10\p10\p10146782\s54867149.txt,no_matches,0,0,0
10146782,57177786,C:\Users\Zila\Downloads\BN5212\MIMIC-CXR\p10\p10\p10146782\s57177786.txt,matched,2,2,0
10146782,53881531,C:\Users\Zila\Downloads\BN5212\MIMIC-CXR\p10\p10\p10146782\s53881531.txt,no_matches,0,0,0
10146782,59300317,C:\Users\Zila\Downloads\BN5212\MIMIC-CXR\p10\p10\p10146782\s59300317.txt,matched,1,1,0
10146904,56250804,C:\Users\Zila\Downloads\BN5212\MIMIC-CXR\p10\p10\p10146904\s56250804.txt,matched,1,1,0
10146904,53005628,C:\Users\Zila\Downloads\BN5212\MIMIC-CXR\p10\p10\p10146904\s53005628.txt,no_matches,0,0,0
10146904,57831256,C:\Users\Zila\Downloads\BN5212\MIMIC-CXR\p10\p10\p10146904\s57831256.txt,matched,1,1,0
10146904,58446407,C:\Users\Zila\Downloads\BN5212\MIMIC-CXR\p10\p10\p10146904\s58446407.txt,matched,1,1,0
10146904,57356902,C:\Users\Zila\Downloads\BN5212\MIMIC-CXR\p10\p10\p10146904\s57356902.txt,matched,1,1,0
10146971,52949215,C:\Users\Zila\Downloads\BN5212\MIMIC-CXR\p10\p10\p10146971\s52949215.txt,no_matches,0,0,0
10146971,53192915,C:\Users\Zila\Downloads\BN5212\MIMIC-CXR\p10\p10\p10146971\s53192915.txt,matched,1,1,0
10146991,53110191,C:\Users\Zila\Downloads\BN5212\MIMIC-CXR\p10\p10\p10146991\s53110191.txt,matched,3,3,0
10146991,56851410,C:\Users\Zila\Downloads\BN5212\MIMIC-CXR\p10\p10\p10146991\s56851410.txt,no_matches,0,0,0
10146991,54376212,C:\Users\Zila\Downloads\BN5212\MIMIC-CXR\p10\p10\p10146991\s54376212.txt,matched,1,1,0
10147087,51369756,C:\Users\Zila\Downloads\BN5212\MIMIC-CXR\p10\p10\p10147087\s51369756.txt,no_matches,0,0,0
10147087,55370162,C:\Users\Zila\Downloads\BN5212\MIMIC-CXR\p10\p10\p10147087\s55370162.txt,no_matches,0,0,0
10147087,52879439,C:\Users\Zila\Downloads\BN5212\MIMIC-CXR\p10\p10\p10147087\s52879439.txt,no_matches,0,0,0
10147087,51265107,C:\Users\Zila\Downloads\BN5212\MIMIC-CXR\p10\p10\p10147087\s51265107.txt,no_matches,0,0,0
10147499,51784978,C:\Users\Zila\Downloads\BN5212\MIMIC-CXR\p10\p10\p10147499\s51784978.txt,no_matches,0,0,0
10147499,52304562,C:\Users\Zila\Downloads\BN5212\MIMIC-CXR\p10\p10\p10147499\s52304562.txt,matched,1,1,0
10147617,50430914,C:\Users\Zila\Downloads\BN5212\MIMIC-CXR\p10\p10\p10147617\s50430914.txt,matched,1,1,0
10147617,52453120,C:\Users\Zila\Downloads\BN5212\MIMIC-CXR\p10\p10\p10147617\s52453120.txt,matched,1,1,0
10147617,56057764,C:\Users\Zila\Downloads\BN5212\MIMIC-CXR\p10\p10\p10147617\s56057764.txt,no_matches,0,0,0
10147617,59513499,C:\Users\Zila\Downloads\BN5212\MIMIC-CXR\p10\p10\p10147617\s59513499.txt,matched,2,1,0
10147617,57844401,C:\Users\Zila\Downloads\BN5212\MIMIC-CXR\p10\p10\p10147617\s57844401.txt,matched,3,2,0
10147617,57642139,C:\Users\Zila\Downloads\BN5212\MIMIC-CXR\p10\p10\p10147617\s57642139.txt,matched,2,2,0
10147617,56711646,C:\Users\Zila\Downloads\BN5212\MIMIC-CXR\p10\p10\p10147617\s56711646.txt,matched,2,2,0
10148145,57709480,C:\Users\Zila\Downloads\BN5212\MIMIC-CXR\p10\p10\p10148145\s57709480.txt,no_matches,0,0,0
10148145,54466841,C:\Users\Zila\Downloads\BN5212\MIMIC-CXR\p10\p10\p10148145\s54466841.txt,no_matches,0,0,0
10148417,52638955,C:\Users\Zila\Downloads\BN5212\MIMIC-CXR\p10\p10\p10148417\s52638955.txt,matched,2,2,0
10148417,55128600,C:\Users\Zila\Downloads\BN5212\MIMIC-CXR\p10\p10\p10148417\s55128600.txt,matched,1,1,0
10148417,59769212,C:\Users\Zila\Downloads\BN5212\MIMIC-CXR\p10\p10\p10148417\s59769212.txt,matched,1,1,0
10148417,52789709,C:\Users\Zila\Downloads\BN5212\MIMIC-CXR\p10\p10\p10148417\s52789709.txt,matched,2,2,2
10148417,56219492,C:\Users\Zila\Downloads\BN5212\MIMIC-CXR\p10\p10\p10148417\s56219492.txt,matched,2,2,1
10148417,52726940,C:\Users\Zila\Downloads\BN5212\MIMIC-CXR\p10\p10\p10148417\s52726940.txt,matched,1,1,0
10148417,54927021,C:\Users\Zila\Downloads\BN5212\MIMIC-CXR\p10\p10\p10148417\s54927021.txt,matched,5,3,0
10148417,53727782,C:\Users\Zila\Downloads\BN5212\MIMIC-CXR\p10\p10\p10148417\s53727782.txt,matched,3,3,3
10148417,52436212,C:\Users\Zila\Downloads\BN5212\MIMIC-CXR\p10\p10\p10148417\s52436212.txt,matched,2,2,0
10148417,59848740,C:\Users\Zila\Downloads\BN5212\MIMIC-CXR\p10\p10\p10148417\s59848740.txt,matched,3,2,1
10148417,58281819,C:\Users\Zila\Downloads\BN5212\MIMIC-CXR\p10\p10\p10148417\s58281819.txt,matched,2,2,1
10148417,57323547,C:\Users\Zila\Downloads\BN5212\MIMIC-CXR\p10\p10\p10148417\s57323547.txt,matched,4,4,0
10148417,52506753,C:\Users\Zila\Downloads\BN5212\MIMIC-CXR\p10\p10\p10148417\s52506753.txt,matched,4,4,0
10148417,53837641,C:\Users\Zila\Downloads\BN5212\MIMIC-CXR\p10\p10\p10148417\s53837641.txt,matched,3,3,0
10148417,54949159,C:\Users\Zila\Downloads\BN5212\MIMIC-CXR\p10\p10\p10148417\s54949159.txt,no_matches,0,0,0
10148417,55220421,C:\Users\Zila\Downloads\BN5212\MIMIC-CXR\p10\p10\p10148417\s55220421.txt,unlabeled,0,0,0
10148417,58855158,C:\Users\Zila\Downloads\BN5212\MIMIC-CXR\p10\p10\p10148417\s58855158.txt,matched,2,2,2
10148417,56405804,C:\Users\Zila\Downloads\BN5212\MIMIC-CXR\p10\p10\p10148417\s56405804.txt,matched,1,1,0
10148417,59773136,C:\Users\Zila\Downloads\BN5212\MIMIC-CXR\p10\p10\p10148417\s59773136.txt,matched,5,3,0
10148417,56636687,C:\Users\Zila\Downloads\BN5212\MIMIC-CXR\p10\p10\p10148417\s56636687.txt,matched,2,2,0
10148533,54192993,C:\Users\Zila\Downloads\BN5212\MIMIC-CXR\p10\p10\p10148533\s54192993.txt,unlabeled,0,0,0
10148533,50978203,C:\Users\Zila\Downloads\BN5212\MIMIC-CXR\p10\p10\p10148533\s50978203.txt,unlabeled,0,0,0
10149287,51036566,C:\Users\Zila\Downloads\BN5212\MIMIC-CXR\p10\p10\p10149287\s51036566.txt,matched,4,4,0
10149287,51338925,C:\Users\Zila\Downloads\BN5212\MIMIC-CXR\p10\p10\p10149287\s51338925.txt,matched,5,4,0
10149287,52891300,C:\Users\Zila\Downloads\BN5212\MIMIC-CXR\p10\p10\p10149287\s52891300.txt,no_matches,0,0,0
10149287,53193517,C:\Users\Zila\Downloads\BN5212\MIMIC-CXR\p10\p10\p10149287\s53193517.txt,matched,4,3,0
10149316,59440282,C:\Users\Zila\Downloads\BN5212\MIMIC-CXR\p10\p10\p10149316\s59440282.txt,matched,3,3,0
10149316,59435002,C:\Users\Zila\Downloads\BN5212\MIMIC-CXR\p10\p10\p10149316\s59435002.txt,matched,4,4,0
10149316,56096308,C:\Users\Zila\Downloads\BN5212\MIMIC-CXR\p10\p10\p10149316\s56096308.txt,unlabeled,0,0,0
10149498,58217353,C:\Users\Zila\Downloads\BN5212\MIMIC-CXR\p10\p10\p10149498\s58217353.txt,no_matches,0,0,0
10149498,54680745,C:\Users\Zila\Downloads\BN5212\MIMIC-CXR\p10\p10\p10149498\s54680745.txt,matched,3,2,0
10149498,57300227,C:\Users\Zila\Downloads\BN5212\MIMIC-CXR\p10\p10\p10149498\s57300227.txt,matched,3,2,0
10149498,51595727,C:\Users\Zila\Downloads\BN5212\MIMIC-CXR\p10\p10\p10149498\s51595727.txt,matched,2,2,0
10149498,52174005,C:\Users\Zila\Downloads\BN5212\MIMIC-CXR\p10\p10\p10149498\s52174005.txt,matched,2,2,0
10149624,56382361,C:\Users\Zila\Downloads\BN5212\MIMIC-CXR\p10\p10\p10149624\s56382361.txt,matched,1,1,0
10149624,59723257,C:\Users\Zila\Downloads\BN5212\MIMIC-CXR\p10\p10\p10149624\s59723257.txt,matched,1,1,0
10149624,52065843,C:\Users\Zila\Downloads\BN5212\MIMIC-CXR\p10\p10\p10149624\s52065843.txt,matched,1,1,0
10149624,51809279,C:\Users\Zila\Downloads\BN5212\MIMIC-CXR\p10\p10\p10149624\s51809279.txt,matched,2,2,0
10149722,56492776,C:\Users\Zila\Downloads\BN5212\MIMIC-CXR\p10\p10\p10149722\s56492776.txt,matched,6,5,0
10149722,59687570,C:\Users\Zila\Downloads\BN5212\MIMIC-CXR\p10\p10\p10149722\s59687570.txt,matched,2,2,0
10149722,58824234,C:\Users\Zila\Downloads\BN5212\MIMIC-CXR\p10\p10\p10149722\s58824234.txt,matched,4,3,0
10150056,57942538,C:\Users\Zila\Downloads\BN5212\MIMIC-CXR\p10\p10\p10150056\s57942538.txt,matched,2,1,0
10150056,55326152,C:\Users\Zila\Downloads\BN5212\MIMIC-CXR\p10\p10\p10150056\s55326152.txt,no_matches,0,0,0
10150056,55295847,C:\Users\Zila\Downloads\BN5212\MIMIC-CXR\p10\p10\p10150056\s55295847.txt,matched,1,1,0
10150056,51816946,C:\Users\Zila\Downloads\BN5212\MIMIC-CXR\p10\p10\p10150056\s51816946.txt,matched,2,2,0
10150056,56720087,C:\Users\Zila\Downloads\BN5212\MIMIC-CXR\p10\p10\p10150056\s56720087.txt,no_matches,0,0,0
10150056,50811665,C:\Users\Zila\Downloads\BN5212\MIMIC-CXR\p10\p10\p10150056\s50811665.txt,unlabeled,0,0,0
10150056,53534273,C:\Users\Zila\Downloads\BN5212\MIMIC-CXR\p10\p10\p10150056\s53534273.txt,unlabeled,0,0,0
10150056,50516357,C:\Users\Zila\Downloads\BN5212\MIMIC-CXR\p10\p10\p10150056\s50516357.txt,matched,1,1,0
10150056,58241083,C:\Users\Zila\Downloads\BN5212\MIMIC-CXR\p10\p10\p10150056\s58241083.txt,matched,6,5,2
10150056,50100453,C:\Users\Zila\Downloads\BN5212\MIMIC-CXR\p10\p10\p10150056\s50100453.txt,matched,3,2,0
10150056,57328181,C:\Users\Zila\Downloads\BN5212\MIMIC-CXR\p10\p10\p10150056\s57328181.txt,matched,3,2,0
10150279,58104553,C:\Users\Zila\Downloads\BN5212\MIMIC-CXR\p10\p10\p10150279\s58104553.txt,matched,4,4,0
10150279,52921861,C:\Users\Zila\Downloads\BN5212\MIMIC-CXR\p10\p10\p10150279\s52921861.txt,matched,2,2,0
10150279,55801671,C:\Users\Zila\Downloads\BN5212\MIMIC-CXR\p10\p10\p10150279\s55801671.txt,no_matches,0,0,0
10150279,51104540,C:\Users\Zila\Downloads\BN5212\MIMIC-CXR\p10\p10\p10150279\s51104540.txt,unlabeled,0,0,0
10150279,55477806,C:\Users\Zila\Downloads\BN5212\MIMIC-CXR\p10\p10\p10150279\s55477806.txt,matched,6,4,0
10150465,59953574,C:\Users\Zila\Downloads\BN5212\MIMIC-CXR\p10\p10\p10150465\s59953574.txt,no_matches,0,0,0
10150465,51024959,C:\Users\Zila\Downloads\BN5212\MIMIC-CXR\p10\p10\p10150465\s51024959.txt,matched,2,1,0
10150465,58232958,C:\Users\Zila\Downloads\BN5212\MIMIC-CXR\p10\p10\p10150465\s58232958.txt,matched,2,2,0
10150767,58651163,C:\Users\Zila\Downloads\BN5212\MIMIC-CXR\p10\p10\p10150767\s58651163.txt,matched,1,1,0
10150767,50769357,C:\Users\Zila\Downloads\BN5212\MIMIC-CXR\p10\p10\p10150767\s50769357.txt,no_matches,0,0,0
10150882,52435556,C:\Users\Zila\Downloads\BN5212\MIMIC-CXR\p10\p10\p10150882\s52435556.txt,matched,4,4,0
10150882,54851122,C:\Users\Zila\Downloads\BN5212\MIMIC-CXR\p10\p10\p10150882\s54851122.txt,matched,3,3,0
10150882,59859235,C:\Users\Zila\Downloads\BN5212\MIMIC-CXR\p10\p10\p10150882\s59859235.txt,matched,1,1,0
10150911,51377173,C:\Users\Zila\Downloads\BN5212\MIMIC-CXR\p10\p10\p10150911\s51377173.txt,matched,3,3,0
10150911,51447314,C:\Users\Zila\Downloads\BN5212\MIMIC-CXR\p10\p10\p10150911\s51447314.txt,matched,4,3,0
10150911,51043795,C:\Users\Zila\Downloads\BN5212\MIMIC-CXR\p10\p10\p10150911\s51043795.txt,matched,4,2,0
10150911,50886636,C:\Users\Zila\Downloads\BN5212\MIMIC-CXR\p10\p10\p10150911\s50886636.txt,no_matches,0,0,0
10150911,57428641,C:\Users\Zila\Downloads\BN5212\MIMIC-CXR\p10\p10\p10150911\s57428641.txt,matched,1,1,0
10150911,59500840,C:\Users\Zila\Downloads\BN5212\MIMIC-CXR\p10\p10\p10150911\s59500840.txt,matched,1,1,0
10150911,55320290,C:\Users\Zila\Downloads\BN5212\MIMIC-CXR\p10\p10\p10150911\s55320290.txt,matched,1,1,0
10150980,58929330,C:\Users\Zila\Downloads\BN5212\MIMIC-CXR\p10\p10\p10150980\s58929330.txt,matched,1,1,0
10150980,58504461,C:\Users\Zila\Downloads\BN5212\MIMIC-CXR\p10\p10\p10150980\s58504461.txt,matched,3,2,0
10150980,59680876,C:\Users\Zila\Downloads\BN5212\MIMIC-CXR\p10\p10\p10150980\s59680876.txt,matched,1,1,0
10150980,53789906,C:\Users\Zila\Downloads\BN5212\MIMIC-CXR\p10\p10\p10150980\s53789906.txt,matched,1,1,0
10150980,50956163,C:\Users\Zila\Downloads\BN5212\MIMIC-CXR\p10\p10\p10150980\s50956163.txt,matched,1,1,0
10150980,58249050,C:\Users\Zila\Downloads\BN5212\MIMIC-CXR\p10\p10\p10150980\s58249050.txt,matched,1,1,0
10151324,54067575,C:\Users\Zila\Downloads\BN5212\MIMIC-CXR\p10\p10\p10151324\s54067575.txt,matched,2,1,0
10151324,50395069,C:\Users\Zila\Downloads\BN5212\MIMIC-CXR\p10\p10\p10151324\s50395069.txt,matched,1,1,0
10151556,59550633,C:\Users\Zila\Downloads\BN5212\MIMIC-CXR\p10\p10\p10151556\s59550633.txt,matched,5,3,0
10151556,55888845,C:\Users\Zila\Downloads\BN5212\MIMIC-CXR\p10\p10\p10151556\s55888845.txt,matched,5,4,0
10151556,58313899,C:\Users\Zila\Downloads\BN5212\MIMIC-CXR\p10\p10\p10151556\s58313899.txt,matched,4,3,0
10151556,52265653,C:\Users\Zila\Downloads\BN5212\MIMIC-CXR\p10\p10\p10151556\s52265653.txt,matched,2,2,0
10151556,58626144,C:\Users\Zila\Downloads\BN5212\MIMIC-CXR\p10\p10\p10151556\s58626144.txt,no_matches,0,0,0
10151556,52875510,C:\Users\Zila\Downloads\BN5212\MIMIC-CXR\p10\p10\p10151556\s52875510.txt,no_matches,0,0,0
10151556,55301938,C:\Users\Zila\Downloads\BN5212\MIMIC-CXR\p10\p10\p10151556\s55301938.txt,matched,2,2,0
10151556,54607704,C:\Users\Zila\Downloads\BN5212\MIMIC-CXR\p10\p10\p10151556\s54607704.txt,matched,4,3,0
10151556,51894724,C:\Users\Zila\Downloads\BN5212\MIMIC-CXR\p10\p10\p10151556\s51894724.txt,matched,4,4,0
10151556,59864083,C:\Users\Zila\Downloads\BN5212\MIMIC-CXR\p10\p10\p10151556\s59864083.txt,matched,3,3,0
10151556,58687478,C:\Users\Zila\Downloads\BN5212\MIMIC-CXR\p10\p10\p10151556\s58687478.txt,matched,3,3,0
10151556,58159265,C:\Users\Zila\Downloads\BN5212\MIMIC-CXR\p10\p10\p10151556\s58159265.txt,matched,4,4,0
10151556,51608592,C:\Users\Zila\Downloads\BN5212\MIMIC-CXR\p10\p10\p10151556\s51608592.txt,matched,2,2,0
10151556,56216770,C:\Users\Zila\Downloads\BN5212\MIMIC-CXR\p10\p10\p10151556\s56216770.txt,matched,12,5,0
10151556,56267747,C:\Users\Zila\Downloads\BN5212\MIMIC-CXR\p10\p10\p10151556\s56267747.txt,matched,3,3,0
10151556,56983747,C:\Users\Zila\Downloads\BN5212\MIMIC-CXR\p10\p10\p10151556\s56983747.txt,matched,3,3,1
10151556,59213469,C:\Users\Zila\Downloads\BN5212\MIMIC-CXR\p10\p10\p10151556\s59213469.txt,matched,3,3,2
10151556,59202257,C:\Users\Zila\Downloads\BN5212\MIMIC-CXR\p10\p10\p10151556\s59202257.txt,no_matches,0,0,0
10151556,51042965,C:\Users\Zila\Downloads\BN5212\MIMIC-CXR\p10\p10\p10151556\s51042965.txt,no_matches,0,0,0
10151556,55779349,C:\Users\Zila\Downloads\BN5212\MIMIC-CXR\p10\p10\p10151556\s55779349.txt,matched,2,2,0
10151556,52437892,C:\Users\Zila\Downloads\BN5212\MIMIC-CXR\p10\p10\p10151556\s52437892.txt,matched,1,1,0
10151556,58910423,C:\Users\Zila\Downloads\BN5212\MIMIC-CXR\p10\p10\p10151556\s58910423.txt,matched,1,1,0
10151556,54546508,C:\Users\Zila\Downloads\BN5212\MIMIC-CXR\p10\p10\p10151556\s54546508.txt,matched,3,3,0
10151556,54951116,C:\Users\Zila\Downloads\BN5212\MIMIC-CXR\p10\p10\p10151556\s54951116.txt,no_matches,0,0,0
10151556,59216628,C:\Users\Zila\Downloads\BN5212\MIMIC-CXR\p10\p10\p10151556\s59216628.txt,matched,1,1,0
10151556,59407363,C:\Users\Zila\Downloads\BN5212\MIMIC-CXR\p10\p10\p10151556\s59407363.txt,matched,3,3,0
10151556,57142350,C:\Users\Zila\Downloads\BN5212\MIMIC-CXR\p10\p10\p10151556\s57142350.txt,matched,6,3,1
10151556,50787603,C:\Users\Zila\Downloads\BN5212\MIMIC-CXR\p10\p10\p10151556\s50787603.txt,matched,7,4,0
10151556,54360059,C:\Users\Zila\Downloads\BN5212\MIMIC-CXR\p10\p10\p10151556\s54360059.txt,matched,3,3,0
10151713,54050043,C:\Users\Zila\Downloads\BN5212\MIMIC-CXR\p10\p10\p10151713\s54050043.txt,no_matches,0,0,0
10151713,54885877,C:\Users\Zila\Downloads\BN5212\MIMIC-CXR\p10\p10\p10151713\s54885877.txt,matched,1,1,0
10151713,51822615,C:\Users\Zila\Downloads\BN5212\MIMIC-CXR\p10\p10\p10151713\s51822615.txt,matched,1,1,0
10151713,50174956,C:\Users\Zila\Downloads\BN5212\MIMIC-CXR\p10\p10\p10151713\s50174956.txt,no_matches,0,0,0
10151713,56375818,C:\Users\Zila\Downloads\BN5212\MIMIC-CXR\p10\p10\p10151713\s56375818.txt,matched,1,1,0
10151713,53475872,C:\Users\Zila\Downloads\BN5212\MIMIC-CXR\p10\p10\p10151713\s53475872.txt,matched,3,3,0
10152086,53501551,C:\Users\Zila\Downloads\BN5212\MIMIC-CXR\p10\p10\p10152086\s53501551.txt,matched,3,2,0
10152086,52016585,C:\Users\Zila\Downloads\BN5212\MIMIC-CXR\p10\p10\p10152086\s52016585.txt,matched,1,1,0
10152086,59167012,C:\Users\Zila\Downloads\BN5212\MIMIC-CXR\p10\p10\p10152086\s59167012.txt,matched,2,2,0
10152086,53671031,C:\Users\Zila\Downloads\BN5212\MIMIC-CXR\p10\p10\p10152086\s53671031.txt,no_matches,0,0,0
10152086,58165338,C:\Users\Zila\Downloads\BN5212\MIMIC-CXR\p10\p10\p10152086\s58165338.txt,matched,3,3,0
10152086,51664951,C:\Users\Zila\Downloads\BN5212\MIMIC-CXR\p10\p10\p10152086\s51664951.txt,matched,2,2,0
10152121,58419790,C:\Users\Zila\Downloads\BN5212\MIMIC-CXR\p10\p10\p10152121\s58419790.txt,matched,1,1,0
10152121,56175487,C:\Users\Zila\Downloads\BN5212\MIMIC-CXR\p10\p10\p10152121\s56175487.txt,matched,1,1,0
10152121,51932239,C:\Users\Zila\Downloads\BN5212\MIMIC-CXR\p10\p10\p10152121\s51932239.txt,no_matches,0,0,0
10152121,55417513,C:\Users\Zila\Downloads\BN5212\MIMIC-CXR\p10\p10\p10152121\s55417513.txt,matched,4,3,0
10152121,58219738,C:\Users\Zila\Downloads\BN5212\MIMIC-CXR\p10\p10\p10152121\s58219738.txt,matched,1,1,0
10152121,50022703,C:\Users\Zila\Downloads\BN5212\MIMIC-CXR\p10\p10\p10152121\s50022703.txt,matched,1,1,0
10152121,54390368,C:\Users\Zila\Downloads\BN5212\MIMIC-CXR\p10\p10\p10152121\s54390368.txt,matched,2,1,0
10152121,56625547,C:\Users\Zila\Downloads\BN5212\MIMIC-CXR\p10\p10\p10152121\s56625547.txt,matched,2,1,0
10152121,59094030,C:\Users\Zila\Downloads\BN5212\MIMIC-CXR\p10\p10\p10152121\s59094030.txt,no_matches,0,0,0
10152121,50384416,C:\Users\Zila\Downloads\BN5212\MIMIC-CXR\p10\p10\p10152121\s50384416.txt,no_matches,0,0,0
10152121,52942898,C:\Users\Zila\Downloads\BN5212\MIMIC-CXR\p10\p10\p10152121\s52942898.txt,matched,1,1,0
10152121,56980423,C:\Users\Zila\Downloads\BN5212\MIMIC-CXR\p10\p10\p10152121\s56980423.txt,matched,4,3,0
10152121,54554863,C:\Users\Zila\Downloads\BN5212\MIMIC-CXR\p10\p10\p10152121\s54554863.txt,matched,4,3,0
10152414,55259479,C:\Users\Zila\Downloads\BN5212\MIMIC-CXR\p10\p10\p10152414\s55259479.txt,matched,1,1,0
10152414,54098631,C:\Users\Zila\Downloads\BN5212\MIMIC-CXR\p10\p10\p10152414\s54098631.txt,matched,3,3,0
10152414,58774359,C:\Users\Zila\Downloads\BN5212\MIMIC-CXR\p10\p10\p10152414\s58774359.txt,no_matches,0,0,0
10152675,54401885,C:\Users\Zila\Downloads\BN5212\MIMIC-CXR\p10\p10\p10152675\s54401885.txt,matched,3,3,0
10152675,51862238,C:\Users\Zila\Downloads\BN5212\MIMIC-CXR\p10\p10\p10152675\s51862238.txt,no_matches,0,0,0
10152675,51956328,C:\Users\Zila\Downloads\BN5212\MIMIC-CXR\p10\p10\p10152675\s51956328.txt,matched,1,1,0
10152675,51914560,C:\Users\Zila\Downloads\BN5212\MIMIC-CXR\p10\p10\p10152675\s51914560.txt,matched,3,3,0
10152675,59743592,C:\Users\Zila\Downloads\BN5212\MIMIC-CXR\p10\p10\p10152675\s59743592.txt,no_matches,0,0,0
10152675,54234805,C:\Users\Zila\Downloads\BN5212\MIMIC-CXR\p10\p10\p10152675\s54234805.txt,no_matches,0,0,0
10152675,56678828,C:\Users\Zila\Downloads\BN5212\MIMIC-CXR\p10\p10\p10152675\s56678828.txt,no_matches,0,0,0
10152878,52524840,C:\Users\Zila\Downloads\BN5212\MIMIC-CXR\p10\p10\p10152878\s52524840.txt,matched,1,1,0
10152878,55702678,C:\Users\Zila\Downloads\BN5212\MIMIC-CXR\p10\p10\p10152878\s55702678.txt,no_matches,0,0,0
10152878,54218667,C:\Users\Zila\Downloads\BN5212\MIMIC-CXR\p10\p10\p10152878\s54218667.txt,matched,1,1,0
10153623,51109606,C:\Users\Zila\Downloads\BN5212\MIMIC-CXR\p10\p10\p10153623\s51109606.txt,matched,1,1,0
10153623,50858002,C:\Users\Zila\Downloads\BN5212\MIMIC-CXR\p10\p10\p10153623\s50858002.txt,matched,1,1,0
10153623,55784043,C:\Users\Zila\Downloads\BN5212\MIMIC-CXR\p10\p10\p10153623\s55784043.txt,no_matches,0,0,0
10153623,59152411,C:\Users\Zila\Downloads\BN5212\MIMIC-CXR\p10\p10\p10153623\s59152411.txt,matched,1,1,0
10153782,57028458,C:\Users\Zila\Downloads\BN5212\MIMIC-CXR\p10\p10\p10153782\s57028458.txt,unlabeled,0,0,0
10153782,54215899,C:\Users\Zila\Downloads\BN5212\MIMIC-CXR\p10\p10\p10153782\s54215899.txt,unlabeled,0,0,0
10153782,51455398,C:\Users\Zila\Downloads\BN5212\MIMIC-CXR\p10\p10\p10153782\s51455398.txt,no_matches,0,0,0
10153782,55965261,C:\Users\Zila\Downloads\BN5212\MIMIC-CXR\p10\p10\p10153782\s55965261.txt,no_matches,0,0,0
10153782,52552763,C:\Users\Zila\Downloads\BN5212\MIMIC-CXR\p10\p10\p10153782\s52552763.txt,unlabeled,0,0,0
10153922,54939545,C:\Users\Zila\Downloads\BN5212\MIMIC-CXR\p10\p10\p10153922\s54939545.txt,unlabeled,0,0,0
10153922,52638012,C:\Users\Zila\Downloads\BN5212\MIMIC-CXR\p10\p10\p10153922\s52638012.txt,matched,2,2,0
10153922,53261045,C:\Users\Zila\Downloads\BN5212\MIMIC-CXR\p10\p10\p10153922\s53261045.txt,matched,2,2,0
10154271,56103025,C:\Users\Zila\Downloads\BN5212\MIMIC-CXR\p10\p10\p10154271\s56103025.txt,matched,4,4,0
10154271,51768020,C:\Users\Zila\Downloads\BN5212\MIMIC-CXR\p10\p10\p10154271\s51768020.txt,matched,3,3,0
10154271,52940277,C:\Users\Zila\Downloads\BN5212\MIMIC-CXR\p10\p10\p10154271\s52940277.txt,matched,7,4,0
10154271,55116514,C:\Users\Zila\Downloads\BN5212\MIMIC-CXR\p10\p10\p10154271\s55116514.txt,matched,4,3,0
10154473,56867068,C:\Users\Zila\Downloads\BN5212\MIMIC-CXR\p10\p10\p10154473\s56867068.txt,matched,3,3,0
10154473,50068692,C:\Users\Zila\Downloads\BN5212\MIMIC-CXR\p10\p10\p10154473\s50068692.txt,matched,3,3,0
10154473,55707465,C:\Users\Zila\Downloads\BN5212\MIMIC-CXR\p10\p10\p10154473\s55707465.txt,matched,3,3,0
10154473,53369446,C:\Users\Zila\Downloads\BN5212\MIMIC-CXR\p10\p10\p10154473\s53369446.txt,no_matches,0,0,0
10154479,50212765,C:\Users\Zila\Downloads\BN5212\MIMIC-CXR\p10\p10\p10154479\s50212765.txt,no_matches,0,0,0
10154479,54531147,C:\Users\Zila\Downloads\BN5212\MIMIC-CXR\p10\p10\p10154479\s54531147.txt,matched,2,2,0
10154479,55385219,C:\Users\Zila\Downloads\BN5212\MIMIC-CXR\p10\p10\p10154479\s55385219.txt,matched,2,2,0
10154578,57058893,C:\Users\Zila\Downloads\BN5212\MIMIC-CXR\p10\p10\p10154578\s57058893.txt,matched,3,2,0
10154578,57438472,C:\Users\Zila\Downloads\BN5212\MIMIC-CXR\p10\p10\p10154578\s57438472.txt,matched,1,1,0
10154578,58750714,C:\Users\Zila\Downloads\BN5212\MIMIC-CXR\p10\p10\p10154578\s58750714.txt,matched,2,2,0
10154578,55111060,C:\Users\Zila\Downloads\BN5212\MIMIC-CXR\p10\p10\p10154578\s55111060.txt,matched,3,2,1
10154578,54913434,C:\Users\Zila\Downloads\BN5212\MIMIC-CXR\p10\p10\p10154578\s54913434.txt,matched,6,5,0
10155042,58192707,C:\Users\Zila\Downloads\BN5212\MIMIC-CXR\p10\p10\p10155042\s58192707.txt,matched,1,1,0
10155042,54968654,C:\Users\Zila\Downloads\BN5212\MIMIC-CXR\p10\p10\p10155042\s54968654.txt,matched,1,1,0
10155042,54022726,C:\Users\Zila\Downloads\BN5212\MIMIC-CXR\p10\p10\p10155042\s54022726.txt,matched,1,1,0
10155042,57517914,C:\Users\Zila\Downloads\BN5212\MIMIC-CXR\p10\p10\p10155042\s57517914.txt,matched,1,1,0
10155042,58874803,C:\Users\Zila\Downloads\BN5212\MIMIC-CXR\p10\p10\p10155042\s58874803.txt,matched,3,3,0
10155734,58985401,C:\Users\Zila\Downloads\BN5212\MIMIC-CXR\p10\p10\p10155734\s58985401.txt,no_matches,0,0,0
10155734,58209254,C:\Users\Zila\Downloads\BN5212\MIMIC-CXR\p10\p10\p10155734\s58209254.txt,no_matches,0,0,0
10155766,59843743,C:\Users\Zila\Downloads\BN5212\MIMIC-CXR\p10\p10\p10155766\s59843743.txt,matched,4,4,0
10155766,56394243,C:\Users\Zila\Downloads\BN5212\MIMIC-CXR\p10\p10\p10155766\s56394243.txt,no_matches,0,0,0
10156269,53782092,C:\Users\Zila\Downloads\BN5212\MIMIC-CXR\p10\p10\p10156269\s53782092.txt,matched,3,2,0
10156269,58754239,C:\Users\Zila\Downloads\BN5212\MIMIC-CXR\p10\p10\p10156269\s58754239.txt,matched,2,2,0
10156269,54615242,C:\Users\Zila\Downloads\BN5212\MIMIC-CXR\p10\p10\p10156269\s54615242.txt,matched,1,1,0
10156395,56372742,C:\Users\Zila\Downloads\BN5212\MIMIC-CXR\p10\p10\p10156395\s56372742.txt,matched,1,1,0
10156395,51310486,C:\Users\Zila\Downloads\BN5212\MIMIC-CXR\p10\p10\p10156395\s51310486.txt,matched,2,1,0
