subject_id,study_id,split,dicom_path,Pleural effusion,Cardiomegaly,Edema,Pneumonia,Pulmonary edema
10000032,50414267,train,C:\Users\Zila\Downloads\BN5212\MIMIC-CXR\p10\p10\p10000032\s50414267\02aa804e-bde0afdd-112c0b34-7bc16630-4e384014.dcm,negative,not_mentioned,not_mentioned,not_mentioned,not_mentioned
10000032,53189527,train,C:\Users\Zila\Downloads\BN5212\MIMIC-CXR\p10\p10\p10000032\s53189527\2a2277a9-b0ded155-c0de8eb9-c124d10e-82c5caab.dcm,negative,not_mentioned,not_mentioned,not_mentioned,not_mentioned
10000032,53911762,train,C:\Users\Zila\Downloads\BN5212\MIMIC-CXR\p10\p10\p10000032\s53911762\68b5c4b1-227d0485-9cc38c3f-7b84ab51-4b472714.dcm,not_mentioned,not_mentioned,not_mentioned,not_mentioned,not_mentioned
10000032,56699142,train,C:\Users\Zila\Downloads\BN5212\MIMIC-CXR\p10\p10\p10000032\s56699142\ea030e7a-2e3b1346-bc518786-7a8fd698-f673b44c.dcm,positive,not_mentioned,not_mentioned,not_mentioned,not_mentioned
10000898,54205396,train,C:\Users\Zila\Downloads\BN5212\MIMIC-CXR\p10\p10\p10000898\s54205396\b75df1bd-0f22d631-52d73526-2ae7b85a-d843b39d.dcm,negative,not_mentioned,negative,not_mentioned,negative
10000898,50771383,train,C:\Users\Zila\Downloads\BN5212\MIMIC-CXR\p10\p10\p10000898\s50771383\2a280266-c8bae121-54d75383-cac046f4-ca37aa16.dcm,not_mentioned,not_mentioned,not_mentioned,not_mentioned,not_mentioned
10000935,55697293,train,C:\Users\Zila\Downloads\BN5212\MIMIC-CXR\p10\p10\p10000935\s55697293\c50494f1-90e2bff5-e9189550-1a4562fd-6ab5204c.dcm,not_mentioned,not_mentioned,not_mentioned,not_mentioned,not_mentioned
10000935,56164612,train,C:\Users\Zila\Downloads\BN5212\MIMIC-CXR\p10\p10\p10000935\s56164612\8e3f2822-0c1d4b71-2a265bbf-5b96e531-ccf5fa30.dcm,negative,not_mentioned,not_mentioned,not_mentioned,not_mentioned
10000935,51178377,train,C:\Users\Zila\Downloads\BN5212\MIMIC-CXR\p10\p10\p10000935\s51178377\9b314ad7-fbcb0422-6db62dfc-732858d0-a5527d8b.dcm,negative,not_mentioned,not_mentioned,positive,not_mentioned
10000935,58219844,train,C:\Users\Zila\Downloads\BN5212\MIMIC-CXR\p10\p10\p10000935\s58219844\88498b37-c21dc7ba-bc202800-b517a62d-f7ac5bcf.dcm,negative,not_mentioned,not_mentioned,not_mentioned,not_mentioned
10000935,50578979,train,C:\Users\Zila\Downloads\BN5212\MIMIC-CXR\p10\p10\p10000935\s50578979\d0b71acc-b5a62046-bbb5f6b8-7b173b85-65cdf738.dcm,positive,not_mentioned,not_mentioned,negative,not_mentioned
10000980,59988438,test,C:\Users\Zila\Downloads\BN5212\MIMIC-CXR\p10\p10\p10000980\s59988438\925b9496-a956d7b2-05185e52-bb33313b-c06ee522.dcm,not_mentioned,not_mentioned,not_mentioned,negative,not_mentioned
10000980,51967283,test,C:\Users\Zila\Downloads\BN5212\MIMIC-CXR\p10\p10\p10000980\s51967283\943486a3-b3fa9ff7-50f5a769-7a62fcbb-f39b6da4.dcm,not_mentioned,not_mentioned,not_mentioned,positive,not_mentioned
10000980,54980801,test,C:\Users\Zila\Downloads\BN5212\MIMIC-CXR\p10\p10\p10000980\s54980801\a75a1fbe-802065ad-717eb7c1-e2ce3552-646276a6.dcm,not_mentioned,not_mentioned,positive,not_mentioned,not_mentioned
10000980,58636672,test,C:\Users\Zila\Downloads\BN5212\MIMIC-CXR\p10\p10\p10000980\s58636672\c7526473-7b7214ee-a5d58d12-29d1f67f-9f4edf00.dcm,not_mentioned,positive,not_mentioned,negative,not_mentioned
10000980,58206436,test,C:\Users\Zila\Downloads\BN5212\MIMIC-CXR\p10\p10\p10000980\s58206436\54affd39-8bf24209-232bac8a-df6c277a-398ee8a5.dcm,not_mentioned,positive,positive,not_mentioned,positive
10000980,57861150,test,C:\Users\Zila\Downloads\BN5212\MIMIC-CXR\p10\p10\p10000980\s57861150\5aa15ba6-55f5e96e-39cea686-7c3b28b2-b8c97a88.dcm,not_mentioned,not_mentioned,conflicting,not_mentioned,conflicting
10000980,54577367,test,C:\Users\Zila\Downloads\BN5212\MIMIC-CXR\p10\p10\p10000980\s54577367\cfb03587-782edf6c-1bf392e1-98196cd5-365d69e8.dcm,negative,not_mentioned,negative,negative,negative
10000980,54935705,test,C:\Users\Zila\Downloads\BN5212\MIMIC-CXR\p10\p10\p10000980\s54935705\6ad819bb-bae74eb9-7b663e90-b8deabd7-57f8054a.dcm,not_mentioned,positive,positive,not_mentioned,positive
10000980,50985099,test,C:\Users\Zila\Downloads\BN5212\MIMIC-CXR\p10\p10\p10000980\s50985099\6ad03ed1-97ee17ee-9cf8b320-f7011003-cd93b42d.dcm,not_mentioned,not_mentioned,positive,uncertain,positive
10001122,53957785,train,C:\Users\Zila\Downloads\BN5212\MIMIC-CXR\p10\p10\p10001122\s53957785\07b9ddda-9a4a1e1a-4495463d-4c77d947-ed368713.dcm,negative,not_mentioned,not_mentioned,not_mentioned,not_mentioned
10001122,53447138,train,C:\Users\Zila\Downloads\BN5212\MIMIC-CXR\p10\p10\p10001122\s53447138\8039752c-2ea661b7-16f1eafe-055b7e7b-dbd4cdd1.dcm,not_mentioned,not_mentioned,not_mentioned,negative,not_mentioned
10001176,53186264,train,C:\Users\Zila\Downloads\BN5212\MIMIC-CXR\p10\p10\p10001176\s53186264\1fe73f8e-036bd24e-4578c891-33c1746e-864884a7.dcm,negative,not_mentioned,not_mentioned,negative,not_mentioned
10001176,54684191,train,C:\Users\Zila\Downloads\BN5212\MIMIC-CXR\p10\p10\p10001176\s54684191\3b8b1b7d-054490d5-385641e7-ff43d2c8-9505f058.dcm,not_mentioned,not_mentioned,positive,not_mentioned,positive
10001217,52067803,train,C:\Users\Zila\Downloads\BN5212\MIMIC-CXR\p10\p10\p10001217\s52067803\a917c883-720a5bbf-02c84fc6-98ad00ac-c562ff80.dcm,negative,not_mentioned,negative,not_mentioned,negative
10001217,58913004,train,C:\Users\Zila\Downloads\BN5212\MIMIC-CXR\p10\p10\p10001217\s58913004\5e54fc9c-37c49834-9ac3b915-55811712-9d959d26.dcm,not_mentioned,not_mentioned,not_mentioned,not_mentioned,not_mentioned
10001401,50225296,train,C:\Users\Zila\Downloads\BN5212\MIMIC-CXR\p10\p10\p10001401\s50225296\0009a9fb-eb905e90-824cad7c-16d40468-007f0038.dcm,negative,not_mentioned,not_mentioned,negative,not_mentioned
10001401,51065211,train,C:\Users\Zila\Downloads\BN5212\MIMIC-CXR\p10\p10\p10001401\s51065211\8061113f-c019f3ae-fd1b7c54-33e8690d-be838099.dcm,not_mentioned,not_mentioned,negative,negative,not_mentioned
10001401,56534136,train,C:\Users\Zila\Downloads\BN5212\MIMIC-CXR\p10\p10\p10001401\s56534136\d69651ae-dc7bacca-a05efc02-1d5882cd-001c77c4.dcm,not_mentioned,not_mentioned,not_mentioned,not_mentioned,not_mentioned
10001401,57492692,train,C:\Users\Zila\Downloads\BN5212\MIMIC-CXR\p10\p10\p10001401\s57492692\a83c7ff9-2d42639c-6ddebd0e-6b67809b-38210026.dcm,negative,not_mentioned,not_mentioned,not_mentioned,not_mentioned
10001401,58747570,train,C:\Users\Zila\Downloads\BN5212\MIMIC-CXR\p10\p10\p10001401\s58747570\19e55bee-714bb193-0968d683-5bf655a5-7b5caba9.dcm,not_mentioned,not_mentioned,negative,negative,not_mentioned
10001401,55350604,train,C:\Users\Zila\Downloads\BN5212\MIMIC-CXR\p10\p10\p10001401\s55350604\d9db838d-4612fd1e-e45b40a9-3ea30033-26efd8e4.dcm,not_mentioned,not_mentioned,not_mentioned,not_mentioned,not_mentioned
10001884,57839849,train,C:\Users\Zila\Downloads\BN5212\MIMIC-CXR\p10\p10\p10001884\s57839849\1f413a3b-78c5a4aa-978ff5ff-f72a424c-b3a51b92.dcm,negative,not_mentioned,not_mentioned,not_mentioned,not_mentioned
10001884,58788638,train,C:\Users\Zila\Downloads\BN5212\MIMIC-CXR\p10\p10\p10001884\s58788638\dae10c54-dcb7bb1f-428bb377-af3b739e-9b16e579.dcm,not_mentioned,not_mentioned,not_mentioned,not_mentioned,not_mentioned
10001884,53268982,train,C:\Users\Zila\Downloads\BN5212\MIMIC-CXR\p10\p10\p10001884\s53268982\9f5446a9-46ea84a3-6806d8b7-2c0f6d4d-38799159.dcm,negative,not_mentioned,not_mentioned,uncertain,not_mentioned
10001884,51181158,train,C:\Users\Zila\Downloads\BN5212\MIMIC-CXR\p10\p10\p10001884\s51181158\96bfb531-d6621042-58ea2067-b155e38f-f76e305b.dcm,negative,not_mentioned,not_mentioned,not_mentioned,not_mentioned
10001884,59984865,train,C:\Users\Zila\Downloads\BN5212\MIMIC-CXR\p10\p10\p10001884\s59984865\2d8a8525-19d0c810-045e1619-ef196132-cd4f1710.dcm,negative,not_mentioned,not_mentioned,not_mentioned,not_mentioned
10001884,50807032,train,C:\Users\Zila\Downloads\BN5212\MIMIC-CXR\p10\p10\p10001884\s50807032\ebf48d65-7e780cd5-59118fba-50977097-3720cc7e.dcm,negative,not_mentioned,negative,not_mentioned,negative
10001884,54000534,train,C:\Users\Zila\Downloads\BN5212\MIMIC-CXR\p10\p10\p10001884\s54000534\4ee6a7f9-915c4c58-7dd1082b-6d03b302-aef0b6d9.dcm,not_mentioned,not_mentioned,not_mentioned,not_mentioned,not_mentioned
10001884,56308417,train,C:\Users\Zila\Downloads\BN5212\MIMIC-CXR\p10\p10\p10001884\s56308417\f8d7008c-ed9b419b-7f0c85b0-acf404a4-5afe3f3d.dcm,not_mentioned,not_mentioned,not_mentioned,not_mentioned,not_mentioned
10001884,59066712,train,C:\Users\Zila\Downloads\BN5212\MIMIC-CXR\p10\p10\p10001884\s59066712\66ee3842-a927ac25-a5df697e-f1f36b1f-201b2172.dcm,negative,not_mentioned,not_mentioned,not_mentioned,not_mentioned
10001884,59212874,train,C:\Users\Zila\Downloads\BN5212\MIMIC-CXR\p10\p10\p10001884\s59212874\4a327635-ff0c1380-58766d70-6080047d-3f3d124f.dcm,negative,not_mentioned,not_mentioned,negative,not_mentioned
10001884,59635781,train,C:\Users\Zila\Downloads\BN5212\MIMIC-CXR\p10\p10\p10001884\s59635781\547c0b6b-72739eeb-3c33bc3e-3aa73d13-a9a54bd5.dcm,not_mentioned,not_mentioned,not_mentioned,not_mentioned,not_mentioned
10001884,50279568,train,C:\Users\Zila\Downloads\BN5212\MIMIC-CXR\p10\p10\p10001884\s50279568\3892f17f-8fa034e8-e9b81865-01c48bbb-b9452626.dcm,not_mentioned,not_mentioned,not_mentioned,not_mentioned,not_mentioned
10001884,55893591,train,C:\Users\Zila\Downloads\BN5212\MIMIC-CXR\p10\p10\p10001884\s55893591\8d4eb7a8-0d3c4f7e-fed33834-ef1c6ffd-e01d0967.dcm,negative,not_mentioned,not_mentioned,negative,not_mentioned
10001884,56349965,train,C:\Users\Zila\Downloads\BN5212\MIMIC-CXR\p10\p10\p10001884\s56349965\79863f89-595bf19b-3c7b514a-42969d9b-eff42368.dcm,negative,not_mentioned,not_mentioned,negative,not_mentioned
10001884,57166219,train,C:\Users\Zila\Downloads\BN5212\MIMIC-CXR\p10\p10\p10001884\s57166219\7f885b34-699f595b-36446207-4f146366-55dfb63f.dcm,not_mentioned,not_mentioned,negative,not_mentioned,not_mentioned
10001884,51817555,train,C:\Users\Zila\Downloads\BN5212\MIMIC-CXR\p10\p10\p10001884\s51817555\d5f12914-f14ffd99-3ff2ee54-6f0cbd0c-4c411a2c.dcm,conflicting,not_mentioned,negative,not_mentioned,negative
10001884,53880659,train,C:\Users\Zila\Downloads\BN5212\MIMIC-CXR\p10\p10\p10001884\s53880659\52d6c812-26dfed36-97e26b11-1fa88177-e8b8b150.dcm,not_mentioned,not_mentioned,not_mentioned,not_mentioned,not_mentioned
10001884,54579606,train,C:\Users\Zila\Downloads\BN5212\MIMIC-CXR\p10\p10\p10001884\s54579606\7f23b996-22544258-fcf2fbc3-f8dbf8e7-b6c0e4c5.dcm,not_mentioned,not_mentioned,not_mentioned,not_mentioned,not_mentioned
10001884,58196907,train,C:\Users\Zila\Downloads\BN5212\MIMIC-CXR\p10\p10\p10001884\s58196907\00dccb6d-d0c6f3d3-96277b9f-0ee6d7aa-08abfc1f.dcm,not_mentioned,not_mentioned,negative,not_mentioned,not_mentioned
10001884,53894864,train,C:\Users\Zila\Downloads\BN5212\MIMIC-CXR\p10\p10\p10001884\s53894864\a6617202-f5a8661d-78eb1442-037bf3e4-3dd8967f.dcm,not_mentioned,not_mentioned,negative,not_mentioned,not_mentioned
10001884,54828594,train,C:\Users\Zila\Downloads\BN5212\MIMIC-CXR\p10\p10\p10001884\s54828594\7561a64e-145a404e-f12d8f04-3b19c4e1-3de6e5a0.dcm,negative,not_mentioned,not_mentioned,not_mentioned,not_mentioned
10001884,55333410,train,C:\Users\Zila\Downloads\BN5212\MIMIC-CXR\p10\p10\p10001884\s55333410\5b135035-4708084f-3bb6d230-9db72889-2aa90c14.dcm,not_mentioned,not_mentioned,negative,negative,not_mentioned
10001884,53109065,train,C:\Users\Zila\Downloads\BN5212\MIMIC-CXR\p10\p10\p10001884\s53109065\1e583282-042438d1-4c0d5389-f3c06b76-e9a29eaa.dcm,negative,not_mentioned,not_mentioned,not_mentioned,not_mentioned
10001884,58350684,train,C:\Users\Zila\Downloads\BN5212\MIMIC-CXR\p10\p10\p10001884\s58350684\7f4e7b8d-cacf5a8f-067353ea-f006ed1c-947dc749.dcm,negative,not_mentioned,not_mentioned,not_mentioned,not_mentioned
10001884,52060840,train,C:\Users\Zila\Downloads\BN5212\MIMIC-CXR\p10\p10\p10001884\s52060840\ee31086f-cbf22f9d-9553d506-2bcd4167-0e1e17bf.dcm,negative,not_mentioned,not_mentioned,not_mentioned,not_mentioned
10001884,54369281,train,C:\Users\Zila\Downloads\BN5212\MIMIC-CXR\p10\p10\p10001884\s54369281\3fc658da-23a5d1b2-68e913fd-bf919f75-b7113290.dcm,not_mentioned,not_mentioned,not_mentioned,not_mentioned,not_mentioned
10001884,57156853,train,C:\Users\Zila\Downloads\BN5212\MIMIC-CXR\p10\p10\p10001884\s57156853\9fd47edd-07087209-b901811e-3e9e5f50-f382f611.dcm,not_mentioned,not_mentioned,positive,not_mentioned,not_mentioned
10001884,50712381,train,C:\Users\Zila\Downloads\BN5212\MIMIC-CXR\p10\p10\p10001884\s50712381\7b25b3ed-e780a527-319cb7b3-02d5d071-f1cddee9.dcm,positive,positive,positive,not_mentioned,positive
10001884,56722923,train,C:\Users\Zila\Downloads\BN5212\MIMIC-CXR\p10\p10\p10001884\s56722923\c1ad3e27-62d05ef8-95018fe3-b8bcfe4b-bbba0e1f.dcm,not_mentioned,positive,positive,not_mentioned,positive
10001884,59305618,train,C:\Users\Zila\Downloads\BN5212\MIMIC-CXR\p10\p10\p10001884\s59305618\9b1a8a51-2b8e4a04-1719059d-aa6bc888-7ace612b.dcm,not_mentioned,not_mentioned,not_mentioned,positive,not_mentioned
10001884,50376803,train,C:\Users\Zila\Downloads\BN5212\MIMIC-CXR\p10\p10\p10001884\s50376803\469d0d94-3dad5068-efac76ef-a28cc502-68fe6275.dcm,not_mentioned,positive,not_mentioned,not_mentioned,not_mentioned
10002013,57741292,train,C:\Users\Zila\Downloads\BN5212\MIMIC-CXR\p10\p10\p10002013\s57741292\48edbd44-ca2376ca-059a9f55-3fc8abd1-e13e4b76.dcm,not_mentioned,not_mentioned,not_mentioned,not_mentioned,not_mentioned
10002013,55969846,train,C:\Users\Zila\Downloads\BN5212\MIMIC-CXR\p10\p10\p10002013\s55969846\75a4feeb-09da971a-8852f2d6-5eb13992-42d9a50c.dcm,not_mentioned,not_mentioned,not_mentioned,not_mentioned,not_mentioned
10002013,58054149,train,C:\Users\Zila\Downloads\BN5212\MIMIC-CXR\p10\p10\p10002013\s58054149\81bca127-0c416084-67f8033c-ecb26476-6d1ecf60.dcm,positive,not_mentioned,not_mentioned,not_mentioned,not_mentioned
10002013,55312734,train,C:\Users\Zila\Downloads\BN5212\MIMIC-CXR\p10\p10\p10002013\s55312734\227844e4-4cf4b717-bb4bf0e5-961883ef-664990fe.dcm,negative,not_mentioned,not_mentioned,not_mentioned,not_mentioned
10002013,52535468,train,C:\Users\Zila\Downloads\BN5212\MIMIC-CXR\p10\p10\p10002013\s52535468\0c27f551-2cc6bf3e-a2e2cabd-97973771-40f1e6ce.dcm,not_mentioned,not_mentioned,not_mentioned,not_mentioned,not_mentioned
10002013,55941092,train,C:\Users\Zila\Downloads\BN5212\MIMIC-CXR\p10\p10\p10002013\s55941092\ab37274f-b4c1fc04-e2ff24b4-4a130ba3-cd167968.dcm,not_mentioned,not_mentioned,not_mentioned,not_mentioned,not_mentioned
10002013,54573731,train,C:\Users\Zila\Downloads\BN5212\MIMIC-CXR\p10\p10\p10002013\s54573731\9ca8f84e-92fac212-e60ac49d-01779362-caa16791.dcm,negative,not_mentioned,not_mentioned,not_mentioned,not_mentioned
10002428,57321224,train,C:\Users\Zila\Downloads\BN5212\MIMIC-CXR\p10\p10\p10002428\s57321224\bdf7f3f9-17832c70-9048e935-65663ff2-13f0814e.dcm,negative,not_mentioned,not_mentioned,not_mentioned,not_mentioned
10002428,58658824,train,C:\Users\Zila\Downloads\BN5212\MIMIC-CXR\p10\p10\p10002428\s58658824\12622d34-1a419a0d-6809a110-318f0fb1-eb8635e6.dcm,negative,not_mentioned,not_mentioned,not_mentioned,not_mentioned
10002428,56100138,train,C:\Users\Zila\Downloads\BN5212\MIMIC-CXR\p10\p10\p10002428\s56100138\06c9ad0d-eba8bb4c-7f1216e8-3164684d-4a4b228d.dcm,positive,not_mentioned,positive,positive,positive
10002428,57887188,train,C:\Users\Zila\Downloads\BN5212\MIMIC-CXR\p10\p10\p10002428\s57887188\3dc1b72b-7d6efa14-1f9db998-e46ff2db-2cb7375e.dcm,not_mentioned,not_mentioned,positive,positive,positive
10002428,55758034,train,C:\Users\Zila\Downloads\BN5212\MIMIC-CXR\p10\p10\p10002428\s55758034\3bea0373-0d10dd77-1cac5b90-651be924-d343b184.dcm,positive,not_mentioned,negative,positive,negative
10002428,50027225,train,C:\Users\Zila\Downloads\BN5212\MIMIC-CXR\p10\p10\p10002428\s50027225\e8c44648-ff02beea-3d5ff638-dec79b01-7df71a69.dcm,not_mentioned,not_mentioned,not_mentioned,positive,not_mentioned
10002428,59258773,train,C:\Users\Zila\Downloads\BN5212\MIMIC-CXR\p10\p10\p10002428\s59258773\fa771fa1-d9571d07-bff8f655-327734a7-6e10b29d.dcm,not_mentioned,not_mentioned,not_mentioned,not_mentioned,not_mentioned
10002428,58601917,train,C:\Users\Zila\Downloads\BN5212\MIMIC-CXR\p10\p10\p10002428\s58601917\b5f871e6-fc68f8fa-7580a463-b7674531-c7033269.dcm,conflicting,not_mentioned,not_mentioned,not_mentioned,not_mentioned
10002428,58851198,train,C:\Users\Zila\Downloads\BN5212\MIMIC-CXR\p10\p10\p10002428\s58851198\7254cc41-a1055fd0-f387a81f-1f60ec41-4ae4ac3e.dcm,not_mentioned,not_mentioned,not_mentioned,not_mentioned,not_mentioned
10002428,59098825,train,C:\Users\Zila\Downloads\BN5212\MIMIC-CXR\p10\p10\p10002428\s59098825\2337617e-d39e1d86-bc30b1cf-fa45dcb5-b7ac1695.dcm,not_mentioned,not_mentioned,negative,not_mentioned,negative
10002428,54020701,train,C:\Users\Zila\Downloads\BN5212\MIMIC-CXR\p10\p10\p10002428\s54020701\40a4d537-de28a3ab-aa746c28-750aea7d-2965bcdb.dcm,not_mentioned,not_mentioned,negative,not_mentioned,negative
10002428,57961288,train,C:\Users\Zila\Downloads\BN5212\MIMIC-CXR\p10\p10\p10002428\s57961288\0780573c-30edcc44-42f1084d-e77f7ebf-8a7dd236.dcm,not_mentioned,not_mentioned,not_mentioned,not_mentioned,not_mentioned
10002428,54831516,train,C:\Users\Zila\Downloads\BN5212\MIMIC-CXR\p10\p10\p10002428\s54831516\852306b6-02fc04aa-82d30dbf-0c2dd18d-5c9ef054.dcm,not_mentioned,not_mentioned,negative,not_mentioned,negative
10002428,58838312,train,C:\Users\Zila\Downloads\BN5212\MIMIC-CXR\p10\p10\p10002428\s58838312\08ee3bce-a3ed7087-0af8769d-de0d3535-1318d234.dcm,not_mentioned,not_mentioned,not_mentioned,not_mentioned,not_mentioned
10002428,59659695,train,C:\Users\Zila\Downloads\BN5212\MIMIC-CXR\p10\p10\p10002428\s59659695\51b5892c-e54ed6e6-59ff70db-fd0b8509-1792398e.dcm,positive,not_mentioned,not_mentioned,not_mentioned,not_mentioned
10002428,57506266,train,C:\Users\Zila\Downloads\BN5212\MIMIC-CXR\p10\p10\p10002428\s57506266\e325a8d1-1d6b0dca-404efabc-204c6bbd-599788f0.dcm,not_mentioned,not_mentioned,not_mentioned,not_mentioned,not_mentioned
10002428,57064083,train,C:\Users\Zila\Downloads\BN5212\MIMIC-CXR\p10\p10\p10002428\s57064083\217e6a56-b4a78227-a2acc34d-3b571d4a-27b9746a.dcm,not_mentioned,not_mentioned,not_mentioned,not_mentioned,not_mentioned
10002428,59414737,train,C:\Users\Zila\Downloads\BN5212\MIMIC-CXR\p10\p10\p10002428\s59414737\d999236f-95dcb8b7-a4d20a3f-be538f50-ce13a08e.dcm,not_mentioned,not_mentioned,not_mentioned,not_mentioned,not_mentioned
10002428,56597576,train,C:\Users\Zila\Downloads\BN5212\MIMIC-CXR\p10\p10\p10002428\s56597576\d98d5096-a32483d3-669ed39b-bc81eafb-5e251563.dcm,not_mentioned,not_mentioned,not_mentioned,not_mentioned,not_mentioned
10002428,56836542,train,C:\Users\Zila\Downloads\BN5212\MIMIC-CXR\p10\p10\p10002428\s56836542\471418ab-0bfd6700-6bb770d0-07f7f6a3-2ce2d9c2.dcm,positive,not_mentioned,positive,not_mentioned,positive
10002428,50444997,train,C:\Users\Zila\Downloads\BN5212\MIMIC-CXR\p10\p10\p10002428\s50444997\85b903ac-bfc4d6cd-491d2a72-18e7c16e-23d2cafa.dcm,not_mentioned,not_mentioned,not_mentioned,not_mentioned,not_mentioned
10002428,58581921,train,C:\Users\Zila\Downloads\BN5212\MIMIC-CXR\p10\p10\p10002428\s58581921\61e718b7-5e69fae3-b75fc103-ee2b065d-983557f5.dcm,positive,not_mentioned,negative,not_mentioned,negative
10002430,56345275,train,C:\Users\Zila\Downloads\BN5212\MIMIC-CXR\p10\p10\p10002430\s56345275\d5fc1956-e9a3e73b-3bc726aa-db2717c4-5905815c.dcm,not_mentioned,positive,not_mentioned,not_mentioned,not_mentioned
10002430,58911492,train,C:\Users\Zila\Downloads\BN5212\MIMIC-CXR\p10\p10\p10002430\s58911492\2540f491-e6f6670f-22020d24-0c1c1a8c-1a270b48.dcm,not_mentioned,positive,negative,negative,negative
10002430,53254222,train,C:\Users\Zila\Downloads\BN5212\MIMIC-CXR\p10\p10\p10002430\s53254222\4873aa08-977bfd31-fb492e64-6ef432d1-3f12cbe3.dcm,not_mentioned,positive,negative,negative,not_mentioned
10002559,52212843,test,C:\Users\Zila\Downloads\BN5212\MIMIC-CXR\p10\p10\p10002559\s52212843\06e3e705-7d20dcc5-21be668e-587b1be1-158ba455.dcm,not_mentioned,not_mentioned,negative,negative,negative
10002559,59849480,test,C:\Users\Zila\Downloads\BN5212\MIMIC-CXR\p10\p10\p10002559\s59849480\25423a5e-8c27af51-c2c840f3-b498f42b-8ef8e461.dcm,negative,not_mentioned,not_mentioned,negative,not_mentioned
10003019,58365492,test,C:\Users\Zila\Downloads\BN5212\MIMIC-CXR\p10\p10\p10003019\s58365492\bcedcb7a-8e94ccba-d0b7e97a-7f47b7f6-79cd079e.dcm,negative,not_mentioned,not_mentioned,uncertain,not_mentioned
10003019,57194088,test,C:\Users\Zila\Downloads\BN5212\MIMIC-CXR\p10\p10\p10003019\s57194088\32bd8fcd-5b37c860-010840d7-71d0e461-ebf379cf.dcm,not_mentioned,not_mentioned,not_mentioned,uncertain,not_mentioned
10003019,59829602,test,C:\Users\Zila\Downloads\BN5212\MIMIC-CXR\p10\p10\p10003019\s59829602\2e8d620b-9087dba8-7eb82882-f166fd11-c19b90de.dcm,negative,not_mentioned,not_mentioned,not_mentioned,not_mentioned
10003019,59635047,test,C:\Users\Zila\Downloads\BN5212\MIMIC-CXR\p10\p10\p10003019\s59635047\1846b55e-db296613-e8623061-52e5e37d-9c198239.dcm,not_mentioned,not_mentioned,not_mentioned,negative,not_mentioned
10003019,52117631,test,C:\Users\Zila\Downloads\BN5212\MIMIC-CXR\p10\p10\p10003019\s52117631\291d51fa-d786f2a5-7519f2fa-409c3d4a-6465003c.dcm,not_mentioned,not_mentioned,negative,negative,negative
10003019,59005604,test,C:\Users\Zila\Downloads\BN5212\MIMIC-CXR\p10\p10\p10003019\s59005604\38a433f3-1d000dff-a774352f-35c0d838-353e023f.dcm,negative,not_mentioned,not_mentioned,negative,not_mentioned
10003019,58505074,test,C:\Users\Zila\Downloads\BN5212\MIMIC-CXR\p10\p10\p10003019\s58505074\9f0a463b-dbbe3f8e-d5cf30af-9452e738-5465e7bf.dcm,negative,not_mentioned,not_mentioned,not_mentioned,not_mentioned
10003019,55487822,test,C:\Users\Zila\Downloads\BN5212\MIMIC-CXR\p10\p10\p10003019\s55487822\c25b9023-9cd26369-dbe2b67b-c250ef52-b772137e.dcm,negative,not_mentioned,not_mentioned,not_mentioned,not_mentioned
10003019,50543252,test,C:\Users\Zila\Downloads\BN5212\MIMIC-CXR\p10\p10\p10003019\s50543252\3f4a324f-7967a6b4-91edf0c8-94fbefd4-32402065.dcm,not_mentioned,not_mentioned,not_mentioned,negative,not_mentioned
10003019,51117233,test,C:\Users\Zila\Downloads\BN5212\MIMIC-CXR\p10\p10\p10003019\s51117233\12c55f31-e7040e5b-8b29b8fb-895e1662-73f91c8b.dcm,negative,not_mentioned,not_mentioned,not_mentioned,not_mentioned
10003019,53934356,test,C:\Users\Zila\Downloads\BN5212\MIMIC-CXR\p10\p10\p10003019\s53934356\0f5314bd-785b969d-9c2ad2e0-74f0dc6d-2512f690.dcm,negative,not_mentioned,not_mentioned,negative,not_mentioned
10003019,55931751,test,C:\Users\Zila\Downloads\BN5212\MIMIC-CXR\p10\p10\p10003019\s55931751\2cd42271-f25135f4-17a199ca-31015e49-c2eb87cb.dcm,not_mentioned,not_mentioned,not_mentioned,not_mentioned,not_mentioned
10003019,59730608,test,C:\Users\Zila\Downloads\BN5212\MIMIC-CXR\p10\p10\p10003019\s59730608\a664e3c4-97f37598-e008ddb5-674d8b24-8a49114f.dcm,not_mentioned,not_mentioned,not_mentioned,negative,not_mentioned
10003019,59339276,test,C:\Users\Zila\Downloads\BN5212\MIMIC-CXR\p10\p10\p10003019\s59339276\4a25692b-e596ad27-5bc2eba3-e518093c-623f4d6a.dcm,not_mentioned,not_mentioned,positive,not_mentioned,not_mentioned
10003019,53098685,test,C:\Users\Zila\Downloads\BN5212\MIMIC-CXR\p10\p10\p10003019\s53098685\c584b5c4-b5b1dad6-a6f30167-c0411948-46379f73.dcm,not_mentioned,not_mentioned,negative,negative,negative
10003019,56635465,test,C:\Users\Zila\Downloads\BN5212\MIMIC-CXR\p10\p10\p10003019\s56635465\67ff017b-2713597f-3c95cc4e-d77223d2-bfd77208.dcm,not_mentioned,not_mentioned,not_mentioned,not_mentioned,not_mentioned
10003019,59607556,test,C:\Users\Zila\Downloads\BN5212\MIMIC-CXR\p10\p10\p10003019\s59607556\0d24804d-197942ca-7f32a773-b93ba943-40022beb.dcm,negative,not_mentioned,negative,negative,not_mentioned
10003299,50536653,train,C:\Users\Zila\Downloads\BN5212\MIMIC-CXR\p10\p10\p10003299\s50536653\69c64be9-ed77fb62-7fad1785-d91de463-0fbf5c4b.dcm,positive,positive,negative,not_mentioned,not_mentioned
10003299,57344656,train,C:\Users\Zila\Downloads\BN5212\MIMIC-CXR\p10\p10\p10003299\s57344656\f5414268-e553a141-39841839-4f303c85-d94d1190.dcm,not_mentioned,positive,negative,not_mentioned,negative
10003400,59336915,test,C:\Users\Zila\Downloads\BN5212\MIMIC-CXR\p10\p10\p10003400\s59336915\60b87cf4-16cae318-9e395a6c-8627d25c-9a39a71a.dcm,not_mentioned,positive,negative,not_mentioned,not_mentioned
10003400,56466802,test,C:\Users\Zila\Downloads\BN5212\MIMIC-CXR\p10\p10\p10003400\s56466802\dcdc4bd9-4301b111-2a65a814-ee8e7bc5-7f0b9a5a.dcm,negative,not_mentioned,not_mentioned,not_mentioned,not_mentioned
10003400,53661694,test,C:\Users\Zila\Downloads\BN5212\MIMIC-CXR\p10\p10\p10003400\s53661694\2c814e99-aa096010-bd722059-5a35bd69-a902e44e.dcm,negative,not_mentioned,not_mentioned,not_mentioned,not_mentioned
10003400,58983613,test,C:\Users\Zila\Downloads\BN5212\MIMIC-CXR\p10\p10\p10003400\s58983613\78b25180-ff33317d-92a10132-dffdc0b1-e7234a43.dcm,negative,positive,not_mentioned,not_mentioned,not_mentioned
10003400,52822559,test,C:\Users\Zila\Downloads\BN5212\MIMIC-CXR\p10\p10\p10003400\s52822559\7a6f7a0e-452b83e5-d8388f3b-c424f2e2-83d372bd.dcm,negative,positive,not_mentioned,negative,not_mentioned
10003400,52941169,test,C:\Users\Zila\Downloads\BN5212\MIMIC-CXR\p10\p10\p10003400\s52941169\828dd9de-ee245eb4-e8513715-9218b1f9-081a1742.dcm,not_mentioned,not_mentioned,positive,not_mentioned,positive
10003400,52181745,test,C:\Users\Zila\Downloads\BN5212\MIMIC-CXR\p10\p10\p10003400\s52181745\756dfe88-62a0c1fe-a870730a-6fdd89b1-6a736464.dcm,not_mentioned,positive,positive,not_mentioned,positive
10003400,58534470,test,C:\Users\Zila\Downloads\BN5212\MIMIC-CXR\p10\p10\p10003400\s58534470\11b6ac54-65f50afa-38228a29-8a18a28e-c51e103a.dcm,not_mentioned,not_mentioned,positive,not_mentioned,positive
10003400,54341551,test,C:\Users\Zila\Downloads\BN5212\MIMIC-CXR\p10\p10\p10003400\s54341551\581a33ce-5bd61881-2963542f-46481b71-4f98753d.dcm,not_mentioned,not_mentioned,not_mentioned,not_mentioned,not_mentioned
10003400,55549081,test,C:\Users\Zila\Downloads\BN5212\MIMIC-CXR\p10\p10\p10003400\s55549081\d74edd6a-7b3a85fe-733bde07-d46f005c-3124091c.dcm,not_mentioned,not_mentioned,not_mentioned,not_mentioned,not_mentioned
10003400,51345654,test,C:\Users\Zila\Downloads\BN5212\MIMIC-CXR\p10\p10\p10003400\s51345654\01275cbe-a2f95d71-0374e495-68b16452-ebdcb789.dcm,positive,positive,positive,not_mentioned,not_mentioned
10003400,52437868,test,C:\Users\Zila\Downloads\BN5212\MIMIC-CXR\p10\p10\p10003400\s52437868\2f6a5fc9-40af95f8-d8762332-f56005ea-b5f85cc2.dcm,not_mentioned,not_mentioned,not_mentioned,not_mentioned,not_mentioned
10003400,57607776,test,C:\Users\Zila\Downloads\BN5212\MIMIC-CXR\p10\p10\p10003400\s57607776\9f35bf94-77c36356-bfb8e0cf-398b6e0f-eea5cf93.dcm,not_mentioned,not_mentioned,positive,not_mentioned,positive
10003400,52207536,test,C:\Users\Zila\Downloads\BN5212\MIMIC-CXR\p10\p10\p10003400\s52207536\5a907c47-9d944216-c8477dd2-95d08914-13239bec.dcm,positive,positive,not_mentioned,not_mentioned,not_mentioned
10003400,55177950,test,C:\Users\Zila\Downloads\BN5212\MIMIC-CXR\p10\p10\p10003400\s55177950\df9394ad-02389c41-a06dc228-9ddc338e-305ab921.dcm,positive,positive,positive,not_mentioned,positive
10003400,53352321,test,C:\Users\Zila\Downloads\BN5212\MIMIC-CXR\p10\p10\p10003400\s53352321\781cba72-5bec94f8-f81af7f6-9d86b38c-2ed9428d.dcm,not_mentioned,not_mentioned,not_mentioned,not_mentioned,not_mentioned
10003400,51777274,test,C:\Users\Zila\Downloads\BN5212\MIMIC-CXR\p10\p10\p10003400\s51777274\67eafcfb-841cb6fa-38d704c7-29fc44fc-bb89535e.dcm,not_mentioned,not_mentioned,not_mentioned,not_mentioned,not_mentioned
10003400,58633368,test,C:\Users\Zila\Downloads\BN5212\MIMIC-CXR\p10\p10\p10003400\s58633368\76d89c24-6ce3add5-caa6f160-1a250075-4a608ab7.dcm,not_mentioned,not_mentioned,not_mentioned,not_mentioned,not_mentioned
10003400,54050001,test,C:\Users\Zila\Downloads\BN5212\MIMIC-CXR\p10\p10\p10003400\s54050001\3b191b31-281da65a-f45c123b-56184341-737ae783.dcm,not_mentioned,not_mentioned,not_mentioned,not_mentioned,not_mentioned
10003400,50100991,test,C:\Users\Zila\Downloads\BN5212\MIMIC-CXR\p10\p10\p10003400\s50100991\c1981851-eee51654-80b71d01-2ee65952-4c70c720.dcm,positive,not_mentioned,not_mentioned,not_mentioned,not_mentioned
10003400,51127691,test,C:\Users\Zila\Downloads\BN5212\MIMIC-CXR\p10\p10\p10003400\s51127691\e730732b-c35b3296-bd65ed0a-92becc50-25be5475.dcm,not_mentioned,not_mentioned,not_mentioned,not_mentioned,not_mentioned
10003400,56915166,test,C:\Users\Zila\Downloads\BN5212\MIMIC-CXR\p10\p10\p10003400\s56915166\ac2ffb82-9d47c79b-8b57d37e-265a1ffc-aa74a8aa.dcm,not_mentioned,positive,not_mentioned,not_mentioned,not_mentioned
10003400,56185120,test,C:\Users\Zila\Downloads\BN5212\MIMIC-CXR\p10\p10\p10003400\s56185120\7eea27b8-a4127ebb-b814b969-61d6fe59-2a1bd17e.dcm,positive,positive,not_mentioned,not_mentioned,not_mentioned
10003400,57147097,test,C:\Users\Zila\Downloads\BN5212\MIMIC-CXR\p10\p10\p10003400\s57147097\71884ebf-2fa1b333-d288ddba-2a9d832b-c9f4f79b.dcm,positive,not_mentioned,not_mentioned,not_mentioned,not_mentioned
10003400,58820563,test,C:\Users\Zila\Downloads\BN5212\MIMIC-CXR\p10\p10\p10003400\s58820563\4057348e-68278864-98cc1e88-41ae8009-264cb3bf.dcm,positive,positive,not_mentioned,not_mentioned,not_mentioned
10003400,53341253,test,C:\Users\Zila\Downloads\BN5212\MIMIC-CXR\p10\p10\p10003400\s53341253\19b74f79-7ad317b1-887496c3-2645db29-48245a51.dcm,positive,positive,not_mentioned,not_mentioned,not_mentioned
10003400,50183258,test,C:\Users\Zila\Downloads\BN5212\MIMIC-CXR\p10\p10\p10003400\s50183258\ff09036b-78ea1c52-9c0523c6-caea3000-ce5e237f.dcm,positive,not_mentioned,positive,not_mentioned,positive
10003400,50805197,test,C:\Users\Zila\Downloads\BN5212\MIMIC-CXR\p10\p10\p10003400\s50805197\fc09630f-022d31c2-408b148f-95c499df-e8a6b18e.dcm,not_mentioned,not_mentioned,not_mentioned,not_mentioned,not_mentioned
10003502,51180958,test,C:\Users\Zila\Downloads\BN5212\MIMIC-CXR\p10\p10\p10003502\s51180958\1fa79752-9ddaf5b5-2120ae82-9fec50d6-51f48d1f.dcm,positive,not_mentioned,negative,negative,negative
10003502,57812613,test,C:\Users\Zila\Downloads\BN5212\MIMIC-CXR\p10\p10\p10003502\s57812613\1efa55e3-0a3856d9-421024b8-408fa7e5-81d83c1e.dcm,conflicting,positive,negative,not_mentioned,negative
10003502,52139270,test,C:\Users\Zila\Downloads\BN5212\MIMIC-CXR\p10\p10\p10003502\s52139270\550e6f3b-f008c1d0-8d2dee2a-649b30f4-101a98cc.dcm,not_mentioned,positive,positive,uncertain,positive
10003502,53836463,test,C:\Users\Zila\Downloads\BN5212\MIMIC-CXR\p10\p10\p10003502\s53836463\371aaea8-195e21b2-ba5a2856-54803ecf-1b72d88b.dcm,not_mentioned,not_mentioned,not_mentioned,not_mentioned,not_mentioned
10003502,57641661,test,C:\Users\Zila\Downloads\BN5212\MIMIC-CXR\p10\p10\p10003502\s57641661\b410634d-0e4278d7-9c9b3561-8f5e5fc4-34a6aac8.dcm,not_mentioned,not_mentioned,not_mentioned,not_mentioned,not_mentioned
10003502,53282957,test,C:\Users\Zila\Downloads\BN5212\MIMIC-CXR\p10\p10\p10003502\s53282957\eb2fabb7-4bbc8aab-d7371282-08e5bcb5-de2e430a.dcm,not_mentioned,not_mentioned,positive,not_mentioned,positive
10003502,52309364,test,C:\Users\Zila\Downloads\BN5212\MIMIC-CXR\p10\p10\p10003502\s52309364\e0275ad1-1e6a7451-c3960f5f-1267a188-547b73a1.dcm,not_mentioned,not_mentioned,positive,not_mentioned,positive
10003502,50084553,test,C:\Users\Zila\Downloads\BN5212\MIMIC-CXR\p10\p10\p10003502\s50084553\70d7e600-373c1311-929f5ff9-23ee3621-ff551ff9.dcm,not_mentioned,not_mentioned,positive,not_mentioned,positive
10003637,51371378,train,C:\Users\Zila\Downloads\BN5212\MIMIC-CXR\p10\p10\p10003637\s51371378\4c028244-47499ecc-3fab489b-15ec1e76-47055a4d.dcm,not_mentioned,not_mentioned,not_mentioned,negative,not_mentioned
10003637,57024735,train,C:\Users\Zila\Downloads\BN5212\MIMIC-CXR\p10\p10\p10003637\s57024735\f6119cd4-a5ef793e-db8543a2-f8d4a0e1-8c8aeb54.dcm,negative,not_mentioned,not_mentioned,negative,not_mentioned
10003637,51461467,train,C:\Users\Zila\Downloads\BN5212\MIMIC-CXR\p10\p10\p10003637\s51461467\519a3958-182826e9-f754780d-7b562169-e2421aec.dcm,negative,not_mentioned,not_mentioned,not_mentioned,not_mentioned
10004235,52379321,train,C:\Users\Zila\Downloads\BN5212\MIMIC-CXR\p10\p10\p10004235\s52379321\3813b9b6-88d998b4-941e767b-601ba7c1-98f61102.dcm,negative,not_mentioned,positive,not_mentioned,positive
10004235,57318275,train,C:\Users\Zila\Downloads\BN5212\MIMIC-CXR\p10\p10\p10004235\s57318275\606ea60e-f3c5c58e-68fd84ca-db4e599b-127aa53e.dcm,negative,not_mentioned,positive,negative,positive
10004235,52604377,train,C:\Users\Zila\Downloads\BN5212\MIMIC-CXR\p10\p10\p10004235\s52604377\5b05c3da-4f8f9c06-7b8c4faf-4c12d978-6cb22b83.dcm,not_mentioned,not_mentioned,not_mentioned,not_mentioned,not_mentioned
10004235,58604118,train,C:\Users\Zila\Downloads\BN5212\MIMIC-CXR\p10\p10\p10004235\s58604118\c24939ff-cf96a7e2-dcc4a608-a9f63b02-2b64eca1.dcm,not_mentioned,not_mentioned,not_mentioned,not_mentioned,not_mentioned
10004235,52962553,train,C:\Users\Zila\Downloads\BN5212\MIMIC-CXR\p10\p10\p10004235\s52962553\d71a4931-5c0832b8-ae60fd56-1e3658d3-a392959a.dcm,not_mentioned,not_mentioned,positive,not_mentioned,not_mentioned
10004235,59895508,train,C:\Users\Zila\Downloads\BN5212\MIMIC-CXR\p10\p10\p10004235\s59895508\125cdd3f-57f5c50a-e59e5476-64c27621-f211c385.dcm,not_mentioned,not_mentioned,not_mentioned,not_mentioned,not_mentioned
10004235,57921415,train,C:\Users\Zila\Downloads\BN5212\MIMIC-CXR\p10\p10\p10004235\s57921415\f9c51c13-4a226906-c3daea10-5b1e4027-ae2ed354.dcm,not_mentioned,not_mentioned,not_mentioned,not_mentioned,not_mentioned
10004235,54234360,train,C:\Users\Zila\Downloads\BN5212\MIMIC-CXR\p10\p10\p10004235\s54234360\2af702f0-3c2b86f3-82e2112b-7f449f3d-dde1c122.dcm,not_mentioned,not_mentioned,not_mentioned,positive,not_mentioned
10005024,59581256,train,C:\Users\Zila\Downloads\BN5212\MIMIC-CXR\p10\p10\p10005024\s59581256\28100fe4-a1120f36-8cf2f843-ffbc3edd-9e337f7a.dcm,not_mentioned,not_mentioned,not_mentioned,uncertain,not_mentioned
10005024,53950795,train,C:\Users\Zila\Downloads\BN5212\MIMIC-CXR\p10\p10\p10005024\s53950795\cdd1bd42-770fcd05-16836b10-98a10e4a-f7b45ac2.dcm,positive,not_mentioned,positive,uncertain,positive
10005368,57426090,train,C:\Users\Zila\Downloads\BN5212\MIMIC-CXR\p10\p10\p10005368\s57426090\ec9280da-2f8b1181-d3d259a5-ba262147-675f5d0d.dcm,not_mentioned,not_mentioned,not_mentioned,not_mentioned,not_mentioned
10005368,56689183,train,C:\Users\Zila\Downloads\BN5212\MIMIC-CXR\p10\p10\p10005368\s56689183\220537f0-2e10b49c-84818e74-b832aa0a-7055102a.dcm,negative,not_mentioned,not_mentioned,not_mentioned,not_mentioned
10005368,54510564,train,C:\Users\Zila\Downloads\BN5212\MIMIC-CXR\p10\p10\p10005368\s54510564\5f4d8dbd-5b3fabc2-57368426-c8a47b2a-25c294da.dcm,not_mentioned,not_mentioned,not_mentioned,not_mentioned,not_mentioned
10005749,53170451,train,C:\Users\Zila\Downloads\BN5212\MIMIC-CXR\p10\p10\p10005749\s53170451\5f683bbb-2313fd5d-86cbea5c-705ffd10-69cb9156.dcm,not_mentioned,positive,negative,not_mentioned,negative
10005749,54040624,train,C:\Users\Zila\Downloads\BN5212\MIMIC-CXR\p10\p10\p10005749\s54040624\6c4e7b61-c870af38-2e4c1516-d6881840-7a65250e.dcm,positive,not_mentioned,not_mentioned,not_mentioned,not_mentioned
10005749,57249718,train,C:\Users\Zila\Downloads\BN5212\MIMIC-CXR\p10\p10\p10005749\s57249718\deaec8ac-d2929f28-2b1287f9-7292e301-4a97c6c4.dcm,not_mentioned,not_mentioned,not_mentioned,negative,not_mentioned
10005749,54060141,train,C:\Users\Zila\Downloads\BN5212\MIMIC-CXR\p10\p10\p10005749\s54060141\f0cc7528-a372f2c6-c052cb5b-e6c0943d-60606558.dcm,not_mentioned,positive,not_mentioned,not_mentioned,not_mentioned
10005749,59735352,train,C:\Users\Zila\Downloads\BN5212\MIMIC-CXR\p10\p10\p10005749\s59735352\c0fabcc0-d992f499-b7a8fa49-58bc6411-cb804475.dcm,not_mentioned,not_mentioned,not_mentioned,not_mentioned,not_mentioned
10005858,58425702,test,C:\Users\Zila\Downloads\BN5212\MIMIC-CXR\p10\p10\p10005858\s58425702\fd95fcb1-d91fbd94-9b980db7-616ee57b-cb02e6ae.dcm,not_mentioned,not_mentioned,not_mentioned,not_mentioned,not_mentioned
10005858,58867217,test,C:\Users\Zila\Downloads\BN5212\MIMIC-CXR\p10\p10\p10005858\s58867217\ea456eab-3764cace-e84e626e-1a68bce8-c4dc6d25.dcm,negative,not_mentioned,not_mentioned,not_mentioned,not_mentioned
10005866,57648366,val,C:\Users\Zila\Downloads\BN5212\MIMIC-CXR\p10\p10\p10005866\s57648366\5053834b-b1bea04f-680aec42-45abe415-c2d097ba.dcm,not_mentioned,not_mentioned,negative,positive,negative
10005866,56175428,val,C:\Users\Zila\Downloads\BN5212\MIMIC-CXR\p10\p10\p10005866\s56175428\5d612499-b20019dc-d3324174-33b669e4-95ced958.dcm,positive,not_mentioned,not_mentioned,not_mentioned,not_mentioned
10005866,59391422,val,C:\Users\Zila\Downloads\BN5212\MIMIC-CXR\p10\p10\p10005866\s59391422\4a985010-1425fdc1-f649f309-8b269e24-6d85c760.dcm,positive,not_mentioned,not_mentioned,not_mentioned,not_mentioned
10005866,55665483,val,C:\Users\Zila\Downloads\BN5212\MIMIC-CXR\p10\p10\p10005866\s55665483\6039e5db-d35aed7c-106102aa-126d200e-a262c646.dcm,positive,positive,positive,not_mentioned,positive
10006431,54868252,val,C:\Users\Zila\Downloads\BN5212\MIMIC-CXR\p10\p10\p10006431\s54868252\f8d6407e-70cf4b5b-e12632cb-d67fe3af-bbd07662.dcm,negative,not_mentioned,not_mentioned,negative,not_mentioned
10006431,50208870,val,C:\Users\Zila\Downloads\BN5212\MIMIC-CXR\p10\p10\p10006431\s50208870\14afc73f-777de566-c8ff4345-ac179f43-9eb831de.dcm,not_mentioned,not_mentioned,not_mentioned,negative,not_mentioned
10006457,58626380,train,C:\Users\Zila\Downloads\BN5212\MIMIC-CXR\p10\p10\p10006457\s58626380\60101926-bfaf22bb-35b27bc8-b3ed9868-1e38a4e1.dcm,negative,not_mentioned,not_mentioned,not_mentioned,not_mentioned
10006457,57608640,train,C:\Users\Zila\Downloads\BN5212\MIMIC-CXR\p10\p10\p10006457\s57608640\0d985d10-36a2a165-ddc49c96-8b8466c9-df947f57.dcm,negative,not_mentioned,not_mentioned,not_mentioned,not_mentioned
10007058,54462409,train,C:\Users\Zila\Downloads\BN5212\MIMIC-CXR\p10\p10\p10007058\s54462409\f7bfbcef-b2b6af1e-9eb38616-64c59906-f36289e8.dcm,not_mentioned,not_mentioned,not_mentioned,not_mentioned,not_mentioned
10007058,56744764,train,C:\Users\Zila\Downloads\BN5212\MIMIC-CXR\p10\p10\p10007058\s56744764\042c526a-7dc2c7f0-c925d3df-cf63863f-76bdf0c9.dcm,not_mentioned,not_mentioned,not_mentioned,not_mentioned,not_mentioned
10007795,54492585,train,C:\Users\Zila\Downloads\BN5212\MIMIC-CXR\p10\p10\p10007795\s54492585\b9998910-7fcbe400-e6d6bbf4-8e469523-cb3beb9e.dcm,conflicting,not_mentioned,not_mentioned,uncertain,not_mentioned
10007795,58754452,train,C:\Users\Zila\Downloads\BN5212\MIMIC-CXR\p10\p10\p10007795\s58754452\517fb387-f2544dbe-119c03be-c8131797-d9416e87.dcm,not_mentioned,positive,positive,not_mentioned,positive
10007795,54054513,train,C:\Users\Zila\Downloads\BN5212\MIMIC-CXR\p10\p10\p10007795\s54054513\8ae912e7-dd9b9e8c-783e82c3-eee10e45-c8c7ba33.dcm,positive,not_mentioned,positive,not_mentioned,positive
10007795,54317369,train,C:\Users\Zila\Downloads\BN5212\MIMIC-CXR\p10\p10\p10007795\s54317369\0aaf1dce-44cd06d6-29ad91bd-d70fe036-e3823187.dcm,uncertain,not_mentioned,not_mentioned,not_mentioned,not_mentioned
10007795,57491780,train,C:\Users\Zila\Downloads\BN5212\MIMIC-CXR\p10\p10\p10007795\s57491780\4906d0cb-05411e39-a03d8c88-9ec61b37-a1cbd02f.dcm,not_mentioned,not_mentioned,not_mentioned,not_mentioned,not_mentioned
10007795,56375093,train,C:\Users\Zila\Downloads\BN5212\MIMIC-CXR\p10\p10\p10007795\s56375093\69edc204-0aa9a34d-03ca1ffe-976efcb7-01122605.dcm,not_mentioned,not_mentioned,not_mentioned,not_mentioned,not_mentioned
10007795,54581957,train,C:\Users\Zila\Downloads\BN5212\MIMIC-CXR\p10\p10\p10007795\s54581957\82d5e07b-e915e044-ccb92d30-27b782f2-bc9f28dc.dcm,not_mentioned,not_mentioned,not_mentioned,not_mentioned,not_mentioned
10007920,53949165,val,C:\Users\Zila\Downloads\BN5212\MIMIC-CXR\p10\p10\p10007920\s53949165\8a210961-74e56a9e-2f7c3cab-3b980924-ad7ab941.dcm,not_mentioned,not_mentioned,not_mentioned,not_mentioned,not_mentioned
10007920,57313606,val,C:\Users\Zila\Downloads\BN5212\MIMIC-CXR\p10\p10\p10007920\s57313606\b1f169f1-12177dd5-2fa1c4b1-7b816311-85d769e9.dcm,not_mentioned,not_mentioned,not_mentioned,not_mentioned,not_mentioned
10007920,58162456,val,C:\Users\Zila\Downloads\BN5212\MIMIC-CXR\p10\p10\p10007920\s58162456\2e35d425-77612af9-262e207e-71a75b67-78fa40d1.dcm,negative,not_mentioned,not_mentioned,negative,not_mentioned
10007928,54272065,train,C:\Users\Zila\Downloads\BN5212\MIMIC-CXR\p10\p10\p10007928\s54272065\5e8c440b-a194c578-461921ce-35871c9c-0ca6e8d6.dcm,negative,not_mentioned,not_mentioned,not_mentioned,not_mentioned
10007928,58119840,train,C:\Users\Zila\Downloads\BN5212\MIMIC-CXR\p10\p10\p10007928\s58119840\bde9f153-11048ce5-af57a7d8-bfce1683-a19befc4.dcm,not_mentioned,not_mentioned,not_mentioned,not_mentioned,not_mentioned
10007928,59796203,train,C:\Users\Zila\Downloads\BN5212\MIMIC-CXR\p10\p10\p10007928\s59796203\81a2d3fb-10e5ed3b-8ee41b6b-dda4f09e-0e3a10ee.dcm,positive,positive,not_mentioned,positive,not_mentioned
10007928,55780044,train,C:\Users\Zila\Downloads\BN5212\MIMIC-CXR\p10\p10\p10007928\s55780044\3d5e9c9a-ba3e9c6a-bd42a448-b74ea491-40416688.dcm,positive,not_mentioned,positive,not_mentioned,positive
10008304,50053244,train,C:\Users\Zila\Downloads\BN5212\MIMIC-CXR\p10\p10\p10008304\s50053244\eee6e206-f7bc49c7-563f869c-ee75184d-c81e2907.dcm,negative,not_mentioned,negative,not_mentioned,negative
10008304,52686646,train,C:\Users\Zila\Downloads\BN5212\MIMIC-CXR\p10\p10\p10008304\s52686646\b4044414-100334a0-2f49c69e-7c0fce26-d332f756.dcm,negative,not_mentioned,not_mentioned,not_mentioned,not_mentioned
10008816,57984574,train,C:\Users\Zila\Downloads\BN5212\MIMIC-CXR\p10\p10\p10008816\s57984574\2a98c2b5-f184949b-d6238862-91c86752-3fdc0801.dcm,not_mentioned,not_mentioned,not_mentioned,not_mentioned,not_mentioned
10008816,51161169,train,C:\Users\Zila\Downloads\BN5212\MIMIC-CXR\p10\p10\p10008816\s51161169\b339fcfb-9786a1fa-811f53ab-020b753c-5adae68a.dcm,negative,positive,not_mentioned,negative,not_mentioned
10009049,58922574,train,C:\Users\Zila\Downloads\BN5212\MIMIC-CXR\p10\p10\p10009049\s58922574\fd304109-5c81920c-b07741f9-0ddaf49f-37dc8b0b.dcm,conflicting,not_mentioned,not_mentioned,uncertain,not_mentioned
10009049,54850191,train,C:\Users\Zila\Downloads\BN5212\MIMIC-CXR\p10\p10\p10009049\s54850191\6976b759-a3c21932-f5fed21a-f20c3a55-f6b2a31e.dcm,positive,positive,not_mentioned,positive,not_mentioned
10009049,55602594,train,C:\Users\Zila\Downloads\BN5212\MIMIC-CXR\p10\p10\p10009049\s55602594\560c19eb-ba6e25f1-db4b68e5-f2e99ede-0c13335e.dcm,not_mentioned,not_mentioned,negative,positive,negative
10009049,57157809,train,C:\Users\Zila\Downloads\BN5212\MIMIC-CXR\p10\p10\p10009049\s57157809\eaac275b-412e3c99-c1146f1d-d5a75f6d-5b900203.dcm,positive,positive,not_mentioned,negative,not_mentioned
10009049,54394630,train,C:\Users\Zila\Downloads\BN5212\MIMIC-CXR\p10\p10\p10009049\s54394630\fc08b4f9-a67dd3a8-8bc68820-858e5989-bb651ebd.dcm,positive,positive,not_mentioned,not_mentioned,not_mentioned
10010150,50055231,val,C:\Users\Zila\Downloads\BN5212\MIMIC-CXR\p10\p10\p10010150\s50055231\e7f21453-7956d79a-44e44614-fae8ff16-d174d1a0.dcm,negative,not_mentioned,not_mentioned,not_mentioned,not_mentioned
10010150,50799795,val,C:\Users\Zila\Downloads\BN5212\MIMIC-CXR\p10\p10\p10010150\s50799795\5f78b4b1-10772c18-c5987f8f-be258d79-b3d29461.dcm,not_mentioned,not_mentioned,not_mentioned,not_mentioned,not_mentioned
10010231,51428987,train,C:\Users\Zila\Downloads\BN5212\MIMIC-CXR\p10\p10\p10010231\s51428987\fcb3e067-bdc610ab-da397cbd-39caecd2-b55027e2.dcm,not_mentioned,not_mentioned,not_mentioned,not_mentioned,not_mentioned
10010231,57916297,train,C:\Users\Zila\Downloads\BN5212\MIMIC-CXR\p10\p10\p10010231\s57916297\91f4e8fd-5411414e-a6856adc-f909889c-09f12315.dcm,not_mentioned,not_mentioned,negative,negative,negative
10010231,55204578,train,C:\Users\Zila\Downloads\BN5212\MIMIC-CXR\p10\p10\p10010231\s55204578\c5a90500-3c12a365-0360ce1e-e1e6313c-bbcedd08.dcm,not_mentioned,not_mentioned,negative,negative,negative
10010440,57403810,test,C:\Users\Zila\Downloads\BN5212\MIMIC-CXR\p10\p10\p10010440\s57403810\1c96daa8-cc3f462c-12e5cbf2-ab0baf36-c47a3f99.dcm,not_mentioned,not_mentioned,not_mentioned,not_mentioned,not_mentioned
10010440,57693229,test,C:\Users\Zila\Downloads\BN5212\MIMIC-CXR\p10\p10\p10010440\s57693229\d0a78e6c-e9af2826-e04503ca-99234d2a-eb9f413e.dcm,negative,not_mentioned,not_mentioned,not_mentioned,not_mentioned
10010440,56908581,test,C:\Users\Zila\Downloads\BN5212\MIMIC-CXR\p10\p10\p10010440\s56908581\0cadb1ed-80bd62aa-8d4563e1-2289ab1f-5be0b197.dcm,not_mentioned,not_mentioned,not_mentioned,not_mentioned,not_mentioned
10010471,59553780,val,C:\Users\Zila\Downloads\BN5212\MIMIC-CXR\p10\p10\p10010471\s59553780\eb4d5fb1-e0d7593f-e0a93f00-fe6e05b7-6fa1fe1e.dcm,positive,positive,positive,not_mentioned,positive
10010471,51674194,val,C:\Users\Zila\Downloads\BN5212\MIMIC-CXR\p10\p10\p10010471\s51674194\66ee366e-800217c6-e51c4d43-e1b5d4b4-6ae27ae8.dcm,not_mentioned,not_mentioned,uncertain,not_mentioned,uncertain
10010867,52247560,train,C:\Users\Zila\Downloads\BN5212\MIMIC-CXR\p10\p10\p10010867\s52247560\a15741a8-87f22867-dd371951-7e978b03-4317abb3.dcm,negative,not_mentioned,not_mentioned,not_mentioned,not_mentioned
10010867,53658667,train,C:\Users\Zila\Downloads\BN5212\MIMIC-CXR\p10\p10\p10010867\s53658667\a7b42563-594d6a7c-8d7c5b2e-1b7080c9-2e855344.dcm,negative,not_mentioned,not_mentioned,not_mentioned,not_mentioned
10010867,56754952,train,C:\Users\Zila\Downloads\BN5212\MIMIC-CXR\p10\p10\p10010867\s56754952\df7a605a-7716e57d-3ad62776-b196cb45-88fa7c30.dcm,positive,not_mentioned,not_mentioned,not_mentioned,not_mentioned
10010867,59155163,train,C:\Users\Zila\Downloads\BN5212\MIMIC-CXR\p10\p10\p10010867\s59155163\48ccf9d9-8c0c8c78-60104109-9fe3ae07-bbd8005d.dcm,positive,positive,not_mentioned,not_mentioned,not_mentioned
10010867,59036254,train,C:\Users\Zila\Downloads\BN5212\MIMIC-CXR\p10\p10\p10010867\s59036254\e76ce9a9-18c1c712-5579d781-c698b68a-60d51c8f.dcm,positive,not_mentioned,not_mentioned,negative,not_mentioned
10010867,57317515,train,C:\Users\Zila\Downloads\BN5212\MIMIC-CXR\p10\p10\p10010867\s57317515\99205814-ed4c10f0-0d45707a-31a24f59-fcf29949.dcm,not_mentioned,not_mentioned,not_mentioned,not_mentioned,not_mentioned
10010867,59851295,train,C:\Users\Zila\Downloads\BN5212\MIMIC-CXR\p10\p10\p10010867\s59851295\74e52a7a-583d0986-b9133b24-1646c775-e0dc5148.dcm,positive,not_mentioned,uncertain,not_mentioned,not_mentioned
10010867,57907439,train,C:\Users\Zila\Downloads\BN5212\MIMIC-CXR\p10\p10\p10010867\s57907439\9dc810dd-ce899718-d7aea998-a767f206-80648f57.dcm,positive,not_mentioned,negative,not_mentioned,negative
10010867,55759470,train,C:\Users\Zila\Downloads\BN5212\MIMIC-CXR\p10\p10\p10010867\s55759470\72efb6f7-e1fcfbfd-80f03e95-0abbc036-01825a2c.dcm,positive,positive,positive,not_mentioned,positive
10010867,51983395,train,C:\Users\Zila\Downloads\BN5212\MIMIC-CXR\p10\p10\p10010867\s51983395\bd3a190c-aeff31bf-6cc0427c-91f966fd-8e8b248d.dcm,not_mentioned,not_mentioned,not_mentioned,not_mentioned,not_mentioned
10010867,52872599,train,C:\Users\Zila\Downloads\BN5212\MIMIC-CXR\p10\p10\p10010867\s52872599\f0c72126-3684d883-c729f256-be214f93-8f4274d1.dcm,positive,positive,uncertain,not_mentioned,not_mentioned
10010867,52975216,train,C:\Users\Zila\Downloads\BN5212\MIMIC-CXR\p10\p10\p10010867\s52975216\f2906d6b-7e9cea80-0b8b1188-85b21eb6-a59de7c8.dcm,positive,not_mentioned,positive,not_mentioned,not_mentioned
10010867,58830152,train,C:\Users\Zila\Downloads\BN5212\MIMIC-CXR\p10\p10\p10010867\s58830152\a23b6045-dde09115-2688e89b-de86fc47-0940b1c4.dcm,negative,not_mentioned,uncertain,uncertain,uncertain
10010867,57260480,train,C:\Users\Zila\Downloads\BN5212\MIMIC-CXR\p10\p10\p10010867\s57260480\2c813ec6-82da7fce-18086e90-d34f7c7d-f504a346.dcm,positive,not_mentioned,not_mentioned,not_mentioned,not_mentioned
10010867,51308353,train,C:\Users\Zila\Downloads\BN5212\MIMIC-CXR\p10\p10\p10010867\s51308353\d9582a19-12f1baab-9c035506-65502985-cab60dd4.dcm,not_mentioned,not_mentioned,not_mentioned,not_mentioned,not_mentioned
10010867,56416280,train,C:\Users\Zila\Downloads\BN5212\MIMIC-CXR\p10\p10\p10010867\s56416280\0ffdea1c-2ea8916c-5e3fd1be-be1a29f8-f10379ec.dcm,not_mentioned,not_mentioned,not_mentioned,not_mentioned,not_mentioned
10010867,59325322,train,C:\Users\Zila\Downloads\BN5212\MIMIC-CXR\p10\p10\p10010867\s59325322\4be87f73-8f448f2f-64401502-29277092-a7f06434.dcm,uncertain,not_mentioned,not_mentioned,not_mentioned,not_mentioned
10010867,57662143,train,C:\Users\Zila\Downloads\BN5212\MIMIC-CXR\p10\p10\p10010867\s57662143\e4a3fe20-cf6c133d-7cb2e0e0-04ecbee2-d8911acc.dcm,not_mentioned,not_mentioned,not_mentioned,not_mentioned,not_mentioned
10010867,55614428,train,C:\Users\Zila\Downloads\BN5212\MIMIC-CXR\p10\p10\p10010867\s55614428\8c213619-fccdc64f-857e6506-adcdc908-67de5326.dcm,positive,not_mentioned,not_mentioned,not_mentioned,not_mentioned
10010867,51163513,train,C:\Users\Zila\Downloads\BN5212\MIMIC-CXR\p10\p10\p10010867\s51163513\f1feea47-079b1d03-6e384afb-372859ed-69790e3e.dcm,not_mentioned,not_mentioned,negative,negative,negative
10011126,56036651,train,C:\Users\Zila\Downloads\BN5212\MIMIC-CXR\p10\p10\p10011126\s56036651\9f44d81b-6d7f1534-92adadeb-db986efb-8c6b3675.dcm,negative,not_mentioned,not_mentioned,not_mentioned,not_mentioned
10011126,58239923,train,C:\Users\Zila\Downloads\BN5212\MIMIC-CXR\p10\p10\p10011126\s58239923\0ed8459b-595d789c-5c8ce379-f33136d7-aab26cc6.dcm,negative,not_mentioned,not_mentioned,not_mentioned,not_mentioned
10011365,51117454,train,C:\Users\Zila\Downloads\BN5212\MIMIC-CXR\p10\p10\p10011365\s51117454\8d08262c-9aaa2f91-db1d156f-b9379856-fa48fc5c.dcm,not_mentioned,not_mentioned,not_mentioned,not_mentioned,not_mentioned
10011365,59571128,train,C:\Users\Zila\Downloads\BN5212\MIMIC-CXR\p10\p10\p10011365\s59571128\e85b9360-95d1d342-578db7cb-e9b931c1-bbca6457.dcm,negative,positive,not_mentioned,not_mentioned,not_mentioned
10011365,56594284,train,C:\Users\Zila\Downloads\BN5212\MIMIC-CXR\p10\p10\p10011365\s56594284\ff295ca5-9f888b5c-1dde8d2a-b13b9ece-cfac44b3.dcm,not_mentioned,not_mentioned,not_mentioned,negative,not_mentioned
10011365,59058078,train,C:\Users\Zila\Downloads\BN5212\MIMIC-CXR\p10\p10\p10011365\s59058078\51bc9e7d-d334996c-ee780be8-2eec27cd-e81ccaa5.dcm,negative,not_mentioned,not_mentioned,negative,not_mentioned
10011365,51830718,train,C:\Users\Zila\Downloads\BN5212\MIMIC-CXR\p10\p10\p10011365\s51830718\888557ac-5bbba51e-dce5b075-8e281e2d-348e55bf.dcm,not_mentioned,not_mentioned,not_mentioned,not_mentioned,not_mentioned
10011365,54847293,train,C:\Users\Zila\Downloads\BN5212\MIMIC-CXR\p10\p10\p10011365\s54847293\b08b18a9-635a6e56-979cf9d6-314a48d8-0f833747.dcm,not_mentioned,not_mentioned,positive,positive,not_mentioned
10011365,53459647,train,C:\Users\Zila\Downloads\BN5212\MIMIC-CXR\p10\p10\p10011365\s53459647\f6fccc21-ded29731-2a7419a6-961566fe-710630d3.dcm,not_mentioned,not_mentioned,positive,positive,positive
10011365,53869555,train,C:\Users\Zila\Downloads\BN5212\MIMIC-CXR\p10\p10\p10011365\s53869555\afea1d4e-5402c28c-2aeb480f-c9d93494-7e04879d.dcm,positive,not_mentioned,not_mentioned,not_mentioned,not_mentioned
10011365,59373787,train,C:\Users\Zila\Downloads\BN5212\MIMIC-CXR\p10\p10\p10011365\s59373787\114ef768-d50cb60b-21fee5b3-c0a0fb68-b95fa738.dcm,positive,not_mentioned,positive,not_mentioned,positive
10011607,58253009,test,C:\Users\Zila\Downloads\BN5212\MIMIC-CXR\p10\p10\p10011607\s58253009\ea45c630-64404faf-3655fe4b-e75e968b-9e9f6dd1.dcm,not_mentioned,not_mentioned,not_mentioned,not_mentioned,not_mentioned
10011607,55814288,test,C:\Users\Zila\Downloads\BN5212\MIMIC-CXR\p10\p10\p10011607\s55814288\5bdabba9-388f6646-ac06b5f5-f68b2fd2-3630de21.dcm,not_mentioned,positive,not_mentioned,not_mentioned,not_mentioned
10011607,55850863,test,C:\Users\Zila\Downloads\BN5212\MIMIC-CXR\p10\p10\p10011607\s55850863\f14e253a-e6ae13f3-39868786-af4fd240-11d3593a.dcm,negative,not_mentioned,not_mentioned,negative,not_mentioned
10011607,53604298,test,C:\Users\Zila\Downloads\BN5212\MIMIC-CXR\p10\p10\p10011607\s53604298\14d204f6-9273d7ee-27d7ecc9-1e5e9a79-cd40605e.dcm,not_mentioned,not_mentioned,not_mentioned,not_mentioned,not_mentioned
10011607,53989086,test,C:\Users\Zila\Downloads\BN5212\MIMIC-CXR\p10\p10\p10011607\s53989086\ee61bcf2-8bbaf78d-0990a4ee-db801ca3-6d003f6b.dcm,negative,not_mentioned,not_mentioned,not_mentioned,not_mentioned
10011607,50435883,test,C:\Users\Zila\Downloads\BN5212\MIMIC-CXR\p10\p10\p10011607\s50435883\87b02b44-6335e667-bfe5607e-1c5e14d4-5188a00b.dcm,negative,not_mentioned,not_mentioned,not_mentioned,not_mentioned
10011607,52421847,test,C:\Users\Zila\Downloads\BN5212\MIMIC-CXR\p10\p10\p10011607\s52421847\a6ac937d-e20e19bc-c222e39c-cfdd23a2-47f72454.dcm,negative,not_mentioned,not_mentioned,not_mentioned,not_mentioned
10011607,54471901,test,C:\Users\Zila\Downloads\BN5212\MIMIC-CXR\p10\p10\p10011607\s54471901\df0d0976-bf24d001-ac5b288f-6acf03aa-4124ca32.dcm,positive,not_mentioned,positive,not_mentioned,not_mentioned
10011607,54323055,test,C:\Users\Zila\Downloads\BN5212\MIMIC-CXR\p10\p10\p10011607\s54323055\d1ddd26c-557992c7-3c644fa0-3029db73-106c6ea0.dcm,negative,not_mentioned,not_mentioned,not_mentioned,not_mentioned
10011607,59358789,test,C:\Users\Zila\Downloads\BN5212\MIMIC-CXR\p10\p10\p10011607\s59358789\6e036cab-e8fb641b-7252b19a-ee6adfb8-94765c59.dcm,negative,not_mentioned,not_mentioned,not_mentioned,not_mentioned
10011607,56807530,test,C:\Users\Zila\Downloads\BN5212\MIMIC-CXR\p10\p10\p10011607\s56807530\4bce2766-88d7c6bc-bab4885d-85e84c5d-28f1f09d.dcm,not_mentioned,not_mentioned,negative,not_mentioned,not_mentioned
10011668,50539024,train,C:\Users\Zila\Downloads\BN5212\MIMIC-CXR\p10\p10\p10011668\s50539024\acbb68f1-435036fa-cadb7e0b-f690b888-5901ae2a.dcm,negative,positive,positive,not_mentioned,positive
10011668,56511682,train,C:\Users\Zila\Downloads\BN5212\MIMIC-CXR\p10\p10\p10011668\s56511682\d110191d-11ed1652-b1e795b9-3ee0f7c6-446f22ea.dcm,not_mentioned,not_mentioned,positive,not_mentioned,negative
10011668,52123095,train,C:\Users\Zila\Downloads\BN5212\MIMIC-CXR\p10\p10\p10011668\s52123095\3b3657b3-1b4445df-4b7cb00c-158d9062-ab3f799f.dcm,not_mentioned,not_mentioned,negative,negative,negative
10011668,57317530,train,C:\Users\Zila\Downloads\BN5212\MIMIC-CXR\p10\p10\p10011668\s57317530\1a3523e4-ad21e0a2-44778871-d6b31843-d2d71dc2.dcm,negative,not_mentioned,not_mentioned,not_mentioned,not_mentioned
10011668,54026364,train,C:\Users\Zila\Downloads\BN5212\MIMIC-CXR\p10\p10\p10011668\s54026364\f39109b2-6d124d2c-a6b095f9-d291aa4e-91f61711.dcm,negative,not_mentioned,negative,not_mentioned,negative
10011668,50139454,train,C:\Users\Zila\Downloads\BN5212\MIMIC-CXR\p10\p10\p10011668\s50139454\319b0e8d-a6ce8940-e4b9bbeb-38c53c0a-adc35647.dcm,not_mentioned,not_mentioned,not_mentioned,not_mentioned,not_mentioned
10011668,57069032,train,C:\Users\Zila\Downloads\BN5212\MIMIC-CXR\p10\p10\p10011668\s57069032\fe8a578c-4f1abd31-439d846b-24169eeb-fad0b3a3.dcm,negative,positive,not_mentioned,not_mentioned,not_mentioned
10011938,50109051,train,C:\Users\Zila\Downloads\BN5212\MIMIC-CXR\p10\p10\p10011938\s50109051\57dbb610-aad7676f-da4741ea-db34ef0e-773492f3.dcm,negative,not_mentioned,negative,not_mentioned,negative
10011938,56362279,train,C:\Users\Zila\Downloads\BN5212\MIMIC-CXR\p10\p10\p10011938\s56362279\c6eed867-d6efb38a-438501f9-9d2506e9-a0c958f8.dcm,negative,positive,positive,not_mentioned,positive
10011938,55823081,train,C:\Users\Zila\Downloads\BN5212\MIMIC-CXR\p10\p10\p10011938\s55823081\381c8a8a-337eac0c-42eeac3c-287c2bf5-96a834bb.dcm,not_mentioned,positive,positive,not_mentioned,positive
10011938,54202121,train,C:\Users\Zila\Downloads\BN5212\MIMIC-CXR\p10\p10\p10011938\s54202121\7cbd9f85-35a959ac-a816d468-e6fa8243-e0efb084.dcm,not_mentioned,not_mentioned,positive,not_mentioned,positive
10011938,51900145,train,C:\Users\Zila\Downloads\BN5212\MIMIC-CXR\p10\p10\p10011938\s51900145\4ae5ec0f-02852a0a-7ab10411-5499af96-1b2d7241.dcm,not_mentioned,not_mentioned,uncertain,not_mentioned,uncertain
10011938,51895247,train,C:\Users\Zila\Downloads\BN5212\MIMIC-CXR\p10\p10\p10011938\s51895247\bf724128-9131f33a-6fd065d5-19041750-9e7f8707.dcm,not_mentioned,not_mentioned,not_mentioned,not_mentioned,not_mentioned
10011938,54231050,train,C:\Users\Zila\Downloads\BN5212\MIMIC-CXR\p10\p10\p10011938\s54231050\301c8e2c-f61cdbfb-239351ac-7b1552cb-09d8c6da.dcm,not_mentioned,not_mentioned,not_mentioned,not_mentioned,not_mentioned
10012261,55883299,train,C:\Users\Zila\Downloads\BN5212\MIMIC-CXR\p10\p10\p10012261\s55883299\c48dc8db-35b347c7-deafe540-9d161fdd-7d88173a.dcm,negative,not_mentioned,positive,positive,not_mentioned
10012261,50349409,train,C:\Users\Zila\Downloads\BN5212\MIMIC-CXR\p10\p10\p10012261\s50349409\df31ba06-23d73cc9-f2e5fd10-d7acaf92-6a27cab5.dcm,negative,not_mentioned,not_mentioned,not_mentioned,not_mentioned
10012261,55299155,train,C:\Users\Zila\Downloads\BN5212\MIMIC-CXR\p10\p10\p10012261\s55299155\b45ab9ac-c7e36584-97ceb47d-a30c6ad7-6d74d74d.dcm,negative,not_mentioned,not_mentioned,negative,not_mentioned
10012261,58270659,train,C:\Users\Zila\Downloads\BN5212\MIMIC-CXR\p10\p10\p10012261\s58270659\2f5e274a-749f1c06-1c8be147-4fabf575-e333e808.dcm,negative,not_mentioned,not_mentioned,positive,not_mentioned
10012261,51684817,train,C:\Users\Zila\Downloads\BN5212\MIMIC-CXR\p10\p10\p10012261\s51684817\a1eb6b4b-68232b04-d45e09d2-9feb80b4-66ae1d1f.dcm,not_mentioned,not_mentioned,not_mentioned,positive,not_mentioned
10012261,52477504,train,C:\Users\Zila\Downloads\BN5212\MIMIC-CXR\p10\p10\p10012261\s52477504\3ce0b228-85b2df0e-4c27c8b2-d5450336-0c09e9cc.dcm,negative,not_mentioned,negative,not_mentioned,not_mentioned
10012261,52687681,train,C:\Users\Zila\Downloads\BN5212\MIMIC-CXR\p10\p10\p10012261\s52687681\9af1bc12-a2f79746-3bc4e986-f903d0c5-72d58c21.dcm,not_mentioned,not_mentioned,not_mentioned,positive,not_mentioned
10012261,55038624,train,C:\Users\Zila\Downloads\BN5212\MIMIC-CXR\p10\p10\p10012261\s55038624\46896816-0db540a8-1baab092-f24ccb95-90982ab2.dcm,positive,not_mentioned,not_mentioned,not_mentioned,not_mentioned
10012261,55346787,train,C:\Users\Zila\Downloads\BN5212\MIMIC-CXR\p10\p10\p10012261\s55346787\4213995d-c489f4a4-b27d496c-7b7a26d2-9f73f253.dcm,not_mentioned,not_mentioned,not_mentioned,not_mentioned,not_mentioned
10012261,54843782,train,C:\Users\Zila\Downloads\BN5212\MIMIC-CXR\p10\p10\p10012261\s54843782\45526938-962f1720-e07b690f-cd297d62-a64457c4.dcm,not_mentioned,not_mentioned,not_mentioned,not_mentioned,not_mentioned
10012261,57578434,train,C:\Users\Zila\Downloads\BN5212\MIMIC-CXR\p10\p10\p10012261\s57578434\3f7ae4cd-fbef5129-7622a877-b047f63a-a5b931c7.dcm,uncertain,not_mentioned,not_mentioned,not_mentioned,not_mentioned
10012261,56984106,train,C:\Users\Zila\Downloads\BN5212\MIMIC-CXR\p10\p10\p10012261\s56984106\3d41d0fb-e3da9f63-0918d00a-5e0c6805-a99018cd.dcm,not_mentioned,not_mentioned,negative,not_mentioned,negative
10012261,50448244,train,C:\Users\Zila\Downloads\BN5212\MIMIC-CXR\p10\p10\p10012261\s50448244\a0ac37c4-f0a4679f-6f7dc61e-60125bdc-9f25a5e5.dcm,not_mentioned,not_mentioned,negative,not_mentioned,negative
10012261,53728467,train,C:\Users\Zila\Downloads\BN5212\MIMIC-CXR\p10\p10\p10012261\s53728467\4a629500-9c3281ca-90bab490-9b6ac9c1-e5e6a580.dcm,not_mentioned,not_mentioned,not_mentioned,uncertain,not_mentioned
10012261,56872341,train,C:\Users\Zila\Downloads\BN5212\MIMIC-CXR\p10\p10\p10012261\s56872341\edeabd5b-139705f9-7fdef9a3-c6bdb0ed-000cef8f.dcm,not_mentioned,not_mentioned,negative,uncertain,negative
10012261,55316892,train,C:\Users\Zila\Downloads\BN5212\MIMIC-CXR\p10\p10\p10012261\s55316892\212f55c9-9f286757-fb085dd2-c7e1c269-bd8c5436.dcm,not_mentioned,not_mentioned,negative,not_mentioned,negative
10012292,50854114,test,C:\Users\Zila\Downloads\BN5212\MIMIC-CXR\p10\p10\p10012292\s50854114\041929be-2f4aae30-82846957-72721286-436035a5.dcm,not_mentioned,not_mentioned,not_mentioned,positive,not_mentioned
10012292,52412975,test,C:\Users\Zila\Downloads\BN5212\MIMIC-CXR\p10\p10\p10012292\s52412975\ca16ea39-8c22bfd8-f6bc2bc3-ce92406f-d5bd9438.dcm,not_mentioned,not_mentioned,not_mentioned,not_mentioned,not_mentioned
10012292,53627836,test,C:\Users\Zila\Downloads\BN5212\MIMIC-CXR\p10\p10\p10012292\s53627836\e1cb08b8-ad3fcb2e-f23a3675-b9f0db2e-f96e379e.dcm,not_mentioned,not_mentioned,not_mentioned,positive,not_mentioned
10012292,57676120,test,C:\Users\Zila\Downloads\BN5212\MIMIC-CXR\p10\p10\p10012292\s57676120\3a13fd66-e3d03334-55491a06-e0748dbc-eaf053a6.dcm,negative,positive,positive,not_mentioned,positive
10012292,59162519,test,C:\Users\Zila\Downloads\BN5212\MIMIC-CXR\p10\p10\p10012292\s59162519\89ac924c-30a77f83-69f8cf89-1a34b99a-ff0ecbb3.dcm,not_mentioned,not_mentioned,not_mentioned,not_mentioned,not_mentioned
10012292,54533628,test,C:\Users\Zila\Downloads\BN5212\MIMIC-CXR\p10\p10\p10012292\s54533628\87b8911c-4a55ede1-04373513-448c369c-acb2b224.dcm,not_mentioned,not_mentioned,not_mentioned,not_mentioned,not_mentioned
10012292,52500232,test,C:\Users\Zila\Downloads\BN5212\MIMIC-CXR\p10\p10\p10012292\s52500232\3888964a-3139c2d4-1f2c95ca-43f5f768-00fcca5b.dcm,not_mentioned,not_mentioned,not_mentioned,positive,not_mentioned
10012292,51979091,test,C:\Users\Zila\Downloads\BN5212\MIMIC-CXR\p10\p10\p10012292\s51979091\1fb53d30-20a85527-b71db2ae-28913b09-44ef76be.dcm,positive,not_mentioned,positive,not_mentioned,positive
10012768,51169270,train,C:\Users\Zila\Downloads\BN5212\MIMIC-CXR\p10\p10\p10012768\s51169270\1aede5fb-cf634f3a-6b6b3660-80b623ab-4c72bdcc.dcm,not_mentioned,not_mentioned,not_mentioned,not_mentioned,not_mentioned
10012768,58861095,train,C:\Users\Zila\Downloads\BN5212\MIMIC-CXR\p10\p10\p10012768\s58861095\b8cf4fc4-4b227580-cf8d7209-2b5ed946-2d54873c.dcm,positive,not_mentioned,not_mentioned,not_mentioned,not_mentioned
10012768,55247703,train,C:\Users\Zila\Downloads\BN5212\MIMIC-CXR\p10\p10\p10012768\s55247703\5630ebbd-7e38ba89-0b1fbc6f-a56f5dee-e60f09d3.dcm,not_mentioned,not_mentioned,negative,negative,negative
10012853,53243235,val,C:\Users\Zila\Downloads\BN5212\MIMIC-CXR\p10\p10\p10012853\s53243235\f6a37fec-15ac1f40-bf0526fc-39db0719-2b908d7a.dcm,not_mentioned,not_mentioned,positive,not_mentioned,positive
10012853,58181999,val,C:\Users\Zila\Downloads\BN5212\MIMIC-CXR\p10\p10\p10012853\s58181999\aac02704-c647b84c-58d5df12-c9857852-e1536bba.dcm,not_mentioned,positive,positive,not_mentioned,positive
10012853,58569460,val,C:\Users\Zila\Downloads\BN5212\MIMIC-CXR\p10\p10\p10012853\s58569460\7dcc1738-1674a7a7-42bb1860-d1551597-33f6de53.dcm,negative,not_mentioned,not_mentioned,not_mentioned,not_mentioned
10012853,50200959,val,C:\Users\Zila\Downloads\BN5212\MIMIC-CXR\p10\p10\p10012853\s50200959\4736face-6f5f0e13-4b8bac9f-49661d81-a988229c.dcm,positive,positive,positive,not_mentioned,not_mentioned
10013502,59527128,test,C:\Users\Zila\Downloads\BN5212\MIMIC-CXR\p10\p10\p10013502\s59527128\bb160b54-83b69413-d51367dd-c267210b-fbad7ccd.dcm,not_mentioned,not_mentioned,negative,negative,negative
10013569,53407104,train,C:\Users\Zila\Downloads\BN5212\MIMIC-CXR\p10\p10\p10013569\s53407104\2bf1576a-cb1775c8-7235d1b9-91495ebc-f93e4a0a.dcm,not_mentioned,not_mentioned,not_mentioned,not_mentioned,not_mentioned
10013569,57151026,train,C:\Users\Zila\Downloads\BN5212\MIMIC-CXR\p10\p10\p10013569\s57151026\63af38ce-8915b633-19f3a00b-3d6fde60-675b3525.dcm,positive,not_mentioned,negative,not_mentioned,negative
10013569,56120093,train,C:\Users\Zila\Downloads\BN5212\MIMIC-CXR\p10\p10\p10013569\s56120093\99f17f78-e629010c-b8cc1364-de71de9c-8d3a9b61.dcm,positive,positive,not_mentioned,not_mentioned,not_mentioned
10013569,56197670,train,C:\Users\Zila\Downloads\BN5212\MIMIC-CXR\p10\p10\p10013569\s56197670\7930aea9-d0108eda-0487f13b-5d2680c4-bd93f369.dcm,not_mentioned,not_mentioned,not_mentioned,not_mentioned,not_mentioned
10013569,57874790,train,C:\Users\Zila\Downloads\BN5212\MIMIC-CXR\p10\p10\p10013569\s57874790\f1057fa6-32b37b7c-913c3d01-dcd710bc-b269dde8.dcm,positive,not_mentioned,not_mentioned,not_mentioned,not_mentioned
10013569,52553082,train,C:\Users\Zila\Downloads\BN5212\MIMIC-CXR\p10\p10\p10013569\s52553082\5e3801a7-85206735-b5014a64-364bca8d-df4ffc55.dcm,not_mentioned,not_mentioned,positive,negative,positive
10013643,51129178,test,C:\Users\Zila\Downloads\BN5212\MIMIC-CXR\p10\p10\p10013643\s51129178\6df72680-402bfe0a-d7959e94-13871f9b-52196258.dcm,not_mentioned,not_mentioned,not_mentioned,not_mentioned,not_mentioned
10013643,55641691,test,C:\Users\Zila\Downloads\BN5212\MIMIC-CXR\p10\p10\p10013643\s55641691\691c93f1-584388ff-deffb3ba-bd48fe77-9f1ffd06.dcm,not_mentioned,not_mentioned,not_mentioned,not_mentioned,not_mentioned
10013643,53230061,test,C:\Users\Zila\Downloads\BN5212\MIMIC-CXR\p10\p10\p10013643\s53230061\132b4365-6a11841b-b621665f-dcade135-cfe878bb.dcm,not_mentioned,not_mentioned,not_mentioned,not_mentioned,not_mentioned
10013643,58230749,test,C:\Users\Zila\Downloads\BN5212\MIMIC-CXR\p10\p10\p10013643\s58230749\ba5350ef-90715c9e-dbed884b-70df7792-5df16d03.dcm,not_mentioned,not_mentioned,negative,not_mentioned,negative
10013643,52222477,test,C:\Users\Zila\Downloads\BN5212\MIMIC-CXR\p10\p10\p10013643\s52222477\a0126df2-58268cc9-bcdc1ea9-6b5529ae-ce35828a.dcm,not_mentioned,not_mentioned,negative,not_mentioned,negative
10013643,52512677,test,C:\Users\Zila\Downloads\BN5212\MIMIC-CXR\p10\p10\p10013643\s52512677\73964bcc-47f6b470-10259d49-a7db9a27-cb5eb7b1.dcm,negative,not_mentioned,negative,not_mentioned,negative
10013643,53841005,test,C:\Users\Zila\Downloads\BN5212\MIMIC-CXR\p10\p10\p10013643\s53841005\6e58e826-fc08e4ee-a9ff0245-34c6f4cd-cd0aedc8.dcm,not_mentioned,positive,positive,not_mentioned,positive
10013643,58785837,test,C:\Users\Zila\Downloads\BN5212\MIMIC-CXR\p10\p10\p10013643\s58785837\e8b05d45-d370fd48-169c82f6-bd62e3b2-cddb088a.dcm,not_mentioned,positive,negative,not_mentioned,negative
10013653,57456069,train,C:\Users\Zila\Downloads\BN5212\MIMIC-CXR\p10\p10\p10013653\s57456069\85b221a1-3e9cb4b5-d4d5f80d-1ab566aa-52f4c7a4.dcm,not_mentioned,not_mentioned,negative,negative,negative
10013653,56765058,train,C:\Users\Zila\Downloads\BN5212\MIMIC-CXR\p10\p10\p10013653\s56765058\f42171e2-844bc58f-a808b42f-41e1b6f0-f5c1d8dd.dcm,negative,not_mentioned,not_mentioned,negative,not_mentioned
10013653,54266127,train,C:\Users\Zila\Downloads\BN5212\MIMIC-CXR\p10\p10\p10013653\s54266127\b28d3fe8-09b15844-5442e33f-8e172f8e-8973f48e.dcm,not_mentioned,not_mentioned,not_mentioned,positive,not_mentioned
10013653,50370108,train,C:\Users\Zila\Downloads\BN5212\MIMIC-CXR\p10\p10\p10013653\s50370108\572682ef-b11cab98-a41159bc-7a162ed9-92c01bd7.dcm,not_mentioned,not_mentioned,positive,positive,positive
10013653,53383585,train,C:\Users\Zila\Downloads\BN5212\MIMIC-CXR\p10\p10\p10013653\s53383585\995f40eb-fb14c010-41ec955c-2204df10-171abef8.dcm,negative,not_mentioned,negative,not_mentioned,negative
10013653,55563991,train,C:\Users\Zila\Downloads\BN5212\MIMIC-CXR\p10\p10\p10013653\s55563991\7895d331-029165ef-27fa5910-6a7477be-63043df5.dcm,not_mentioned,positive,positive,positive,positive
10013653,59887647,train,C:\Users\Zila\Downloads\BN5212\MIMIC-CXR\p10\p10\p10013653\s59887647\1a43b75f-b7d2afc6-a6892036-2cebebb4-2da44329.dcm,positive,not_mentioned,positive,not_mentioned,positive
10013653,51083432,train,C:\Users\Zila\Downloads\BN5212\MIMIC-CXR\p10\p10\p10013653\s51083432\098a5502-b7e1be9a-14869998-9a86a538-596f0d42.dcm,not_mentioned,not_mentioned,not_mentioned,not_mentioned,not_mentioned
10013653,53718217,train,C:\Users\Zila\Downloads\BN5212\MIMIC-CXR\p10\p10\p10013653\s53718217\f609890e-31371248-02feb81e-65785e4d-07810677.dcm,negative,positive,uncertain,not_mentioned,uncertain
10013653,58257691,train,C:\Users\Zila\Downloads\BN5212\MIMIC-CXR\p10\p10\p10013653\s58257691\c6daad95-a50e15b0-ca7fe56b-0ce83258-00845429.dcm,positive,not_mentioned,not_mentioned,not_mentioned,not_mentioned
10013653,53212555,train,C:\Users\Zila\Downloads\BN5212\MIMIC-CXR\p10\p10\p10013653\s53212555\3b9f9742-adbf9136-b41b8572-ed58df70-c59d06da.dcm,positive,not_mentioned,not_mentioned,not_mentioned,not_mentioned
10013653,50073683,train,C:\Users\Zila\Downloads\BN5212\MIMIC-CXR\p10\p10\p10013653\s50073683\cfeccc9f-802f8256-13ad1ca2-69a1b051-809fd266.dcm,not_mentioned,not_mentioned,not_mentioned,not_mentioned,not_mentioned
10013653,56172765,train,C:\Users\Zila\Downloads\BN5212\MIMIC-CXR\p10\p10\p10013653\s56172765\624066a9-1ff36c40-674d2639-1ba519f5-eab998a4.dcm,not_mentioned,positive,positive,not_mentioned,positive
10014078,58004016,val,C:\Users\Zila\Downloads\BN5212\MIMIC-CXR\p10\p10\p10014078\s58004016\46af629c-e45c5e85-4b140d2e-cbbfc695-271ded45.dcm,not_mentioned,not_mentioned,not_mentioned,not_mentioned,not_mentioned
10014078,51417320,val,C:\Users\Zila\Downloads\BN5212\MIMIC-CXR\p10\p10\p10014078\s51417320\e9b79874-e6612023-982f9db3-8d56781c-1784c036.dcm,not_mentioned,not_mentioned,not_mentioned,not_mentioned,not_mentioned
10014354,59818531,test,C:\Users\Zila\Downloads\BN5212\MIMIC-CXR\p10\p10\p10014354\s59818531\0ecede0c-b53d631e-36fed14a-665ef680-6c4883bb.dcm,negative,not_mentioned,negative,not_mentioned,negative
10014354,56187971,test,C:\Users\Zila\Downloads\BN5212\MIMIC-CXR\p10\p10\p10014354\s56187971\3767d323-01574cd7-d96b5c0f-2d672f8a-f64802cc.dcm,negative,not_mentioned,not_mentioned,not_mentioned,not_mentioned
10014354,55291283,test,C:\Users\Zila\Downloads\BN5212\MIMIC-CXR\p10\p10\p10014354\s55291283\74195742-ab3a5634-3256dccc-df27d229-0b8ff390.dcm,negative,not_mentioned,not_mentioned,not_mentioned,not_mentioned
10014610,50713146,train,C:\Users\Zila\Downloads\BN5212\MIMIC-CXR\p10\p10\p10014610\s50713146\ed61d1c2-9eab1c32-8701a83c-7897b8ab-b170a387.dcm,not_mentioned,not_mentioned,not_mentioned,not_mentioned,not_mentioned
10014610,55886777,train,C:\Users\Zila\Downloads\BN5212\MIMIC-CXR\p10\p10\p10014610\s55886777\6696c358-170d3e32-5db8a27b-32fa98ac-a2449503.dcm,not_mentioned,not_mentioned,not_mentioned,not_mentioned,not_mentioned
10014610,54899084,train,C:\Users\Zila\Downloads\BN5212\MIMIC-CXR\p10\p10\p10014610\s54899084\623a0bd5-44210a6f-b6e1ea18-6799abc7-af35ccda.dcm,positive,positive,not_mentioned,not_mentioned,not_mentioned
10014610,54258223,train,C:\Users\Zila\Downloads\BN5212\MIMIC-CXR\p10\p10\p10014610\s54258223\cb2294f4-8f8fff2e-782e9bd6-3afdd517-1e5a77ee.dcm,not_mentioned,not_mentioned,not_mentioned,not_mentioned,not_mentioned
10014610,57344954,train,C:\Users\Zila\Downloads\BN5212\MIMIC-CXR\p10\p10\p10014610\s57344954\c144a384-a470a022-265c63b6-6291a75b-c0019923.dcm,not_mentioned,positive,not_mentioned,not_mentioned,not_mentioned
10014610,54331589,train,C:\Users\Zila\Downloads\BN5212\MIMIC-CXR\p10\p10\p10014610\s54331589\fb53f857-751d8e72-5fc5b53e-cc88ee73-614882e6.dcm,not_mentioned,positive,positive,not_mentioned,positive
10014610,54475753,train,C:\Users\Zila\Downloads\BN5212\MIMIC-CXR\p10\p10\p10014610\s54475753\3dcea4ce-30048ba7-e301c54e-11562724-2a1216dd.dcm,not_mentioned,not_mentioned,not_mentioned,not_mentioned,not_mentioned
10014610,55636823,train,C:\Users\Zila\Downloads\BN5212\MIMIC-CXR\p10\p10\p10014610\s55636823\4329f2ed-7b3a43a7-c2d6a58a-1901d664-0845b8ee.dcm,not_mentioned,not_mentioned,not_mentioned,not_mentioned,not_mentioned
10014610,55477990,train,C:\Users\Zila\Downloads\BN5212\MIMIC-CXR\p10\p10\p10014610\s55477990\c03fcb79-7bff6a68-3c5b4ba2-8e01b159-7fa02bcd.dcm,negative,positive,negative,not_mentioned,negative
10014610,52971110,train,C:\Users\Zila\Downloads\BN5212\MIMIC-CXR\p10\p10\p10014610\s52971110\52fc3f2b-69a2b240-317815c6-e2fbaad8-5b949071.dcm,negative,not_mentioned,not_mentioned,negative,not_mentioned
10014610,59565048,train,C:\Users\Zila\Downloads\BN5212\MIMIC-CXR\p10\p10\p10014610\s59565048\1d98d602-198862a9-171a934b-78810d03-9ac0f6b1.dcm,negative,not_mentioned,not_mentioned,not_mentioned,not_mentioned
10014610,54251554,train,C:\Users\Zila\Downloads\BN5212\MIMIC-CXR\p10\p10\p10014610\s54251554\d3d79734-c2b0bbdc-d8d360ef-999a60c1-5a94dd32.dcm,negative,not_mentioned,not_mentioned,not_mentioned,not_mentioned
10014729,52149569,train,C:\Users\Zila\Downloads\BN5212\MIMIC-CXR\p10\p10\p10014729\s52149569\0f768188-ace0476b-e815f596-4bcca8f6-f6614985.dcm,not_mentioned,not_mentioned,positive,not_mentioned,not_mentioned
10014729,54116558,train,C:\Users\Zila\Downloads\BN5212\MIMIC-CXR\p10\p10\p10014729\s54116558\f9644565-25de35b9-4c714d09-a1b398fc-35222480.dcm,not_mentioned,not_mentioned,not_mentioned,not_mentioned,not_mentioned
10014729,51377970,train,C:\Users\Zila\Downloads\BN5212\MIMIC-CXR\p10\p10\p10014729\s51377970\57f1b6eb-de895902-f3d36eb2-a01a8f5d-05e2a93a.dcm,positive,not_mentioned,positive,not_mentioned,positive
10014729,56982861,train,C:\Users\Zila\Downloads\BN5212\MIMIC-CXR\p10\p10\p10014729\s56982861\66006600-2519e936-75085a4b-ce5c3543-0e7a8187.dcm,positive,not_mentioned,not_mentioned,not_mentioned,not_mentioned
10014729,54258430,train,C:\Users\Zila\Downloads\BN5212\MIMIC-CXR\p10\p10\p10014729\s54258430\e2363278-1f80329d-9bf694c4-990c6956-65fe135a.dcm,not_mentioned,not_mentioned,not_mentioned,not_mentioned,not_mentioned
10014729,55397704,train,C:\Users\Zila\Downloads\BN5212\MIMIC-CXR\p10\p10\p10014729\s55397704\cb636eeb-daac59e6-d9c14e37-275f99c4-00d8c636.dcm,positive,not_mentioned,not_mentioned,not_mentioned,not_mentioned
10014729,53646444,train,C:\Users\Zila\Downloads\BN5212\MIMIC-CXR\p10\p10\p10014729\s53646444\78d48ef1-73b73217-5c083bd6-4064d6f7-709f476c.dcm,positive,not_mentioned,not_mentioned,not_mentioned,not_mentioned
10014729,52359357,train,C:\Users\Zila\Downloads\BN5212\MIMIC-CXR\p10\p10\p10014729\s52359357\5f090a4b-dc8a796d-726db5a0-62f19c9f-58cccd6f.dcm,not_mentioned,not_mentioned,not_mentioned,not_mentioned,not_mentioned
10014729,56014224,train,C:\Users\Zila\Downloads\BN5212\MIMIC-CXR\p10\p10\p10014729\s56014224\4634bba5-dc3eb3e4-bf2735fd-ae963c1c-efcd994c.dcm,not_mentioned,not_mentioned,not_mentioned,not_mentioned,not_mentioned
10014765,57515592,train,C:\Users\Zila\Downloads\BN5212\MIMIC-CXR\p10\p10\p10014765\s57515592\1700f85c-68960a0a-f866450c-b5f29637-a33d208f.dcm,not_mentioned,not_mentioned,not_mentioned,not_mentioned,not_mentioned
10014765,55749084,train,C:\Users\Zila\Downloads\BN5212\MIMIC-CXR\p10\p10\p10014765\s55749084\bec41e32-8cad63de-9effa03d-73199f7e-8cc2ae3e.dcm,negative,not_mentioned,not_mentioned,negative,not_mentioned
10014967,52050610,val,C:\Users\Zila\Downloads\BN5212\MIMIC-CXR\p10\p10\p10014967\s52050610\aeea1ede-69345fcc-1660a894-ff5d0669-141cc64b.dcm,not_mentioned,not_mentioned,not_mentioned,positive,not_mentioned
10014967,52591138,val,C:\Users\Zila\Downloads\BN5212\MIMIC-CXR\p10\p10\p10014967\s52591138\3d68a126-765b0219-92850b69-e09fbb01-d5261c05.dcm,not_mentioned,not_mentioned,not_mentioned,not_mentioned,not_mentioned
10015048,53719691,test,C:\Users\Zila\Downloads\BN5212\MIMIC-CXR\p10\p10\p10015048\s53719691\bbedc806-4228a38a-e077c922-bcb355a7-f7a6d785.dcm,negative,not_mentioned,not_mentioned,not_mentioned,not_mentioned
10015048,50292012,test,C:\Users\Zila\Downloads\BN5212\MIMIC-CXR\p10\p10\p10015048\s50292012\f24ba3b1-8a4cc77f-23ad8f8c-5c3dca7d-77e2c0da.dcm,negative,not_mentioned,not_mentioned,not_mentioned,not_mentioned
10015048,57847000,test,C:\Users\Zila\Downloads\BN5212\MIMIC-CXR\p10\p10\p10015048\s57847000\596d6c23-6b89884b-a59f047a-25a7aa7f-34919f90.dcm,negative,not_mentioned,not_mentioned,negative,not_mentioned
10015048,50474111,test,C:\Users\Zila\Downloads\BN5212\MIMIC-CXR\p10\p10\p10015048\s50474111\12fd2ed8-5a501563-a86d9388-5ba1a246-2ac9104b.dcm,negative,not_mentioned,not_mentioned,not_mentioned,not_mentioned
10015048,58698953,test,C:\Users\Zila\Downloads\BN5212\MIMIC-CXR\p10\p10\p10015048\s58698953\b6689291-6e6f6d48-e524486c-368664ae-d4105cde.dcm,negative,positive,not_mentioned,positive,not_mentioned
10015048,57144495,test,C:\Users\Zila\Downloads\BN5212\MIMIC-CXR\p10\p10\p10015048\s57144495\3cf27c2d-e53f969e-db2660a9-5d8bac0d-aa61dade.dcm,not_mentioned,not_mentioned,not_mentioned,positive,not_mentioned
10015129,54747140,train,C:\Users\Zila\Downloads\BN5212\MIMIC-CXR\p10\p10\p10015129\s54747140\572d6861-56111b40-6073f59d-f2e0fad4-bc958753.dcm,negative,not_mentioned,not_mentioned,not_mentioned,not_mentioned
10015129,57452970,train,C:\Users\Zila\Downloads\BN5212\MIMIC-CXR\p10\p10\p10015129\s57452970\429b55eb-544ae6eb-11a6186d-cfa22c23-a47a0930.dcm,not_mentioned,not_mentioned,not_mentioned,not_mentioned,not_mentioned
10015129,54690616,train,C:\Users\Zila\Downloads\BN5212\MIMIC-CXR\p10\p10\p10015129\s54690616\ddc6d76d-93c1754d-99baa8a2-62a15e2d-36e212cb.dcm,negative,not_mentioned,not_mentioned,negative,not_mentioned
10015487,58028693,train,C:\Users\Zila\Downloads\BN5212\MIMIC-CXR\p10\p10\p10015487\s58028693\5319205d-6090f66f-cbfd0b1f-6e279292-65eb7dc1.dcm,negative,not_mentioned,not_mentioned,not_mentioned,not_mentioned
10015487,57448287,train,C:\Users\Zila\Downloads\BN5212\MIMIC-CXR\p10\p10\p10015487\s57448287\68385ba1-d1e65651-de7f3f4c-1464ed7a-dac29623.dcm,negative,not_mentioned,not_mentioned,positive,not_mentioned
10015785,52335725,train,C:\Users\Zila\Downloads\BN5212\MIMIC-CXR\p10\p10\p10015785\s52335725\f0bca192-b8a9e3cc-6b70d2a9-eab4b1bc-40623e58.dcm,negative,not_mentioned,not_mentioned,not_mentioned,not_mentioned
10015785,59095926,train,C:\Users\Zila\Downloads\BN5212\MIMIC-CXR\p10\p10\p10015785\s59095926\4c8f8ea6-47e8a94c-d0102870-54af5bd2-c538db5f.dcm,negative,not_mentioned,not_mentioned,negative,not_mentioned
10015860,51904202,train,C:\Users\Zila\Downloads\BN5212\MIMIC-CXR\p10\p10\p10015860\s51904202\8445748a-46877305-addb6ba3-210494d0-1ab85d21.dcm,negative,not_mentioned,not_mentioned,negative,not_mentioned
10015860,54563930,train,C:\Users\Zila\Downloads\BN5212\MIMIC-CXR\p10\p10\p10015860\s54563930\80ffc9e7-ce517bd3-b1160380-8fe5e817-55d58e74.dcm,not_mentioned,not_mentioned,negative,not_mentioned,negative
10015860,54943790,train,C:\Users\Zila\Downloads\BN5212\MIMIC-CXR\p10\p10\p10015860\s54943790\049385a6-012ffc8e-96dcf51b-0e58326e-42e859c6.dcm,negative,not_mentioned,not_mentioned,positive,not_mentioned
10015860,55513261,train,C:\Users\Zila\Downloads\BN5212\MIMIC-CXR\p10\p10\p10015860\s55513261\f0c210ea-5e0e0d9b-41b8ed0f-40c2d6b7-ce43ab41.dcm,positive,not_mentioned,not_mentioned,not_mentioned,not_mentioned
10015860,52909824,train,C:\Users\Zila\Downloads\BN5212\MIMIC-CXR\p10\p10\p10015860\s52909824\9b4a0c40-50843390-aebb5ec7-c123c8fd-6d004f78.dcm,negative,not_mentioned,not_mentioned,negative,not_mentioned
10015931,53883707,train,C:\Users\Zila\Downloads\BN5212\MIMIC-CXR\p10\p10\p10015931\s53883707\b5b24728-3a780096-e5988cb3-d0717639-2e03159f.dcm,positive,not_mentioned,positive,not_mentioned,positive
10015931,57792054,train,C:\Users\Zila\Downloads\BN5212\MIMIC-CXR\p10\p10\p10015931\s57792054\094f66e7-fc7faa70-d5f0b6b5-5a8b82f6-58d284b8.dcm,positive,not_mentioned,positive,not_mentioned,positive
10015931,57962525,train,C:\Users\Zila\Downloads\BN5212\MIMIC-CXR\p10\p10\p10015931\s57962525\5bd7288f-3f5b72d4-a232b2bf-5dd71087-d98a9382.dcm,not_mentioned,not_mentioned,negative,not_mentioned,negative
10015931,56053701,train,C:\Users\Zila\Downloads\BN5212\MIMIC-CXR\p10\p10\p10015931\s56053701\0e6cbec3-9a637b61-386a910d-cb9acb17-3fc360e6.dcm,positive,not_mentioned,not_mentioned,not_mentioned,not_mentioned
10015931,55693693,train,C:\Users\Zila\Downloads\BN5212\MIMIC-CXR\p10\p10\p10015931\s55693693\a10ddf6c-27ae21b1-6e3d398f-38996661-97190fb2.dcm,not_mentioned,not_mentioned,positive,not_mentioned,positive
10015931,57552246,train,C:\Users\Zila\Downloads\BN5212\MIMIC-CXR\p10\p10\p10015931\s57552246\1f6ef1b5-6d66ba31-8e6ab2c0-5e2f7af3-8b9167c8.dcm,positive,not_mentioned,negative,not_mentioned,negative
10015931,51155735,train,C:\Users\Zila\Downloads\BN5212\MIMIC-CXR\p10\p10\p10015931\s51155735\0518c887-b80608ca-830de2d5-89acf0e2-bd3ec900.dcm,not_mentioned,not_mentioned,not_mentioned,uncertain,not_mentioned
10015931,58488942,train,C:\Users\Zila\Downloads\BN5212\MIMIC-CXR\p10\p10\p10015931\s58488942\4e0ae11d-128f6eb2-7208b911-232a215d-a00aa64b.dcm,positive,not_mentioned,not_mentioned,not_mentioned,not_mentioned
10015931,50912119,train,C:\Users\Zila\Downloads\BN5212\MIMIC-CXR\p10\p10\p10015931\s50912119\4c8be7b3-4bdfb53a-5291392a-e9387349-55fd937c.dcm,not_mentioned,positive,positive,not_mentioned,positive
10015931,52545203,train,C:\Users\Zila\Downloads\BN5212\MIMIC-CXR\p10\p10\p10015931\s52545203\b60c6c0d-9c11585f-98c77706-f9593ca5-565cd308.dcm,not_mentioned,positive,positive,not_mentioned,positive
10015931,55684791,train,C:\Users\Zila\Downloads\BN5212\MIMIC-CXR\p10\p10\p10015931\s55684791\34feff57-b40bf9db-b10d7ec3-7f9ea9fc-4729552f.dcm,not_mentioned,not_mentioned,positive,not_mentioned,positive
10015931,52062743,train,C:\Users\Zila\Downloads\BN5212\MIMIC-CXR\p10\p10\p10015931\s52062743\61ea0ea5-b2b21b9e-36a3056d-0c936cba-73208a6e.dcm,not_mentioned,not_mentioned,not_mentioned,not_mentioned,not_mentioned
10015931,58306154,train,C:\Users\Zila\Downloads\BN5212\MIMIC-CXR\p10\p10\p10015931\s58306154\0980a3c1-1619b143-6c1eab0a-c9c24f38-7f3b5019.dcm,positive,not_mentioned,not_mentioned,not_mentioned,not_mentioned
10016084,51872870,test,C:\Users\Zila\Downloads\BN5212\MIMIC-CXR\p10\p10\p10016084\s51872870\ee1575fd-4678123c-9cb2a5ea-64f32060-ab42d247.dcm,negative,not_mentioned,negative,not_mentioned,not_mentioned
10016084,50755440,test,C:\Users\Zila\Downloads\BN5212\MIMIC-CXR\p10\p10\p10016084\s50755440\94c42403-c3555741-61a25b2f-46aa9100-a3ec2f14.dcm,not_mentioned,not_mentioned,not_mentioned,not_mentioned,not_mentioned
10016367,51553809,train,C:\Users\Zila\Downloads\BN5212\MIMIC-CXR\p10\p10\p10016367\s51553809\fe4b7088-3c8ed6d9-6b2459bd-9b85ed17-103a45e4.dcm,negative,not_mentioned,not_mentioned,not_mentioned,not_mentioned
10016367,58382768,train,C:\Users\Zila\Downloads\BN5212\MIMIC-CXR\p10\p10\p10016367\s58382768\10a9a563-db7c16d4-e5416038-f8d88b5a-c1d5982e.dcm,negative,not_mentioned,not_mentioned,not_mentioned,not_mentioned
10016742,54544825,train,C:\Users\Zila\Downloads\BN5212\MIMIC-CXR\p10\p10\p10016742\s54544825\76bbb1b3-08992151-c4f3ab99-281f7986-970150c9.dcm,not_mentioned,not_mentioned,not_mentioned,not_mentioned,not_mentioned
10016742,51823916,train,C:\Users\Zila\Downloads\BN5212\MIMIC-CXR\p10\p10\p10016742\s51823916\18493ec1-ba7bab0a-93b763c0-783b00ee-cb80ab5e.dcm,not_mentioned,not_mentioned,not_mentioned,not_mentioned,not_mentioned
10016742,58242013,train,C:\Users\Zila\Downloads\BN5212\MIMIC-CXR\p10\p10\p10016742\s58242013\dd98abe9-05850f83-05643353-e8af58f2-9973d600.dcm,not_mentioned,not_mentioned,not_mentioned,not_mentioned,not_mentioned
10016742,58718226,train,C:\Users\Zila\Downloads\BN5212\MIMIC-CXR\p10\p10\p10016742\s58718226\3b461f64-2f5355d4-51397f46-e2867a9b-a13790e5.dcm,positive,positive,negative,positive,negative
10016742,51877206,train,C:\Users\Zila\Downloads\BN5212\MIMIC-CXR\p10\p10\p10016742\s51877206\42ffea4a-5f1410e7-8febe757-a2719e71-9e6f3246.dcm,uncertain,not_mentioned,not_mentioned,positive,not_mentioned
10016742,57347343,train,C:\Users\Zila\Downloads\BN5212\MIMIC-CXR\p10\p10\p10016742\s57347343\68fbe7c5-f34fe512-ed392538-1527494a-7db36926.dcm,not_mentioned,not_mentioned,negative,not_mentioned,negative
10016742,59397266,train,C:\Users\Zila\Downloads\BN5212\MIMIC-CXR\p10\p10\p10016742\s59397266\300dae75-c4926d43-2a0db829-8e32d292-2e665bdc.dcm,positive,not_mentioned,not_mentioned,not_mentioned,not_mentioned
10016742,56815951,train,C:\Users\Zila\Downloads\BN5212\MIMIC-CXR\p10\p10\p10016742\s56815951\ff23c171-48a0d091-2f21a493-9968a01a-2447c7db.dcm,not_mentioned,not_mentioned,not_mentioned,not_mentioned,not_mentioned
10016742,50273193,train,C:\Users\Zila\Downloads\BN5212\MIMIC-CXR\p10\p10\p10016742\s50273193\d5f0df52-128c2021-61320223-4769816c-187bb3d4.dcm,not_mentioned,not_mentioned,not_mentioned,not_mentioned,not_mentioned
10016742,50285724,train,C:\Users\Zila\Downloads\BN5212\MIMIC-CXR\p10\p10\p10016742\s50285724\1cc095d7-6d762814-275b8e2a-ffb54b4d-5b5e7cdc.dcm,not_mentioned,not_mentioned,not_mentioned,not_mentioned,not_mentioned
10016742,50500001,train,C:\Users\Zila\Downloads\BN5212\MIMIC-CXR\p10\p10\p10016742\s50500001\b2b25967-dc3b6ea0-d4f4f38b-b6f0e17b-cd9f9afe.dcm,negative,not_mentioned,not_mentioned,not_mentioned,not_mentioned
10018081,51219318,train,C:\Users\Zila\Downloads\BN5212\MIMIC-CXR\p10\p10\p10018081\s51219318\67bc22be-de23eb44-c1d8c7d2-e5995d1b-830e4b6c.dcm,not_mentioned,positive,not_mentioned,not_mentioned,not_mentioned
10018081,50515796,train,C:\Users\Zila\Downloads\BN5212\MIMIC-CXR\p10\p10\p10018081\s50515796\906744d3-04cbdaa9-9b97b8ff-e89b52d6-be2d0f35.dcm,not_mentioned,not_mentioned,negative,negative,negative
10018081,53262913,train,C:\Users\Zila\Downloads\BN5212\MIMIC-CXR\p10\p10\p10018081\s53262913\e9f4fdd0-5b92d018-7c82c76d-64009aeb-b5bac7c5.dcm,not_mentioned,not_mentioned,not_mentioned,not_mentioned,not_mentioned
10018081,55554731,train,C:\Users\Zila\Downloads\BN5212\MIMIC-CXR\p10\p10\p10018081\s55554731\2d1b65b0-2c6f077b-84e27662-22c28d76-3e221ce8.dcm,positive,not_mentioned,not_mentioned,uncertain,not_mentioned
10018081,58175153,train,C:\Users\Zila\Downloads\BN5212\MIMIC-CXR\p10\p10\p10018081\s58175153\af3ba1ca-464d7dd4-6467929b-c1fbc4dc-5ec5a15a.dcm,positive,positive,not_mentioned,not_mentioned,not_mentioned
10018081,53356842,train,C:\Users\Zila\Downloads\BN5212\MIMIC-CXR\p10\p10\p10018081\s53356842\d98b4217-4a6e51ba-1dc8709c-e2f77187-7147f669.dcm,positive,not_mentioned,positive,not_mentioned,not_mentioned
10018081,59239908,train,C:\Users\Zila\Downloads\BN5212\MIMIC-CXR\p10\p10\p10018081\s59239908\25c66098-6176e39c-e9f5e7d8-7a9ae7ab-3efce671.dcm,positive,positive,negative,not_mentioned,negative
10018081,57539618,train,C:\Users\Zila\Downloads\BN5212\MIMIC-CXR\p10\p10\p10018081\s57539618\c22a59f9-a61fe76c-c5120a90-1252186e-9b952504.dcm,not_mentioned,not_mentioned,positive,not_mentioned,not_mentioned
10018081,55735807,train,C:\Users\Zila\Downloads\BN5212\MIMIC-CXR\p10\p10\p10018081\s55735807\88ef80df-26cf13ed-57278a55-fbcd845b-6f05cb4e.dcm,not_mentioned,not_mentioned,positive,not_mentioned,positive
10018081,52361916,train,C:\Users\Zila\Downloads\BN5212\MIMIC-CXR\p10\p10\p10018081\s52361916\9b7b4fdf-49b055ce-4ecd1de1-f3088dcf-8b031e4a.dcm,positive,positive,negative,not_mentioned,negative
10018081,58536937,train,C:\Users\Zila\Downloads\BN5212\MIMIC-CXR\p10\p10\p10018081\s58536937\c1e2fa7a-57c1e13d-aaba6229-25814465-263078ec.dcm,not_mentioned,not_mentioned,negative,not_mentioned,negative
10018081,55281127,train,C:\Users\Zila\Downloads\BN5212\MIMIC-CXR\p10\p10\p10018081\s55281127\6658cfc6-1aa5cba7-a29bc4a8-1cc24759-1a4ec106.dcm,uncertain,not_mentioned,positive,not_mentioned,not_mentioned
10018081,56762822,train,C:\Users\Zila\Downloads\BN5212\MIMIC-CXR\p10\p10\p10018081\s56762822\a3c243a7-bd476b04-fc184ec6-055534cc-a85b21ac.dcm,not_mentioned,not_mentioned,negative,uncertain,negative
10018081,59614225,train,C:\Users\Zila\Downloads\BN5212\MIMIC-CXR\p10\p10\p10018081\s59614225\d67fca74-68b9aac3-f5333c23-955e651a-1e08c3f8.dcm,not_mentioned,not_mentioned,negative,uncertain,negative
10018081,50772344,train,C:\Users\Zila\Downloads\BN5212\MIMIC-CXR\p10\p10\p10018081\s50772344\2e2c3a3a-642c57d2-8c52909f-7ff16386-9fccf558.dcm,not_mentioned,not_mentioned,negative,uncertain,negative
10018081,57486705,train,C:\Users\Zila\Downloads\BN5212\MIMIC-CXR\p10\p10\p10018081\s57486705\793aa654-02b298d3-f124bf20-fa76ab53-14a77431.dcm,positive,not_mentioned,not_mentioned,not_mentioned,not_mentioned
10018081,51961926,train,C:\Users\Zila\Downloads\BN5212\MIMIC-CXR\p10\p10\p10018081\s51961926\1a272650-c7bb1d54-fb49a01c-393ca949-98a46eb8.dcm,positive,not_mentioned,negative,negative,negative
10018081,51331930,train,C:\Users\Zila\Downloads\BN5212\MIMIC-CXR\p10\p10\p10018081\s51331930\b53d9586-931d7014-15b28e79-937c9526-e2d0dd37.dcm,not_mentioned,not_mentioned,negative,not_mentioned,not_mentioned
10018081,58479559,train,C:\Users\Zila\Downloads\BN5212\MIMIC-CXR\p10\p10\p10018081\s58479559\1042b51c-73d5b47e-017ec27b-b3006c43-1f1e643f.dcm,conflicting,not_mentioned,not_mentioned,positive,not_mentioned
10018081,57481090,train,C:\Users\Zila\Downloads\BN5212\MIMIC-CXR\p10\p10\p10018081\s57481090\cc021e2e-2f33c795-a51f7169-04fb6297-47cd5005.dcm,positive,positive,not_mentioned,not_mentioned,not_mentioned
10018081,57747740,train,C:\Users\Zila\Downloads\BN5212\MIMIC-CXR\p10\p10\p10018081\s57747740\f4cd6c65-f8b1e117-6c910d13-330035e8-8bf5a6d2.dcm,not_mentioned,not_mentioned,not_mentioned,positive,not_mentioned
10018081,55605617,train,C:\Users\Zila\Downloads\BN5212\MIMIC-CXR\p10\p10\p10018081\s55605617\5fbb9606-b09dd684-bc23cabb-6c861a91-3f51ea90.dcm,not_mentioned,not_mentioned,not_mentioned,uncertain,not_mentioned
10018081,55879987,train,C:\Users\Zila\Downloads\BN5212\MIMIC-CXR\p10\p10\p10018081\s55879987\9f90327e-07eb3eda-6ccf7786-943fb2a1-cdb23371.dcm,positive,not_mentioned,not_mentioned,not_mentioned,not_mentioned
10018081,52015079,train,C:\Users\Zila\Downloads\BN5212\MIMIC-CXR\p10\p10\p10018081\s52015079\f8b61045-5469c077-02d7cf80-64bd0548-1cb48fe7.dcm,not_mentioned,not_mentioned,not_mentioned,not_mentioned,not_mentioned
10018081,53437264,train,C:\Users\Zila\Downloads\BN5212\MIMIC-CXR\p10\p10\p10018081\s53437264\9a7816ad-a7bc070c-e3b8e401-932462c9-87341a87.dcm,not_mentioned,not_mentioned,not_mentioned,not_mentioned,not_mentioned
10018081,52241060,train,C:\Users\Zila\Downloads\BN5212\MIMIC-CXR\p10\p10\p10018081\s52241060\cdbe7025-a6c2f7e1-24d55700-cba314f8-87e6933f.dcm,not_mentioned,not_mentioned,not_mentioned,not_mentioned,not_mentioned
10018081,55937781,train,C:\Users\Zila\Downloads\BN5212\MIMIC-CXR\p10\p10\p10018081\s55937781\73e5e678-beb66300-0f63cf16-364b65b7-0b83c9e2.dcm,positive,not_mentioned,positive,not_mentioned,positive
10018081,56684174,train,C:\Users\Zila\Downloads\BN5212\MIMIC-CXR\p10\p10\p10018081\s56684174\9af05d8b-f9d106ef-87d1db05-72392044-99b3b671.dcm,not_mentioned,positive,positive,not_mentioned,positive
10018081,54070678,train,C:\Users\Zila\Downloads\BN5212\MIMIC-CXR\p10\p10\p10018081\s54070678\cf3332b6-b59d3eb3-0535144b-c5459f2f-3a493a52.dcm,not_mentioned,not_mentioned,positive,not_mentioned,not_mentioned
10018081,52153377,train,C:\Users\Zila\Downloads\BN5212\MIMIC-CXR\p10\p10\p10018081\s52153377\6bc14657-810b05e0-4bd32106-c30afa91-77f0122c.dcm,not_mentioned,not_mentioned,not_mentioned,not_mentioned,not_mentioned
10018081,53134267,train,C:\Users\Zila\Downloads\BN5212\MIMIC-CXR\p10\p10\p10018081\s53134267\ba0f6706-0e854dc6-47919c39-ce8fb36e-8bf7f11b.dcm,negative,positive,not_mentioned,not_mentioned,not_mentioned
10018081,55764579,train,C:\Users\Zila\Downloads\BN5212\MIMIC-CXR\p10\p10\p10018081\s55764579\254e01f8-88210e17-72defd47-d6f983d8-ff6a0e31.dcm,not_mentioned,positive,not_mentioned,not_mentioned,not_mentioned
10018081,56942504,train,C:\Users\Zila\Downloads\BN5212\MIMIC-CXR\p10\p10\p10018081\s56942504\66b67252-000e4090-269c617a-1f7c366b-c07fbb46.dcm,not_mentioned,not_mentioned,positive,positive,positive
10018081,55297211,train,C:\Users\Zila\Downloads\BN5212\MIMIC-CXR\p10\p10\p10018081\s55297211\927dfe45-fb27d657-f68ebb00-ca36df85-dddf9931.dcm,conflicting,positive,positive,not_mentioned,positive
10018081,59593112,train,C:\Users\Zila\Downloads\BN5212\MIMIC-CXR\p10\p10\p10018081\s59593112\3079df57-251ab8eb-40bb5cfa-2ecdefcd-c36ea22f.dcm,not_mentioned,not_mentioned,not_mentioned,positive,not_mentioned
10018081,52355329,train,C:\Users\Zila\Downloads\BN5212\MIMIC-CXR\p10\p10\p10018081\s52355329\43ec0e23-b79e4a31-a716d0d2-3fe3fd4d-3b9ed58d.dcm,positive,not_mentioned,not_mentioned,uncertain,not_mentioned
10018205,55652312,train,C:\Users\Zila\Downloads\BN5212\MIMIC-CXR\p10\p10\p10018205\s55652312\a74924c3-5c4524a7-e28f5437-e9ae275a-317089e3.dcm,negative,not_mentioned,not_mentioned,not_mentioned,not_mentioned
10018205,51700871,train,C:\Users\Zila\Downloads\BN5212\MIMIC-CXR\p10\p10\p10018205\s51700871\3a791be7-64c31ef0-e2efe90d-51fa59eb-23bc299f.dcm,negative,not_mentioned,not_mentioned,not_mentioned,not_mentioned
10018205,58629645,train,C:\Users\Zila\Downloads\BN5212\MIMIC-CXR\p10\p10\p10018205\s58629645\41812075-50c0909c-4f1c1865-ab15d054-65d60315.dcm,negative,not_mentioned,not_mentioned,not_mentioned,not_mentioned
10018328,53995593,train,C:\Users\Zila\Downloads\BN5212\MIMIC-CXR\p10\p10\p10018328\s53995593\868d364e-a72fbf51-7778697c-bdc07fe4-6376b804.dcm,positive,positive,negative,not_mentioned,negative
10018328,51710812,train,C:\Users\Zila\Downloads\BN5212\MIMIC-CXR\p10\p10\p10018328\s51710812\7ff4e7c7-59ffae35-f3e8c04c-b3e5efc7-ba128f43.dcm,not_mentioned,not_mentioned,not_mentioned,not_mentioned,not_mentioned
10018328,53637154,train,C:\Users\Zila\Downloads\BN5212\MIMIC-CXR\p10\p10\p10018328\s53637154\98fae24c-37e5e480-b3f52bfa-710a5f7a-5ba0f94d.dcm,not_mentioned,positive,not_mentioned,not_mentioned,not_mentioned
10018423,58815716,train,C:\Users\Zila\Downloads\BN5212\MIMIC-CXR\p10\p10\p10018423\s58815716\52f7cf0a-e13e2328-993ae39b-37ed0efb-14d64e8a.dcm,negative,not_mentioned,not_mentioned,not_mentioned,not_mentioned
10018423,51545426,train,C:\Users\Zila\Downloads\BN5212\MIMIC-CXR\p10\p10\p10018423\s51545426\b7d461a7-0c62f988-6f183936-a5893d35-bb834eb2.dcm,not_mentioned,positive,not_mentioned,not_mentioned,not_mentioned
10018423,58065422,train,C:\Users\Zila\Downloads\BN5212\MIMIC-CXR\p10\p10\p10018423\s58065422\101a731c-9672c933-d9ea98c3-a7c61f56-98837995.dcm,not_mentioned,not_mentioned,not_mentioned,not_mentioned,not_mentioned
10018423,50526690,train,C:\Users\Zila\Downloads\BN5212\MIMIC-CXR\p10\p10\p10018423\s50526690\fb8ae1e9-05e3a012-43e61b7b-fb157e12-8f82ecbf.dcm,not_mentioned,not_mentioned,not_mentioned,not_mentioned,not_mentioned
10018712,56085991,val,C:\Users\Zila\Downloads\BN5212\MIMIC-CXR\p10\p10\p10018712\s56085991\13fb3144-310685ab-b24e4c5f-b9119fae-2cebf8ec.dcm,not_mentioned,not_mentioned,uncertain,not_mentioned,not_mentioned
10018712,58860169,val,C:\Users\Zila\Downloads\BN5212\MIMIC-CXR\p10\p10\p10018712\s58860169\1ff4efd4-b67cd42b-7955d51e-4319fafe-c441fbd5.dcm,negative,not_mentioned,not_mentioned,not_mentioned,not_mentioned
10019003,57733086,test,C:\Users\Zila\Downloads\BN5212\MIMIC-CXR\p10\p10\p10019003\s57733086\548d0e40-11e26fe6-698f7973-a573d8df-58d8f589.dcm,negative,not_mentioned,negative,not_mentioned,negative
10019003,53307223,test,C:\Users\Zila\Downloads\BN5212\MIMIC-CXR\p10\p10\p10019003\s53307223\944d29a1-93b55f59-af7a8a2a-ff06e34f-dd6e4ef6.dcm,conflicting,not_mentioned,not_mentioned,positive,not_mentioned
10019003,53986244,test,C:\Users\Zila\Downloads\BN5212\MIMIC-CXR\p10\p10\p10019003\s53986244\f065302d-932783db-9bed9bfd-ce82d991-7126dd84.dcm,not_mentioned,not_mentioned,not_mentioned,not_mentioned,not_mentioned
10019003,55125544,test,C:\Users\Zila\Downloads\BN5212\MIMIC-CXR\p10\p10\p10019003\s55125544\85a5f9ac-6a7c30f8-a7a94492-5726acf2-d0b87401.dcm,not_mentioned,not_mentioned,not_mentioned,not_mentioned,not_mentioned
10019003,56297761,test,C:\Users\Zila\Downloads\BN5212\MIMIC-CXR\p10\p10\p10019003\s56297761\351fd417-c131e1fd-6573229f-5e58f4cf-a15263a6.dcm,not_mentioned,not_mentioned,not_mentioned,not_mentioned,not_mentioned
10019003,54798105,test,C:\Users\Zila\Downloads\BN5212\MIMIC-CXR\p10\p10\p10019003\s54798105\2c34feaf-c809c26f-d0611f83-94e86367-226a5106.dcm,negative,not_mentioned,positive,not_mentioned,positive
10019003,54681791,test,C:\Users\Zila\Downloads\BN5212\MIMIC-CXR\p10\p10\p10019003\s54681791\b9559cb3-9f78be3c-09019c6d-d8ab3dd8-4d4d11a8.dcm,not_mentioned,not_mentioned,not_mentioned,not_mentioned,not_mentioned
10019003,56482942,test,C:\Users\Zila\Downloads\BN5212\MIMIC-CXR\p10\p10\p10019003\s56482942\4405b529-d230819d-096d8a07-d3e9749a-f78c09c0.dcm,not_mentioned,not_mentioned,not_mentioned,uncertain,not_mentioned
10019003,58240524,test,C:\Users\Zila\Downloads\BN5212\MIMIC-CXR\p10\p10\p10019003\s58240524\72d55d23-84921ec6-99e95337-aeccd52a-50da54bb.dcm,positive,not_mentioned,not_mentioned,not_mentioned,not_mentioned
10019003,59157833,test,C:\Users\Zila\Downloads\BN5212\MIMIC-CXR\p10\p10\p10019003\s59157833\60f2347b-99b4129d-95de2c7b-ee5cb73c-806efa60.dcm,not_mentioned,not_mentioned,not_mentioned,not_mentioned,not_mentioned
10019385,50273827,train,C:\Users\Zila\Downloads\BN5212\MIMIC-CXR\p10\p10\p10019385\s50273827\96139f4e-5bb61e33-25cb5151-8d9ea193-e250d81b.dcm,uncertain,not_mentioned,not_mentioned,not_mentioned,not_mentioned
10019385,50113144,train,C:\Users\Zila\Downloads\BN5212\MIMIC-CXR\p10\p10\p10019385\s50113144\6b6e0e51-b68c5f48-9d36ee8b-6d6ed475-3dde56bc.dcm,not_mentioned,not_mentioned,negative,not_mentioned,negative
10019385,51044398,train,C:\Users\Zila\Downloads\BN5212\MIMIC-CXR\p10\p10\p10019385\s51044398\6ba6bf22-2e6da66c-6b5e0a42-bacdd946-582ce789.dcm,not_mentioned,not_mentioned,negative,not_mentioned,negative
10019385,55200571,train,C:\Users\Zila\Downloads\BN5212\MIMIC-CXR\p10\p10\p10019385\s55200571\ec57652d-415ec4ea-c342e27a-53cce3cc-f83ef7a9.dcm,conflicting,not_mentioned,not_mentioned,not_mentioned,not_mentioned
10019517,56621765,val,C:\Users\Zila\Downloads\BN5212\MIMIC-CXR\p10\p10\p10019517\s56621765\e41ae230-550023fa-242f79bf-02394236-6b64ef7e.dcm,not_mentioned,not_mentioned,not_mentioned,not_mentioned,not_mentioned
10019517,52418577,val,C:\Users\Zila\Downloads\BN5212\MIMIC-CXR\p10\p10\p10019517\s52418577\85a4eb29-9f3c2946-76ae9a0f-b1d42837-647c60d3.dcm,negative,not_mentioned,not_mentioned,negative,not_mentioned
10019568,52687854,train,C:\Users\Zila\Downloads\BN5212\MIMIC-CXR\p10\p10\p10019568\s52687854\fde7e7f7-a39feb1b-b5edf64a-d7be38ab-3d0e076c.dcm,not_mentioned,not_mentioned,not_mentioned,not_mentioned,not_mentioned
10019568,56124175,train,C:\Users\Zila\Downloads\BN5212\MIMIC-CXR\p10\p10\p10019568\s56124175\c96ddc88-a67be295-1f46fde1-bd2b2596-f3600914.dcm,not_mentioned,not_mentioned,not_mentioned,not_mentioned,not_mentioned
10019568,58665413,train,C:\Users\Zila\Downloads\BN5212\MIMIC-CXR\p10\p10\p10019568\s58665413\adc91f72-aa3d9109-f5247184-84e04239-3d3de75f.dcm,not_mentioned,not_mentioned,not_mentioned,not_mentioned,not_mentioned
10019568,59892630,train,C:\Users\Zila\Downloads\BN5212\MIMIC-CXR\p10\p10\p10019568\s59892630\db6fd75d-6d624f9e-9dbde6a7-587d4338-dec85f8d.dcm,positive,not_mentioned,not_mentioned,not_mentioned,not_mentioned
10019777,58527977,train,C:\Users\Zila\Downloads\BN5212\MIMIC-CXR\p10\p10\p10019777\s58527977\516415b1-216dcb56-59732dc9-2d0b3ee7-519745e4.dcm,negative,not_mentioned,negative,not_mentioned,negative
10019777,53481915,train,C:\Users\Zila\Downloads\BN5212\MIMIC-CXR\p10\p10\p10019777\s53481915\775594ee-bf56272d-f0f025e6-dc13b6c2-7c9d0684.dcm,negative,not_mentioned,not_mentioned,not_mentioned,not_mentioned
10019777,57883142,train,C:\Users\Zila\Downloads\BN5212\MIMIC-CXR\p10\p10\p10019777\s57883142\44712083-6ebbda14-6e11adaf-578d786c-b736804f.dcm,positive,not_mentioned,not_mentioned,positive,not_mentioned
10019777,54750545,train,C:\Users\Zila\Downloads\BN5212\MIMIC-CXR\p10\p10\p10019777\s54750545\570d0030-5eadbe26-8e889997-f5d6968d-06164289.dcm,not_mentioned,not_mentioned,not_mentioned,not_mentioned,not_mentioned
10019777,55627966,train,C:\Users\Zila\Downloads\BN5212\MIMIC-CXR\p10\p10\p10019777\s55627966\e0e33b4a-58d195f6-f41f12ca-8f76cfde-f2d522b3.dcm,positive,not_mentioned,not_mentioned,uncertain,not_mentioned
10019777,56013693,train,C:\Users\Zila\Downloads\BN5212\MIMIC-CXR\p10\p10\p10019777\s56013693\dcaead7c-bba30dd7-76fd5755-24ac78ea-2222e886.dcm,negative,not_mentioned,not_mentioned,positive,not_mentioned
10020306,58083231,train,C:\Users\Zila\Downloads\BN5212\MIMIC-CXR\p10\p10\p10020306\s58083231\0b27261a-582da603-c9a3cd1a-534c7066-93da3cf5.dcm,negative,not_mentioned,not_mentioned,not_mentioned,not_mentioned
10020306,52734703,train,C:\Users\Zila\Downloads\BN5212\MIMIC-CXR\p10\p10\p10020306\s52734703\2fb26141-53299ac5-d2863c1a-c105bd8c-5e899f59.dcm,negative,not_mentioned,not_mentioned,not_mentioned,not_mentioned
10020306,58198752,train,C:\Users\Zila\Downloads\BN5212\MIMIC-CXR\p10\p10\p10020306\s58198752\02cd4738-4af4aaf3-e3c73785-c3872030-5086a266.dcm,not_mentioned,not_mentioned,not_mentioned,not_mentioned,not_mentioned
10020435,51690362,train,C:\Users\Zila\Downloads\BN5212\MIMIC-CXR\p10\p10\p10020435\s51690362\10170fa5-0eb87eb5-95bbdcf4-784dfe73-79672e42.dcm,negative,not_mentioned,not_mentioned,not_mentioned,not_mentioned
10020435,57084280,train,C:\Users\Zila\Downloads\BN5212\MIMIC-CXR\p10\p10\p10020435\s57084280\f6185eca-e9e2e098-50ba7b31-781c5ba5-c499ef9c.dcm,negative,not_mentioned,not_mentioned,not_mentioned,not_mentioned
10020740,55522869,train,C:\Users\Zila\Downloads\BN5212\MIMIC-CXR\p10\p10\p10020740\s55522869\27776756-1d9ef4fc-cd8dd0ca-1453072f-12c0f484.dcm,positive,not_mentioned,not_mentioned,negative,not_mentioned
10020740,58116104,train,C:\Users\Zila\Downloads\BN5212\MIMIC-CXR\p10\p10\p10020740\s58116104\d3dbb519-1ea6cf3c-bb4c1fd8-79bb117a-1dc3869f.dcm,not_mentioned,not_mentioned,negative,not_mentioned,negative
10020740,59646202,train,C:\Users\Zila\Downloads\BN5212\MIMIC-CXR\p10\p10\p10020740\s59646202\7b7c6181-fcc7d50e-b65598fc-03cc32e9-4e291b92.dcm,not_mentioned,not_mentioned,not_mentioned,not_mentioned,not_mentioned
10020740,57133090,train,C:\Users\Zila\Downloads\BN5212\MIMIC-CXR\p10\p10\p10020740\s57133090\1bb8280b-6a7c669b-0ab83cee-4fb91bc2-f04f45af.dcm,not_mentioned,not_mentioned,not_mentioned,not_mentioned,not_mentioned
10020740,57634229,train,C:\Users\Zila\Downloads\BN5212\MIMIC-CXR\p10\p10\p10020740\s57634229\fbae5604-a1013966-9879d4a3-7298599f-956824e1.dcm,not_mentioned,not_mentioned,negative,negative,negative
10020740,59801677,train,C:\Users\Zila\Downloads\BN5212\MIMIC-CXR\p10\p10\p10020740\s59801677\84e2e8bf-5eef3074-26b068b0-58a6a947-8f033942.dcm,positive,not_mentioned,not_mentioned,not_mentioned,not_mentioned
10020740,51970847,train,C:\Users\Zila\Downloads\BN5212\MIMIC-CXR\p10\p10\p10020740\s51970847\e6fc6d7b-f88744b6-6a47d5ea-6ec8196e-31103898.dcm,positive,not_mentioned,not_mentioned,not_mentioned,not_mentioned
10020740,56201490,train,C:\Users\Zila\Downloads\BN5212\MIMIC-CXR\p10\p10\p10020740\s56201490\be602553-78b4482f-30149bda-1af1ce66-91764d35.dcm,not_mentioned,not_mentioned,not_mentioned,not_mentioned,not_mentioned
10020740,59638055,train,C:\Users\Zila\Downloads\BN5212\MIMIC-CXR\p10\p10\p10020740\s59638055\9f64c9e9-7c5cc35c-3228cd08-cedd0826-7bb24ecc.dcm,positive,not_mentioned,not_mentioned,not_mentioned,not_mentioned
10020740,58601155,train,C:\Users\Zila\Downloads\BN5212\MIMIC-CXR\p10\p10\p10020740\s58601155\272f655a-7ee531d7-0bc92f86-47cf134e-0c196261.dcm,not_mentioned,not_mentioned,not_mentioned,not_mentioned,not_mentioned
10020740,56959982,train,C:\Users\Zila\Downloads\BN5212\MIMIC-CXR\p10\p10\p10020740\s56959982\e795f574-b90611a9-a079b2ce-4f34b05c-2967bc59.dcm,not_mentioned,not_mentioned,not_mentioned,not_mentioned,not_mentioned
10020740,54429329,train,C:\Users\Zila\Downloads\BN5212\MIMIC-CXR\p10\p10\p10020740\s54429329\05dc78a3-40d8dbb7-8aa87159-68ae3b9d-023b0793.dcm,positive,not_mentioned,not_mentioned,not_mentioned,not_mentioned
10020740,53160696,train,C:\Users\Zila\Downloads\BN5212\MIMIC-CXR\p10\p10\p10020740\s53160696\014cf120-d578617b-edc3682a-28dc6244-d719eda5.dcm,not_mentioned,not_mentioned,not_mentioned,positive,not_mentioned
10020740,56053044,train,C:\Users\Zila\Downloads\BN5212\MIMIC-CXR\p10\p10\p10020740\s56053044\a295587b-20609129-6cf36778-c342ec0a-43ddfdee.dcm,negative,not_mentioned,not_mentioned,not_mentioned,not_mentioned
10020740,57037479,train,C:\Users\Zila\Downloads\BN5212\MIMIC-CXR\p10\p10\p10020740\s57037479\4579ce6e-d0ce7c63-abaaf31e-56964378-f2d5197a.dcm,not_mentioned,not_mentioned,not_mentioned,not_mentioned,not_mentioned
10020740,59492946,train,C:\Users\Zila\Downloads\BN5212\MIMIC-CXR\p10\p10\p10020740\s59492946\fee91be8-31916734-a4fa9361-8d50d6ca-218aea20.dcm,not_mentioned,not_mentioned,not_mentioned,negative,not_mentioned
10020740,52180258,train,C:\Users\Zila\Downloads\BN5212\MIMIC-CXR\p10\p10\p10020740\s52180258\1e9274f8-466b1e85-2154ebfc-bbe61b1d-9ab917ae.dcm,not_mentioned,not_mentioned,not_mentioned,not_mentioned,not_mentioned
10020740,55372019,train,C:\Users\Zila\Downloads\BN5212\MIMIC-CXR\p10\p10\p10020740\s55372019\13ba579e-736450c7-f8722c82-7cb94950-f21fe768.dcm,not_mentioned,not_mentioned,not_mentioned,not_mentioned,not_mentioned
10020740,59317612,train,C:\Users\Zila\Downloads\BN5212\MIMIC-CXR\p10\p10\p10020740\s59317612\fc252cec-cb2bd316-a6df094b-dfd88ffa-b9315b50.dcm,negative,not_mentioned,not_mentioned,not_mentioned,not_mentioned
10020740,52268471,train,C:\Users\Zila\Downloads\BN5212\MIMIC-CXR\p10\p10\p10020740\s52268471\46ee8707-81386f73-3ff804c3-92e6044b-dce8d6b2.dcm,negative,not_mentioned,not_mentioned,not_mentioned,not_mentioned
10020852,58129659,test,C:\Users\Zila\Downloads\BN5212\MIMIC-CXR\p10\p10\p10020852\s58129659\5a4aaa2a-c00f4429-aa96074c-57b5f8a0-9a7ef44d.dcm,negative,not_mentioned,not_mentioned,not_mentioned,not_mentioned
10020852,50577055,test,C:\Users\Zila\Downloads\BN5212\MIMIC-CXR\p10\p10\p10020852\s50577055\ecc3fc0e-35dc900c-93c3d640-db429635-6ccdf62e.dcm,not_mentioned,negative,not_mentioned,not_mentioned,not_mentioned
10020944,54752011,train,C:\Users\Zila\Downloads\BN5212\MIMIC-CXR\p10\p10\p10020944\s54752011\160eaaa6-2a12172c-85c2052e-837581bf-869f69e8.dcm,positive,not_mentioned,not_mentioned,not_mentioned,not_mentioned
10020944,57029107,train,C:\Users\Zila\Downloads\BN5212\MIMIC-CXR\p10\p10\p10020944\s57029107\48e06e42-14341d8c-3fadbb65-00a905d8-5126e23c.dcm,uncertain,not_mentioned,positive,not_mentioned,not_mentioned
10020944,59618738,train,C:\Users\Zila\Downloads\BN5212\MIMIC-CXR\p10\p10\p10020944\s59618738\20b1b75a-cb66a445-f1d0da82-144e0c02-0d8b4fa5.dcm,positive,not_mentioned,not_mentioned,not_mentioned,not_mentioned
10020944,56067699,train,C:\Users\Zila\Downloads\BN5212\MIMIC-CXR\p10\p10\p10020944\s56067699\98da1237-2306b4a2-615c318d-7453d34e-e9d5d481.dcm,negative,not_mentioned,negative,not_mentioned,negative
10020944,52441819,train,C:\Users\Zila\Downloads\BN5212\MIMIC-CXR\p10\p10\p10020944\s52441819\6c9319dc-f2b33d0c-0c63b36d-ad7b5de1-67e2afd4.dcm,not_mentioned,not_mentioned,positive,not_mentioned,positive
10020944,56843445,train,C:\Users\Zila\Downloads\BN5212\MIMIC-CXR\p10\p10\p10020944\s56843445\6fd77786-c00d2315-e99dd6a3-c0cb7d7d-b5d0a399.dcm,not_mentioned,not_mentioned,not_mentioned,not_mentioned,not_mentioned
10020944,53903006,train,C:\Users\Zila\Downloads\BN5212\MIMIC-CXR\p10\p10\p10020944\s53903006\d4f53982-983bf534-b0336324-401607cc-29dcd072.dcm,not_mentioned,not_mentioned,not_mentioned,not_mentioned,not_mentioned
10020944,59602114,train,C:\Users\Zila\Downloads\BN5212\MIMIC-CXR\p10\p10\p10020944\s59602114\2e5c818d-40b1be7b-5ef9c428-6983cdf0-bfb8dbb0.dcm,not_mentioned,positive,negative,not_mentioned,negative
10020944,59169950,train,C:\Users\Zila\Downloads\BN5212\MIMIC-CXR\p10\p10\p10020944\s59169950\0787ed84-e851cbae-821132e6-de3c1845-613e590f.dcm,positive,positive,positive,not_mentioned,positive
10020944,55858000,train,C:\Users\Zila\Downloads\BN5212\MIMIC-CXR\p10\p10\p10020944\s55858000\99394394-357480b9-feb41b0a-5f47fb5e-65139ce7.dcm,positive,not_mentioned,not_mentioned,not_mentioned,not_mentioned
10020944,57546443,train,C:\Users\Zila\Downloads\BN5212\MIMIC-CXR\p10\p10\p10020944\s57546443\5b2bbf00-0c7b9097-9b5a83bb-6334b79c-9cf32b1a.dcm,positive,not_mentioned,positive,not_mentioned,positive
10020944,54060261,train,C:\Users\Zila\Downloads\BN5212\MIMIC-CXR\p10\p10\p10020944\s54060261\7306f941-7c5a3b5a-734b6d18-5d8069bb-eafd7b79.dcm,not_mentioned,not_mentioned,not_mentioned,uncertain,not_mentioned
10021348,51196256,test,C:\Users\Zila\Downloads\BN5212\MIMIC-CXR\p10\p10\p10021348\s51196256\3ff0b130-07cedc41-2948cd35-81746cb0-392135d3.dcm,negative,not_mentioned,negative,not_mentioned,not_mentioned
10021348,58126648,test,C:\Users\Zila\Downloads\BN5212\MIMIC-CXR\p10\p10\p10021348\s58126648\a10686ba-1108c14d-9ca725f4-e884aaaf-60276007.dcm,not_mentioned,not_mentioned,not_mentioned,not_mentioned,not_mentioned
10021487,52515667,train,C:\Users\Zila\Downloads\BN5212\MIMIC-CXR\p10\p10\p10021487\s52515667\9f7d78ea-3678f7f5-ad9613bc-7e4a779d-b7384021.dcm,not_mentioned,not_mentioned,not_mentioned,not_mentioned,not_mentioned
10021487,57549992,train,C:\Users\Zila\Downloads\BN5212\MIMIC-CXR\p10\p10\p10021487\s57549992\520dc282-d5ce8b7d-ef0e1164-8f46068f-12c3117e.dcm,uncertain,not_mentioned,not_mentioned,not_mentioned,not_mentioned
10021487,52532886,train,C:\Users\Zila\Downloads\BN5212\MIMIC-CXR\p10\p10\p10021487\s52532886\e63d615f-d187758e-0c6a290f-7249a615-edababe7.dcm,positive,not_mentioned,positive,uncertain,not_mentioned
10021487,57861581,train,C:\Users\Zila\Downloads\BN5212\MIMIC-CXR\p10\p10\p10021487\s57861581\a3692227-7756b781-f9053e7a-563a314a-8578964d.dcm,positive,not_mentioned,positive,not_mentioned,positive
10021487,52487989,train,C:\Users\Zila\Downloads\BN5212\MIMIC-CXR\p10\p10\p10021487\s52487989\434a58ad-d035720e-c1d755b9-215f038c-43ac737b.dcm,positive,not_mentioned,not_mentioned,not_mentioned,not_mentioned
10021487,58098754,train,C:\Users\Zila\Downloads\BN5212\MIMIC-CXR\p10\p10\p10021487\s58098754\be7a6119-ada34607-44a15883-f2dc1723-e27ace37.dcm,positive,not_mentioned,not_mentioned,not_mentioned,not_mentioned
10021487,56769265,train,C:\Users\Zila\Downloads\BN5212\MIMIC-CXR\p10\p10\p10021487\s56769265\bb78708f-3aff2b4c-a76a6f27-8e3e5ce2-ab51e5c3.dcm,not_mentioned,not_mentioned,positive,not_mentioned,positive
10021487,53139340,train,C:\Users\Zila\Downloads\BN5212\MIMIC-CXR\p10\p10\p10021487\s53139340\d7db2133-ada2333e-2e572dee-874e7484-bf06f86b.dcm,positive,positive,not_mentioned,not_mentioned,not_mentioned
10021487,52729894,train,C:\Users\Zila\Downloads\BN5212\MIMIC-CXR\p10\p10\p10021487\s52729894\52bcf3fd-0019d228-99a44571-ed910c17-549cd103.dcm,not_mentioned,not_mentioned,not_mentioned,not_mentioned,not_mentioned
10021487,57544796,train,C:\Users\Zila\Downloads\BN5212\MIMIC-CXR\p10\p10\p10021487\s57544796\b9b552e6-4e319be2-4d1102d1-c89b2ff8-d21f0e82.dcm,not_mentioned,positive,not_mentioned,not_mentioned,not_mentioned
10021487,50763544,train,C:\Users\Zila\Downloads\BN5212\MIMIC-CXR\p10\p10\p10021487\s50763544\db3d3e1f-bf54356f-97058137-f7012e09-fdd1716f.dcm,not_mentioned,positive,not_mentioned,not_mentioned,not_mentioned
10021487,55024078,train,C:\Users\Zila\Downloads\BN5212\MIMIC-CXR\p10\p10\p10021487\s55024078\b1eef87b-116887fe-4115a984-9bd86f2d-4fbbdb73.dcm,not_mentioned,not_mentioned,uncertain,not_mentioned,uncertain
10021487,57174722,train,C:\Users\Zila\Downloads\BN5212\MIMIC-CXR\p10\p10\p10021487\s57174722\a83cbc15-9f45869b-3a99d499-07a3276d-4a96b453.dcm,positive,not_mentioned,positive,not_mentioned,positive
10021487,54626295,train,C:\Users\Zila\Downloads\BN5212\MIMIC-CXR\p10\p10\p10021487\s54626295\05208944-8e9ce46d-90f6f03d-f687c8e5-de0044d8.dcm,positive,positive,not_mentioned,not_mentioned,not_mentioned
10021487,52512958,train,C:\Users\Zila\Downloads\BN5212\MIMIC-CXR\p10\p10\p10021487\s52512958\7a9d9bed-499b84ef-282587f0-7beb2404-f5f9f1d6.dcm,not_mentioned,positive,not_mentioned,not_mentioned,not_mentioned
10021487,55681272,train,C:\Users\Zila\Downloads\BN5212\MIMIC-CXR\p10\p10\p10021487\s55681272\cd4ac979-ce417d3e-37b3ee82-e1e3deac-b6a91fe5.dcm,positive,not_mentioned,not_mentioned,not_mentioned,not_mentioned
10021487,50316375,train,C:\Users\Zila\Downloads\BN5212\MIMIC-CXR\p10\p10\p10021487\s50316375\247d6722-c9edd24c-4566f541-3c51a14b-421ddb93.dcm,positive,not_mentioned,not_mentioned,not_mentioned,not_mentioned
10021487,59671735,train,C:\Users\Zila\Downloads\BN5212\MIMIC-CXR\p10\p10\p10021487\s59671735\4483cc52-27eb44e8-3b4d1b59-1bd4039c-f6f29423.dcm,positive,not_mentioned,negative,not_mentioned,negative
10021487,53730037,train,C:\Users\Zila\Downloads\BN5212\MIMIC-CXR\p10\p10\p10021487\s53730037\a9e5c834-0172699b-42f007d0-9ae4047b-b961607e.dcm,not_mentioned,not_mentioned,not_mentioned,not_mentioned,not_mentioned
10021487,53109949,train,C:\Users\Zila\Downloads\BN5212\MIMIC-CXR\p10\p10\p10021487\s53109949\ee7287c9-969bff42-1519469b-1e4372f7-f8f86cfe.dcm,not_mentioned,not_mentioned,not_mentioned,not_mentioned,not_mentioned
10021666,51474885,val,C:\Users\Zila\Downloads\BN5212\MIMIC-CXR\p10\p10\p10021666\s51474885\790f6583-cd0d29ba-d0e70c88-18ec61a3-5e23ce11.dcm,not_mentioned,positive,negative,not_mentioned,negative
10021666,55219437,val,C:\Users\Zila\Downloads\BN5212\MIMIC-CXR\p10\p10\p10021666\s55219437\64d64cdf-da256d06-01c928e7-32bc8a07-794ce60a.dcm,negative,positive,negative,negative,negative
10021927,54413057,train,C:\Users\Zila\Downloads\BN5212\MIMIC-CXR\p10\p10\p10021927\s54413057\19b960da-e16d1ead-0cee55bd-b101d352-64b00a84.dcm,not_mentioned,not_mentioned,not_mentioned,negative,not_mentioned
10021927,52452170,train,C:\Users\Zila\Downloads\BN5212\MIMIC-CXR\p10\p10\p10021927\s52452170\a1688720-55fb9d72-d473f8f1-b8f2ad81-12e26d08.dcm,negative,not_mentioned,not_mentioned,not_mentioned,not_mentioned
10021927,57834745,train,C:\Users\Zila\Downloads\BN5212\MIMIC-CXR\p10\p10\p10021927\s57834745\cb974836-503a43d2-dd6f5bc0-45b7d7cc-36f5b7b7.dcm,not_mentioned,positive,not_mentioned,positive,not_mentioned
10021927,56404554,train,C:\Users\Zila\Downloads\BN5212\MIMIC-CXR\p10\p10\p10021927\s56404554\29914f1e-d56c776d-06514f7e-8fd03226-656601cf.dcm,not_mentioned,not_mentioned,not_mentioned,not_mentioned,not_mentioned
10021927,51939213,train,C:\Users\Zila\Downloads\BN5212\MIMIC-CXR\p10\p10\p10021927\s51939213\652632ec-b5f0af89-978f5602-5746120b-11b27061.dcm,positive,not_mentioned,not_mentioned,positive,not_mentioned
10021927,58742316,train,C:\Users\Zila\Downloads\BN5212\MIMIC-CXR\p10\p10\p10021927\s58742316\eee765fb-5ed042e8-f1dd9ad8-e8b2ec58-15c8cba5.dcm,not_mentioned,positive,not_mentioned,not_mentioned,not_mentioned
10021927,52675129,train,C:\Users\Zila\Downloads\BN5212\MIMIC-CXR\p10\p10\p10021927\s52675129\e4505409-1da4523b-f221279c-6493b645-eb3f82dc.dcm,not_mentioned,not_mentioned,not_mentioned,not_mentioned,not_mentioned
10021927,58429029,train,C:\Users\Zila\Downloads\BN5212\MIMIC-CXR\p10\p10\p10021927\s58429029\e1d20a5a-9a266dd8-1e909f06-77a5161d-baace600.dcm,not_mentioned,not_mentioned,negative,not_mentioned,not_mentioned
10021927,59713053,train,C:\Users\Zila\Downloads\BN5212\MIMIC-CXR\p10\p10\p10021927\s59713053\bb24b5d4-2bbe7463-a188e737-24e07be1-5c31258d.dcm,negative,not_mentioned,not_mentioned,negative,not_mentioned
10021927,55642678,train,C:\Users\Zila\Downloads\BN5212\MIMIC-CXR\p10\p10\p10021927\s55642678\a9bdceeb-2028d002-70c9cc2c-a097f716-953ece2c.dcm,not_mentioned,not_mentioned,not_mentioned,not_mentioned,not_mentioned
10021927,55422556,train,C:\Users\Zila\Downloads\BN5212\MIMIC-CXR\p10\p10\p10021927\s55422556\a31dd24a-fa9f21bf-e3d57567-bd7890b1-4cb38c9f.dcm,negative,not_mentioned,positive,not_mentioned,positive
10021927,56863750,train,C:\Users\Zila\Downloads\BN5212\MIMIC-CXR\p10\p10\p10021927\s56863750\00f6367a-bb53009c-e373833e-14201ddd-5edb8f5f.dcm,positive,not_mentioned,positive,positive,positive
10021927,56474613,train,C:\Users\Zila\Downloads\BN5212\MIMIC-CXR\p10\p10\p10021927\s56474613\3034dd36-7e10f4e0-a2b0ac75-368d0947-dcc93419.dcm,not_mentioned,not_mentioned,positive,not_mentioned,positive
10021927,55803399,train,C:\Users\Zila\Downloads\BN5212\MIMIC-CXR\p10\p10\p10021927\s55803399\a4106c26-c2397657-1c0233a1-0f530f80-c83c7361.dcm,not_mentioned,not_mentioned,not_mentioned,positive,not_mentioned
10021927,58800461,train,C:\Users\Zila\Downloads\BN5212\MIMIC-CXR\p10\p10\p10021927\s58800461\b68f66f9-dd6396dd-4117d479-44c8fd2b-76f20a5b.dcm,positive,not_mentioned,positive,not_mentioned,positive
10021927,52138197,train,C:\Users\Zila\Downloads\BN5212\MIMIC-CXR\p10\p10\p10021927\s52138197\efd58ddd-8b932041-425fc3db-f034e6a7-f1188e28.dcm,uncertain,positive,not_mentioned,positive,not_mentioned
10021938,55463845,train,C:\Users\Zila\Downloads\BN5212\MIMIC-CXR\p10\p10\p10021938\s55463845\6cd6caf1-d35ee2d2-273f3bfe-a9acd019-103cc524.dcm,not_mentioned,positive,not_mentioned,not_mentioned,not_mentioned
10021938,50014720,train,C:\Users\Zila\Downloads\BN5212\MIMIC-CXR\p10\p10\p10021938\s50014720\379d6359-5da011d0-923f27c3-252cf8c1-9b2b1abc.dcm,not_mentioned,positive,positive,not_mentioned,positive
10021938,54308908,train,C:\Users\Zila\Downloads\BN5212\MIMIC-CXR\p10\p10\p10021938\s54308908\74f32826-fd914ac7-eba59083-f1af0a6d-980d4878.dcm,negative,not_mentioned,negative,not_mentioned,negative
10022037,56917931,train,C:\Users\Zila\Downloads\BN5212\MIMIC-CXR\p10\p10\p10022037\s56917931\19d0a8b9-c301f557-79927b83-916a9afc-dcc87b7e.dcm,not_mentioned,not_mentioned,not_mentioned,not_mentioned,not_mentioned
10022037,50864266,train,C:\Users\Zila\Downloads\BN5212\MIMIC-CXR\p10\p10\p10022037\s50864266\009bc318-880bb62f-df1f6c8e-0c9e5f51-e2fbc21e.dcm,negative,not_mentioned,not_mentioned,not_mentioned,not_mentioned
10022041,58688931,val,C:\Users\Zila\Downloads\BN5212\MIMIC-CXR\p10\p10\p10022041\s58688931\6c76ad17-e42ccb0b-9ba8996e-0f0321de-67bfc669.dcm,not_mentioned,not_mentioned,not_mentioned,not_mentioned,not_mentioned
10022041,55830708,val,C:\Users\Zila\Downloads\BN5212\MIMIC-CXR\p10\p10\p10022041\s55830708\0ea7a462-63f9196e-19228a23-f1298992-7c9596c5.dcm,not_mentioned,positive,negative,negative,negative
10022041,56775341,val,C:\Users\Zila\Downloads\BN5212\MIMIC-CXR\p10\p10\p10022041\s56775341\1704d873-f745cefa-079e1c6c-003da718-82c800c7.dcm,not_mentioned,not_mentioned,not_mentioned,negative,not_mentioned
10022373,55084044,train,C:\Users\Zila\Downloads\BN5212\MIMIC-CXR\p10\p10\p10022373\s55084044\8276d839-6ab27f53-97bdd377-ee9fa134-b4a45083.dcm,not_mentioned,not_mentioned,negative,not_mentioned,not_mentioned
10022373,51071301,train,C:\Users\Zila\Downloads\BN5212\MIMIC-CXR\p10\p10\p10022373\s51071301\b91082cb-e2ca2ce8-46faa40e-03eede1a-2dd6b70b.dcm,not_mentioned,not_mentioned,not_mentioned,positive,not_mentioned
10022373,54005410,train,C:\Users\Zila\Downloads\BN5212\MIMIC-CXR\p10\p10\p10022373\s54005410\007722d2-e9cbf1a1-99492060-00ce4657-89a5bab8.dcm,not_mentioned,not_mentioned,not_mentioned,positive,not_mentioned
10022373,56011276,train,C:\Users\Zila\Downloads\BN5212\MIMIC-CXR\p10\p10\p10022373\s56011276\65cabf2a-25db2648-40f7f69d-e8f29ef2-f7e7b89c.dcm,positive,not_mentioned,not_mentioned,not_mentioned,not_mentioned
10022373,55891252,train,C:\Users\Zila\Downloads\BN5212\MIMIC-CXR\p10\p10\p10022373\s55891252\98984589-879ed4ba-419b730a-66e546b8-7c29516d.dcm,not_mentioned,not_mentioned,not_mentioned,positive,not_mentioned
10023117,52880779,train,C:\Users\Zila\Downloads\BN5212\MIMIC-CXR\p10\p10\p10023117\s52880779\89af216a-df43c172-f22dd4e8-7e4d1721-3061d169.dcm,not_mentioned,positive,negative,not_mentioned,negative
10023117,50130952,train,C:\Users\Zila\Downloads\BN5212\MIMIC-CXR\p10\p10\p10023117\s50130952\5406490b-a59f8656-0ad34a77-604b2e25-21d671d6.dcm,negative,positive,negative,not_mentioned,negative
10023117,50767919,train,C:\Users\Zila\Downloads\BN5212\MIMIC-CXR\p10\p10\p10023117\s50767919\cbae19b3-d1a1e400-58930721-25a0ed12-f1f90427.dcm,not_mentioned,not_mentioned,not_mentioned,not_mentioned,not_mentioned
10023117,56067386,train,C:\Users\Zila\Downloads\BN5212\MIMIC-CXR\p10\p10\p10023117\s56067386\0980cb28-1d1f0831-68fd6496-293f13ed-42717b79.dcm,negative,not_mentioned,not_mentioned,not_mentioned,not_mentioned
10023117,50447167,train,C:\Users\Zila\Downloads\BN5212\MIMIC-CXR\p10\p10\p10023117\s50447167\6da22f8f-e6ec58ad-470571db-6843f805-68a3b865.dcm,not_mentioned,positive,not_mentioned,not_mentioned,not_mentioned
10023117,56007252,train,C:\Users\Zila\Downloads\BN5212\MIMIC-CXR\p10\p10\p10023117\s56007252\6fdc4b4f-0f017a47-655a21cf-8d241ce5-0641c486.dcm,not_mentioned,positive,not_mentioned,not_mentioned,not_mentioned
10023117,54404075,train,C:\Users\Zila\Downloads\BN5212\MIMIC-CXR\p10\p10\p10023117\s54404075\7f1419ed-1641cf76-d15af2fc-9c32c5cd-44087f1b.dcm,not_mentioned,positive,positive,not_mentioned,positive
10023117,59383121,train,C:\Users\Zila\Downloads\BN5212\MIMIC-CXR\p10\p10\p10023117\s59383121\7ae8edc1-bc628b2a-a0f95c76-c1797232-c2486e67.dcm,not_mentioned,not_mentioned,not_mentioned,not_mentioned,not_mentioned
10023117,54051348,train,C:\Users\Zila\Downloads\BN5212\MIMIC-CXR\p10\p10\p10023117\s54051348\4ac94b39-5038c025-d2a71ee8-5fdb919e-d2b5d0f8.dcm,negative,not_mentioned,not_mentioned,not_mentioned,not_mentioned
10023117,53372543,train,C:\Users\Zila\Downloads\BN5212\MIMIC-CXR\p10\p10\p10023117\s53372543\a45a2dc5-1def1eb3-77eec84e-84997e53-74b00071.dcm,negative,positive,negative,negative,negative
10023117,54675992,train,C:\Users\Zila\Downloads\BN5212\MIMIC-CXR\p10\p10\p10023117\s54675992\1bbcd4b6-5faa821f-c9c6f7ca-1f76e259-60fd0ff0.dcm,not_mentioned,negative,negative,not_mentioned,negative
10023117,55383014,train,C:\Users\Zila\Downloads\BN5212\MIMIC-CXR\p10\p10\p10023117\s55383014\6de38e58-4053f690-fe09ab0d-dc36bac0-ecb84d7f.dcm,uncertain,not_mentioned,negative,not_mentioned,negative
10023117,59984631,train,C:\Users\Zila\Downloads\BN5212\MIMIC-CXR\p10\p10\p10023117\s59984631\3379cf91-2bfb4d37-b84bf43a-71939ccd-86f54826.dcm,not_mentioned,positive,negative,not_mentioned,negative
10023117,54147385,train,C:\Users\Zila\Downloads\BN5212\MIMIC-CXR\p10\p10\p10023117\s54147385\3668f2f0-8ddbc590-450d771c-bded2b1d-379d1e84.dcm,not_mentioned,not_mentioned,not_mentioned,negative,not_mentioned
10023117,54761644,train,C:\Users\Zila\Downloads\BN5212\MIMIC-CXR\p10\p10\p10023117\s54761644\5e3128ca-8d050601-3275ba12-baa5f8c0-6d5af976.dcm,not_mentioned,positive,negative,not_mentioned,negative
10023117,59094925,train,C:\Users\Zila\Downloads\BN5212\MIMIC-CXR\p10\p10\p10023117\s59094925\7a73d5d8-47f3d1c4-38feaa61-946abda9-84a825a7.dcm,not_mentioned,not_mentioned,not_mentioned,not_mentioned,not_mentioned
10023708,56514664,train,C:\Users\Zila\Downloads\BN5212\MIMIC-CXR\p10\p10\p10023708\s56514664\d92fac96-c8d0a1ca-a4f0e0a1-51e1b593-b11c936c.dcm,negative,not_mentioned,not_mentioned,not_mentioned,not_mentioned
10023708,59148024,train,C:\Users\Zila\Downloads\BN5212\MIMIC-CXR\p10\p10\p10023708\s59148024\55e6a201-41a85a29-08eb8f65-8308ddfb-4a56e562.dcm,not_mentioned,not_mentioned,not_mentioned,not_mentioned,not_mentioned
10023708,52858069,train,C:\Users\Zila\Downloads\BN5212\MIMIC-CXR\p10\p10\p10023708\s52858069\2026c1e8-873a009a-a6c9549d-a2e8e77f-5266ac77.dcm,negative,not_mentioned,not_mentioned,negative,not_mentioned
10024331,52186169,train,C:\Users\Zila\Downloads\BN5212\MIMIC-CXR\p10\p10\p10024331\s52186169\500badcf-c7faa505-cf17cbc8-4ede32f5-84de626e.dcm,not_mentioned,not_mentioned,not_mentioned,positive,not_mentioned
10024331,59977695,train,C:\Users\Zila\Downloads\BN5212\MIMIC-CXR\p10\p10\p10024331\s59977695\4ed2dc2d-434b68a5-511bf8d2-70f2f58e-dd8b46cd.dcm,not_mentioned,not_mentioned,not_mentioned,not_mentioned,not_mentioned
10024331,58970424,train,C:\Users\Zila\Downloads\BN5212\MIMIC-CXR\p10\p10\p10024331\s58970424\5a882337-b23f7513-ae3178db-2d26a4d1-ca8c7f5a.dcm,not_mentioned,not_mentioned,not_mentioned,not_mentioned,not_mentioned
10024331,57724025,train,C:\Users\Zila\Downloads\BN5212\MIMIC-CXR\p10\p10\p10024331\s57724025\59dc2236-20967bcd-c86607da-3b6905f0-a8c0812a.dcm,negative,not_mentioned,not_mentioned,negative,not_mentioned
10024331,55744691,train,C:\Users\Zila\Downloads\BN5212\MIMIC-CXR\p10\p10\p10024331\s55744691\08c9e09a-480131c0-25cc9852-cffc39ea-01517659.dcm,negative,not_mentioned,not_mentioned,not_mentioned,not_mentioned
10024331,56690125,train,C:\Users\Zila\Downloads\BN5212\MIMIC-CXR\p10\p10\p10024331\s56690125\14a0e0b1-79e033c5-4dafcdc3-21a5764d-5ed4c933.dcm,not_mentioned,not_mentioned,not_mentioned,not_mentioned,not_mentioned
10024913,59681425,train,C:\Users\Zila\Downloads\BN5212\MIMIC-CXR\p10\p10\p10024913\s59681425\b8b179bc-a71c6431-501981d8-595d00ae-51cf5a15.dcm,not_mentioned,not_mentioned,not_mentioned,not_mentioned,not_mentioned
10024913,50842239,train,C:\Users\Zila\Downloads\BN5212\MIMIC-CXR\p10\p10\p10024913\s50842239\65e96c73-3fd57a2a-8536ec73-44ede157-2e73b3e9.dcm,not_mentioned,not_mentioned,not_mentioned,not_mentioned,not_mentioned
10024913,58116491,train,C:\Users\Zila\Downloads\BN5212\MIMIC-CXR\p10\p10\p10024913\s58116491\b2d8a692-57be4a74-22093646-94352f70-977323d1.dcm,negative,not_mentioned,not_mentioned,not_mentioned,not_mentioned
10024913,51467077,train,C:\Users\Zila\Downloads\BN5212\MIMIC-CXR\p10\p10\p10024913\s51467077\ac9056c8-f0792631-45f0711d-7c4c297d-03a9023c.dcm,positive,not_mentioned,not_mentioned,not_mentioned,not_mentioned
10024913,58061008,train,C:\Users\Zila\Downloads\BN5212\MIMIC-CXR\p10\p10\p10024913\s58061008\762a9168-8b3c3d72-0e835c49-c96d8709-c27ac000.dcm,not_mentioned,not_mentioned,not_mentioned,not_mentioned,not_mentioned
10024982,57639867,train,C:\Users\Zila\Downloads\BN5212\MIMIC-CXR\p10\p10\p10024982\s57639867\234c3183-8f01f984-7f48e3c3-c632d659-dd616137.dcm,not_mentioned,not_mentioned,not_mentioned,negative,not_mentioned
10024982,50980427,train,C:\Users\Zila\Downloads\BN5212\MIMIC-CXR\p10\p10\p10024982\s50980427\865b4fcf-51424204-693d01cd-285a63eb-318ec0cc.dcm,negative,positive,not_mentioned,not_mentioned,not_mentioned
10024982,52413690,train,C:\Users\Zila\Downloads\BN5212\MIMIC-CXR\p10\p10\p10024982\s52413690\ebfa87cc-f2d64c7e-b10f0481-57675bee-3feab238.dcm,negative,positive,not_mentioned,not_mentioned,not_mentioned
10024982,54589172,train,C:\Users\Zila\Downloads\BN5212\MIMIC-CXR\p10\p10\p10024982\s54589172\121da9e6-50fb2afe-c8c1886c-e151708f-e167a824.dcm,positive,not_mentioned,negative,not_mentioned,negative
10024982,54438313,train,C:\Users\Zila\Downloads\BN5212\MIMIC-CXR\p10\p10\p10024982\s54438313\8ccf0b84-84013d2f-287bdfe0-510bfd7b-865dd733.dcm,negative,positive,positive,not_mentioned,positive
10024982,53186936,train,C:\Users\Zila\Downloads\BN5212\MIMIC-CXR\p10\p10\p10024982\s53186936\15d25e08-2f6ea54e-3f17d9c7-ca9b318a-0ad5ab71.dcm,positive,positive,positive,not_mentioned,positive
10024982,51638975,train,C:\Users\Zila\Downloads\BN5212\MIMIC-CXR\p10\p10\p10024982\s51638975\7cc386dd-d30e4402-d8040f39-c5f827df-9574e22e.dcm,positive,positive,positive,not_mentioned,positive
10024982,58575944,train,C:\Users\Zila\Downloads\BN5212\MIMIC-CXR\p10\p10\p10024982\s58575944\983e4044-1df93a05-d6b02476-fb356e40-aba20c38.dcm,positive,positive,positive,not_mentioned,positive
10024982,58294755,train,C:\Users\Zila\Downloads\BN5212\MIMIC-CXR\p10\p10\p10024982\s58294755\5b23cdcb-c2b50a82-beeec2e3-76bc37ad-2b7c02aa.dcm,not_mentioned,not_mentioned,not_mentioned,not_mentioned,not_mentioned
10024982,53898800,train,C:\Users\Zila\Downloads\BN5212\MIMIC-CXR\p10\p10\p10024982\s53898800\692ca44b-c01b6f25-63e366d2-9bb562b1-4d2444cb.dcm,not_mentioned,not_mentioned,not_mentioned,not_mentioned,not_mentioned
10024982,52567614,train,C:\Users\Zila\Downloads\BN5212\MIMIC-CXR\p10\p10\p10024982\s52567614\d2089df8-eb90d800-71ac9632-d9f81c32-faa35f8b.dcm,positive,positive,positive,not_mentioned,positive
10024982,54981300,train,C:\Users\Zila\Downloads\BN5212\MIMIC-CXR\p10\p10\p10024982\s54981300\f55f3b10-49686d7d-f30c2ae4-48f8f84d-6164587c.dcm,positive,positive,negative,not_mentioned,negative
10024982,55271482,train,C:\Users\Zila\Downloads\BN5212\MIMIC-CXR\p10\p10\p10024982\s55271482\0b7c365b-1876f3c4-4b1cfc77-c0c2c8ce-ce4de4a6.dcm,positive,positive,not_mentioned,not_mentioned,not_mentioned
10024982,50732596,train,C:\Users\Zila\Downloads\BN5212\MIMIC-CXR\p10\p10\p10024982\s50732596\36ecce84-35051904-9e43ecae-03496b60-7fe13d14.dcm,positive,not_mentioned,not_mentioned,not_mentioned,not_mentioned
10024982,53158855,train,C:\Users\Zila\Downloads\BN5212\MIMIC-CXR\p10\p10\p10024982\s53158855\411a954d-91d0ba01-98b6bd83-f11b45d9-7a31c259.dcm,positive,not_mentioned,not_mentioned,not_mentioned,not_mentioned
10024982,57368861,train,C:\Users\Zila\Downloads\BN5212\MIMIC-CXR\p10\p10\p10024982\s57368861\b47eb172-69fb1128-274e9add-37204072-c8ae8bdc.dcm,positive,positive,positive,not_mentioned,positive
10024982,59608895,train,C:\Users\Zila\Downloads\BN5212\MIMIC-CXR\p10\p10\p10024982\s59608895\d08f0f1c-8b68a02d-09b3e42b-418ac935-b302082c.dcm,negative,not_mentioned,positive,not_mentioned,not_mentioned
10024982,57617161,train,C:\Users\Zila\Downloads\BN5212\MIMIC-CXR\p10\p10\p10024982\s57617161\2f0df519-04e73ebf-55a2b802-4bee13b6-1815222e.dcm,not_mentioned,not_mentioned,not_mentioned,not_mentioned,not_mentioned
10024982,57517987,train,C:\Users\Zila\Downloads\BN5212\MIMIC-CXR\p10\p10\p10024982\s57517987\4c718d98-eeb2d7e9-57f32d0c-05e36b46-9f7bdc6b.dcm,negative,positive,not_mentioned,not_mentioned,not_mentioned
10024982,55121733,train,C:\Users\Zila\Downloads\BN5212\MIMIC-CXR\p10\p10\p10024982\s55121733\83a31644-8a9e73a1-0e092921-3de1a867-23397545.dcm,not_mentioned,positive,negative,not_mentioned,negative
10024982,51226294,train,C:\Users\Zila\Downloads\BN5212\MIMIC-CXR\p10\p10\p10024982\s51226294\4912b821-5c857265-a09a6e0f-601c8f66-bacd8965.dcm,not_mentioned,not_mentioned,not_mentioned,not_mentioned,not_mentioned
10024982,54829612,train,C:\Users\Zila\Downloads\BN5212\MIMIC-CXR\p10\p10\p10024982\s54829612\4642211b-b3cec9a0-84833d67-14ba3bd8-9e153ce3.dcm,not_mentioned,not_mentioned,positive,not_mentioned,positive
10024982,52295645,train,C:\Users\Zila\Downloads\BN5212\MIMIC-CXR\p10\p10\p10024982\s52295645\beb85f47-6068aecd-fa7b9e71-0e4d359f-8b39381d.dcm,positive,not_mentioned,not_mentioned,not_mentioned,not_mentioned
10024982,56206556,train,C:\Users\Zila\Downloads\BN5212\MIMIC-CXR\p10\p10\p10024982\s56206556\14d954c2-ec8359c4-82c1a7f9-e52baddf-c0c2debc.dcm,positive,not_mentioned,not_mentioned,not_mentioned,not_mentioned
10025139,50252522,train,C:\Users\Zila\Downloads\BN5212\MIMIC-CXR\p10\p10\p10025139\s50252522\41edc55c-afba039b-6048f259-88f47edd-95fd9c04.dcm,negative,positive,not_mentioned,not_mentioned,not_mentioned
10025139,50196457,train,C:\Users\Zila\Downloads\BN5212\MIMIC-CXR\p10\p10\p10025139\s50196457\f7b69ee3-db7f264c-fca7d1c7-1d372fc0-02b35a47.dcm,negative,positive,not_mentioned,negative,not_mentioned
10025139,57077706,train,C:\Users\Zila\Downloads\BN5212\MIMIC-CXR\p10\p10\p10025139\s57077706\3e3906e4-edc924c5-548bedb8-005a4fbf-80e4d45b.dcm,not_mentioned,not_mentioned,not_mentioned,not_mentioned,not_mentioned
10025268,57742816,train,C:\Users\Zila\Downloads\BN5212\MIMIC-CXR\p10\p10\p10025268\s57742816\67413665-18f18e46-78114384-ac704603-daca5d3d.dcm,negative,not_mentioned,not_mentioned,negative,not_mentioned
10025268,52697858,train,C:\Users\Zila\Downloads\BN5212\MIMIC-CXR\p10\p10\p10025268\s52697858\a05bf9a9-b3f3f433-141ce9f4-d047fc1f-979d4f0d.dcm,negative,not_mentioned,negative,not_mentioned,negative
10025268,50115535,train,C:\Users\Zila\Downloads\BN5212\MIMIC-CXR\p10\p10\p10025268\s50115535\9ad3917a-0ea5caa4-0c903270-1fc545c6-6b5e614f.dcm,not_mentioned,not_mentioned,not_mentioned,not_mentioned,not_mentioned
10025268,53208209,train,C:\Users\Zila\Downloads\BN5212\MIMIC-CXR\p10\p10\p10025268\s53208209\38527df3-730f55bc-dac829f3-e69d164c-3764de59.dcm,not_mentioned,not_mentioned,not_mentioned,positive,not_mentioned
10025630,51476943,train,C:\Users\Zila\Downloads\BN5212\MIMIC-CXR\p10\p10\p10025630\s51476943\4a217b02-347f52e6-121aa9b9-42204b15-e102d803.dcm,negative,not_mentioned,not_mentioned,not_mentioned,not_mentioned
10025630,59510909,train,C:\Users\Zila\Downloads\BN5212\MIMIC-CXR\p10\p10\p10025630\s59510909\efce28d3-2472e2d6-8b2617b2-4986c96d-a7b0c5a9.dcm,not_mentioned,not_mentioned,not_mentioned,uncertain,not_mentioned
10025647,59622244,train,C:\Users\Zila\Downloads\BN5212\MIMIC-CXR\p10\p10\p10025647\s59622244\4037e7dc-7fd680ee-81204f88-81d4e452-d9dd9dad.dcm,not_mentioned,not_mentioned,not_mentioned,not_mentioned,not_mentioned
10025647,54701892,train,C:\Users\Zila\Downloads\BN5212\MIMIC-CXR\p10\p10\p10025647\s54701892\328ba500-b50b6a53-6d4206c4-4313f154-df68c05a.dcm,not_mentioned,not_mentioned,positive,not_mentioned,positive
10025647,54831482,train,C:\Users\Zila\Downloads\BN5212\MIMIC-CXR\p10\p10\p10025647\s54831482\48095787-392043f2-b96043fb-614ce29d-908a7b0c.dcm,negative,positive,positive,not_mentioned,positive
10025647,51297617,train,C:\Users\Zila\Downloads\BN5212\MIMIC-CXR\p10\p10\p10025647\s51297617\4ae3fc58-4d0f0150-48c3e754-998072f8-634033c6.dcm,positive,positive,negative,positive,negative
10025647,56005833,train,C:\Users\Zila\Downloads\BN5212\MIMIC-CXR\p10\p10\p10025647\s56005833\59c8f1ab-5d6c8eee-0187d05f-b973e514-410fced8.dcm,conflicting,not_mentioned,not_mentioned,not_mentioned,not_mentioned
10026255,57824622,test,C:\Users\Zila\Downloads\BN5212\MIMIC-CXR\p10\p10\p10026255\s57824622\c29320a7-dc1b4175-ea373549-5304bb54-54587c85.dcm,not_mentioned,not_mentioned,not_mentioned,not_mentioned,not_mentioned
10026255,55384601,test,C:\Users\Zila\Downloads\BN5212\MIMIC-CXR\p10\p10\p10026255\s55384601\238ce890-bbec475f-c82ec6bb-7080bd2f-c4b471f1.dcm,not_mentioned,not_mentioned,not_mentioned,not_mentioned,not_mentioned
10026255,52035576,test,C:\Users\Zila\Downloads\BN5212\MIMIC-CXR\p10\p10\p10026255\s52035576\6f357ba3-81c3406f-47bc546b-5e01e9ba-3324dbe0.dcm,not_mentioned,not_mentioned,not_mentioned,not_mentioned,not_mentioned
10026255,50617488,test,C:\Users\Zila\Downloads\BN5212\MIMIC-CXR\p10\p10\p10026255\s50617488\ad544646-49099913-259d0083-58d5da8f-ce10235d.dcm,negative,not_mentioned,not_mentioned,not_mentioned,not_mentioned
10026255,55516976,test,C:\Users\Zila\Downloads\BN5212\MIMIC-CXR\p10\p10\p10026255\s55516976\4638de45-2c59482e-ae16a17a-81af253b-a05a7cbe.dcm,not_mentioned,not_mentioned,not_mentioned,not_mentioned,not_mentioned
10026255,53472223,test,C:\Users\Zila\Downloads\BN5212\MIMIC-CXR\p10\p10\p10026255\s53472223\5d639375-047b1d54-9427dc3f-394748f4-46153845.dcm,negative,not_mentioned,not_mentioned,not_mentioned,not_mentioned
10026255,50378131,test,C:\Users\Zila\Downloads\BN5212\MIMIC-CXR\p10\p10\p10026255\s50378131\55dd3543-f08acb8f-8fe6610d-d920f9b8-7a0bb18e.dcm,not_mentioned,not_mentioned,not_mentioned,positive,not_mentioned
10026255,52168916,test,C:\Users\Zila\Downloads\BN5212\MIMIC-CXR\p10\p10\p10026255\s52168916\d64c5ade-d7914a60-c528f838-1724e63d-a5e43b4e.dcm,negative,not_mentioned,not_mentioned,not_mentioned,not_mentioned
10026255,52058107,test,C:\Users\Zila\Downloads\BN5212\MIMIC-CXR\p10\p10\p10026255\s52058107\5de29e4e-2e2cdada-06561b12-7e5d7775-9ca59fcb.dcm,not_mentioned,not_mentioned,not_mentioned,not_mentioned,not_mentioned
10026255,58640215,test,C:\Users\Zila\Downloads\BN5212\MIMIC-CXR\p10\p10\p10026255\s58640215\90267e32-3c7bbb96-8cf13016-9fb202b4-39eed02b.dcm,not_mentioned,not_mentioned,negative,not_mentioned,negative
10026255,50395086,test,C:\Users\Zila\Downloads\BN5212\MIMIC-CXR\p10\p10\p10026255\s50395086\1b40b359-f117c278-09d3ae57-cc779db7-506cc568.dcm,not_mentioned,not_mentioned,negative,negative,negative
10026255,50356590,test,C:\Users\Zila\Downloads\BN5212\MIMIC-CXR\p10\p10\p10026255\s50356590\14bcdce8-dc48e936-8ff527be-3187fcc0-ae7b2c21.dcm,not_mentioned,not_mentioned,not_mentioned,not_mentioned,not_mentioned
10026263,56448939,train,C:\Users\Zila\Downloads\BN5212\MIMIC-CXR\p10\p10\p10026263\s56448939\48d248d1-d06d9396-67edc16c-f950fc8d-de812e20.dcm,not_mentioned,not_mentioned,not_mentioned,not_mentioned,not_mentioned
10026263,57413062,train,C:\Users\Zila\Downloads\BN5212\MIMIC-CXR\p10\p10\p10026263\s57413062\77cce580-a80c7510-fa9d0a7f-70065312-1d53bca1.dcm,negative,not_mentioned,not_mentioned,not_mentioned,not_mentioned
10026263,50405504,train,C:\Users\Zila\Downloads\BN5212\MIMIC-CXR\p10\p10\p10026263\s50405504\6c5c3c2a-7b703952-99a7ce75-288b135f-5ead1b55.dcm,negative,not_mentioned,not_mentioned,not_mentioned,not_mentioned
10026354,54886258,train,C:\Users\Zila\Downloads\BN5212\MIMIC-CXR\p10\p10\p10026354\s54886258\aaa965bf-5bae5107-eea82048-c3933e28-84b644c9.dcm,not_mentioned,not_mentioned,negative,negative,negative
10026354,55348031,train,C:\Users\Zila\Downloads\BN5212\MIMIC-CXR\p10\p10\p10026354\s55348031\3fbab55b-e4e39234-0e2059cb-36e30190-5b85692f.dcm,negative,not_mentioned,not_mentioned,not_mentioned,not_mentioned
10026698,50908403,test,C:\Users\Zila\Downloads\BN5212\MIMIC-CXR\p10\p10\p10026698\s50908403\42066ad7-eb4c1cc5-10a557cc-3d76924d-849426bd.dcm,negative,not_mentioned,not_mentioned,negative,not_mentioned
10026698,50088546,test,C:\Users\Zila\Downloads\BN5212\MIMIC-CXR\p10\p10\p10026698\s50088546\953bd9bd-4e8c9f87-fdeb094f-90cb4c3d-d527be01.dcm,negative,not_mentioned,not_mentioned,negative,not_mentioned
10026950,54993065,train,C:\Users\Zila\Downloads\BN5212\MIMIC-CXR\p10\p10\p10026950\s54993065\cc2e857a-982fd5c7-9d92c1f4-700047c3-5a926e60.dcm,not_mentioned,not_mentioned,not_mentioned,not_mentioned,not_mentioned
10026950,51906383,train,C:\Users\Zila\Downloads\BN5212\MIMIC-CXR\p10\p10\p10026950\s51906383\956b76a1-748fbda2-7651b0a2-ae86f59c-6936f1f3.dcm,positive,positive,not_mentioned,not_mentioned,not_mentioned
10027100,53799740,train,C:\Users\Zila\Downloads\BN5212\MIMIC-CXR\p10\p10\p10027100\s53799740\3c518062-48f4d9d8-9e76a873-bc6bc7c6-4ea4d120.dcm,negative,not_mentioned,negative,not_mentioned,not_mentioned
10027100,51919409,train,C:\Users\Zila\Downloads\BN5212\MIMIC-CXR\p10\p10\p10027100\s51919409\8ac46fab-19e41bf7-e32892ef-b644da81-3ec9032c.dcm,negative,not_mentioned,not_mentioned,not_mentioned,not_mentioned
10027100,59896865,train,C:\Users\Zila\Downloads\BN5212\MIMIC-CXR\p10\p10\p10027100\s59896865\b7e18bba-011dab56-27b6648a-a35c2810-31089eb3.dcm,negative,not_mentioned,not_mentioned,not_mentioned,not_mentioned
10027100,52417922,train,C:\Users\Zila\Downloads\BN5212\MIMIC-CXR\p10\p10\p10027100\s52417922\466b4a77-3aab330a-60eeaebd-d90b6fb6-083a653e.dcm,negative,not_mentioned,not_mentioned,not_mentioned,not_mentioned
10027100,52812156,train,C:\Users\Zila\Downloads\BN5212\MIMIC-CXR\p10\p10\p10027100\s52812156\f75f92af-cc3688a7-3044e50c-77edb490-bc8007f2.dcm,negative,not_mentioned,not_mentioned,not_mentioned,not_mentioned
10027100,58970064,train,C:\Users\Zila\Downloads\BN5212\MIMIC-CXR\p10\p10\p10027100\s58970064\a7f5555c-da95f9f1-5e76280e-2ef1a602-f3b02c72.dcm,negative,not_mentioned,negative,not_mentioned,negative
10027100,59445954,train,C:\Users\Zila\Downloads\BN5212\MIMIC-CXR\p10\p10\p10027100\s59445954\50af45ac-89d7ac43-a93adcd9-96377b19-cb8c1365.dcm,negative,not_mentioned,negative,not_mentioned,negative
10027602,51645407,train,C:\Users\Zila\Downloads\BN5212\MIMIC-CXR\p10\p10\p10027602\s51645407\65a94834-b32aeba0-74ceb3f5-09168007-cc353cda.dcm,negative,not_mentioned,not_mentioned,not_mentioned,not_mentioned
10027602,59894220,train,C:\Users\Zila\Downloads\BN5212\MIMIC-CXR\p10\p10\p10027602\s59894220\030be3f1-cfafb433-384263f1-d88a21d9-004ff8c0.dcm,not_mentioned,not_mentioned,negative,not_mentioned,negative
10027602,59761701,train,C:\Users\Zila\Downloads\BN5212\MIMIC-CXR\p10\p10\p10027602\s59761701\55d9a07f-425c5728-8393046d-5be7a249-003e806b.dcm,not_mentioned,not_mentioned,not_mentioned,not_mentioned,not_mentioned
10027602,54098104,train,C:\Users\Zila\Downloads\BN5212\MIMIC-CXR\p10\p10\p10027602\s54098104\319cb512-6ded4dcc-9178e727-cc2d4a91-3b539641.dcm,positive,not_mentioned,not_mentioned,not_mentioned,not_mentioned
10027602,52261670,train,C:\Users\Zila\Downloads\BN5212\MIMIC-CXR\p10\p10\p10027602\s52261670\2aa678d8-62acd837-6ce14e92-aebfc6d2-f95f68ff.dcm,not_mentioned,not_mentioned,not_mentioned,not_mentioned,not_mentioned
10027602,56041330,train,C:\Users\Zila\Downloads\BN5212\MIMIC-CXR\p10\p10\p10027602\s56041330\8b537dc3-a0d12af4-33d1d965-5247a35c-664284b2.dcm,not_mentioned,not_mentioned,negative,not_mentioned,negative
10027602,54741765,train,C:\Users\Zila\Downloads\BN5212\MIMIC-CXR\p10\p10\p10027602\s54741765\111e967e-adb5aeae-6dafa5c4-9b3b5c79-d0cc2436.dcm,negative,not_mentioned,not_mentioned,not_mentioned,not_mentioned
10027602,55019003,train,C:\Users\Zila\Downloads\BN5212\MIMIC-CXR\p10\p10\p10027602\s55019003\412493d6-44c68fdd-b87e12b7-c6df8208-8d2277f5.dcm,negative,not_mentioned,not_mentioned,not_mentioned,not_mentioned
10027602,56777726,train,C:\Users\Zila\Downloads\BN5212\MIMIC-CXR\p10\p10\p10027602\s56777726\6281bb64-62d096e0-49b19ed8-ba4a2f06-10c23745.dcm,negative,not_mentioned,not_mentioned,not_mentioned,not_mentioned
10027602,52323342,train,C:\Users\Zila\Downloads\BN5212\MIMIC-CXR\p10\p10\p10027602\s52323342\51071bb2-a052e75c-d78cb54a-fd10622d-003e0bc5.dcm,negative,not_mentioned,negative,positive,negative
10027602,51580408,train,C:\Users\Zila\Downloads\BN5212\MIMIC-CXR\p10\p10\p10027602\s51580408\2fbb4000-3ca799d8-f3d12f07-7b7992d9-97bcbfd4.dcm,not_mentioned,not_mentioned,not_mentioned,not_mentioned,not_mentioned
10027957,54120913,train,C:\Users\Zila\Downloads\BN5212\MIMIC-CXR\p10\p10\p10027957\s54120913\bc412d5d-68f35aee-c19bab00-37ec0526-092ef2b6.dcm,negative,not_mentioned,not_mentioned,negative,not_mentioned
10027957,50867638,train,C:\Users\Zila\Downloads\BN5212\MIMIC-CXR\p10\p10\p10027957\s50867638\3b4a49ca-8676e2ac-f556fe29-09fa3269-4d98a4d2.dcm,negative,not_mentioned,not_mentioned,not_mentioned,not_mentioned
10027957,52771355,train,C:\Users\Zila\Downloads\BN5212\MIMIC-CXR\p10\p10\p10027957\s52771355\5f9bbd34-9e523648-5ed0a53c-deba5966-76980de7.dcm,not_mentioned,not_mentioned,not_mentioned,not_mentioned,not_mentioned
10027957,54310741,train,C:\Users\Zila\Downloads\BN5212\MIMIC-CXR\p10\p10\p10027957\s54310741\a0708f44-87cf1ff8-5c6b623a-a1f69218-8092c06e.dcm,not_mentioned,not_mentioned,not_mentioned,not_mentioned,not_mentioned
10027957,59195693,train,C:\Users\Zila\Downloads\BN5212\MIMIC-CXR\p10\p10\p10027957\s59195693\50521ce0-62fd51d4-7faab450-6c7ed300-220e2049.dcm,not_mentioned,not_mentioned,not_mentioned,not_mentioned,not_mentioned
10027957,53807579,train,C:\Users\Zila\Downloads\BN5212\MIMIC-CXR\p10\p10\p10027957\s53807579\666c3dd4-147f52e7-c2d8c9a6-a3177476-a7696ef6.dcm,negative,not_mentioned,not_mentioned,not_mentioned,not_mentioned
10027957,57665959,train,C:\Users\Zila\Downloads\BN5212\MIMIC-CXR\p10\p10\p10027957\s57665959\8fa5ef25-894237b2-bb6fc66f-329a74d1-c6534b40.dcm,negative,not_mentioned,not_mentioned,not_mentioned,not_mentioned
10028480,57458660,train,C:\Users\Zila\Downloads\BN5212\MIMIC-CXR\p10\p10\p10028480\s57458660\db1f4311-c6cd8e4d-f619862f-d45b0e2b-f26da046.dcm,not_mentioned,not_mentioned,not_mentioned,not_mentioned,not_mentioned
10028480,59153189,train,C:\Users\Zila\Downloads\BN5212\MIMIC-CXR\p10\p10\p10028480\s59153189\a8bae675-9df70e84-d3cd446e-65c9a0e4-623cb6c6.dcm,negative,not_mentioned,not_mentioned,uncertain,not_mentioned
10028480,53807119,train,C:\Users\Zila\Downloads\BN5212\MIMIC-CXR\p10\p10\p10028480\s53807119\7fdbb9fc-6cd255ef-6bf2ec3b-156ce36e-4c9c369b.dcm,negative,not_mentioned,negative,negative,negative
10028480,52938334,train,C:\Users\Zila\Downloads\BN5212\MIMIC-CXR\p10\p10\p10028480\s52938334\c27a1062-28dd3d19-4ae26205-b69741bb-b479f705.dcm,not_mentioned,not_mentioned,positive,negative,positive
10028480,52781231,train,C:\Users\Zila\Downloads\BN5212\MIMIC-CXR\p10\p10\p10028480\s52781231\f4d85d2d-754648de-3f1b90a9-b6d98a97-dcd0367f.dcm,negative,positive,positive,negative,positive
10029291,51946347,val,C:\Users\Zila\Downloads\BN5212\MIMIC-CXR\p10\p10\p10029291\s51946347\5f7731a9-438fcf7f-4ccbb602-4b1b9b12-fe8ec465.dcm,negative,not_mentioned,negative,not_mentioned,negative
10029291,51934618,val,C:\Users\Zila\Downloads\BN5212\MIMIC-CXR\p10\p10\p10029291\s51934618\6d00654c-94387330-275cff2b-f94acdd9-d980c90d.dcm,not_mentioned,not_mentioned,positive,not_mentioned,not_mentioned
10029291,58888045,val,C:\Users\Zila\Downloads\BN5212\MIMIC-CXR\p10\p10\p10029291\s58888045\b7329290-a62eddff-1fbfa33a-29d52fc3-a83f0147.dcm,not_mentioned,not_mentioned,not_mentioned,not_mentioned,not_mentioned
10029291,56112507,val,C:\Users\Zila\Downloads\BN5212\MIMIC-CXR\p10\p10\p10029291\s56112507\112825e9-a3bff75b-f6dd0174-a8b078bc-30ec2927.dcm,not_mentioned,not_mentioned,not_mentioned,not_mentioned,not_mentioned
10029291,55735656,val,C:\Users\Zila\Downloads\BN5212\MIMIC-CXR\p10\p10\p10029291\s55735656\8eb8f2d2-c52b68f2-4fbd4589-6d65cdc0-8e5b31cc.dcm,not_mentioned,not_mentioned,not_mentioned,not_mentioned,not_mentioned
10029291,59372381,val,C:\Users\Zila\Downloads\BN5212\MIMIC-CXR\p10\p10\p10029291\s59372381\75d5c0bc-5e81621f-3834432c-7c6ec188-405eee3d.dcm,not_mentioned,not_mentioned,not_mentioned,not_mentioned,not_mentioned
10029291,58553613,val,C:\Users\Zila\Downloads\BN5212\MIMIC-CXR\p10\p10\p10029291\s58553613\593c681d-958af49c-11c7d8df-222aec4f-bfcc7ccb.dcm,not_mentioned,positive,not_mentioned,not_mentioned,not_mentioned
10029291,55252960,val,C:\Users\Zila\Downloads\BN5212\MIMIC-CXR\p10\p10\p10029291\s55252960\74686e31-712c20dd-9c56a833-d926fac2-9b3ae4f7.dcm,not_mentioned,not_mentioned,not_mentioned,not_mentioned,not_mentioned
10029291,59069679,val,C:\Users\Zila\Downloads\BN5212\MIMIC-CXR\p10\p10\p10029291\s59069679\5899a9d5-14454936-18a3140a-f6b170e1-7ab22a94.dcm,not_mentioned,positive,positive,not_mentioned,not_mentioned
10029291,54531745,val,C:\Users\Zila\Downloads\BN5212\MIMIC-CXR\p10\p10\p10029291\s54531745\0ba7f88c-9d223d05-c3969894-06972988-0cb14418.dcm,not_mentioned,not_mentioned,not_mentioned,not_mentioned,not_mentioned
10029291,50907647,val,C:\Users\Zila\Downloads\BN5212\MIMIC-CXR\p10\p10\p10029291\s50907647\ae317f1f-fe3382ba-752a3210-f46624a8-deafc781.dcm,positive,not_mentioned,positive,not_mentioned,positive
10029291,52115281,val,C:\Users\Zila\Downloads\BN5212\MIMIC-CXR\p10\p10\p10029291\s52115281\f54633d1-480972a2-7841a264-4f148912-55b9bd2b.dcm,not_mentioned,not_mentioned,positive,positive,not_mentioned
10029291,59308512,val,C:\Users\Zila\Downloads\BN5212\MIMIC-CXR\p10\p10\p10029291\s59308512\b528739a-3f880a1e-711255b9-e31d3ed3-1bced255.dcm,not_mentioned,not_mentioned,not_mentioned,not_mentioned,not_mentioned
10029411,50542413,val,C:\Users\Zila\Downloads\BN5212\MIMIC-CXR\p10\p10\p10029411\s50542413\58530cfb-a37a5d6b-7bd512d3-fa332c69-6e994d6e.dcm,not_mentioned,not_mentioned,not_mentioned,not_mentioned,not_mentioned
10029411,55015852,val,C:\Users\Zila\Downloads\BN5212\MIMIC-CXR\p10\p10\p10029411\s55015852\8722b33e-306810c3-0e85ae3c-905f1644-d47dc3df.dcm,negative,not_mentioned,not_mentioned,not_mentioned,not_mentioned
10029874,54149750,train,C:\Users\Zila\Downloads\BN5212\MIMIC-CXR\p10\p10\p10029874\s54149750\99a21117-e67fd3ec-a82ea961-aa3d9059-0dd65cfb.dcm,not_mentioned,not_mentioned,not_mentioned,uncertain,not_mentioned
10029874,55355911,train,C:\Users\Zila\Downloads\BN5212\MIMIC-CXR\p10\p10\p10029874\s55355911\19c7fa4b-2cb2f260-ac9a6efb-0a98b225-4ba3be48.dcm,negative,not_mentioned,not_mentioned,not_mentioned,not_mentioned
10029874,54860819,train,C:\Users\Zila\Downloads\BN5212\MIMIC-CXR\p10\p10\p10029874\s54860819\3f48de31-ddcf743e-aa31fe1e-e3692f27-cefe2abc.dcm,negative,not_mentioned,not_mentioned,not_mentioned,not_mentioned
10029874,52202163,train,C:\Users\Zila\Downloads\BN5212\MIMIC-CXR\p10\p10\p10029874\s52202163\b8fe3ccf-3a960031-99560dc1-6d363c83-0c69220b.dcm,negative,not_mentioned,not_mentioned,negative,not_mentioned
10029874,53475623,train,C:\Users\Zila\Downloads\BN5212\MIMIC-CXR\p10\p10\p10029874\s53475623\dfd09725-92773cdf-9f089ebd-4b8f102e-e3694114.dcm,negative,not_mentioned,positive,not_mentioned,not_mentioned
10029874,51797904,train,C:\Users\Zila\Downloads\BN5212\MIMIC-CXR\p10\p10\p10029874\s51797904\4c040054-07c3bd63-c38f01c5-e31226a8-7be85e27.dcm,not_mentioned,not_mentioned,not_mentioned,not_mentioned,not_mentioned
10029874,58053419,train,C:\Users\Zila\Downloads\BN5212\MIMIC-CXR\p10\p10\p10029874\s58053419\c53f6fa2-05729e17-4630cf0b-2f70c2a6-29b52437.dcm,positive,not_mentioned,positive,not_mentioned,positive
10029874,54139930,train,C:\Users\Zila\Downloads\BN5212\MIMIC-CXR\p10\p10\p10029874\s54139930\bce88274-cc2a8e5c-ef780aae-c892d4d7-fce1065d.dcm,positive,positive,positive,positive,positive
10030487,55326723,test,C:\Users\Zila\Downloads\BN5212\MIMIC-CXR\p10\p10\p10030487\s55326723\a3576366-31c9a763-cb4205e6-217a0456-ecbe3051.dcm,uncertain,positive,negative,not_mentioned,negative
10030487,52922406,test,C:\Users\Zila\Downloads\BN5212\MIMIC-CXR\p10\p10\p10030487\s52922406\50692cb4-36ec9b72-ea382257-41570f6d-ec757444.dcm,positive,positive,not_mentioned,not_mentioned,not_mentioned
10030487,53249827,test,C:\Users\Zila\Downloads\BN5212\MIMIC-CXR\p10\p10\p10030487\s53249827\adf1ffe8-28ab951a-66ea2338-1b591c19-586621cc.dcm,not_mentioned,not_mentioned,not_mentioned,negative,not_mentioned
10030487,50519814,test,C:\Users\Zila\Downloads\BN5212\MIMIC-CXR\p10\p10\p10030487\s50519814\b2bac522-684d7e2c-d3e5a468-a9d486c3-ba65a589.dcm,negative,not_mentioned,not_mentioned,not_mentioned,not_mentioned
10030487,56404897,test,C:\Users\Zila\Downloads\BN5212\MIMIC-CXR\p10\p10\p10030487\s56404897\36c35984-5cf19f55-a6ad2192-1e79f710-1d5ca8a7.dcm,negative,not_mentioned,not_mentioned,negative,not_mentioned
10030487,57391561,test,C:\Users\Zila\Downloads\BN5212\MIMIC-CXR\p10\p10\p10030487\s57391561\8e7dbd7f-c1a8fddb-25f0865d-b998abf5-7c496c7c.dcm,positive,not_mentioned,negative,not_mentioned,negative
10030753,53724703,test,C:\Users\Zila\Downloads\BN5212\MIMIC-CXR\p10\p10\p10030753\s53724703\b1dcbfc4-009d9292-c322d59a-82957105-854d6e51.dcm,negative,not_mentioned,negative,negative,negative
10030753,55205725,test,C:\Users\Zila\Downloads\BN5212\MIMIC-CXR\p10\p10\p10030753\s55205725\8b6b088f-092c807c-242b90ec-d6e1b1ac-995270b0.dcm,negative,not_mentioned,not_mentioned,not_mentioned,not_mentioned
10030753,59825225,test,C:\Users\Zila\Downloads\BN5212\MIMIC-CXR\p10\p10\p10030753\s59825225\a80038ef-93fdf6fa-2331a382-19932fc7-d6bede67.dcm,negative,not_mentioned,not_mentioned,not_mentioned,not_mentioned
10030753,52230171,test,C:\Users\Zila\Downloads\BN5212\MIMIC-CXR\p10\p10\p10030753\s52230171\26e84216-5b9a59be-9acf1758-ea4b4989-a6bee3aa.dcm,negative,positive,not_mentioned,not_mentioned,not_mentioned
10030753,57016568,test,C:\Users\Zila\Downloads\BN5212\MIMIC-CXR\p10\p10\p10030753\s57016568\838341a9-1ce18444-d168b329-1fd93c6a-f80da020.dcm,negative,not_mentioned,not_mentioned,not_mentioned,not_mentioned
10030753,52571593,test,C:\Users\Zila\Downloads\BN5212\MIMIC-CXR\p10\p10\p10030753\s52571593\d0e3d8fe-ac11e95a-817cbf23-69e1a6df-ce169676.dcm,not_mentioned,not_mentioned,not_mentioned,not_mentioned,not_mentioned
10030753,56648067,test,C:\Users\Zila\Downloads\BN5212\MIMIC-CXR\p10\p10\p10030753\s56648067\36020718-8beea365-fd4caa9c-db308faa-39c49abe.dcm,negative,not_mentioned,not_mentioned,negative,not_mentioned
10030753,51882357,test,C:\Users\Zila\Downloads\BN5212\MIMIC-CXR\p10\p10\p10030753\s51882357\b6e5ed61-067d06ca-75304e4a-51d290d5-b42c8317.dcm,not_mentioned,not_mentioned,not_mentioned,not_mentioned,not_mentioned
10030753,53034862,test,C:\Users\Zila\Downloads\BN5212\MIMIC-CXR\p10\p10\p10030753\s53034862\4ca30812-66223a45-eb9a1cff-e12e4f0c-284d5b0b.dcm,negative,positive,not_mentioned,not_mentioned,not_mentioned
10031687,56022717,test,C:\Users\Zila\Downloads\BN5212\MIMIC-CXR\p10\p10\p10031687\s56022717\8fbe73d5-97571b25-16a12e49-e637f51e-ed8acc4b.dcm,not_mentioned,positive,not_mentioned,not_mentioned,not_mentioned
10031687,53503478,test,C:\Users\Zila\Downloads\BN5212\MIMIC-CXR\p10\p10\p10031687\s53503478\53d3c460-4faaf93b-02215493-68ef51b3-fbdc3e03.dcm,negative,not_mentioned,not_mentioned,not_mentioned,not_mentioned
10031687,56473015,test,C:\Users\Zila\Downloads\BN5212\MIMIC-CXR\p10\p10\p10031687\s56473015\5b1edb96-e769a95f-ba0cd82b-8c6d6dfa-08c2c1e4.dcm,not_mentioned,not_mentioned,negative,not_mentioned,negative
10031816,53085045,train,C:\Users\Zila\Downloads\BN5212\MIMIC-CXR\p10\p10\p10031816\s53085045\b67f5025-edc175ca-9ab04bdd-fa8b54e7-56cc2488.dcm,not_mentioned,not_mentioned,not_mentioned,not_mentioned,not_mentioned
10031816,59326077,train,C:\Users\Zila\Downloads\BN5212\MIMIC-CXR\p10\p10\p10031816\s59326077\c30467aa-37cd0a63-5022d601-b2017117-8626e89e.dcm,not_mentioned,not_mentioned,negative,uncertain,not_mentioned
10031850,54587031,test,C:\Users\Zila\Downloads\BN5212\MIMIC-CXR\p10\p10\p10031850\s54587031\2da5004a-1ff7be2c-27ab41ce-e829a390-1883babe.dcm,not_mentioned,not_mentioned,not_mentioned,not_mentioned,not_mentioned
10031850,56419673,test,C:\Users\Zila\Downloads\BN5212\MIMIC-CXR\p10\p10\p10031850\s56419673\e517b854-7656a4f0-4e523ee5-4e149231-609c5638.dcm,negative,not_mentioned,negative,not_mentioned,negative
10031850,59085528,test,C:\Users\Zila\Downloads\BN5212\MIMIC-CXR\p10\p10\p10031850\s59085528\46252b9d-811fc4f8-e67b7584-8d50c8c7-05fc242f.dcm,positive,not_mentioned,positive,positive,positive
10032409,59757357,train,C:\Users\Zila\Downloads\BN5212\MIMIC-CXR\p10\p10\p10032409\s59757357\f6da5c2f-b9a9d490-af900c3b-7d21652a-ab48b39a.dcm,uncertain,not_mentioned,not_mentioned,not_mentioned,not_mentioned
10032409,50400468,train,C:\Users\Zila\Downloads\BN5212\MIMIC-CXR\p10\p10\p10032409\s50400468\3c70555b-8b29cd1e-024f194b-6d1cdbff-9f902fc4.dcm,positive,not_mentioned,not_mentioned,not_mentioned,not_mentioned
10032409,51759094,train,C:\Users\Zila\Downloads\BN5212\MIMIC-CXR\p10\p10\p10032409\s51759094\c26b47d1-ab8a3d26-9e057a97-6072b868-d821ce32.dcm,not_mentioned,positive,not_mentioned,not_mentioned,not_mentioned
10032409,58373141,train,C:\Users\Zila\Downloads\BN5212\MIMIC-CXR\p10\p10\p10032409\s58373141\684207f2-f6c2fb06-3ded5cf4-e80788cf-d9f45671.dcm,not_mentioned,not_mentioned,not_mentioned,not_mentioned,not_mentioned
10032409,51455994,train,C:\Users\Zila\Downloads\BN5212\MIMIC-CXR\p10\p10\p10032409\s51455994\1cf494f5-4b4d15db-4135009f-330d76f8-dd6d2e0f.dcm,not_mentioned,positive,negative,negative,negative
10032409,58699467,train,C:\Users\Zila\Downloads\BN5212\MIMIC-CXR\p10\p10\p10032409\s58699467\19cc0fe2-e044965a-ce5700d0-d4bdf45f-623224b5.dcm,negative,not_mentioned,not_mentioned,not_mentioned,not_mentioned
10032409,54744778,train,C:\Users\Zila\Downloads\BN5212\MIMIC-CXR\p10\p10\p10032409\s54744778\5bf08ab6-6a5cff97-891757d3-7d6fe620-91e26117.dcm,not_mentioned,not_mentioned,not_mentioned,negative,not_mentioned
10032409,51636382,train,C:\Users\Zila\Downloads\BN5212\MIMIC-CXR\p10\p10\p10032409\s51636382\10c7f81e-21592710-54caf071-3fb0d4ed-271d0f21.dcm,negative,positive,not_mentioned,not_mentioned,not_mentioned
10032409,50002405,train,C:\Users\Zila\Downloads\BN5212\MIMIC-CXR\p10\p10\p10032409\s50002405\01afaa67-31d0e7ae-5e94ee5e-3f4d9deb-8b2be56f.dcm,not_mentioned,not_mentioned,not_mentioned,not_mentioned,not_mentioned
10032409,55101318,train,C:\Users\Zila\Downloads\BN5212\MIMIC-CXR\p10\p10\p10032409\s55101318\d711c648-10b3b7a7-e5607fee-6da1ada0-2f494d17.dcm,negative,not_mentioned,not_mentioned,negative,not_mentioned
10032409,55250890,train,C:\Users\Zila\Downloads\BN5212\MIMIC-CXR\p10\p10\p10032409\s55250890\35b006d3-53b9d561-d46bbbe3-69a82eaa-677f1241.dcm,negative,not_mentioned,not_mentioned,negative,not_mentioned
10032409,57131291,train,C:\Users\Zila\Downloads\BN5212\MIMIC-CXR\p10\p10\p10032409\s57131291\21b87101-9829e3ba-8ad27583-ab386228-a8a4b894.dcm,not_mentioned,not_mentioned,not_mentioned,negative,not_mentioned
10032409,52149024,train,C:\Users\Zila\Downloads\BN5212\MIMIC-CXR\p10\p10\p10032409\s52149024\870f2708-95199ee7-65d23d24-2640ecbd-62c3f1a7.dcm,not_mentioned,positive,negative,not_mentioned,negative
10032409,53114330,train,C:\Users\Zila\Downloads\BN5212\MIMIC-CXR\p10\p10\p10032409\s53114330\cd88a4c4-9f9559c0-92ed0740-9320012a-5304ba66.dcm,not_mentioned,positive,not_mentioned,not_mentioned,not_mentioned
10032409,51910314,train,C:\Users\Zila\Downloads\BN5212\MIMIC-CXR\p10\p10\p10032409\s51910314\b50274f8-8433ebf2-0b6d6b48-ac5cb455-f1bd83f2.dcm,not_mentioned,positive,not_mentioned,not_mentioned,not_mentioned
10032409,51611449,train,C:\Users\Zila\Downloads\BN5212\MIMIC-CXR\p10\p10\p10032409\s51611449\a3c6139c-fcb34677-d08605e3-28bbd604-e6f4561f.dcm,not_mentioned,not_mentioned,not_mentioned,positive,not_mentioned
10032409,50222572,train,C:\Users\Zila\Downloads\BN5212\MIMIC-CXR\p10\p10\p10032409\s50222572\59e220f1-b516934e-f8ee4506-15d55af7-f916066e.dcm,not_mentioned,positive,negative,negative,negative
10032409,51371118,train,C:\Users\Zila\Downloads\BN5212\MIMIC-CXR\p10\p10\p10032409\s51371118\ce11ee50-fe13ae7f-6fd59405-d153465d-d2a98efd.dcm,negative,not_mentioned,not_mentioned,not_mentioned,not_mentioned
10032409,53362562,train,C:\Users\Zila\Downloads\BN5212\MIMIC-CXR\p10\p10\p10032409\s53362562\9c5b6129-23cb61c5-ededc6f3-d168cd06-5cbf299c.dcm,not_mentioned,not_mentioned,positive,not_mentioned,positive
10032409,55481921,train,C:\Users\Zila\Downloads\BN5212\MIMIC-CXR\p10\p10\p10032409\s55481921\0119494a-4c8cca87-713b3766-2737a8fb-1c1f1579.dcm,positive,not_mentioned,positive,uncertain,positive
10032409,55242788,train,C:\Users\Zila\Downloads\BN5212\MIMIC-CXR\p10\p10\p10032409\s55242788\c572b1af-44d9cd19-3fb3f595-59c740f8-fa5c7257.dcm,not_mentioned,positive,positive,not_mentioned,not_mentioned
10032409,52344253,train,C:\Users\Zila\Downloads\BN5212\MIMIC-CXR\p10\p10\p10032409\s52344253\a8336caa-04cdadca-c35f9e4b-cd3eb906-9ed933ab.dcm,not_mentioned,positive,positive,negative,not_mentioned
10032409,58140535,train,C:\Users\Zila\Downloads\BN5212\MIMIC-CXR\p10\p10\p10032409\s58140535\dfe5bd7c-62b3017d-f4376788-350156fe-c874652d.dcm,uncertain,positive,positive,not_mentioned,not_mentioned
10032409,52468723,train,C:\Users\Zila\Downloads\BN5212\MIMIC-CXR\p10\p10\p10032409\s52468723\34f23866-9991ce93-f6f7495b-66e153ef-b675a214.dcm,positive,positive,positive,not_mentioned,not_mentioned
10032409,59955977,train,C:\Users\Zila\Downloads\BN5212\MIMIC-CXR\p10\p10\p10032409\s59955977\94b3c020-02ccbd85-c324ab78-190ae09f-7f65b7c4.dcm,not_mentioned,not_mentioned,positive,not_mentioned,positive
10032409,52555915,train,C:\Users\Zila\Downloads\BN5212\MIMIC-CXR\p10\p10\p10032409\s52555915\2df49d07-d110e2f8-a94c1bc4-6fb2cc8a-1caac734.dcm,positive,not_mentioned,not_mentioned,not_mentioned,not_mentioned
10032409,52729515,train,C:\Users\Zila\Downloads\BN5212\MIMIC-CXR\p10\p10\p10032409\s52729515\e00f67fe-2d13a03e-adabba21-b1bd2559-bf6a4211.dcm,positive,positive,positive,not_mentioned,not_mentioned
10032409,54157824,train,C:\Users\Zila\Downloads\BN5212\MIMIC-CXR\p10\p10\p10032409\s54157824\18570baf-2d76cb0c-4072211e-6df3cfbb-89aabdc4.dcm,not_mentioned,not_mentioned,positive,positive,positive
10032409,54300630,train,C:\Users\Zila\Downloads\BN5212\MIMIC-CXR\p10\p10\p10032409\s54300630\f2bf9f20-92c4ed36-159c850c-bc6e339e-0fd7ca1f.dcm,not_mentioned,not_mentioned,not_mentioned,uncertain,not_mentioned
10032725,50331901,val,C:\Users\Zila\Downloads\BN5212\MIMIC-CXR\p10\p10\p10032725\s50331901\687754ce-7420bfd3-0a19911f-a27a3916-9019cd53.dcm,not_mentioned,not_mentioned,not_mentioned,not_mentioned,not_mentioned
10032725,55504914,val,C:\Users\Zila\Downloads\BN5212\MIMIC-CXR\p10\p10\p10032725\s55504914\fd4126e5-c5485b35-3bbc48fc-acb448fa-fb1b42b7.dcm,not_mentioned,not_mentioned,not_mentioned,not_mentioned,not_mentioned
10033552,58734596,val,C:\Users\Zila\Downloads\BN5212\MIMIC-CXR\p10\p10\p10033552\s58734596\f0c76dd6-aae11ffd-7fb9e184-b9b42d5b-b3764744.dcm,negative,not_mentioned,not_mentioned,not_mentioned,not_mentioned
10033552,56492208,val,C:\Users\Zila\Downloads\BN5212\MIMIC-CXR\p10\p10\p10033552\s56492208\74c2458e-fd4cb668-4c2252bd-7662dc91-e3c081af.dcm,negative,not_mentioned,positive,negative,positive
10033552,56920846,val,C:\Users\Zila\Downloads\BN5212\MIMIC-CXR\p10\p10\p10033552\s56920846\df36cfc8-d9443493-6ba076ab-1a49111b-4eb4cfbe.dcm,negative,not_mentioned,not_mentioned,not_mentioned,not_mentioned
10033552,57007678,val,C:\Users\Zila\Downloads\BN5212\MIMIC-CXR\p10\p10\p10033552\s57007678\12803364-8c1ea784-c90034d7-7fb9433e-410d0f1d.dcm,negative,not_mentioned,not_mentioned,negative,not_mentioned
10035631,54278093,train,C:\Users\Zila\Downloads\BN5212\MIMIC-CXR\p10\p10\p10035631\s54278093\5289286b-f35e9847-42128310-27e9a9b5-7d5471e2.dcm,negative,not_mentioned,not_mentioned,negative,not_mentioned
10035631,51304196,train,C:\Users\Zila\Downloads\BN5212\MIMIC-CXR\p10\p10\p10035631\s51304196\94900eb9-0f1e9e84-46c5d3ec-a5b746f2-9f965dc7.dcm,negative,not_mentioned,not_mentioned,negative,not_mentioned
10035631,50257519,train,C:\Users\Zila\Downloads\BN5212\MIMIC-CXR\p10\p10\p10035631\s50257519\83e709de-af336ac1-733541cd-f8167437-bfdcb77f.dcm,not_mentioned,not_mentioned,not_mentioned,uncertain,not_mentioned
10035631,58924047,train,C:\Users\Zila\Downloads\BN5212\MIMIC-CXR\p10\p10\p10035631\s58924047\8d61a174-62562fab-9a2de045-7c75349c-c63e1966.dcm,negative,not_mentioned,negative,positive,negative
10035631,52445335,train,C:\Users\Zila\Downloads\BN5212\MIMIC-CXR\p10\p10\p10035631\s52445335\a3d51313-94f59901-48f95ebe-3e1223de-60acff8b.dcm,negative,not_mentioned,not_mentioned,not_mentioned,not_mentioned
10035631,58755270,train,C:\Users\Zila\Downloads\BN5212\MIMIC-CXR\p10\p10\p10035631\s58755270\bc6d5208-5564f3f4-5f511706-ae5ffc3a-29470f66.dcm,not_mentioned,not_mentioned,not_mentioned,not_mentioned,not_mentioned
10035631,50214252,train,C:\Users\Zila\Downloads\BN5212\MIMIC-CXR\p10\p10\p10035631\s50214252\9d60dffc-f13ede2b-c5d87d49-fef90f52-b9f2f656.dcm,not_mentioned,not_mentioned,not_mentioned,not_mentioned,not_mentioned
10035631,57929979,train,C:\Users\Zila\Downloads\BN5212\MIMIC-CXR\p10\p10\p10035631\s57929979\292935dd-c510033a-e1cdbf6b-4c0f3c7e-39b98d68.dcm,negative,not_mentioned,not_mentioned,not_mentioned,not_mentioned
10035631,50955670,train,C:\Users\Zila\Downloads\BN5212\MIMIC-CXR\p10\p10\p10035631\s50955670\9d97fe0e-ba93b5c9-77d3812a-4fbd7383-b2e8f832.dcm,negative,not_mentioned,not_mentioned,positive,not_mentioned
10035780,52502485,test,C:\Users\Zila\Downloads\BN5212\MIMIC-CXR\p10\p10\p10035780\s52502485\5b434f5b-7a561c59-c4869996-f2707d0f-2eff09f6.dcm,not_mentioned,not_mentioned,not_mentioned,negative,not_mentioned
10035780,55343330,test,C:\Users\Zila\Downloads\BN5212\MIMIC-CXR\p10\p10\p10035780\s55343330\efe8834c-2f3e9afb-011c86bc-4506aff3-204a3256.dcm,negative,not_mentioned,not_mentioned,negative,not_mentioned
10035780,59076224,test,C:\Users\Zila\Downloads\BN5212\MIMIC-CXR\p10\p10\p10035780\s59076224\81601813-88063656-fdacf6b6-2f97c7dd-ace5238e.dcm,negative,not_mentioned,not_mentioned,negative,not_mentioned
10035780,53120593,test,C:\Users\Zila\Downloads\BN5212\MIMIC-CXR\p10\p10\p10035780\s53120593\1ca83fb4-cebdf1c6-0ebd8f9d-7cb0ff82-09395c91.dcm,negative,not_mentioned,not_mentioned,not_mentioned,not_mentioned
10035780,53087369,test,C:\Users\Zila\Downloads\BN5212\MIMIC-CXR\p10\p10\p10035780\s53087369\b872a0c8-1a7c1ded-43ff067d-47d52e47-3fa5e874.dcm,negative,not_mentioned,not_mentioned,not_mentioned,not_mentioned
10036086,58578322,train,C:\Users\Zila\Downloads\BN5212\MIMIC-CXR\p10\p10\p10036086\s58578322\1253955b-71b1f11c-6d0edf69-802cc172-d192b354.dcm,not_mentioned,positive,negative,negative,negative
10036086,57254866,train,C:\Users\Zila\Downloads\BN5212\MIMIC-CXR\p10\p10\p10036086\s57254866\31b30fb0-4745842e-eb2107b6-90d13d23-e0bd7987.dcm,negative,not_mentioned,negative,not_mentioned,negative
10037020,58400371,train,C:\Users\Zila\Downloads\BN5212\MIMIC-CXR\p10\p10\p10037020\s58400371\76289ac1-3ef7c087-3e77810d-63462e2c-20c0364c.dcm,negative,not_mentioned,not_mentioned,not_mentioned,not_mentioned
10037020,56501836,train,C:\Users\Zila\Downloads\BN5212\MIMIC-CXR\p10\p10\p10037020\s56501836\6c9574ee-734cce93-bf4bc501-05bd3733-6894b7e6.dcm,not_mentioned,not_mentioned,not_mentioned,not_mentioned,not_mentioned
10037020,56218658,train,C:\Users\Zila\Downloads\BN5212\MIMIC-CXR\p10\p10\p10037020\s56218658\e69de729-4cd533ef-52d70903-57a89217-cc1e104e.dcm,not_mentioned,not_mentioned,not_mentioned,not_mentioned,not_mentioned
10037432,52374866,train,C:\Users\Zila\Downloads\BN5212\MIMIC-CXR\p10\p10\p10037432\s52374866\a45aec12-a0d0096b-5fdfe4b7-87a12483-2f9e8fee.dcm,negative,not_mentioned,not_mentioned,not_mentioned,not_mentioned
10037432,53928123,train,C:\Users\Zila\Downloads\BN5212\MIMIC-CXR\p10\p10\p10037432\s53928123\11f9e619-8a0675e0-8a2a823d-7ba5f253-3d567ef5.dcm,not_mentioned,not_mentioned,not_mentioned,not_mentioned,not_mentioned
10037602,56937008,train,C:\Users\Zila\Downloads\BN5212\MIMIC-CXR\p10\p10\p10037602\s56937008\1a1932a9-6d40a33f-f52e88ba-b2c05012-155785dd.dcm,not_mentioned,not_mentioned,negative,uncertain,negative
10037602,54515885,train,C:\Users\Zila\Downloads\BN5212\MIMIC-CXR\p10\p10\p10037602\s54515885\329c508e-b034ab4f-45a0c9fb-42bcf63d-4e1224aa.dcm,not_mentioned,not_mentioned,not_mentioned,uncertain,not_mentioned
10037928,50750148,train,C:\Users\Zila\Downloads\BN5212\MIMIC-CXR\p10\p10\p10037928\s50750148\b297c03b-0a6cbb53-33fdfb0c-34331e0a-7fd7d480.dcm,negative,not_mentioned,not_mentioned,not_mentioned,not_mentioned
10037928,58807737,train,C:\Users\Zila\Downloads\BN5212\MIMIC-CXR\p10\p10\p10037928\s58807737\78038d1c-ddb8533f-e19874db-99b3ac21-71baa801.dcm,negative,not_mentioned,not_mentioned,not_mentioned,not_mentioned
10037928,58272405,train,C:\Users\Zila\Downloads\BN5212\MIMIC-CXR\p10\p10\p10037928\s58272405\3e75af8a-e02e4ebd-6a2ecfcd-d1dd8d8a-26e9c852.dcm,negative,not_mentioned,not_mentioned,not_mentioned,not_mentioned
10037928,57804560,train,C:\Users\Zila\Downloads\BN5212\MIMIC-CXR\p10\p10\p10037928\s57804560\d4d10173-443776f7-f46d31e3-4f800d05-f2ed603f.dcm,not_mentioned,not_mentioned,not_mentioned,not_mentioned,not_mentioned
10037928,50317115,train,C:\Users\Zila\Downloads\BN5212\MIMIC-CXR\p10\p10\p10037928\s50317115\fe91cbf1-a036dcc2-9bf6436d-7472516c-423674fb.dcm,not_mentioned,not_mentioned,not_mentioned,not_mentioned,not_mentioned
10037928,56264697,train,C:\Users\Zila\Downloads\BN5212\MIMIC-CXR\p10\p10\p10037928\s56264697\28159eb6-5f26797d-44a4e3a5-c476f2c1-32f78713.dcm,not_mentioned,not_mentioned,negative,negative,negative
10037928,57611600,train,C:\Users\Zila\Downloads\BN5212\MIMIC-CXR\p10\p10\p10037928\s57611600\3220bb24-5201a59d-9a5ecc6f-9e0a4418-e7f18695.dcm,negative,not_mentioned,not_mentioned,not_mentioned,not_mentioned
10037928,56942662,train,C:\Users\Zila\Downloads\BN5212\MIMIC-CXR\p10\p10\p10037928\s56942662\492cb490-1d9d7f20-ce365d5f-1b6b58dc-cbcccd6f.dcm,not_mentioned,not_mentioned,negative,not_mentioned,negative
10037928,50369509,train,C:\Users\Zila\Downloads\BN5212\MIMIC-CXR\p10\p10\p10037928\s50369509\7fb7f551-f194f40f-5f0dc014-cfe132c5-0f5f3da1.dcm,not_mentioned,not_mentioned,negative,negative,negative
10037928,57629828,train,C:\Users\Zila\Downloads\BN5212\MIMIC-CXR\p10\p10\p10037928\s57629828\4b4019cc-d36843ac-999c4fd1-3a7d938b-7fdc5918.dcm,not_mentioned,not_mentioned,not_mentioned,not_mentioned,not_mentioned
10037928,55225655,train,C:\Users\Zila\Downloads\BN5212\MIMIC-CXR\p10\p10\p10037928\s55225655\bbb3c07c-98a471fe-972bf087-b604cfe6-be4ed6dc.dcm,negative,not_mentioned,not_mentioned,not_mentioned,not_mentioned
10037967,58780598,test,C:\Users\Zila\Downloads\BN5212\MIMIC-CXR\p10\p10\p10037967\s58780598\3204c927-40be430f-4d925205-fc4ad588-31a96f73.dcm,not_mentioned,not_mentioned,not_mentioned,not_mentioned,not_mentioned
10037967,55073504,test,C:\Users\Zila\Downloads\BN5212\MIMIC-CXR\p10\p10\p10037967\s55073504\832c329a-33422f13-ef853e5d-24134e92-2e18ce2e.dcm,negative,not_mentioned,not_mentioned,not_mentioned,not_mentioned
10037967,53059965,test,C:\Users\Zila\Downloads\BN5212\MIMIC-CXR\p10\p10\p10037967\s53059965\cce6e765-107b5484-f976ca8a-3be0448b-50c51c1d.dcm,negative,not_mentioned,not_mentioned,not_mentioned,not_mentioned
10037967,56403664,test,C:\Users\Zila\Downloads\BN5212\MIMIC-CXR\p10\p10\p10037967\s56403664\aafbc500-f6ae50ba-5368f708-eb9edd9a-787f87f2.dcm,negative,not_mentioned,not_mentioned,not_mentioned,not_mentioned
10038332,52128719,val,C:\Users\Zila\Downloads\BN5212\MIMIC-CXR\p10\p10\p10038332\s52128719\d57e60e3-18a865e4-ce214f0e-09242b63-c200b686.dcm,not_mentioned,not_mentioned,not_mentioned,not_mentioned,not_mentioned
10038332,51895880,val,C:\Users\Zila\Downloads\BN5212\MIMIC-CXR\p10\p10\p10038332\s51895880\544f24a2-50daa522-4728a5b8-586a6aad-87bc1e19.dcm,not_mentioned,not_mentioned,not_mentioned,uncertain,not_mentioned
10038999,50971552,train,C:\Users\Zila\Downloads\BN5212\MIMIC-CXR\p10\p10\p10038999\s50971552\1fa9e818-e87b1da0-a236c55f-2b940f25-eb8769bd.dcm,not_mentioned,not_mentioned,not_mentioned,not_mentioned,not_mentioned
10038999,55930674,train,C:\Users\Zila\Downloads\BN5212\MIMIC-CXR\p10\p10\p10038999\s55930674\b8297b99-ffbab5c6-8e7986d0-deb87842-5d218871.dcm,positive,not_mentioned,not_mentioned,not_mentioned,not_mentioned
10038999,53658987,train,C:\Users\Zila\Downloads\BN5212\MIMIC-CXR\p10\p10\p10038999\s53658987\8dca6dcd-62e2e546-91d295ce-a945348e-2f58eb48.dcm,not_mentioned,not_mentioned,negative,not_mentioned,negative
10038999,51204730,train,C:\Users\Zila\Downloads\BN5212\MIMIC-CXR\p10\p10\p10038999\s51204730\dc6ee6ac-d51b26ff-02767917-818b561c-46158800.dcm,not_mentioned,not_mentioned,not_mentioned,not_mentioned,not_mentioned
10038999,51760120,train,C:\Users\Zila\Downloads\BN5212\MIMIC-CXR\p10\p10\p10038999\s51760120\d2f96e60-1e980173-cc6267fc-9a5ff2f3-a72e002d.dcm,not_mentioned,not_mentioned,positive,not_mentioned,not_mentioned
10038999,59572507,train,C:\Users\Zila\Downloads\BN5212\MIMIC-CXR\p10\p10\p10038999\s59572507\61e9d36b-17f030d5-30f39eeb-bcd92d1f-975acc6b.dcm,not_mentioned,not_mentioned,not_mentioned,not_mentioned,not_mentioned
10038999,54562872,train,C:\Users\Zila\Downloads\BN5212\MIMIC-CXR\p10\p10\p10038999\s54562872\b731eac3-7eb0b300-94dd4628-a56a3840-e6719380.dcm,positive,positive,not_mentioned,not_mentioned,not_mentioned
10038999,53087507,train,C:\Users\Zila\Downloads\BN5212\MIMIC-CXR\p10\p10\p10038999\s53087507\c9d8db39-ef7af737-2ff25c9e-ab9336ba-8f99022a.dcm,not_mentioned,not_mentioned,not_mentioned,not_mentioned,not_mentioned
10038999,51437212,train,C:\Users\Zila\Downloads\BN5212\MIMIC-CXR\p10\p10\p10038999\s51437212\32217915-68108f72-7077fb96-014d57f2-94e9b79d.dcm,not_mentioned,not_mentioned,not_mentioned,not_mentioned,not_mentioned
10038999,57007792,train,C:\Users\Zila\Downloads\BN5212\MIMIC-CXR\p10\p10\p10038999\s57007792\28f7fd6e-a7dfa8c7-dbabc682-f34fa968-bb51143e.dcm,not_mentioned,not_mentioned,not_mentioned,not_mentioned,not_mentioned
10039272,59975213,train,C:\Users\Zila\Downloads\BN5212\MIMIC-CXR\p10\p10\p10039272\s59975213\783d435f-76b7792a-676c2685-d33e2ca5-eed1f920.dcm,negative,positive,not_mentioned,positive,not_mentioned
10039272,52657157,train,C:\Users\Zila\Downloads\BN5212\MIMIC-CXR\p10\p10\p10039272\s52657157\1abf7ffd-1a6c7543-28593384-317e5976-7a683493.dcm,not_mentioned,not_mentioned,not_mentioned,not_mentioned,not_mentioned
10039272,55594119,train,C:\Users\Zila\Downloads\BN5212\MIMIC-CXR\p10\p10\p10039272\s55594119\1bf3b244-91e5b598-6e61d8b1-449caa08-21fef193.dcm,conflicting,not_mentioned,not_mentioned,positive,not_mentioned
10039272,58098083,train,C:\Users\Zila\Downloads\BN5212\MIMIC-CXR\p10\p10\p10039272\s58098083\b67e0c2b-a0e1893a-0069eb1e-9a4d8ad5-a4ac47ff.dcm,not_mentioned,positive,not_mentioned,positive,not_mentioned
10039272,57688550,train,C:\Users\Zila\Downloads\BN5212\MIMIC-CXR\p10\p10\p10039272\s57688550\65b4993d-a23d843d-826ff365-47f1d0f9-88857c46.dcm,not_mentioned,not_mentioned,not_mentioned,positive,not_mentioned
10039272,56135137,train,C:\Users\Zila\Downloads\BN5212\MIMIC-CXR\p10\p10\p10039272\s56135137\fa242e63-ba33bdf4-cde370e3-a8a33e8f-c0ff595d.dcm,positive,not_mentioned,not_mentioned,not_mentioned,not_mentioned
10039272,54437576,train,C:\Users\Zila\Downloads\BN5212\MIMIC-CXR\p10\p10\p10039272\s54437576\d77b16d3-8ca871fa-f0dfe325-0f78360d-efe3c971.dcm,positive,not_mentioned,not_mentioned,not_mentioned,not_mentioned
10039272,50177761,train,C:\Users\Zila\Downloads\BN5212\MIMIC-CXR\p10\p10\p10039272\s50177761\e6b3a002-6c8da3f6-8078181b-6a05f10d-73336993.dcm,positive,not_mentioned,not_mentioned,negative,not_mentioned
10039272,56823182,train,C:\Users\Zila\Downloads\BN5212\MIMIC-CXR\p10\p10\p10039272\s56823182\284eedfa-094242da-bf433cc8-7876765a-f05a0b30.dcm,positive,not_mentioned,not_mentioned,not_mentioned,not_mentioned
10039272,53049255,train,C:\Users\Zila\Downloads\BN5212\MIMIC-CXR\p10\p10\p10039272\s53049255\997d0a95-6d199448-85ddea32-b67ce20f-55800fb9.dcm,positive,not_mentioned,not_mentioned,not_mentioned,not_mentioned
10039272,50821222,train,C:\Users\Zila\Downloads\BN5212\MIMIC-CXR\p10\p10\p10039272\s50821222\b8796631-1461c99e-4dedd1e4-0379a188-a0c61d7e.dcm,positive,not_mentioned,not_mentioned,not_mentioned,not_mentioned
10039272,53612745,train,C:\Users\Zila\Downloads\BN5212\MIMIC-CXR\p10\p10\p10039272\s53612745\5e05de90-541dada1-e46f4f37-78c65bb1-5e600eeb.dcm,positive,positive,not_mentioned,not_mentioned,not_mentioned
10039272,51168084,train,C:\Users\Zila\Downloads\BN5212\MIMIC-CXR\p10\p10\p10039272\s51168084\14c9363b-dfc32c66-e7ffef2c-6ba172be-0e04a2bc.dcm,positive,not_mentioned,not_mentioned,not_mentioned,not_mentioned
10039272,56948355,train,C:\Users\Zila\Downloads\BN5212\MIMIC-CXR\p10\p10\p10039272\s56948355\138f8635-f0427bf9-8fd0a81f-7004c876-f913b5fe.dcm,not_mentioned,not_mentioned,not_mentioned,not_mentioned,not_mentioned
10039272,50589184,train,C:\Users\Zila\Downloads\BN5212\MIMIC-CXR\p10\p10\p10039272\s50589184\3daa2f39-89cf3e9d-6be38a60-2cd19002-964fed61.dcm,positive,not_mentioned,not_mentioned,not_mentioned,not_mentioned
10039272,50384423,train,C:\Users\Zila\Downloads\BN5212\MIMIC-CXR\p10\p10\p10039272\s50384423\02c7a055-3d83ba05-2627244b-0adc55eb-e07754cd.dcm,not_mentioned,not_mentioned,not_mentioned,not_mentioned,not_mentioned
10039272,56509573,train,C:\Users\Zila\Downloads\BN5212\MIMIC-CXR\p10\p10\p10039272\s56509573\3617190d-da6bf61e-6f455a40-8b24be37-68a5cd08.dcm,not_mentioned,not_mentioned,not_mentioned,not_mentioned,not_mentioned
10039272,55751631,train,C:\Users\Zila\Downloads\BN5212\MIMIC-CXR\p10\p10\p10039272\s55751631\20ec6e8c-be58004d-d686a2c6-5ee52b4f-a81668cc.dcm,positive,not_mentioned,not_mentioned,not_mentioned,not_mentioned
10039302,56223619,train,C:\Users\Zila\Downloads\BN5212\MIMIC-CXR\p10\p10\p10039302\s56223619\ff71fb43-34d44599-af454249-4afd30d5-1a539d03.dcm,not_mentioned,not_mentioned,not_mentioned,not_mentioned,not_mentioned
10039302,51998680,train,C:\Users\Zila\Downloads\BN5212\MIMIC-CXR\p10\p10\p10039302\s51998680\d6ec57fb-6a2b808e-610a97c3-1c794e2e-b72251ea.dcm,negative,not_mentioned,not_mentioned,not_mentioned,not_mentioned
10039302,52548274,train,C:\Users\Zila\Downloads\BN5212\MIMIC-CXR\p10\p10\p10039302\s52548274\f2b6294a-507a0b02-bae14220-fbac206f-d0317b82.dcm,not_mentioned,positive,negative,negative,negative
10039302,51396442,train,C:\Users\Zila\Downloads\BN5212\MIMIC-CXR\p10\p10\p10039302\s51396442\84591322-b8bed2e7-47846f6c-04c54fd2-b14207ba.dcm,negative,not_mentioned,not_mentioned,not_mentioned,not_mentioned
10039302,52140570,train,C:\Users\Zila\Downloads\BN5212\MIMIC-CXR\p10\p10\p10039302\s52140570\fb3f3224-79f4233a-c5276fa2-c300c1f6-cd59ea67.dcm,not_mentioned,positive,positive,positive,positive
10039708,52212139,train,C:\Users\Zila\Downloads\BN5212\MIMIC-CXR\p10\p10\p10039708\s52212139\d25a5ac4-67bc3196-77245349-6d72eb73-93ad3ca3.dcm,not_mentioned,not_mentioned,not_mentioned,not_mentioned,not_mentioned
10039708,50938342,train,C:\Users\Zila\Downloads\BN5212\MIMIC-CXR\p10\p10\p10039708\s50938342\14c03708-7ffde649-23a6f75c-4bdefe71-4a965c6d.dcm,negative,not_mentioned,not_mentioned,not_mentioned,not_mentioned
10039708,57243660,train,C:\Users\Zila\Downloads\BN5212\MIMIC-CXR\p10\p10\p10039708\s57243660\d4a814ef-2902925c-1e66d6c4-2e737317-17025bc0.dcm,not_mentioned,not_mentioned,positive,not_mentioned,positive
10039708,54897888,train,C:\Users\Zila\Downloads\BN5212\MIMIC-CXR\p10\p10\p10039708\s54897888\fa908c33-40f01f51-eb87fb8f-e99b9b30-1c923851.dcm,not_mentioned,not_mentioned,positive,not_mentioned,positive
10039708,50766016,train,C:\Users\Zila\Downloads\BN5212\MIMIC-CXR\p10\p10\p10039708\s50766016\42f37c8f-de890e2e-d76b4ad4-f407f600-6dac7f9b.dcm,positive,not_mentioned,positive,not_mentioned,positive
10039708,53675063,train,C:\Users\Zila\Downloads\BN5212\MIMIC-CXR\p10\p10\p10039708\s53675063\63d0da54-708d0a5a-57e2a172-d88d1184-55f7ee6c.dcm,not_mentioned,not_mentioned,positive,positive,uncertain
10039708,51842243,train,C:\Users\Zila\Downloads\BN5212\MIMIC-CXR\p10\p10\p10039708\s51842243\6a0ea45b-69f5189b-71c6a8d2-7cbf39ee-5c6cb04b.dcm,not_mentioned,not_mentioned,positive,not_mentioned,positive
10039708,57591044,train,C:\Users\Zila\Downloads\BN5212\MIMIC-CXR\p10\p10\p10039708\s57591044\6cad70f8-df5a4000-e4622081-1fb2c289-aa78b832.dcm,not_mentioned,not_mentioned,positive,not_mentioned,positive
10039708,57407980,train,C:\Users\Zila\Downloads\BN5212\MIMIC-CXR\p10\p10\p10039708\s57407980\ecb2fafe-f38120ae-07beb52e-e4538b64-3d8a6bac.dcm,not_mentioned,not_mentioned,positive,not_mentioned,positive
10039708,58565615,train,C:\Users\Zila\Downloads\BN5212\MIMIC-CXR\p10\p10\p10039708\s58565615\82097a0a-9fcc5d4c-f8120492-7d586391-436af709.dcm,not_mentioned,not_mentioned,not_mentioned,not_mentioned,not_mentioned
10039708,52039221,train,C:\Users\Zila\Downloads\BN5212\MIMIC-CXR\p10\p10\p10039708\s52039221\3174f655-02d21a5f-eab3c747-5b7f1eb6-e4b81cec.dcm,not_mentioned,not_mentioned,positive,positive,positive
10039708,53731428,train,C:\Users\Zila\Downloads\BN5212\MIMIC-CXR\p10\p10\p10039708\s53731428\defe7eb7-9fd70625-2c93e0be-2977359c-708a7d78.dcm,not_mentioned,not_mentioned,positive,uncertain,positive
10039708,52420354,train,C:\Users\Zila\Downloads\BN5212\MIMIC-CXR\p10\p10\p10039708\s52420354\afa282e7-1135c427-5a41b33c-46605619-bc3827a2.dcm,not_mentioned,not_mentioned,not_mentioned,not_mentioned,not_mentioned
10039708,54676653,train,C:\Users\Zila\Downloads\BN5212\MIMIC-CXR\p10\p10\p10039708\s54676653\03bb2944-c76a3e4c-a0d4eef4-3dee5297-9fbd6310.dcm,not_mentioned,not_mentioned,negative,not_mentioned,not_mentioned
10039708,51380099,train,C:\Users\Zila\Downloads\BN5212\MIMIC-CXR\p10\p10\p10039708\s51380099\263557e4-10587ba8-6fb02216-5fe0f0e7-d8c9da62.dcm,not_mentioned,not_mentioned,not_mentioned,not_mentioned,not_mentioned
10039708,58376483,train,C:\Users\Zila\Downloads\BN5212\MIMIC-CXR\p10\p10\p10039708\s58376483\974e08b3-7246b420-29ef8a90-b2118f71-042178c5.dcm,negative,not_mentioned,not_mentioned,not_mentioned,not_mentioned
10039708,53721111,train,C:\Users\Zila\Downloads\BN5212\MIMIC-CXR\p10\p10\p10039708\s53721111\517d72ab-6db16037-06b07135-393b9f9d-4953bed4.dcm,positive,not_mentioned,not_mentioned,not_mentioned,not_mentioned
10039708,53594394,train,C:\Users\Zila\Downloads\BN5212\MIMIC-CXR\p10\p10\p10039708\s53594394\26259332-e2701d23-8cec9f7c-ad0e8ab6-aab1a8bf.dcm,not_mentioned,not_mentioned,not_mentioned,not_mentioned,not_mentioned
10039708,59291493,train,C:\Users\Zila\Downloads\BN5212\MIMIC-CXR\p10\p10\p10039708\s59291493\3c40879e-d62b47b6-d6432c1c-8881f66a-ee4d291b.dcm,not_mentioned,not_mentioned,not_mentioned,not_mentioned,not_mentioned
10039708,53699596,train,C:\Users\Zila\Downloads\BN5212\MIMIC-CXR\p10\p10\p10039708\s53699596\ed81e792-169d6eb8-0395c50e-8a972ee0-37728754.dcm,not_mentioned,not_mentioned,not_mentioned,not_mentioned,not_mentioned
10039708,52492334,train,C:\Users\Zila\Downloads\BN5212\MIMIC-CXR\p10\p10\p10039708\s52492334\56b4e225-4dfb070d-783280b4-da33f762-168aa398.dcm,not_mentioned,not_mentioned,not_mentioned,not_mentioned,not_mentioned
10039708,51907574,train,C:\Users\Zila\Downloads\BN5212\MIMIC-CXR\p10\p10\p10039708\s51907574\7706c9a2-3ed1835e-8c795f8c-fd0de9b9-558c57bf.dcm,not_mentioned,not_mentioned,negative,not_mentioned,negative
10039708,53671981,train,C:\Users\Zila\Downloads\BN5212\MIMIC-CXR\p10\p10\p10039708\s53671981\c3e96ef6-3be43b56-9ba7642d-5782cc99-c297900e.dcm,not_mentioned,not_mentioned,not_mentioned,not_mentioned,not_mentioned
10039708,58947467,train,C:\Users\Zila\Downloads\BN5212\MIMIC-CXR\p10\p10\p10039708\s58947467\f1aea92c-9415fa67-18843133-6793db2a-92a1c4ea.dcm,not_mentioned,not_mentioned,not_mentioned,not_mentioned,not_mentioned
10040025,56461316,train,C:\Users\Zila\Downloads\BN5212\MIMIC-CXR\p10\p10\p10040025\s56461316\3a21d420-a1912375-df229100-eee902c4-288bcf29.dcm,not_mentioned,not_mentioned,not_mentioned,not_mentioned,not_mentioned
10040025,58793821,train,C:\Users\Zila\Downloads\BN5212\MIMIC-CXR\p10\p10\p10040025\s58793821\7d4a98c9-f3a75220-8a1e8f3d-e186582d-37d96bb5.dcm,not_mentioned,not_mentioned,not_mentioned,not_mentioned,not_mentioned
10040025,57798724,train,C:\Users\Zila\Downloads\BN5212\MIMIC-CXR\p10\p10\p10040025\s57798724\9e6ad1d5-4c6d1ecd-a6e6c907-04e2f51f-5016d373.dcm,negative,not_mentioned,not_mentioned,not_mentioned,not_mentioned
10040025,56874940,train,C:\Users\Zila\Downloads\BN5212\MIMIC-CXR\p10\p10\p10040025\s56874940\e82ef60c-a1777444-e0cec4c7-e6cbd366-e838760c.dcm,negative,not_mentioned,positive,not_mentioned,not_mentioned
10040631,53480981,train,C:\Users\Zila\Downloads\BN5212\MIMIC-CXR\p10\p10\p10040631\s53480981\374133fe-8f78151d-06ba7570-2bf89853-916b1056.dcm,negative,not_mentioned,not_mentioned,negative,not_mentioned
10040631,51708526,train,C:\Users\Zila\Downloads\BN5212\MIMIC-CXR\p10\p10\p10040631\s51708526\ff429dbd-73710d8d-cfd67bba-aee8c81a-72b3de16.dcm,negative,not_mentioned,negative,not_mentioned,negative
10040884,56265430,train,C:\Users\Zila\Downloads\BN5212\MIMIC-CXR\p10\p10\p10040884\s56265430\1b95943d-a8fb333b-d959908e-ef02059c-b94e7549.dcm,negative,not_mentioned,not_mentioned,not_mentioned,not_mentioned
10040884,50940511,train,C:\Users\Zila\Downloads\BN5212\MIMIC-CXR\p10\p10\p10040884\s50940511\adba3190-e017ce08-ad98b186-10ef1f87-dcee88de.dcm,negative,not_mentioned,not_mentioned,not_mentioned,not_mentioned
10041408,58489475,val,C:\Users\Zila\Downloads\BN5212\MIMIC-CXR\p10\p10\p10041408\s58489475\594f43de-f4a838a7-bb1228c9-84e791b7-9bd751f6.dcm,positive,not_mentioned,not_mentioned,negative,not_mentioned
10041408,54849524,val,C:\Users\Zila\Downloads\BN5212\MIMIC-CXR\p10\p10\p10041408\s54849524\e57f6229-5940c409-841863b4-45240c0e-18414502.dcm,positive,not_mentioned,not_mentioned,not_mentioned,not_mentioned
10041918,54120088,test,C:\Users\Zila\Downloads\BN5212\MIMIC-CXR\p10\p10\p10041918\s54120088\f36e507f-0a10e554-8c97463d-4b341f06-f7a26c23.dcm,negative,not_mentioned,not_mentioned,not_mentioned,not_mentioned
10041918,50301247,test,C:\Users\Zila\Downloads\BN5212\MIMIC-CXR\p10\p10\p10041918\s50301247\292afb94-416281de-5766dcb9-2ce40088-9aac196a.dcm,not_mentioned,not_mentioned,not_mentioned,not_mentioned,not_mentioned
10042810,55039117,val,C:\Users\Zila\Downloads\BN5212\MIMIC-CXR\p10\p10\p10042810\s55039117\305ad2e2-c70444b5-0354bc29-953af0d7-b2f6608e.dcm,not_mentioned,positive,negative,not_mentioned,negative
10042810,52077136,val,C:\Users\Zila\Downloads\BN5212\MIMIC-CXR\p10\p10\p10042810\s52077136\9b64a29e-c589b09d-95ab9f38-1ac917a9-e6040126.dcm,negative,not_mentioned,negative,positive,negative
10042810,51978525,val,C:\Users\Zila\Downloads\BN5212\MIMIC-CXR\p10\p10\p10042810\s51978525\f13213a3-6d0e5d96-5febc087-14c1c2a5-dd931ce2.dcm,not_mentioned,not_mentioned,not_mentioned,negative,not_mentioned
10042810,58507360,val,C:\Users\Zila\Downloads\BN5212\MIMIC-CXR\p10\p10\p10042810\s58507360\ca6fd250-0b9aa83f-9fa95a5c-77cd92c1-db8e7c32.dcm,not_mentioned,not_mentioned,not_mentioned,not_mentioned,not_mentioned
10043115,58467930,val,C:\Users\Zila\Downloads\BN5212\MIMIC-CXR\p10\p10\p10043115\s58467930\38bd1f0f-0403059d-9728ff66-d24ae189-55cfd316.dcm,not_mentioned,not_mentioned,not_mentioned,not_mentioned,not_mentioned
10043115,58460599,val,C:\Users\Zila\Downloads\BN5212\MIMIC-CXR\p10\p10\p10043115\s58460599\d438cfb2-0452ddf2-ab123bc8-497dc79e-84c56d0e.dcm,negative,not_mentioned,negative,negative,negative
10043177,54036634,val,C:\Users\Zila\Downloads\BN5212\MIMIC-CXR\p10\p10\p10043177\s54036634\779df837-759bfd69-c81ea212-30ef2f5a-bdb434c9.dcm,not_mentioned,not_mentioned,not_mentioned,not_mentioned,not_mentioned
10043177,54813548,val,C:\Users\Zila\Downloads\BN5212\MIMIC-CXR\p10\p10\p10043177\s54813548\4484a8c9-37a1426e-e87ab1a5-a261423e-ab9b1619.dcm,negative,not_mentioned,negative,not_mentioned,negative
10043321,56415759,train,C:\Users\Zila\Downloads\BN5212\MIMIC-CXR\p10\p10\p10043321\s56415759\656fec15-3d665ecb-430c633f-f192f29d-481c6960.dcm,negative,not_mentioned,positive,not_mentioned,not_mentioned
10043321,57676358,train,C:\Users\Zila\Downloads\BN5212\MIMIC-CXR\p10\p10\p10043321\s57676358\88f13ab3-74abd94f-9f30ada1-4ff6bf03-28e6d6b3.dcm,not_mentioned,positive,not_mentioned,negative,not_mentioned
10043321,51406412,train,C:\Users\Zila\Downloads\BN5212\MIMIC-CXR\p10\p10\p10043321\s51406412\dc360c10-48d7fab0-868bdeca-e76c73e5-7225f43f.dcm,not_mentioned,positive,not_mentioned,not_mentioned,not_mentioned
10043321,59164130,train,C:\Users\Zila\Downloads\BN5212\MIMIC-CXR\p10\p10\p10043321\s59164130\24576d55-4cdc4874-729ddeaa-15966dc3-5ba0789b.dcm,positive,positive,positive,not_mentioned,positive
10043321,53579054,train,C:\Users\Zila\Downloads\BN5212\MIMIC-CXR\p10\p10\p10043321\s53579054\a643ff05-85d06e9c-bedac53e-01dca39f-55de26ca.dcm,not_mentioned,not_mentioned,not_mentioned,not_mentioned,not_mentioned
10043321,53004485,train,C:\Users\Zila\Downloads\BN5212\MIMIC-CXR\p10\p10\p10043321\s53004485\9b3eda68-b7b5d821-23ca72db-af374827-003b40e8.dcm,positive,positive,not_mentioned,not_mentioned,not_mentioned
10043423,50303127,test,C:\Users\Zila\Downloads\BN5212\MIMIC-CXR\p10\p10\p10043423\s50303127\48b52fd2-c1640b6e-a2ac1489-97d09f5f-aa67b19d.dcm,not_mentioned,not_mentioned,not_mentioned,not_mentioned,not_mentioned
10043423,57983886,test,C:\Users\Zila\Downloads\BN5212\MIMIC-CXR\p10\p10\p10043423\s57983886\1226e39b-34065f40-0b9e76ac-85816fb4-a5791194.dcm,negative,not_mentioned,negative,not_mentioned,negative
10043646,52835668,train,C:\Users\Zila\Downloads\BN5212\MIMIC-CXR\p10\p10\p10043646\s52835668\5f08d563-0e975146-f5e5af7d-3374ee64-b1150b32.dcm,negative,not_mentioned,not_mentioned,not_mentioned,not_mentioned
10043646,59435834,train,C:\Users\Zila\Downloads\BN5212\MIMIC-CXR\p10\p10\p10043646\s59435834\c0eb8f9c-b404b698-4b47abf9-cea216fd-27bea26f.dcm,not_mentioned,not_mentioned,not_mentioned,not_mentioned,not_mentioned
10044096,57282397,test,C:\Users\Zila\Downloads\BN5212\MIMIC-CXR\p10\p10\p10044096\s57282397\1947cbd1-1f0d81c1-fc274974-e10884b3-0a87b4c1.dcm,negative,not_mentioned,not_mentioned,not_mentioned,not_mentioned
10044096,57401874,test,C:\Users\Zila\Downloads\BN5212\MIMIC-CXR\p10\p10\p10044096\s57401874\4c495447-ae568522-bf690cf3-edb560e1-bf4cada6.dcm,negative,not_mentioned,not_mentioned,positive,not_mentioned
10044096,56859736,test,C:\Users\Zila\Downloads\BN5212\MIMIC-CXR\p10\p10\p10044096\s56859736\5284889c-58e61f8e-21c18eef-2710faf0-f40b5cdc.dcm,negative,not_mentioned,not_mentioned,conflicting,not_mentioned
10044096,56482600,test,C:\Users\Zila\Downloads\BN5212\MIMIC-CXR\p10\p10\p10044096\s56482600\9bacd893-d1dd23ef-c297a6f1-0188b42b-f2574eee.dcm,not_mentioned,not_mentioned,not_mentioned,positive,not_mentioned
10044096,58651937,test,C:\Users\Zila\Downloads\BN5212\MIMIC-CXR\p10\p10\p10044096\s58651937\40bd638f-9b1d7421-e9676ad8-4ae3bf22-7a999bf2.dcm,not_mentioned,not_mentioned,not_mentioned,negative,not_mentioned
10044096,52927278,test,C:\Users\Zila\Downloads\BN5212\MIMIC-CXR\p10\p10\p10044096\s52927278\63c984bd-72bc8397-9e098ccc-06d5a897-06b216e8.dcm,negative,not_mentioned,not_mentioned,not_mentioned,not_mentioned
10044189,56174180,train,C:\Users\Zila\Downloads\BN5212\MIMIC-CXR\p10\p10\p10044189\s56174180\0dde8483-1089d72c-53a3b810-2fb8aa09-5d1cd449.dcm,negative,not_mentioned,not_mentioned,not_mentioned,not_mentioned
10044189,53945669,train,C:\Users\Zila\Downloads\BN5212\MIMIC-CXR\p10\p10\p10044189\s53945669\26b72e36-1196e140-615b2701-d324548d-aaccc2fa.dcm,negative,not_mentioned,not_mentioned,not_mentioned,not_mentioned
10044189,56367844,train,C:\Users\Zila\Downloads\BN5212\MIMIC-CXR\p10\p10\p10044189\s56367844\1d557e74-811567ce-206de3b3-0567d783-2bfe923a.dcm,negative,not_mentioned,negative,not_mentioned,negative
10044189,53647608,train,C:\Users\Zila\Downloads\BN5212\MIMIC-CXR\p10\p10\p10044189\s53647608\1c2182ed-ca83ed53-f7ce0244-9bffb5e3-d431c131.dcm,positive,positive,not_mentioned,negative,not_mentioned
10044316,55641540,train,C:\Users\Zila\Downloads\BN5212\MIMIC-CXR\p10\p10\p10044316\s55641540\5c3b47e3-fcdeea74-9ef660af-863f2e9e-6ad40975.dcm,negative,not_mentioned,not_mentioned,uncertain,not_mentioned
10044316,50174192,train,C:\Users\Zila\Downloads\BN5212\MIMIC-CXR\p10\p10\p10044316\s50174192\36e234f6-30718196-e69d422b-848a673d-9d6ae0f1.dcm,negative,not_mentioned,not_mentioned,negative,not_mentioned
10045929,59881596,train,C:\Users\Zila\Downloads\BN5212\MIMIC-CXR\p10\p10\p10045929\s59881596\f6637810-3a013afb-e52a1820-9f460841-c1e1b265.dcm,not_mentioned,not_mentioned,not_mentioned,not_mentioned,not_mentioned
10045929,56134006,train,C:\Users\Zila\Downloads\BN5212\MIMIC-CXR\p10\p10\p10045929\s56134006\cfc7d41b-ac9b5104-902dcb5c-a5e60f49-e7588dbd.dcm,not_mentioned,not_mentioned,not_mentioned,not_mentioned,not_mentioned
10045929,58508761,train,C:\Users\Zila\Downloads\BN5212\MIMIC-CXR\p10\p10\p10045929\s58508761\bffe8c7c-dbf399b5-e1cb4302-aec57439-4e4073bd.dcm,positive,not_mentioned,not_mentioned,not_mentioned,not_mentioned
10045929,52686702,train,C:\Users\Zila\Downloads\BN5212\MIMIC-CXR\p10\p10\p10045929\s52686702\1960c49b-b1f7e842-13c75a39-27686a98-741528ff.dcm,not_mentioned,not_mentioned,negative,not_mentioned,negative
10045929,58067291,train,C:\Users\Zila\Downloads\BN5212\MIMIC-CXR\p10\p10\p10045929\s58067291\159c845f-1a6c33f4-ccaf0c51-eaf492a6-d43f603b.dcm,not_mentioned,not_mentioned,negative,not_mentioned,negative
10045929,58111227,train,C:\Users\Zila\Downloads\BN5212\MIMIC-CXR\p10\p10\p10045929\s58111227\21add86f-ee042303-f68ee62f-a655e5cc-4cad7524.dcm,positive,not_mentioned,not_mentioned,not_mentioned,not_mentioned
10045929,59828529,train,C:\Users\Zila\Downloads\BN5212\MIMIC-CXR\p10\p10\p10045929\s59828529\179be083-f2a68e52-e3880292-9233815b-9d68c738.dcm,not_mentioned,not_mentioned,not_mentioned,not_mentioned,not_mentioned
10045929,50857808,train,C:\Users\Zila\Downloads\BN5212\MIMIC-CXR\p10\p10\p10045929\s50857808\bc2c5f00-a2c9de21-bddd46c8-4ebd175a-ea76c1bb.dcm,not_mentioned,not_mentioned,not_mentioned,not_mentioned,not_mentioned
10045929,54575275,train,C:\Users\Zila\Downloads\BN5212\MIMIC-CXR\p10\p10\p10045929\s54575275\1f890421-32642e36-29feffc2-aaf443e0-39fae6f7.dcm,not_mentioned,not_mentioned,not_mentioned,not_mentioned,not_mentioned
10046166,57977208,train,C:\Users\Zila\Downloads\BN5212\MIMIC-CXR\p10\p10\p10046166\s57977208\e2856783-ffa5ec26-043b0303-21aeddc6-b11b2876.dcm,not_mentioned,not_mentioned,not_mentioned,not_mentioned,not_mentioned
10046166,53492798,train,C:\Users\Zila\Downloads\BN5212\MIMIC-CXR\p10\p10\p10046166\s53492798\18f0fd6d-f513afc9-e4aa8de2-bc5ac0d6-ea3daaff.dcm,negative,not_mentioned,not_mentioned,not_mentioned,not_mentioned
10046166,57379357,train,C:\Users\Zila\Downloads\BN5212\MIMIC-CXR\p10\p10\p10046166\s57379357\e5ba5704-ce2f09d3-e28fe2a2-8a9aca96-86f4966a.dcm,negative,not_mentioned,not_mentioned,negative,not_mentioned
10046166,51738740,train,C:\Users\Zila\Downloads\BN5212\MIMIC-CXR\p10\p10\p10046166\s51738740\3a8a17fc-3cd357d9-83466363-91dc5a06-a401e5ed.dcm,not_mentioned,not_mentioned,not_mentioned,not_mentioned,not_mentioned
10046166,50051329,train,C:\Users\Zila\Downloads\BN5212\MIMIC-CXR\p10\p10\p10046166\s50051329\abea5eb9-b7c32823-3a14c5ca-77868030-69c83139.dcm,not_mentioned,not_mentioned,negative,negative,negative
10046241,56200967,train,C:\Users\Zila\Downloads\BN5212\MIMIC-CXR\p10\p10\p10046241\s56200967\323dbad7-588ce8bf-927dab20-e6fa7e1f-a0d86757.dcm,not_mentioned,not_mentioned,not_mentioned,not_mentioned,not_mentioned
10046241,50471483,train,C:\Users\Zila\Downloads\BN5212\MIMIC-CXR\p10\p10\p10046241\s50471483\0260b896-517215b3-d4a10961-02fc1af9-4c2ecb8b.dcm,not_mentioned,not_mentioned,not_mentioned,not_mentioned,not_mentioned
10046592,55960637,val,C:\Users\Zila\Downloads\BN5212\MIMIC-CXR\p10\p10\p10046592\s55960637\e90b2664-43f7c018-55d826b5-adc899fe-e2b40047.dcm,negative,not_mentioned,negative,negative,negative
10046592,55152804,val,C:\Users\Zila\Downloads\BN5212\MIMIC-CXR\p10\p10\p10046592\s55152804\c1fcaa8f-c2e203ac-106d559e-16827dff-76380038.dcm,not_mentioned,not_mentioned,not_mentioned,negative,not_mentioned
10046592,54827752,val,C:\Users\Zila\Downloads\BN5212\MIMIC-CXR\p10\p10\p10046592\s54827752\21488317-de2e4c51-ede63c47-86eb0a1d-f9e3bee7.dcm,negative,not_mentioned,not_mentioned,not_mentioned,not_mentioned
10046679,54480315,train,C:\Users\Zila\Downloads\BN5212\MIMIC-CXR\p10\p10\p10046679\s54480315\fd980c9b-7545d931-d2494b8e-a3c255ac-93f94113.dcm,negative,not_mentioned,not_mentioned,negative,not_mentioned
10046679,58689398,train,C:\Users\Zila\Downloads\BN5212\MIMIC-CXR\p10\p10\p10046679\s58689398\7d1c5dbf-938f838c-49f57f7a-79870961-4a4685f3.dcm,not_mentioned,positive,not_mentioned,uncertain,not_mentioned
10046679,51410749,train,C:\Users\Zila\Downloads\BN5212\MIMIC-CXR\p10\p10\p10046679\s51410749\30a0b396-2b634a5c-279221a6-087bb6ba-bd9d39ed.dcm,positive,not_mentioned,negative,not_mentioned,negative
10046679,52056662,train,C:\Users\Zila\Downloads\BN5212\MIMIC-CXR\p10\p10\p10046679\s52056662\86e72e2a-75141de8-a0ee9423-c9177a9b-392bd582.dcm,positive,positive,negative,not_mentioned,negative
10046679,57782654,train,C:\Users\Zila\Downloads\BN5212\MIMIC-CXR\p10\p10\p10046679\s57782654\1b6354ef-49bf6da0-9f681397-5d1fa44e-b8b324be.dcm,not_mentioned,not_mentioned,not_mentioned,not_mentioned,not_mentioned
10046679,52299822,train,C:\Users\Zila\Downloads\BN5212\MIMIC-CXR\p10\p10\p10046679\s52299822\9f80be65-31b4e399-fdb05252-7b94cdac-d8967def.dcm,not_mentioned,not_mentioned,not_mentioned,not_mentioned,not_mentioned
10046679,53936527,train,C:\Users\Zila\Downloads\BN5212\MIMIC-CXR\p10\p10\p10046679\s53936527\1fa6b131-dfd7e239-3dcefa5a-5e272089-574fc894.dcm,not_mentioned,positive,negative,not_mentioned,not_mentioned
10046679,56489636,train,C:\Users\Zila\Downloads\BN5212\MIMIC-CXR\p10\p10\p10046679\s56489636\dac3de33-c79f1d2d-47bd1365-57f32d3b-a9baebd8.dcm,not_mentioned,not_mentioned,not_mentioned,not_mentioned,not_mentioned
10046679,52944223,train,C:\Users\Zila\Downloads\BN5212\MIMIC-CXR\p10\p10\p10046679\s52944223\561cafa2-47ebe703-ae83dfae-bcb299d6-58018e56.dcm,not_mentioned,positive,positive,not_mentioned,not_mentioned
10046679,50744827,train,C:\Users\Zila\Downloads\BN5212\MIMIC-CXR\p10\p10\p10046679\s50744827\3a455e8d-74c7dd80-3f90be28-31695e2f-2dcd11af.dcm,not_mentioned,not_mentioned,uncertain,not_mentioned,uncertain
10046679,58048905,train,C:\Users\Zila\Downloads\BN5212\MIMIC-CXR\p10\p10\p10046679\s58048905\3c0068db-ccfdb7f4-6b7a0169-74a9cb89-0cd62150.dcm,positive,positive,not_mentioned,not_mentioned,not_mentioned
10046679,57374230,train,C:\Users\Zila\Downloads\BN5212\MIMIC-CXR\p10\p10\p10046679\s57374230\916b71c5-ee108c9c-bf13dfb5-85b560ae-de0179b4.dcm,positive,not_mentioned,not_mentioned,positive,not_mentioned
10046679,52148996,train,C:\Users\Zila\Downloads\BN5212\MIMIC-CXR\p10\p10\p10046679\s52148996\8a6d1f5d-a892613a-e8d75e45-1168ae53-0c7ce7c9.dcm,not_mentioned,not_mentioned,not_mentioned,not_mentioned,not_mentioned
10047172,50770204,test,C:\Users\Zila\Downloads\BN5212\MIMIC-CXR\p10\p10\p10047172\s50770204\5d994d97-8186cece-ec978d46-8e1b4857-0237a865.dcm,negative,not_mentioned,not_mentioned,not_mentioned,not_mentioned
10047172,51949233,test,C:\Users\Zila\Downloads\BN5212\MIMIC-CXR\p10\p10\p10047172\s51949233\31d8404e-49f06862-fb032eaf-524660d2-5d9ed77c.dcm,not_mentioned,not_mentioned,not_mentioned,not_mentioned,not_mentioned
10047172,56746253,test,C:\Users\Zila\Downloads\BN5212\MIMIC-CXR\p10\p10\p10047172\s56746253\cbef7295-4aa11c76-7c155887-06d89e74-3f8acd9d.dcm,not_mentioned,not_mentioned,not_mentioned,not_mentioned,not_mentioned
10047172,54544556,test,C:\Users\Zila\Downloads\BN5212\MIMIC-CXR\p10\p10\p10047172\s54544556\4fa2887b-ab097893-53af87c6-17813e45-8ec65ac9.dcm,not_mentioned,not_mentioned,negative,negative,negative
10047172,51954960,test,C:\Users\Zila\Downloads\BN5212\MIMIC-CXR\p10\p10\p10047172\s51954960\8c1e9dbe-d9226ffc-664a4b1b-f977d9dd-28c2e221.dcm,not_mentioned,not_mentioned,not_mentioned,not_mentioned,not_mentioned
10047172,56356284,test,C:\Users\Zila\Downloads\BN5212\MIMIC-CXR\p10\p10\p10047172\s56356284\43d968ea-b9b838af-5e4a8bef-c5a4808b-04aa4e2c.dcm,not_mentioned,positive,negative,negative,negative
10047766,52278032,train,C:\Users\Zila\Downloads\BN5212\MIMIC-CXR\p10\p10\p10047766\s52278032\46f5b548-a0e3fe88-238be888-cb5fe14e-48fd5bd8.dcm,not_mentioned,positive,not_mentioned,not_mentioned,not_mentioned
10047766,54423775,train,C:\Users\Zila\Downloads\BN5212\MIMIC-CXR\p10\p10\p10047766\s54423775\c7b9df3c-ebccb5bf-563ca7f9-fe3b7e58-2998e7be.dcm,not_mentioned,positive,not_mentioned,not_mentioned,not_mentioned
10047766,55277368,train,C:\Users\Zila\Downloads\BN5212\MIMIC-CXR\p10\p10\p10047766\s55277368\835292d6-81c8046d-9a4de11c-62113dbc-9cc52b8c.dcm,positive,positive,not_mentioned,not_mentioned,not_mentioned
10047766,55339630,train,C:\Users\Zila\Downloads\BN5212\MIMIC-CXR\p10\p10\p10047766\s55339630\205507f8-6fa84ffb-f4a90abf-c173f638-d2b1a678.dcm,positive,positive,negative,not_mentioned,negative
10048001,55896992,train,C:\Users\Zila\Downloads\BN5212\MIMIC-CXR\p10\p10\p10048001\s55896992\a64733f4-d2e6535c-659b662c-cb9d8de1-dede6a9d.dcm,not_mentioned,not_mentioned,not_mentioned,negative,not_mentioned
10048001,53330064,train,C:\Users\Zila\Downloads\BN5212\MIMIC-CXR\p10\p10\p10048001\s53330064\da1b9d96-130a2493-5145f5a9-d755b77a-06472d4c.dcm,positive,not_mentioned,positive,not_mentioned,positive
10048001,58465122,train,C:\Users\Zila\Downloads\BN5212\MIMIC-CXR\p10\p10\p10048001\s58465122\49b5bd01-84172b2c-f1d6e2bf-c0a1811d-33a01e37.dcm,positive,not_mentioned,not_mentioned,negative,not_mentioned
10048001,59666772,train,C:\Users\Zila\Downloads\BN5212\MIMIC-CXR\p10\p10\p10048001\s59666772\5f278c3c-e8a299c9-3f964f3b-dc25654c-41b5b82e.dcm,not_mentioned,not_mentioned,not_mentioned,negative,not_mentioned
10048001,59223098,train,C:\Users\Zila\Downloads\BN5212\MIMIC-CXR\p10\p10\p10048001\s59223098\cbcefb08-47634eb2-a4300b85-f24331d2-f3004d41.dcm,negative,not_mentioned,not_mentioned,positive,not_mentioned
10048001,57376621,train,C:\Users\Zila\Downloads\BN5212\MIMIC-CXR\p10\p10\p10048001\s57376621\13d1ff62-d27d8665-29104ffb-30bef639-12e8e978.dcm,negative,not_mentioned,not_mentioned,uncertain,not_mentioned
10048001,58174077,train,C:\Users\Zila\Downloads\BN5212\MIMIC-CXR\p10\p10\p10048001\s58174077\60bba704-b1b93e96-f1c3affe-181f3fa9-284b5518.dcm,negative,not_mentioned,negative,not_mentioned,negative
10048001,56731990,train,C:\Users\Zila\Downloads\BN5212\MIMIC-CXR\p10\p10\p10048001\s56731990\b64848b5-27d90c3a-5ea7b9cf-2185bf98-59df3661.dcm,not_mentioned,positive,positive,not_mentioned,positive
10048001,52519083,train,C:\Users\Zila\Downloads\BN5212\MIMIC-CXR\p10\p10\p10048001\s52519083\52414378-f78c908d-22bc3fc6-a8582a68-41b0e7b4.dcm,not_mentioned,not_mentioned,positive,not_mentioned,positive
10048001,57185874,train,C:\Users\Zila\Downloads\BN5212\MIMIC-CXR\p10\p10\p10048001\s57185874\1aca4576-d368b056-1a4fb1d0-d1c622f4-fefd65f1.dcm,positive,not_mentioned,positive,not_mentioned,not_mentioned
10048244,57365558,train,C:\Users\Zila\Downloads\BN5212\MIMIC-CXR\p10\p10\p10048244\s57365558\a58985b9-355053fe-25532b2e-93cc79cc-84728213.dcm,positive,not_mentioned,not_mentioned,not_mentioned,not_mentioned
10048244,58471828,train,C:\Users\Zila\Downloads\BN5212\MIMIC-CXR\p10\p10\p10048244\s58471828\5bcb36a4-1a009846-9cdc4a19-a0c2a4cc-6504882a.dcm,positive,positive,not_mentioned,not_mentioned,not_mentioned
10048244,57971406,train,C:\Users\Zila\Downloads\BN5212\MIMIC-CXR\p10\p10\p10048244\s57971406\22dbae35-01c78256-403c1a96-c969dd43-13dbd273.dcm,positive,positive,not_mentioned,not_mentioned,not_mentioned
10048244,58554556,train,C:\Users\Zila\Downloads\BN5212\MIMIC-CXR\p10\p10\p10048244\s58554556\4142c276-d22de13d-7258dd42-386ca681-4a7832b9.dcm,not_mentioned,not_mentioned,not_mentioned,not_mentioned,not_mentioned
10048244,59453425,train,C:\Users\Zila\Downloads\BN5212\MIMIC-CXR\p10\p10\p10048244\s59453425\18b7df0e-8c3316c5-ce4d1b31-439fd164-b56be70e.dcm,negative,not_mentioned,not_mentioned,not_mentioned,not_mentioned
10048244,54350402,train,C:\Users\Zila\Downloads\BN5212\MIMIC-CXR\p10\p10\p10048244\s54350402\8b4f8a83-f63c34cd-7f0bec90-532ea99b-52fc6c92.dcm,not_mentioned,not_mentioned,not_mentioned,not_mentioned,not_mentioned
10048244,52960881,train,C:\Users\Zila\Downloads\BN5212\MIMIC-CXR\p10\p10\p10048244\s52960881\5a16cfd6-b0ba3477-7da63f39-e1ac75c4-1eb12537.dcm,negative,not_mentioned,not_mentioned,not_mentioned,not_mentioned
10048244,59192637,train,C:\Users\Zila\Downloads\BN5212\MIMIC-CXR\p10\p10\p10048244\s59192637\826c6d3d-2ddcead1-c6a827ba-88bfad26-0a6c16a8.dcm,not_mentioned,not_mentioned,not_mentioned,not_mentioned,not_mentioned
10048244,55126369,train,C:\Users\Zila\Downloads\BN5212\MIMIC-CXR\p10\p10\p10048244\s55126369\eb5a36c3-0e5abc41-e1acb579-54bb0e7d-97a9aba0.dcm,not_mentioned,not_mentioned,negative,negative,negative
10048244,58732361,train,C:\Users\Zila\Downloads\BN5212\MIMIC-CXR\p10\p10\p10048244\s58732361\ab92f4f9-f1029517-15cbcab5-3c560a0a-90a94ff0.dcm,conflicting,not_mentioned,not_mentioned,not_mentioned,not_mentioned
10048244,50891588,train,C:\Users\Zila\Downloads\BN5212\MIMIC-CXR\p10\p10\p10048244\s50891588\16dc888f-d7d65914-689c7a09-135f2d66-c23096bc.dcm,negative,not_mentioned,not_mentioned,not_mentioned,not_mentioned
10048244,58727358,train,C:\Users\Zila\Downloads\BN5212\MIMIC-CXR\p10\p10\p10048244\s58727358\ef4d5d28-abbeff4f-72212960-a87708f4-843fa17b.dcm,not_mentioned,not_mentioned,not_mentioned,not_mentioned,not_mentioned
10048244,59707821,train,C:\Users\Zila\Downloads\BN5212\MIMIC-CXR\p10\p10\p10048244\s59707821\8981c510-99868517-2a9605f3-9279200d-03f3f5e4.dcm,not_mentioned,not_mentioned,not_mentioned,negative,not_mentioned
10048451,51889569,train,C:\Users\Zila\Downloads\BN5212\MIMIC-CXR\p10\p10\p10048451\s51889569\bfbb016c-f0c51fa1-6d360c66-a70879d5-252223b7.dcm,not_mentioned,not_mentioned,not_mentioned,not_mentioned,not_mentioned
10048451,56379266,train,C:\Users\Zila\Downloads\BN5212\MIMIC-CXR\p10\p10\p10048451\s56379266\c19e62dd-ab9db800-85c9cb71-8fdc6e83-f1ec2eb9.dcm,negative,not_mentioned,negative,positive,negative
10048451,54883941,train,C:\Users\Zila\Downloads\BN5212\MIMIC-CXR\p10\p10\p10048451\s54883941\49daca78-2477bc3f-91c2d8b7-8031ef6c-94f9f979.dcm,positive,not_mentioned,not_mentioned,not_mentioned,not_mentioned
10048451,57319650,train,C:\Users\Zila\Downloads\BN5212\MIMIC-CXR\p10\p10\p10048451\s57319650\ee4c48f9-2d1cba32-a2b85313-9cbfc5e7-9b1c68e0.dcm,negative,not_mentioned,not_mentioned,not_mentioned,not_mentioned
10048451,53489305,train,C:\Users\Zila\Downloads\BN5212\MIMIC-CXR\p10\p10\p10048451\s53489305\4b7f7a4c-18c39245-53724c25-06878595-7e41bb94.dcm,negative,not_mentioned,not_mentioned,positive,not_mentioned
10048451,51673029,train,C:\Users\Zila\Downloads\BN5212\MIMIC-CXR\p10\p10\p10048451\s51673029\b6923765-cc5847d5-349fee8b-6df3eb96-2f023603.dcm,negative,not_mentioned,not_mentioned,negative,not_mentioned
10048522,52414596,train,C:\Users\Zila\Downloads\BN5212\MIMIC-CXR\p10\p10\p10048522\s52414596\360fd9ea-3c180c4b-cd3e3e69-ff47c2a9-d7e5611d.dcm,negative,not_mentioned,negative,negative,negative
10048522,58079528,train,C:\Users\Zila\Downloads\BN5212\MIMIC-CXR\p10\p10\p10048522\s58079528\03f2d00b-11236ee9-6604b7a9-04be47f0-29fc5da9.dcm,not_mentioned,not_mentioned,not_mentioned,not_mentioned,not_mentioned
10048710,52513745,train,C:\Users\Zila\Downloads\BN5212\MIMIC-CXR\p10\p10\p10048710\s52513745\81dee0a7-147eead5-dce4232e-d8ea62ff-567595b0.dcm,not_mentioned,not_mentioned,not_mentioned,not_mentioned,not_mentioned
10048710,53729967,train,C:\Users\Zila\Downloads\BN5212\MIMIC-CXR\p10\p10\p10048710\s53729967\46a55e14-9cb83164-30676af4-0870f20d-782c490e.dcm,negative,not_mentioned,not_mentioned,not_mentioned,not_mentioned
10048986,56135417,train,C:\Users\Zila\Downloads\BN5212\MIMIC-CXR\p10\p10\p10048986\s56135417\d2d10e97-d6288511-737006e2-30be794d-9196cba2.dcm,negative,not_mentioned,not_mentioned,negative,not_mentioned
10048986,54900831,train,C:\Users\Zila\Downloads\BN5212\MIMIC-CXR\p10\p10\p10048986\s54900831\2847e4e3-f0b8cfec-149580d7-5affa947-773b87d3.dcm,negative,not_mentioned,positive,not_mentioned,positive
10048986,56592156,train,C:\Users\Zila\Downloads\BN5212\MIMIC-CXR\p10\p10\p10048986\s56592156\c0ca4e66-2a9f5165-ca7eee5c-cf120262-8dca71c7.dcm,negative,not_mentioned,negative,not_mentioned,negative
10048986,51337401,train,C:\Users\Zila\Downloads\BN5212\MIMIC-CXR\p10\p10\p10048986\s51337401\0e2e3cad-049a376c-72401f33-7e33ab9d-40386893.dcm,negative,not_mentioned,not_mentioned,not_mentioned,not_mentioned
10048986,54969955,train,C:\Users\Zila\Downloads\BN5212\MIMIC-CXR\p10\p10\p10048986\s54969955\b5e323a0-a992e06e-3ea9da6e-608b92a0-c1613ab2.dcm,negative,not_mentioned,not_mentioned,negative,not_mentioned
10048986,58116858,train,C:\Users\Zila\Downloads\BN5212\MIMIC-CXR\p10\p10\p10048986\s58116858\5b027c9d-59d76d0e-bf3cfe0a-3647e2c7-3e53f0ac.dcm,negative,not_mentioned,not_mentioned,not_mentioned,not_mentioned
10049334,55820511,train,C:\Users\Zila\Downloads\BN5212\MIMIC-CXR\p10\p10\p10049334\s55820511\a485ccd1-a2248e70-a46a11b2-d346e2b9-a4f1ffdc.dcm,positive,not_mentioned,positive,positive,positive
10049334,58877721,train,C:\Users\Zila\Downloads\BN5212\MIMIC-CXR\p10\p10\p10049334\s58877721\667afc08-55c6f81f-edd23a33-6a0a05e6-42e76f03.dcm,uncertain,not_mentioned,positive,not_mentioned,positive
10049334,54625686,train,C:\Users\Zila\Downloads\BN5212\MIMIC-CXR\p10\p10\p10049334\s54625686\365c3964-761866ac-ee60c75f-841205cc-0f738530.dcm,not_mentioned,positive,positive,not_mentioned,positive
10049341,53480270,train,C:\Users\Zila\Downloads\BN5212\MIMIC-CXR\p10\p10\p10049341\s53480270\41b6093b-9b33cf22-949a2d71-3571a8d6-8d0dd0c0.dcm,not_mentioned,not_mentioned,not_mentioned,not_mentioned,not_mentioned
10049341,52059571,train,C:\Users\Zila\Downloads\BN5212\MIMIC-CXR\p10\p10\p10049341\s52059571\8576a6e0-62a7cbe3-8ba14dda-63a1c7bd-575b2e02.dcm,negative,not_mentioned,not_mentioned,not_mentioned,not_mentioned
10049341,56327756,train,C:\Users\Zila\Downloads\BN5212\MIMIC-CXR\p10\p10\p10049341\s56327756\fdb5ffc4-6a6acccf-ac1f6436-cf55ca2f-eed5817e.dcm,negative,not_mentioned,not_mentioned,not_mentioned,not_mentioned
10049902,50158897,train,C:\Users\Zila\Downloads\BN5212\MIMIC-CXR\p10\p10\p10049902\s50158897\5aeae4e3-f1cfec23-b5066ed1-cd6d5357-a85aac80.dcm,not_mentioned,not_mentioned,not_mentioned,positive,not_mentioned
10049902,50339410,train,C:\Users\Zila\Downloads\BN5212\MIMIC-CXR\p10\p10\p10049902\s50339410\232bcc7f-82a2e28d-e6fcb4b2-c6df2736-ecc560b9.dcm,negative,not_mentioned,not_mentioned,positive,not_mentioned
10049902,55662406,train,C:\Users\Zila\Downloads\BN5212\MIMIC-CXR\p10\p10\p10049902\s55662406\6ae9e8a1-8a5771a2-2cb7ba80-b44d65ef-816bb235.dcm,negative,not_mentioned,not_mentioned,negative,not_mentioned
10049902,52019420,train,C:\Users\Zila\Downloads\BN5212\MIMIC-CXR\p10\p10\p10049902\s52019420\37a1d8ba-a0618120-f756161d-9e7f2448-20b7e21b.dcm,not_mentioned,not_mentioned,not_mentioned,not_mentioned,not_mentioned
10049902,58043521,train,C:\Users\Zila\Downloads\BN5212\MIMIC-CXR\p10\p10\p10049902\s58043521\0941f307-b4d5ee2b-3c7f0121-5cb5f4b1-26982ed2.dcm,not_mentioned,not_mentioned,not_mentioned,not_mentioned,not_mentioned
10049902,53541813,train,C:\Users\Zila\Downloads\BN5212\MIMIC-CXR\p10\p10\p10049902\s53541813\38afcbeb-583cdd6d-a59d4e0a-90cb7932-3a280582.dcm,not_mentioned,not_mentioned,not_mentioned,not_mentioned,not_mentioned
10050755,56440546,val,C:\Users\Zila\Downloads\BN5212\MIMIC-CXR\p10\p10\p10050755\s56440546\47509914-e1b991d5-45232c88-88b6e805-d3cb3896.dcm,negative,not_mentioned,negative,not_mentioned,negative
10050755,54038182,val,C:\Users\Zila\Downloads\BN5212\MIMIC-CXR\p10\p10\p10050755\s54038182\a4136f0a-dd5f4b61-db97629a-25f2346c-5cf4255d.dcm,not_mentioned,not_mentioned,not_mentioned,not_mentioned,not_mentioned
10050755,57168919,val,C:\Users\Zila\Downloads\BN5212\MIMIC-CXR\p10\p10\p10050755\s57168919\2f6cb814-a21be209-5fc1fbd5-6b01b959-c13e19a7.dcm,not_mentioned,not_mentioned,not_mentioned,positive,not_mentioned
10050755,54564455,val,C:\Users\Zila\Downloads\BN5212\MIMIC-CXR\p10\p10\p10050755\s54564455\ab0b7a84-3beb8e62-b3f6ca14-39001a8d-cd431280.dcm,not_mentioned,not_mentioned,not_mentioned,not_mentioned,not_mentioned
10050755,54751890,val,C:\Users\Zila\Downloads\BN5212\MIMIC-CXR\p10\p10\p10050755\s54751890\6bb885cf-e450c019-8ab5a0ba-07babfd6-165bac0f.dcm,not_mentioned,not_mentioned,not_mentioned,not_mentioned,not_mentioned
10050755,59226213,val,C:\Users\Zila\Downloads\BN5212\MIMIC-CXR\p10\p10\p10050755\s59226213\b9a2f699-c72f1411-04649240-170bde26-1fd058ee.dcm,not_mentioned,not_mentioned,not_mentioned,not_mentioned,not_mentioned
10050755,53573770,val,C:\Users\Zila\Downloads\BN5212\MIMIC-CXR\p10\p10\p10050755\s53573770\c73e0ecf-d36a4316-d2607f67-57588e2e-70c711ec.dcm,not_mentioned,not_mentioned,not_mentioned,uncertain,not_mentioned
10050755,53755468,val,C:\Users\Zila\Downloads\BN5212\MIMIC-CXR\p10\p10\p10050755\s53755468\66eafa77-33bf62a9-a1575a73-17d10d4a-b08cd39c.dcm,not_mentioned,not_mentioned,not_mentioned,not_mentioned,not_mentioned
10051043,53215480,train,C:\Users\Zila\Downloads\BN5212\MIMIC-CXR\p10\p10\p10051043\s53215480\4792d9b4-810d6169-3b8b249b-982c21d9-52aba880.dcm,not_mentioned,not_mentioned,not_mentioned,not_mentioned,not_mentioned
10051043,54323425,train,C:\Users\Zila\Downloads\BN5212\MIMIC-CXR\p10\p10\p10051043\s54323425\a32b876f-d087b920-cfac649d-731b611c-ab363af5.dcm,not_mentioned,not_mentioned,not_mentioned,not_mentioned,not_mentioned
10051043,57716752,train,C:\Users\Zila\Downloads\BN5212\MIMIC-CXR\p10\p10\p10051043\s57716752\3abd6e9e-609cfd2a-2d3bda3a-09b013a0-80520892.dcm,not_mentioned,not_mentioned,not_mentioned,positive,not_mentioned
10051043,50094291,train,C:\Users\Zila\Downloads\BN5212\MIMIC-CXR\p10\p10\p10051043\s50094291\84295a2d-cda04ba1-f0d22997-16d7fc41-44eef2ad.dcm,not_mentioned,not_mentioned,positive,positive,not_mentioned
10051043,54678972,train,C:\Users\Zila\Downloads\BN5212\MIMIC-CXR\p10\p10\p10051043\s54678972\b8f05f2c-f73b956b-7e13f763-801d5198-b3e5a773.dcm,not_mentioned,positive,not_mentioned,not_mentioned,not_mentioned
10051043,53567737,train,C:\Users\Zila\Downloads\BN5212\MIMIC-CXR\p10\p10\p10051043\s53567737\2cfceff0-5c77f070-55070ed7-db3c122c-bf36a6f8.dcm,not_mentioned,not_mentioned,not_mentioned,not_mentioned,not_mentioned
10051043,52582060,train,C:\Users\Zila\Downloads\BN5212\MIMIC-CXR\p10\p10\p10051043\s52582060\6e0ed7cc-d3b1ee12-2f391e3b-52e3fb69-e45d0cf1.dcm,not_mentioned,not_mentioned,not_mentioned,not_mentioned,not_mentioned
10051043,57250953,train,C:\Users\Zila\Downloads\BN5212\MIMIC-CXR\p10\p10\p10051043\s57250953\f1accbad-89d27173-88cac949-890c8052-f7805519.dcm,not_mentioned,not_mentioned,not_mentioned,positive,not_mentioned
10051043,51121067,train,C:\Users\Zila\Downloads\BN5212\MIMIC-CXR\p10\p10\p10051043\s51121067\d4ab39aa-6bafaf38-f3de1be2-7e6c44fa-2c760484.dcm,not_mentioned,not_mentioned,not_mentioned,positive,not_mentioned
10051043,56775724,train,C:\Users\Zila\Downloads\BN5212\MIMIC-CXR\p10\p10\p10051043\s56775724\82fb163a-d6d66d47-974aa54e-724bc7ba-1ac4858e.dcm,not_mentioned,not_mentioned,positive,not_mentioned,positive
10051043,51917464,train,C:\Users\Zila\Downloads\BN5212\MIMIC-CXR\p10\p10\p10051043\s51917464\7f78a8b7-cded74cf-d99e1a26-e4139d9e-1ea97453.dcm,not_mentioned,not_mentioned,positive,not_mentioned,not_mentioned
10051990,51068958,train,C:\Users\Zila\Downloads\BN5212\MIMIC-CXR\p10\p10\p10051990\s51068958\c3be88b4-a181c57a-713c47dc-224eed4e-ca2f9f0a.dcm,not_mentioned,not_mentioned,negative,negative,not_mentioned
10051990,53765613,train,C:\Users\Zila\Downloads\BN5212\MIMIC-CXR\p10\p10\p10051990\s53765613\457bdad8-c45edc64-452fde8e-f5adda5c-f386693e.dcm,negative,not_mentioned,not_mentioned,not_mentioned,not_mentioned
10052277,53462370,train,C:\Users\Zila\Downloads\BN5212\MIMIC-CXR\p10\p10\p10052277\s53462370\b379ec8a-fd8a403c-3e24eb25-4d8f5b3c-79bf0397.dcm,not_mentioned,not_mentioned,not_mentioned,not_mentioned,not_mentioned
10052277,50476467,train,C:\Users\Zila\Downloads\BN5212\MIMIC-CXR\p10\p10\p10052277\s50476467\b07c1c76-37a5337f-a23c84be-1aed5cd6-ff715553.dcm,negative,not_mentioned,not_mentioned,not_mentioned,not_mentioned
10052277,53511796,train,C:\Users\Zila\Downloads\BN5212\MIMIC-CXR\p10\p10\p10052277\s53511796\40bd9a13-8479c468-32b1ea31-d3bd5741-907c62aa.dcm,negative,not_mentioned,not_mentioned,not_mentioned,not_mentioned
10052277,55162593,train,C:\Users\Zila\Downloads\BN5212\MIMIC-CXR\p10\p10\p10052277\s55162593\8d5e2278-119cb140-61a7c54a-2edba6a6-1686306b.dcm,not_mentioned,not_mentioned,not_mentioned,not_mentioned,not_mentioned
10052926,56504845,train,C:\Users\Zila\Downloads\BN5212\MIMIC-CXR\p10\p10\p10052926\s56504845\96db6094-5cdd7972-929e9e83-d5e38348-670e5e49.dcm,not_mentioned,not_mentioned,not_mentioned,not_mentioned,not_mentioned
10052926,59395476,train,C:\Users\Zila\Downloads\BN5212\MIMIC-CXR\p10\p10\p10052926\s59395476\ea5c591b-c0d3e072-3c7f07db-afac4d81-c4e9c7f9.dcm,negative,not_mentioned,not_mentioned,positive,not_mentioned
10052926,56799999,train,C:\Users\Zila\Downloads\BN5212\MIMIC-CXR\p10\p10\p10052926\s56799999\188bbe4f-2bba8049-050d1ccb-d41d47fa-56d3eb0e.dcm,positive,negative,not_mentioned,not_mentioned,not_mentioned
10052926,51808680,train,C:\Users\Zila\Downloads\BN5212\MIMIC-CXR\p10\p10\p10052926\s51808680\e1ab22aa-40416991-f233c1d3-bfcde28d-7612f5ac.dcm,not_mentioned,not_mentioned,not_mentioned,negative,not_mentioned
10052926,50929633,train,C:\Users\Zila\Downloads\BN5212\MIMIC-CXR\p10\p10\p10052926\s50929633\83b3c271-c6bbcb95-05651694-3f90acf0-a7206b91.dcm,negative,not_mentioned,not_mentioned,positive,not_mentioned
10052926,51951563,train,C:\Users\Zila\Downloads\BN5212\MIMIC-CXR\p10\p10\p10052926\s51951563\4f2a4316-3b0d9fe3-9caae003-08294e0b-1f954946.dcm,not_mentioned,not_mentioned,not_mentioned,not_mentioned,not_mentioned
10052926,54704427,train,C:\Users\Zila\Downloads\BN5212\MIMIC-CXR\p10\p10\p10052926\s54704427\ad5e096d-f517830d-74cc3f73-995fc791-8288f1b0.dcm,negative,not_mentioned,not_mentioned,uncertain,not_mentioned
10052926,50472162,train,C:\Users\Zila\Downloads\BN5212\MIMIC-CXR\p10\p10\p10052926\s50472162\fcfb20b5-6b9561da-1e253a93-222fdaa8-e708200a.dcm,negative,not_mentioned,negative,negative,negative
10052992,51784751,val,C:\Users\Zila\Downloads\BN5212\MIMIC-CXR\p10\p10\p10052992\s51784751\9723b24d-542071ec-ecf6f74c-b76e5fb4-c574828a.dcm,not_mentioned,positive,negative,not_mentioned,not_mentioned
10052992,55087891,val,C:\Users\Zila\Downloads\BN5212\MIMIC-CXR\p10\p10\p10052992\s55087891\c0e7fc96-3a5d122a-04618ad2-fa50cbe4-e7c28422.dcm,not_mentioned,not_mentioned,not_mentioned,positive,not_mentioned
10053207,55471183,train,C:\Users\Zila\Downloads\BN5212\MIMIC-CXR\p10\p10\p10053207\s55471183\d3362c86-7b4199a0-a47e828f-dddd9bcb-89c90d8e.dcm,not_mentioned,not_mentioned,not_mentioned,not_mentioned,not_mentioned
10053207,58225815,train,C:\Users\Zila\Downloads\BN5212\MIMIC-CXR\p10\p10\p10053207\s58225815\2ff16f36-9b2ca08b-0b4ef3d4-59fbde41-5c904e68.dcm,negative,not_mentioned,not_mentioned,not_mentioned,not_mentioned
10053611,50546425,train,C:\Users\Zila\Downloads\BN5212\MIMIC-CXR\p10\p10\p10053611\s50546425\0d09d2f4-816f3f9e-52a9fd98-58254e48-1b809e1b.dcm,negative,not_mentioned,not_mentioned,not_mentioned,not_mentioned
10053611,54306622,train,C:\Users\Zila\Downloads\BN5212\MIMIC-CXR\p10\p10\p10053611\s54306622\fa4d8937-0d371e64-f2257ac0-b3f0f3bd-ee5d44bc.dcm,negative,not_mentioned,negative,not_mentioned,negative
10053611,50053035,train,C:\Users\Zila\Downloads\BN5212\MIMIC-CXR\p10\p10\p10053611\s50053035\6274e595-07f78f2b-0d209924-b8825d5b-141cdcf8.dcm,negative,not_mentioned,negative,not_mentioned,negative
10054277,58516571,train,C:\Users\Zila\Downloads\BN5212\MIMIC-CXR\p10\p10\p10054277\s58516571\bef0b715-0e0cc205-e3b89561-a9997632-7c29dd88.dcm,positive,not_mentioned,not_mentioned,not_mentioned,not_mentioned
10054277,58951907,train,C:\Users\Zila\Downloads\BN5212\MIMIC-CXR\p10\p10\p10054277\s58951907\9134fb40-a31ddd8e-07eb612f-07fea2ef-36d4e049.dcm,positive,not_mentioned,not_mentioned,not_mentioned,not_mentioned
10054277,52344469,train,C:\Users\Zila\Downloads\BN5212\MIMIC-CXR\p10\p10\p10054277\s52344469\adc2ac75-ec865c58-9151a93b-f4172301-54dca881.dcm,not_mentioned,not_mentioned,not_mentioned,not_mentioned,not_mentioned
10054277,59617838,train,C:\Users\Zila\Downloads\BN5212\MIMIC-CXR\p10\p10\p10054277\s59617838\0431b4c3-3c363698-ca0dfc4a-6527cf67-93fbda7f.dcm,negative,not_mentioned,not_mentioned,not_mentioned,not_mentioned
10054639,58535890,train,C:\Users\Zila\Downloads\BN5212\MIMIC-CXR\p10\p10\p10054639\s58535890\636d0753-8da5e709-dfe9a15b-108c7a57-4bb4fc94.dcm,negative,not_mentioned,negative,negative,negative
10054639,55344325,train,C:\Users\Zila\Downloads\BN5212\MIMIC-CXR\p10\p10\p10054639\s55344325\2cceb6b7-05e46661-0a1d9c2f-6f635cf5-e7ff94e9.dcm,not_mentioned,not_mentioned,negative,not_mentioned,not_mentioned
10054639,52018146,train,C:\Users\Zila\Downloads\BN5212\MIMIC-CXR\p10\p10\p10054639\s52018146\070a7ea8-9cdfbd2d-ee6e6e9d-212f66c1-481580d5.dcm,negative,not_mentioned,not_mentioned,not_mentioned,not_mentioned
10055034,55450321,train,C:\Users\Zila\Downloads\BN5212\MIMIC-CXR\p10\p10\p10055034\s55450321\0f573583-13c9b20f-602fef17-e67ce7b9-83d40c4c.dcm,not_mentioned,not_mentioned,not_mentioned,not_mentioned,not_mentioned
10055034,50874464,train,C:\Users\Zila\Downloads\BN5212\MIMIC-CXR\p10\p10\p10055034\s50874464\be2cd93a-d8b7f5de-d6110bd3-6af9c5b4-f2ae28d7.dcm,negative,not_mentioned,not_mentioned,not_mentioned,not_mentioned
10055034,57890116,train,C:\Users\Zila\Downloads\BN5212\MIMIC-CXR\p10\p10\p10055034\s57890116\e1bc012e-099f753b-acef6883-f7bd9673-71bf2b70.dcm,positive,not_mentioned,positive,not_mentioned,not_mentioned
10055034,56527119,train,C:\Users\Zila\Downloads\BN5212\MIMIC-CXR\p10\p10\p10055034\s56527119\eeaa2f83-a85714e0-121edfb5-cb6740e1-32fab8c0.dcm,negative,not_mentioned,negative,negative,not_mentioned
10055034,52988883,train,C:\Users\Zila\Downloads\BN5212\MIMIC-CXR\p10\p10\p10055034\s52988883\0c176b89-6d0975dc-c24ae946-8f7cf8aa-4da8158d.dcm,negative,not_mentioned,not_mentioned,negative,not_mentioned
10055034,55957750,train,C:\Users\Zila\Downloads\BN5212\MIMIC-CXR\p10\p10\p10055034\s55957750\7ebc410f-9c97c86c-52b46abc-ba568faf-20e24332.dcm,negative,not_mentioned,not_mentioned,not_mentioned,not_mentioned
10055344,54584237,test,C:\Users\Zila\Downloads\BN5212\MIMIC-CXR\p10\p10\p10055344\s54584237\1a211ae3-a5f30bb4-6a87eff0-a39a41c8-74fac4c2.dcm,negative,not_mentioned,not_mentioned,not_mentioned,not_mentioned
10055344,55693941,test,C:\Users\Zila\Downloads\BN5212\MIMIC-CXR\p10\p10\p10055344\s55693941\7070eb7a-dc1867f1-b64351dc-40be85ec-a2bb57ff.dcm,negative,not_mentioned,not_mentioned,negative,not_mentioned
10055344,57386530,test,C:\Users\Zila\Downloads\BN5212\MIMIC-CXR\p10\p10\p10055344\s57386530\5721e161-8cc58da3-c582ea1f-22d78293-cca3525f.dcm,not_mentioned,not_mentioned,not_mentioned,not_mentioned,not_mentioned
10055344,55260214,test,C:\Users\Zila\Downloads\BN5212\MIMIC-CXR\p10\p10\p10055344\s55260214\d7a6e116-5727facf-37df3a15-713eee01-4325281e.dcm,not_mentioned,positive,negative,not_mentioned,negative
10055344,58045520,test,C:\Users\Zila\Downloads\BN5212\MIMIC-CXR\p10\p10\p10055344\s58045520\7acfd054-327d8a6e-a8ca458a-5988a1b0-c46d4f2c.dcm,not_mentioned,not_mentioned,negative,not_mentioned,negative
10055361,56381894,train,C:\Users\Zila\Downloads\BN5212\MIMIC-CXR\p10\p10\p10055361\s56381894\25929e8d-5df40f34-e9c5845e-d3da3757-fbcc0684.dcm,negative,positive,not_mentioned,not_mentioned,not_mentioned
10055361,54927720,train,C:\Users\Zila\Downloads\BN5212\MIMIC-CXR\p10\p10\p10055361\s54927720\de34c6d0-c207bdb2-33b1f72e-30c94c41-19d69eea.dcm,negative,positive,negative,not_mentioned,negative
10055361,51116681,train,C:\Users\Zila\Downloads\BN5212\MIMIC-CXR\p10\p10\p10055361\s51116681\52fdf6fd-1f043dd5-5f3a61d4-f971f9cb-c172be82.dcm,not_mentioned,positive,not_mentioned,not_mentioned,not_mentioned
10055361,59790370,train,C:\Users\Zila\Downloads\BN5212\MIMIC-CXR\p10\p10\p10055361\s59790370\8d97a44d-3314e7ec-dc7b5056-16bcae79-3da7728e.dcm,negative,not_mentioned,not_mentioned,negative,not_mentioned
10055361,50608704,train,C:\Users\Zila\Downloads\BN5212\MIMIC-CXR\p10\p10\p10055361\s50608704\458aaa62-baa722be-4fe8da85-33e03e25-19482674.dcm,not_mentioned,positive,uncertain,positive,not_mentioned
10055361,58669595,train,C:\Users\Zila\Downloads\BN5212\MIMIC-CXR\p10\p10\p10055361\s58669595\54d1d9c6-54c7b260-4087f2f9-4ffb93cc-6f6fd728.dcm,positive,not_mentioned,uncertain,uncertain,uncertain
10055694,54848722,test,C:\Users\Zila\Downloads\BN5212\MIMIC-CXR\p10\p10\p10055694\s54848722\a90886b4-282b2756-50c9d573-cf5495bf-c5e4d940.dcm,negative,not_mentioned,uncertain,not_mentioned,uncertain
10055694,59632945,test,C:\Users\Zila\Downloads\BN5212\MIMIC-CXR\p10\p10\p10055694\s59632945\2df0392b-93bd557f-4d5aa92a-87f42a28-244df2e2.dcm,negative,not_mentioned,not_mentioned,not_mentioned,not_mentioned
10055694,52767042,test,C:\Users\Zila\Downloads\BN5212\MIMIC-CXR\p10\p10\p10055694\s52767042\ae457437-96dfa32a-29042cba-82bd98b8-a0697fb2.dcm,negative,not_mentioned,positive,not_mentioned,positive
10055694,57963923,test,C:\Users\Zila\Downloads\BN5212\MIMIC-CXR\p10\p10\p10055694\s57963923\d447f466-8e5c9452-232f936f-cb8dffed-7253c9c0.dcm,not_mentioned,positive,negative,not_mentioned,negative
10055694,59844689,test,C:\Users\Zila\Downloads\BN5212\MIMIC-CXR\p10\p10\p10055694\s59844689\58b52b02-5c63e8fa-dada970c-d710fde4-782b7082.dcm,positive,not_mentioned,positive,not_mentioned,positive
10055694,53544097,test,C:\Users\Zila\Downloads\BN5212\MIMIC-CXR\p10\p10\p10055694\s53544097\69301261-007914f3-6dafc59b-cf76c15d-8bc3224d.dcm,positive,positive,positive,not_mentioned,positive
10055694,59993559,test,C:\Users\Zila\Downloads\BN5212\MIMIC-CXR\p10\p10\p10055694\s59993559\10afc6f4-b2c17e7c-3a21db9f-ecbe1630-d1f7af49.dcm,negative,positive,positive,not_mentioned,positive
10055694,54669448,test,C:\Users\Zila\Downloads\BN5212\MIMIC-CXR\p10\p10\p10055694\s54669448\a58cb9a4-1b0f64b3-1a719c69-4d2e7fce-3f2b4b38.dcm,not_mentioned,positive,positive,not_mentioned,positive
10055694,55036106,test,C:\Users\Zila\Downloads\BN5212\MIMIC-CXR\p10\p10\p10055694\s55036106\335d15b7-f10344ae-ecdea0c8-f2e53719-250582de.dcm,positive,positive,uncertain,not_mentioned,uncertain
10055694,56008505,test,C:\Users\Zila\Downloads\BN5212\MIMIC-CXR\p10\p10\p10055694\s56008505\b3b5f590-6bdfd327-2a6e2b55-9012780c-8f56e618.dcm,negative,not_mentioned,positive,not_mentioned,positive
10055694,55786904,test,C:\Users\Zila\Downloads\BN5212\MIMIC-CXR\p10\p10\p10055694\s55786904\8328e79d-ded529bc-30ae2f9a-63f85172-84fc340b.dcm,not_mentioned,positive,positive,not_mentioned,positive
10055694,59377047,test,C:\Users\Zila\Downloads\BN5212\MIMIC-CXR\p10\p10\p10055694\s59377047\93dd6eea-bbd67544-ca93b224-e4089753-c4287ae4.dcm,uncertain,positive,not_mentioned,not_mentioned,not_mentioned
10055694,55081774,test,C:\Users\Zila\Downloads\BN5212\MIMIC-CXR\p10\p10\p10055694\s55081774\275b21ac-966944bd-8b31590f-a0293a2c-009cca58.dcm,not_mentioned,positive,positive,not_mentioned,positive
10056223,57733074,train,C:\Users\Zila\Downloads\BN5212\MIMIC-CXR\p10\p10\p10056223\s57733074\185ef302-c2aa6070-cda98c90-88f59501-a0fc1d33.dcm,negative,not_mentioned,not_mentioned,positive,not_mentioned
10056223,54557046,train,C:\Users\Zila\Downloads\BN5212\MIMIC-CXR\p10\p10\p10056223\s54557046\ce3b69c8-247e959a-2cdb5062-2e3b36c1-824f3416.dcm,negative,not_mentioned,not_mentioned,not_mentioned,not_mentioned
10056223,55763184,train,C:\Users\Zila\Downloads\BN5212\MIMIC-CXR\p10\p10\p10056223\s55763184\bcc3e9b0-ac724ace-78a37a65-edda1c82-8382c4e9.dcm,negative,not_mentioned,not_mentioned,negative,not_mentioned
10056223,53428079,train,C:\Users\Zila\Downloads\BN5212\MIMIC-CXR\p10\p10\p10056223\s53428079\dab88a4f-df9d90ad-6ecdffa1-97e39412-354e61d8.dcm,not_mentioned,not_mentioned,not_mentioned,not_mentioned,not_mentioned
10056223,58799130,train,C:\Users\Zila\Downloads\BN5212\MIMIC-CXR\p10\p10\p10056223\s58799130\a5eb83ed-52bd0956-31d7d77c-79f6fb49-389f8f96.dcm,negative,not_mentioned,not_mentioned,not_mentioned,not_mentioned
10056223,52121411,train,C:\Users\Zila\Downloads\BN5212\MIMIC-CXR\p10\p10\p10056223\s52121411\44e3723b-bfe2c31d-8c210296-a73818db-d12fb072.dcm,negative,not_mentioned,not_mentioned,not_mentioned,not_mentioned
10056223,50581723,train,C:\Users\Zila\Downloads\BN5212\MIMIC-CXR\p10\p10\p10056223\s50581723\333a1d49-c528d760-241a20ce-16860ba8-79867a2f.dcm,negative,not_mentioned,not_mentioned,negative,not_mentioned
10056223,54982251,train,C:\Users\Zila\Downloads\BN5212\MIMIC-CXR\p10\p10\p10056223\s54982251\1b259174-a0f833d1-2484f209-a22d1ac8-0949be85.dcm,not_mentioned,not_mentioned,negative,not_mentioned,negative
10056223,50233501,train,C:\Users\Zila\Downloads\BN5212\MIMIC-CXR\p10\p10\p10056223\s50233501\8328b215-bdc42bf8-d3633596-9e81335f-753a39f4.dcm,negative,not_mentioned,not_mentioned,not_mentioned,not_mentioned
10056223,53347394,train,C:\Users\Zila\Downloads\BN5212\MIMIC-CXR\p10\p10\p10056223\s53347394\b32843e4-df705431-0d56ded0-f220642a-b6550ca4.dcm,not_mentioned,not_mentioned,not_mentioned,negative,not_mentioned
10056223,51632024,train,C:\Users\Zila\Downloads\BN5212\MIMIC-CXR\p10\p10\p10056223\s51632024\231c610b-004c414a-e35d0127-b1f92851-fe3c66bc.dcm,not_mentioned,not_mentioned,negative,negative,negative
10056223,51129298,train,C:\Users\Zila\Downloads\BN5212\MIMIC-CXR\p10\p10\p10056223\s51129298\17d07960-3b94ae5c-4695733f-1769b18d-4e54a7c3.dcm,negative,not_mentioned,not_mentioned,negative,not_mentioned
10056223,54590321,train,C:\Users\Zila\Downloads\BN5212\MIMIC-CXR\p10\p10\p10056223\s54590321\9c213d0c-2b4853f4-d951b3e5-74b8032e-d1fe555a.dcm,not_mentioned,positive,negative,negative,negative
10056223,50510907,train,C:\Users\Zila\Downloads\BN5212\MIMIC-CXR\p10\p10\p10056223\s50510907\c9d29e21-f4b76a19-4334037c-b058b154-0f0298b6.dcm,conflicting,not_mentioned,not_mentioned,not_mentioned,not_mentioned
10056223,59315493,train,C:\Users\Zila\Downloads\BN5212\MIMIC-CXR\p10\p10\p10056223\s59315493\5d17bebc-d3d3ff9b-16c31451-b5371bd1-719fd455.dcm,not_mentioned,not_mentioned,not_mentioned,not_mentioned,not_mentioned
10056223,53347987,train,C:\Users\Zila\Downloads\BN5212\MIMIC-CXR\p10\p10\p10056223\s53347987\1a86bd32-36aefb0c-88e70559-28783aa2-51a017ec.dcm,positive,not_mentioned,not_mentioned,not_mentioned,not_mentioned
10056612,51282729,test,C:\Users\Zila\Downloads\BN5212\MIMIC-CXR\p10\p10\p10056612\s51282729\9e1fff44-b9557c9b-5070e42c-359ec4da-a561310a.dcm,negative,not_mentioned,not_mentioned,not_mentioned,not_mentioned
10056612,57492693,test,C:\Users\Zila\Downloads\BN5212\MIMIC-CXR\p10\p10\p10056612\s57492693\a8d1e7c8-c5ee6a81-3ec06d05-4a7a726d-93c13cc0.dcm,not_mentioned,not_mentioned,not_mentioned,not_mentioned,not_mentioned
10057005,51968288,train,C:\Users\Zila\Downloads\BN5212\MIMIC-CXR\p10\p10\p10057005\s51968288\0126651a-fd3f4d3e-7c31362b-3f39c1ad-3efaef98.dcm,not_mentioned,not_mentioned,not_mentioned,not_mentioned,not_mentioned
10057005,53440914,train,C:\Users\Zila\Downloads\BN5212\MIMIC-CXR\p10\p10\p10057005\s53440914\d85a93bf-f8aa6752-1469fd63-a27b2298-9ff67a9e.dcm,not_mentioned,not_mentioned,not_mentioned,not_mentioned,not_mentioned
10057005,57217578,train,C:\Users\Zila\Downloads\BN5212\MIMIC-CXR\p10\p10\p10057005\s57217578\411ca581-cb770f11-1402226f-fcaee94c-4e164170.dcm,not_mentioned,not_mentioned,not_mentioned,not_mentioned,not_mentioned
10057005,54563587,train,C:\Users\Zila\Downloads\BN5212\MIMIC-CXR\p10\p10\p10057005\s54563587\24d16eb7-f7d4d6ea-7eeff303-3912ad9d-869efbb0.dcm,not_mentioned,not_mentioned,not_mentioned,not_mentioned,not_mentioned
10057005,56057364,train,C:\Users\Zila\Downloads\BN5212\MIMIC-CXR\p10\p10\p10057005\s56057364\86d872e8-00b86ec3-29cc71d6-aaca7905-1999e9e3.dcm,not_mentioned,not_mentioned,positive,uncertain,not_mentioned
10057009,52592034,train,C:\Users\Zila\Downloads\BN5212\MIMIC-CXR\p10\p10\p10057009\s52592034\72429d2b-04ed0852-9ce07aac-11813b73-3ee2c2e6.dcm,negative,positive,not_mentioned,negative,not_mentioned
10057009,55685825,train,C:\Users\Zila\Downloads\BN5212\MIMIC-CXR\p10\p10\p10057009\s55685825\9aaa46a3-4c043a76-273685c9-997dd447-76a6b969.dcm,negative,not_mentioned,not_mentioned,negative,not_mentioned
10057763,51945040,train,C:\Users\Zila\Downloads\BN5212\MIMIC-CXR\p10\p10\p10057763\s51945040\f69c7821-e74fcf9f-bbe1a7af-bd7dbdbc-512a37f3.dcm,negative,not_mentioned,not_mentioned,not_mentioned,not_mentioned
10057763,50343567,train,C:\Users\Zila\Downloads\BN5212\MIMIC-CXR\p10\p10\p10057763\s50343567\8ab67bd9-d58fdc6b-216357ca-d21592a6-35de445f.dcm,negative,not_mentioned,negative,not_mentioned,not_mentioned
10058150,52848611,train,C:\Users\Zila\Downloads\BN5212\MIMIC-CXR\p10\p10\p10058150\s52848611\4d69b9e8-445c41ba-effedcdd-f9975c3c-4ebc4b3e.dcm,not_mentioned,not_mentioned,negative,negative,not_mentioned
10058150,55135339,train,C:\Users\Zila\Downloads\BN5212\MIMIC-CXR\p10\p10\p10058150\s55135339\a251ab0e-8176d7c0-9d3597ef-8cc1c55f-b0745ac7.dcm,negative,not_mentioned,not_mentioned,negative,not_mentioned
10058575,55438536,val,C:\Users\Zila\Downloads\BN5212\MIMIC-CXR\p10\p10\p10058575\s55438536\ed805f05-2e75b7e2-00211af6-379222e7-dfa157f5.dcm,not_mentioned,not_mentioned,not_mentioned,not_mentioned,not_mentioned
10058575,52040799,val,C:\Users\Zila\Downloads\BN5212\MIMIC-CXR\p10\p10\p10058575\s52040799\fba4f954-b475680f-4c972896-c2bb57b4-45e39d82.dcm,not_mentioned,not_mentioned,not_mentioned,not_mentioned,not_mentioned
10058575,55928284,val,C:\Users\Zila\Downloads\BN5212\MIMIC-CXR\p10\p10\p10058575\s55928284\249cc42d-d1d9a6e2-e28fccc2-b666f8ba-260c4ec1.dcm,not_mentioned,not_mentioned,not_mentioned,not_mentioned,not_mentioned
10058575,59404180,val,C:\Users\Zila\Downloads\BN5212\MIMIC-CXR\p10\p10\p10058575\s59404180\8cb057eb-a8cdc5f1-b9c34b6a-40ec0b98-d2a8469f.dcm,not_mentioned,not_mentioned,positive,not_mentioned,positive
10058575,59833091,val,C:\Users\Zila\Downloads\BN5212\MIMIC-CXR\p10\p10\p10058575\s59833091\fb6fa05f-a43c8c4c-aeb1e357-484194a8-0ec7bee2.dcm,not_mentioned,not_mentioned,not_mentioned,not_mentioned,not_mentioned
10058575,55424675,val,C:\Users\Zila\Downloads\BN5212\MIMIC-CXR\p10\p10\p10058575\s55424675\a56a10cc-f7cb7b11-01394959-9e6ad950-e1897bc5.dcm,not_mentioned,not_mentioned,not_mentioned,not_mentioned,not_mentioned
10058575,50255541,val,C:\Users\Zila\Downloads\BN5212\MIMIC-CXR\p10\p10\p10058575\s50255541\450dfe58-97a2df21-2631844a-92f2a69a-9b47e278.dcm,negative,not_mentioned,positive,positive,not_mentioned
10058575,53774370,val,C:\Users\Zila\Downloads\BN5212\MIMIC-CXR\p10\p10\p10058575\s53774370\3a3e2a21-83164af9-f80930f8-3860e051-de097bab.dcm,positive,not_mentioned,not_mentioned,positive,not_mentioned
10058575,50325664,val,C:\Users\Zila\Downloads\BN5212\MIMIC-CXR\p10\p10\p10058575\s50325664\7aa41cdd-146ade09-59ad5bbd-56598e6e-bdbcbee8.dcm,positive,not_mentioned,not_mentioned,not_mentioned,not_mentioned
10058575,57299045,val,C:\Users\Zila\Downloads\BN5212\MIMIC-CXR\p10\p10\p10058575\s57299045\95b30165-916436c6-9ed49524-1b9574e6-702338f0.dcm,negative,not_mentioned,not_mentioned,positive,not_mentioned
10058575,53122863,val,C:\Users\Zila\Downloads\BN5212\MIMIC-CXR\p10\p10\p10058575\s53122863\10efde27-48a44d55-7556837b-355abeb1-7ba9ca97.dcm,negative,not_mentioned,not_mentioned,positive,not_mentioned
10058575,51144654,val,C:\Users\Zila\Downloads\BN5212\MIMIC-CXR\p10\p10\p10058575\s51144654\956aafea-557e540f-dfadd720-52b4881a-9f6bdc83.dcm,not_mentioned,not_mentioned,not_mentioned,not_mentioned,not_mentioned
10058575,51872105,val,C:\Users\Zila\Downloads\BN5212\MIMIC-CXR\p10\p10\p10058575\s51872105\c4e3f091-b5b19172-848a4482-c6a76990-05036607.dcm,not_mentioned,positive,not_mentioned,not_mentioned,not_mentioned
10058575,52415124,val,C:\Users\Zila\Downloads\BN5212\MIMIC-CXR\p10\p10\p10058575\s52415124\7bfc8c09-09ed833c-f8e821a0-cdd3b79a-f3af2b24.dcm,not_mentioned,not_mentioned,not_mentioned,not_mentioned,not_mentioned
10058974,57577174,train,C:\Users\Zila\Downloads\BN5212\MIMIC-CXR\p10\p10\p10058974\s57577174\7f09380c-8196e104-37ddf694-10aacd9f-2711eddc.dcm,negative,not_mentioned,not_mentioned,not_mentioned,not_mentioned
10058974,53583135,train,C:\Users\Zila\Downloads\BN5212\MIMIC-CXR\p10\p10\p10058974\s53583135\53dc20ec-36596ec4-a44a2050-fa908a91-5cf160ff.dcm,negative,not_mentioned,not_mentioned,not_mentioned,not_mentioned
10058974,54456726,train,C:\Users\Zila\Downloads\BN5212\MIMIC-CXR\p10\p10\p10058974\s54456726\ab526db5-35fe2dcf-f4076d54-7bd2c43f-ebb6964c.dcm,not_mentioned,not_mentioned,not_mentioned,not_mentioned,not_mentioned
10059690,50008601,test,C:\Users\Zila\Downloads\BN5212\MIMIC-CXR\p10\p10\p10059690\s50008601\125af9bb-cdebf90f-fafe43f6-2405553a-fd7b9cae.dcm,negative,not_mentioned,not_mentioned,not_mentioned,not_mentioned
10059690,52147847,test,C:\Users\Zila\Downloads\BN5212\MIMIC-CXR\p10\p10\p10059690\s52147847\191f50cf-b1ad6c18-ca3cda00-ba69b475-af75c6b0.dcm,negative,not_mentioned,not_mentioned,not_mentioned,not_mentioned
10059690,54149097,test,C:\Users\Zila\Downloads\BN5212\MIMIC-CXR\p10\p10\p10059690\s54149097\b252efd7-2ab31ba2-6c0834e4-93fc2212-2596b409.dcm,negative,not_mentioned,negative,not_mentioned,negative
10060142,50063022,train,C:\Users\Zila\Downloads\BN5212\MIMIC-CXR\p10\p10\p10060142\s50063022\8db0a014-69c5b1a5-5686d66f-a2a5bfa9-f720fe61.dcm,negative,not_mentioned,not_mentioned,not_mentioned,not_mentioned
10060142,54426084,train,C:\Users\Zila\Downloads\BN5212\MIMIC-CXR\p10\p10\p10060142\s54426084\37adf698-c7d3d5b5-4ce945d5-7cc823fb-1a5921ed.dcm,not_mentioned,not_mentioned,not_mentioned,not_mentioned,not_mentioned
10060142,52590350,train,C:\Users\Zila\Downloads\BN5212\MIMIC-CXR\p10\p10\p10060142\s52590350\32f259ea-97f841b2-02f4209d-6b8a0083-6e2f3c23.dcm,positive,not_mentioned,not_mentioned,not_mentioned,not_mentioned
10060142,56946673,train,C:\Users\Zila\Downloads\BN5212\MIMIC-CXR\p10\p10\p10060142\s56946673\27bdfa7d-83f1df3d-6beb8bf4-74bf14b6-08e729d8.dcm,positive,not_mentioned,not_mentioned,not_mentioned,not_mentioned
10060142,59490715,train,C:\Users\Zila\Downloads\BN5212\MIMIC-CXR\p10\p10\p10060142\s59490715\817d3fbc-60f0a3ed-da260a55-b3f2d4a1-368605a0.dcm,not_mentioned,not_mentioned,negative,not_mentioned,negative
10060204,51650444,test,C:\Users\Zila\Downloads\BN5212\MIMIC-CXR\p10\p10\p10060204\s51650444\d4886d94-72f2e2db-22f7980c-fc765ba8-f5aaf4b0.dcm,negative,not_mentioned,negative,not_mentioned,negative
10060204,53765730,test,C:\Users\Zila\Downloads\BN5212\MIMIC-CXR\p10\p10\p10060204\s53765730\e0ae684f-78f1af17-1b65922d-2dc57d32-fe2cb69b.dcm,negative,not_mentioned,not_mentioned,not_mentioned,not_mentioned
10060703,57167111,val,C:\Users\Zila\Downloads\BN5212\MIMIC-CXR\p10\p10\p10060703\s57167111\b6fadc8b-8b46d9f9-ab50e224-45c3c9af-e310f6ba.dcm,negative,not_mentioned,not_mentioned,not_mentioned,not_mentioned
10060703,55310039,val,C:\Users\Zila\Downloads\BN5212\MIMIC-CXR\p10\p10\p10060703\s55310039\b51f96d1-0f03103c-6a39a7d4-7407b5e2-708a06bb.dcm,negative,not_mentioned,not_mentioned,negative,not_mentioned
10060863,54183885,train,C:\Users\Zila\Downloads\BN5212\MIMIC-CXR\p10\p10\p10060863\s54183885\a2604b7c-3267b2af-cd9f5874-bf615772-25167b0b.dcm,not_mentioned,not_mentioned,not_mentioned,not_mentioned,not_mentioned
10060863,52706779,train,C:\Users\Zila\Downloads\BN5212\MIMIC-CXR\p10\p10\p10060863\s52706779\78d61e58-60867798-1aa8befe-a1b07b70-36c7d1c7.dcm,not_mentioned,not_mentioned,not_mentioned,not_mentioned,not_mentioned
10061593,58463156,train,C:\Users\Zila\Downloads\BN5212\MIMIC-CXR\p10\p10\p10061593\s58463156\985c3ef2-34423e6f-693be440-6bc53f38-8d4ccc42.dcm,negative,not_mentioned,not_mentioned,not_mentioned,not_mentioned
10061593,56718765,train,C:\Users\Zila\Downloads\BN5212\MIMIC-CXR\p10\p10\p10061593\s56718765\4cf3bc88-cee6df08-e573ad85-df546351-532b27d0.dcm,negative,not_mentioned,not_mentioned,not_mentioned,not_mentioned
10061593,53221797,train,C:\Users\Zila\Downloads\BN5212\MIMIC-CXR\p10\p10\p10061593\s53221797\561440c4-6183b196-a58ae56a-b340be56-df1e3ed9.dcm,negative,not_mentioned,not_mentioned,not_mentioned,not_mentioned
10061731,57947282,val,C:\Users\Zila\Downloads\BN5212\MIMIC-CXR\p10\p10\p10061731\s57947282\af64466e-7e47b765-c45a1c05-365a0064-fa90678f.dcm,not_mentioned,not_mentioned,not_mentioned,not_mentioned,not_mentioned
10061731,57693716,val,C:\Users\Zila\Downloads\BN5212\MIMIC-CXR\p10\p10\p10061731\s57693716\22f19fd3-f465ce1a-bc3983dd-0f023049-6907a34b.dcm,negative,not_mentioned,not_mentioned,negative,not_mentioned
10062020,58785934,train,C:\Users\Zila\Downloads\BN5212\MIMIC-CXR\p10\p10\p10062020\s58785934\632a262a-1662090c-b6ad7f5c-0ea0b445-29c24a5c.dcm,negative,not_mentioned,not_mentioned,not_mentioned,not_mentioned
10062020,54721029,train,C:\Users\Zila\Downloads\BN5212\MIMIC-CXR\p10\p10\p10062020\s54721029\0e7f3b69-1b2a6d3a-deec8d42-3ad65d03-d25e7d08.dcm,not_mentioned,not_mentioned,not_mentioned,not_mentioned,not_mentioned
10062020,55700573,train,C:\Users\Zila\Downloads\BN5212\MIMIC-CXR\p10\p10\p10062020\s55700573\1edaea22-f6c9cbad-c824fa0a-4b169775-dba21c77.dcm,positive,not_mentioned,not_mentioned,uncertain,not_mentioned
10062020,58128787,train,C:\Users\Zila\Downloads\BN5212\MIMIC-CXR\p10\p10\p10062020\s58128787\9c18ce80-0a62dcdc-20e344bd-bd705803-d2c5c554.dcm,not_mentioned,not_mentioned,not_mentioned,not_mentioned,not_mentioned
10062501,57987233,train,C:\Users\Zila\Downloads\BN5212\MIMIC-CXR\p10\p10\p10062501\s57987233\fd3f3ad4-acee24f2-97682f4b-c9501b5d-46524807.dcm,negative,not_mentioned,not_mentioned,not_mentioned,not_mentioned
10062501,55699985,train,C:\Users\Zila\Downloads\BN5212\MIMIC-CXR\p10\p10\p10062501\s55699985\9bb1f0c4-db167e92-4577c394-ccd838f7-68fed538.dcm,not_mentioned,not_mentioned,not_mentioned,not_mentioned,not_mentioned
10062617,58274130,train,C:\Users\Zila\Downloads\BN5212\MIMIC-CXR\p10\p10\p10062617\s58274130\f32bb62b-a3cc1c12-45d718da-c9e95717-a880fa08.dcm,not_mentioned,not_mentioned,negative,not_mentioned,negative
10062617,58048417,train,C:\Users\Zila\Downloads\BN5212\MIMIC-CXR\p10\p10\p10062617\s58048417\57826c85-d6defe1e-e0e251cb-90dfcf74-31099bca.dcm,not_mentioned,not_mentioned,not_mentioned,uncertain,not_mentioned
10062617,59986994,train,C:\Users\Zila\Downloads\BN5212\MIMIC-CXR\p10\p10\p10062617\s59986994\94e15f36-52b48fdc-58296169-e01f7115-832352b3.dcm,uncertain,not_mentioned,not_mentioned,not_mentioned,not_mentioned
10062617,50247193,train,C:\Users\Zila\Downloads\BN5212\MIMIC-CXR\p10\p10\p10062617\s50247193\b9074a5c-7eef626c-4b251438-c744a7ea-163aade8.dcm,positive,not_mentioned,negative,negative,negative
10062617,54889099,train,C:\Users\Zila\Downloads\BN5212\MIMIC-CXR\p10\p10\p10062617\s54889099\5aa889ff-da467f2d-efc5730d-0847f04d-bee39dd0.dcm,not_mentioned,positive,negative,negative,negative
10062617,52207698,train,C:\Users\Zila\Downloads\BN5212\MIMIC-CXR\p10\p10\p10062617\s52207698\2003ed42-d3448556-bc197114-45231666-ac359be3.dcm,positive,positive,positive,positive,positive
10062617,50346563,train,C:\Users\Zila\Downloads\BN5212\MIMIC-CXR\p10\p10\p10062617\s50346563\61609ae0-903e4faa-9f2bf1b9-34fff3a8-fcaa3ba7.dcm,not_mentioned,positive,not_mentioned,uncertain,not_mentioned
10062617,53916328,train,C:\Users\Zila\Downloads\BN5212\MIMIC-CXR\p10\p10\p10062617\s53916328\b55e6837-0b54709c-8bd6056f-5f86a5c5-1664b722.dcm,negative,positive,not_mentioned,not_mentioned,not_mentioned
10062617,55170181,train,C:\Users\Zila\Downloads\BN5212\MIMIC-CXR\p10\p10\p10062617\s55170181\5b8f4e5f-074a3958-ca8e7fc2-100ffa07-6f553e72.dcm,negative,positive,not_mentioned,not_mentioned,not_mentioned
10062617,52442584,train,C:\Users\Zila\Downloads\BN5212\MIMIC-CXR\p10\p10\p10062617\s52442584\288de5cf-65f66491-4e8305bc-00440f15-bf2ebf8f.dcm,not_mentioned,not_mentioned,positive,not_mentioned,positive
10062692,58442156,test,C:\Users\Zila\Downloads\BN5212\MIMIC-CXR\p10\p10\p10062692\s58442156\e50ad25d-4833cfe6-9a427d9f-02ca3ea5-7f074763.dcm,not_mentioned,not_mentioned,not_mentioned,not_mentioned,not_mentioned
10062692,59688344,test,C:\Users\Zila\Downloads\BN5212\MIMIC-CXR\p10\p10\p10062692\s59688344\6802d63c-2e1d4da9-2ab34f03-50afb23e-e7d5c6bd.dcm,negative,not_mentioned,not_mentioned,positive,not_mentioned
10062692,53731682,test,C:\Users\Zila\Downloads\BN5212\MIMIC-CXR\p10\p10\p10062692\s53731682\acbb41ba-f3ccac4b-f3ccc660-4b5c3055-28690b50.dcm,not_mentioned,not_mentioned,not_mentioned,not_mentioned,not_mentioned
10062692,55587830,test,C:\Users\Zila\Downloads\BN5212\MIMIC-CXR\p10\p10\p10062692\s55587830\77cd4213-8f42a438-fed4b2e5-566f621f-0d999f70.dcm,negative,not_mentioned,not_mentioned,positive,not_mentioned
10062981,56136181,test,C:\Users\Zila\Downloads\BN5212\MIMIC-CXR\p10\p10\p10062981\s56136181\6ff4a16c-5230c85a-3dd22bb2-9e7dc0c6-3dad6837.dcm,negative,not_mentioned,not_mentioned,not_mentioned,not_mentioned
10062981,50064996,test,C:\Users\Zila\Downloads\BN5212\MIMIC-CXR\p10\p10\p10062981\s50064996\d413c7e9-48b44e7b-6fc3d703-1ad00566-b8b4e6fc.dcm,not_mentioned,not_mentioned,not_mentioned,not_mentioned,not_mentioned
10063280,57709757,train,C:\Users\Zila\Downloads\BN5212\MIMIC-CXR\p10\p10\p10063280\s57709757\410b6c12-53154163-5ce81c38-4e598409-ad7749b2.dcm,not_mentioned,not_mentioned,not_mentioned,not_mentioned,not_mentioned
10063280,52504796,train,C:\Users\Zila\Downloads\BN5212\MIMIC-CXR\p10\p10\p10063280\s52504796\bee109ac-1a4f57b8-fb1a3c2e-458ef57f-30f98980.dcm,negative,not_mentioned,negative,not_mentioned,negative
10063534,54266862,train,C:\Users\Zila\Downloads\BN5212\MIMIC-CXR\p10\p10\p10063534\s54266862\66630da7-154c949e-888702d6-a79f3b1e-b6788117.dcm,negative,positive,negative,negative,not_mentioned
10063534,50088361,train,C:\Users\Zila\Downloads\BN5212\MIMIC-CXR\p10\p10\p10063534\s50088361\07b9bccc-c1e36b6e-afc32dcd-c133e887-1ba6d369.dcm,not_mentioned,not_mentioned,positive,positive,positive
10063856,54814005,train,C:\Users\Zila\Downloads\BN5212\MIMIC-CXR\p10\p10\p10063856\s54814005\4bb710ab-ab7d4781-568bcd6e-5079d3e6-7fdb61b6.dcm,positive,not_mentioned,not_mentioned,not_mentioned,not_mentioned
10063856,56759094,train,C:\Users\Zila\Downloads\BN5212\MIMIC-CXR\p10\p10\p10063856\s56759094\10cd06e9-5443fef9-9afbe903-e2ce1eb5-dcff1097.dcm,positive,not_mentioned,not_mentioned,not_mentioned,not_mentioned
10063856,59111503,train,C:\Users\Zila\Downloads\BN5212\MIMIC-CXR\p10\p10\p10063856\s59111503\ae78c523-eb8f6652-6d8a2d23-d6f960de-05cb69cc.dcm,negative,not_mentioned,not_mentioned,negative,not_mentioned
10063856,59903306,train,C:\Users\Zila\Downloads\BN5212\MIMIC-CXR\p10\p10\p10063856\s59903306\f97a3cd3-d2ca3028-135b3d22-5c53c4c3-612a99d2.dcm,negative,not_mentioned,not_mentioned,not_mentioned,not_mentioned
10064049,54392870,train,C:\Users\Zila\Downloads\BN5212\MIMIC-CXR\p10\p10\p10064049\s54392870\7847b651-c522f27b-8f94d954-79307a95-885317a1.dcm,not_mentioned,not_mentioned,positive,not_mentioned,positive
10064049,55505244,train,C:\Users\Zila\Downloads\BN5212\MIMIC-CXR\p10\p10\p10064049\s55505244\eb348b12-11d34f48-94842e68-73c2d188-4d71c35b.dcm,not_mentioned,not_mentioned,positive,not_mentioned,positive
10064049,53745704,train,C:\Users\Zila\Downloads\BN5212\MIMIC-CXR\p10\p10\p10064049\s53745704\0295e24f-74a17d77-72350fc6-82ce5b07-c2ca0832.dcm,positive,positive,positive,not_mentioned,positive
10064049,51327292,train,C:\Users\Zila\Downloads\BN5212\MIMIC-CXR\p10\p10\p10064049\s51327292\e7c40a15-83d3ea62-d1e1a95f-a6a718f2-37179ec2.dcm,positive,not_mentioned,positive,not_mentioned,positive
10064049,57926554,train,C:\Users\Zila\Downloads\BN5212\MIMIC-CXR\p10\p10\p10064049\s57926554\a6ddd58d-0d4d29d6-46499ee8-77adfc3c-ba786100.dcm,positive,positive,positive,uncertain,positive
10064049,57819907,train,C:\Users\Zila\Downloads\BN5212\MIMIC-CXR\p10\p10\p10064049\s57819907\da9a0861-afdfea03-ac14312c-675f12da-54da47ac.dcm,not_mentioned,positive,positive,not_mentioned,positive
10064049,57371365,train,C:\Users\Zila\Downloads\BN5212\MIMIC-CXR\p10\p10\p10064049\s57371365\3756c456-dc5e0b7c-cbb2349a-7a0f167f-19c75385.dcm,negative,positive,negative,not_mentioned,not_mentioned
10064049,59540552,train,C:\Users\Zila\Downloads\BN5212\MIMIC-CXR\p10\p10\p10064049\s59540552\6d2e5a98-327d26f1-26d1c679-f415f8de-bd8c9222.dcm,not_mentioned,positive,positive,negative,positive
10064049,59114682,train,C:\Users\Zila\Downloads\BN5212\MIMIC-CXR\p10\p10\p10064049\s59114682\db9be905-0d4dd9ca-1a5f6618-eba7c0d8-5a26d99e.dcm,not_mentioned,not_mentioned,negative,not_mentioned,negative
10064049,58749812,train,C:\Users\Zila\Downloads\BN5212\MIMIC-CXR\p10\p10\p10064049\s58749812\3c3a7f04-dfb0011f-47a62232-54e515b4-636561f3.dcm,not_mentioned,not_mentioned,not_mentioned,not_mentioned,not_mentioned
10064049,58833217,train,C:\Users\Zila\Downloads\BN5212\MIMIC-CXR\p10\p10\p10064049\s58833217\775b07a4-264ddbe4-d9292cc0-f091da2c-228209a6.dcm,negative,positive,not_mentioned,positive,not_mentioned
10064049,52322584,train,C:\Users\Zila\Downloads\BN5212\MIMIC-CXR\p10\p10\p10064049\s52322584\6b5c1931-a2c42ae5-49cfb8a4-ff650348-a77893fd.dcm,not_mentioned,not_mentioned,not_mentioned,not_mentioned,not_mentioned
10064049,51373990,train,C:\Users\Zila\Downloads\BN5212\MIMIC-CXR\p10\p10\p10064049\s51373990\0d2315a9-37002083-5a3cf68e-93aaa37a-611eae68.dcm,negative,positive,not_mentioned,not_mentioned,not_mentioned
10064049,50590063,train,C:\Users\Zila\Downloads\BN5212\MIMIC-CXR\p10\p10\p10064049\s50590063\19055041-8e42b4f5-ab6d705e-3a316249-91cdbd70.dcm,negative,positive,negative,negative,negative
10064049,54536926,train,C:\Users\Zila\Downloads\BN5212\MIMIC-CXR\p10\p10\p10064049\s54536926\823d7fc1-3f5ea81f-5182d006-b4df4c9f-d3c393da.dcm,not_mentioned,positive,not_mentioned,not_mentioned,not_mentioned
10064049,57160141,train,C:\Users\Zila\Downloads\BN5212\MIMIC-CXR\p10\p10\p10064049\s57160141\787a8724-d6276c8c-87f7145a-8d6eb616-061a9c0b.dcm,not_mentioned,not_mentioned,not_mentioned,positive,not_mentioned
10064049,54885215,train,C:\Users\Zila\Downloads\BN5212\MIMIC-CXR\p10\p10\p10064049\s54885215\77c27e16-11815422-36bc18d5-fb958656-301efb99.dcm,not_mentioned,not_mentioned,not_mentioned,not_mentioned,not_mentioned
10064049,56368658,train,C:\Users\Zila\Downloads\BN5212\MIMIC-CXR\p10\p10\p10064049\s56368658\70fd493e-bf0919e7-33cbbfe7-3185c257-58aa23f7.dcm,negative,positive,negative,uncertain,not_mentioned
10064049,53998334,train,C:\Users\Zila\Downloads\BN5212\MIMIC-CXR\p10\p10\p10064049\s53998334\71b06604-1065c168-cb56149c-34bde322-0b5cb6a4.dcm,not_mentioned,positive,not_mentioned,not_mentioned,not_mentioned
10064049,59450994,train,C:\Users\Zila\Downloads\BN5212\MIMIC-CXR\p10\p10\p10064049\s59450994\0ae8993e-0a2dc5a2-ca0f5b7c-fde3af66-a72c5500.dcm,not_mentioned,not_mentioned,not_mentioned,not_mentioned,not_mentioned
10064049,51334169,train,C:\Users\Zila\Downloads\BN5212\MIMIC-CXR\p10\p10\p10064049\s51334169\29488069-a94af3a0-78cffa0f-135abbcb-ca4771d3.dcm,negative,not_mentioned,not_mentioned,not_mentioned,not_mentioned
10064049,55829478,train,C:\Users\Zila\Downloads\BN5212\MIMIC-CXR\p10\p10\p10064049\s55829478\5c21d0d0-d05b07f1-4c03be6d-ed97dcdd-5dd00dfc.dcm,positive,not_mentioned,negative,negative,negative
10064049,57816907,train,C:\Users\Zila\Downloads\BN5212\MIMIC-CXR\p10\p10\p10064049\s57816907\e987c106-4229858f-53e4890a-4a3338bd-7d30d3ec.dcm,negative,positive,not_mentioned,not_mentioned,not_mentioned
10064049,51742046,train,C:\Users\Zila\Downloads\BN5212\MIMIC-CXR\p10\p10\p10064049\s51742046\ddd049c6-d339714e-6442a187-3f2523c1-f5515aef.dcm,not_mentioned,not_mentioned,not_mentioned,not_mentioned,not_mentioned
10064049,57850450,train,C:\Users\Zila\Downloads\BN5212\MIMIC-CXR\p10\p10\p10064049\s57850450\42306b40-0fb47ad5-01459fd2-32a45911-a03e9a85.dcm,not_mentioned,not_mentioned,not_mentioned,negative,not_mentioned
10064049,57279039,train,C:\Users\Zila\Downloads\BN5212\MIMIC-CXR\p10\p10\p10064049\s57279039\76905d1c-0beefa34-96ba64eb-2adb39ca-027f4e5e.dcm,not_mentioned,not_mentioned,not_mentioned,positive,not_mentioned
10064390,53553355,train,C:\Users\Zila\Downloads\BN5212\MIMIC-CXR\p10\p10\p10064390\s53553355\f5d18029-aed51d38-fc84b357-7628135c-a9147136.dcm,positive,positive,positive,not_mentioned,positive
10064390,53483779,train,C:\Users\Zila\Downloads\BN5212\MIMIC-CXR\p10\p10\p10064390\s53483779\2bc1faf8-e986c1c3-da21cf21-08d61b1e-47bd61a9.dcm,not_mentioned,not_mentioned,positive,positive,positive
10064390,58688273,train,C:\Users\Zila\Downloads\BN5212\MIMIC-CXR\p10\p10\p10064390\s58688273\2f7d6531-a887f8f8-78a0590c-239c8ecf-490160b2.dcm,not_mentioned,not_mentioned,not_mentioned,not_mentioned,not_mentioned
10064390,51635815,train,C:\Users\Zila\Downloads\BN5212\MIMIC-CXR\p10\p10\p10064390\s51635815\41cbb3c6-09ae3b89-63b1c241-4f995192-e6f5d763.dcm,not_mentioned,not_mentioned,not_mentioned,not_mentioned,not_mentioned
10064390,53860499,train,C:\Users\Zila\Downloads\BN5212\MIMIC-CXR\p10\p10\p10064390\s53860499\00c0da2e-87907622-15829dab-a60dc1aa-cd1a3cc0.dcm,not_mentioned,not_mentioned,not_mentioned,not_mentioned,not_mentioned
10064390,52896409,train,C:\Users\Zila\Downloads\BN5212\MIMIC-CXR\p10\p10\p10064390\s52896409\37847019-8559ff0e-d45005b3-b1759754-d53d978e.dcm,not_mentioned,positive,positive,positive,not_mentioned
10064678,53148023,train,C:\Users\Zila\Downloads\BN5212\MIMIC-CXR\p10\p10\p10064678\s53148023\424e27b7-0d48b42e-0a25ab3a-4dcdf640-789242a0.dcm,not_mentioned,not_mentioned,not_mentioned,negative,not_mentioned
10064678,54227874,train,C:\Users\Zila\Downloads\BN5212\MIMIC-CXR\p10\p10\p10064678\s54227874\764efc90-bfea65a2-1de9a0f8-42366c78-6a215944.dcm,negative,not_mentioned,negative,not_mentioned,negative
10064678,53173852,train,C:\Users\Zila\Downloads\BN5212\MIMIC-CXR\p10\p10\p10064678\s53173852\bb972f39-f66c26bb-b1f1cc32-4982ff76-955190bf.dcm,negative,not_mentioned,not_mentioned,negative,not_mentioned
10064678,59901201,train,C:\Users\Zila\Downloads\BN5212\MIMIC-CXR\p10\p10\p10064678\s59901201\1aa2899c-ec2fd0e5-b50b4907-393dfbae-12311fdf.dcm,not_mentioned,not_mentioned,not_mentioned,not_mentioned,not_mentioned
10064678,55354126,train,C:\Users\Zila\Downloads\BN5212\MIMIC-CXR\p10\p10\p10064678\s55354126\660468f8-36253556-d46f2136-83aa3389-8d9aecc0.dcm,conflicting,positive,not_mentioned,uncertain,not_mentioned
10064678,54868430,train,C:\Users\Zila\Downloads\BN5212\MIMIC-CXR\p10\p10\p10064678\s54868430\e902bd71-6ab25144-26ac54e9-0d550cdf-43d19be5.dcm,positive,positive,positive,not_mentioned,positive
10064678,59792119,train,C:\Users\Zila\Downloads\BN5212\MIMIC-CXR\p10\p10\p10064678\s59792119\b62ee163-82ee7702-03438750-8eaaa131-96364596.dcm,positive,not_mentioned,not_mentioned,uncertain,not_mentioned
10065125,53891313,train,C:\Users\Zila\Downloads\BN5212\MIMIC-CXR\p10\p10\p10065125\s53891313\00381899-beea9f9e-37503d43-7a41f671-4cf375ea.dcm,negative,not_mentioned,not_mentioned,not_mentioned,not_mentioned
10065125,54719123,train,C:\Users\Zila\Downloads\BN5212\MIMIC-CXR\p10\p10\p10065125\s54719123\21a17f88-c63eac6e-e0e5a8be-4bae8422-93c1a566.dcm,not_mentioned,not_mentioned,not_mentioned,negative,not_mentioned
10065354,51090606,val,C:\Users\Zila\Downloads\BN5212\MIMIC-CXR\p10\p10\p10065354\s51090606\877c1889-c1cb66d6-661c35b0-9bd859e7-fce5e796.dcm,negative,not_mentioned,not_mentioned,not_mentioned,not_mentioned
10065354,54049005,val,C:\Users\Zila\Downloads\BN5212\MIMIC-CXR\p10\p10\p10065354\s54049005\990255a2-fc300de2-6b7565a1-87dd5597-f3e57b6a.dcm,negative,not_mentioned,not_mentioned,negative,not_mentioned
10065383,54100577,train,C:\Users\Zila\Downloads\BN5212\MIMIC-CXR\p10\p10\p10065383\s54100577\d5b27de6-d0642ef1-379b0c68-aecee69e-31f12f6c.dcm,negative,not_mentioned,not_mentioned,positive,not_mentioned
10065383,59841945,train,C:\Users\Zila\Downloads\BN5212\MIMIC-CXR\p10\p10\p10065383\s59841945\f3e96243-904a346d-bf020238-0ccff816-32907675.dcm,positive,not_mentioned,not_mentioned,not_mentioned,not_mentioned
10065383,54059506,train,C:\Users\Zila\Downloads\BN5212\MIMIC-CXR\p10\p10\p10065383\s54059506\0dca7720-300a8209-f74117f4-6df513ec-df54b630.dcm,not_mentioned,not_mentioned,positive,positive,positive
10065383,51890757,train,C:\Users\Zila\Downloads\BN5212\MIMIC-CXR\p10\p10\p10065383\s51890757\42119f23-6fac6591-339de558-35e3e717-2555a72f.dcm,not_mentioned,not_mentioned,not_mentioned,not_mentioned,not_mentioned
10065383,51407501,train,C:\Users\Zila\Downloads\BN5212\MIMIC-CXR\p10\p10\p10065383\s51407501\46349f62-cca9eec5-cc75c7be-efd00438-25aaaa48.dcm,positive,not_mentioned,not_mentioned,not_mentioned,not_mentioned
10065383,51342751,train,C:\Users\Zila\Downloads\BN5212\MIMIC-CXR\p10\p10\p10065383\s51342751\cc84dbc6-25efc411-4596836b-40843ddb-bd5edb9e.dcm,not_mentioned,not_mentioned,not_mentioned,not_mentioned,not_mentioned
10065383,56317984,train,C:\Users\Zila\Downloads\BN5212\MIMIC-CXR\p10\p10\p10065383\s56317984\7a1cdcb4-b0b7c09c-46bef3b1-80dc11a8-f942ea13.dcm,not_mentioned,not_mentioned,not_mentioned,not_mentioned,not_mentioned
10065383,53014323,train,C:\Users\Zila\Downloads\BN5212\MIMIC-CXR\p10\p10\p10065383\s53014323\83c8cc7f-c2d2e39f-0b7775de-d7a3df67-92401b1b.dcm,not_mentioned,not_mentioned,not_mentioned,not_mentioned,not_mentioned
10065383,58618981,train,C:\Users\Zila\Downloads\BN5212\MIMIC-CXR\p10\p10\p10065383\s58618981\0e84ecb9-e2af107b-ea4f95d5-72d4f05d-b370c7ca.dcm,not_mentioned,not_mentioned,not_mentioned,not_mentioned,not_mentioned
10065383,56624805,train,C:\Users\Zila\Downloads\BN5212\MIMIC-CXR\p10\p10\p10065383\s56624805\46d1d676-df5509d8-31d39b32-cb5ed7eb-57aac8a6.dcm,not_mentioned,not_mentioned,positive,not_mentioned,positive
10065383,57402058,train,C:\Users\Zila\Downloads\BN5212\MIMIC-CXR\p10\p10\p10065383\s57402058\67baf2d1-2823cf3f-24de6749-0417d1ab-b82b93c9.dcm,not_mentioned,not_mentioned,not_mentioned,not_mentioned,not_mentioned
10065383,51280385,train,C:\Users\Zila\Downloads\BN5212\MIMIC-CXR\p10\p10\p10065383\s51280385\b73d21d7-4a1364ea-ca325649-d609a443-23d80cc8.dcm,not_mentioned,not_mentioned,not_mentioned,not_mentioned,not_mentioned
10065383,52292453,train,C:\Users\Zila\Downloads\BN5212\MIMIC-CXR\p10\p10\p10065383\s52292453\5209cbae-fb03f881-a574bc73-1650ad4b-d98ba5d7.dcm,not_mentioned,not_mentioned,not_mentioned,not_mentioned,not_mentioned
10065383,58507709,train,C:\Users\Zila\Downloads\BN5212\MIMIC-CXR\p10\p10\p10065383\s58507709\73531cd3-05206693-caf4b619-f58976a5-6cec7183.dcm,not_mentioned,not_mentioned,not_mentioned,not_mentioned,not_mentioned
10065383,51350342,train,C:\Users\Zila\Downloads\BN5212\MIMIC-CXR\p10\p10\p10065383\s51350342\ff82269d-42fed11e-a5be95b6-14e42699-6789344f.dcm,not_mentioned,not_mentioned,not_mentioned,not_mentioned,not_mentioned
10065383,55971968,train,C:\Users\Zila\Downloads\BN5212\MIMIC-CXR\p10\p10\p10065383\s55971968\169d3296-a8ef6019-03307604-7779dc86-d4d315c8.dcm,not_mentioned,not_mentioned,not_mentioned,not_mentioned,not_mentioned
10065383,53295124,train,C:\Users\Zila\Downloads\BN5212\MIMIC-CXR\p10\p10\p10065383\s53295124\331145d6-d982c8c1-772c4dac-f0da5016-52726c05.dcm,not_mentioned,not_mentioned,not_mentioned,not_mentioned,not_mentioned
10065383,56820799,train,C:\Users\Zila\Downloads\BN5212\MIMIC-CXR\p10\p10\p10065383\s56820799\759bbe12-f92e0a56-3056f4b3-d3dd337b-0d7c4c94.dcm,not_mentioned,not_mentioned,not_mentioned,not_mentioned,not_mentioned
10065383,59019387,train,C:\Users\Zila\Downloads\BN5212\MIMIC-CXR\p10\p10\p10065383\s59019387\f4033465-8eee2342-028fd915-270d3c54-2edf7cab.dcm,not_mentioned,not_mentioned,not_mentioned,not_mentioned,not_mentioned
10065383,55304894,train,C:\Users\Zila\Downloads\BN5212\MIMIC-CXR\p10\p10\p10065383\s55304894\530aa547-c1da4a37-6ae80cd5-d6f0773b-f7500b76.dcm,not_mentioned,not_mentioned,not_mentioned,not_mentioned,not_mentioned
10065615,52827353,val,C:\Users\Zila\Downloads\BN5212\MIMIC-CXR\p10\p10\p10065615\s52827353\2e88b20f-96ee4e42-d0f0c91c-64337dbd-7773d133.dcm,negative,not_mentioned,not_mentioned,not_mentioned,not_mentioned
10065767,54518839,val,C:\Users\Zila\Downloads\BN5212\MIMIC-CXR\p10\p10\p10065767\s54518839\4e8d52b5-09df2311-9960c84e-79e3d83f-d9137301.dcm,negative,positive,not_mentioned,not_mentioned,not_mentioned
10065767,58161378,val,C:\Users\Zila\Downloads\BN5212\MIMIC-CXR\p10\p10\p10065767\s58161378\788324b5-bfad171f-743af767-c6a36580-935c6dc8.dcm,negative,not_mentioned,negative,negative,negative
10065767,56852269,val,C:\Users\Zila\Downloads\BN5212\MIMIC-CXR\p10\p10\p10065767\s56852269\9c707b71-f37af1f5-96ad3eb9-0bd93333-a1915c03.dcm,not_mentioned,not_mentioned,not_mentioned,not_mentioned,not_mentioned
10065767,52662409,val,C:\Users\Zila\Downloads\BN5212\MIMIC-CXR\p10\p10\p10065767\s52662409\47b2b3e8-73f31263-a9452ae0-5a33516d-452b30e4.dcm,not_mentioned,positive,not_mentioned,negative,not_mentioned
10065767,59395809,val,C:\Users\Zila\Downloads\BN5212\MIMIC-CXR\p10\p10\p10065767\s59395809\412398fc-ce9c9e4f-c6fe535d-e6540eb6-66fd5da6.dcm,negative,not_mentioned,not_mentioned,not_mentioned,not_mentioned
10065767,53585720,val,C:\Users\Zila\Downloads\BN5212\MIMIC-CXR\p10\p10\p10065767\s53585720\badefd10-ec2d142c-2f1c178f-482322ad-40bb0389.dcm,not_mentioned,not_mentioned,not_mentioned,not_mentioned,not_mentioned
10065767,59819791,val,C:\Users\Zila\Downloads\BN5212\MIMIC-CXR\p10\p10\p10065767\s59819791\93709205-abc64970-757758a6-7c3db205-80118482.dcm,positive,positive,not_mentioned,negative,not_mentioned
10065990,56988122,train,C:\Users\Zila\Downloads\BN5212\MIMIC-CXR\p10\p10\p10065990\s56988122\ed7fe408-00dbe76f-36acfba5-778b618d-cdd7cb30.dcm,negative,not_mentioned,not_mentioned,negative,not_mentioned
10065990,52572574,train,C:\Users\Zila\Downloads\BN5212\MIMIC-CXR\p10\p10\p10065990\s52572574\b0fb2eab-561e3eb7-7d68b876-b226e604-29d8f3ae.dcm,negative,not_mentioned,not_mentioned,not_mentioned,not_mentioned
10065990,50522386,train,C:\Users\Zila\Downloads\BN5212\MIMIC-CXR\p10\p10\p10065990\s50522386\d0bb7659-7df107ca-6b38b1cf-b36bd18d-fb0f5f7c.dcm,not_mentioned,not_mentioned,not_mentioned,not_mentioned,not_mentioned
10065997,50352457,train,C:\Users\Zila\Downloads\BN5212\MIMIC-CXR\p10\p10\p10065997\s50352457\164d2b09-bbfb39c8-8a39a410-3369f212-ab05bfa9.dcm,negative,not_mentioned,not_mentioned,not_mentioned,not_mentioned
10065997,52040687,train,C:\Users\Zila\Downloads\BN5212\MIMIC-CXR\p10\p10\p10065997\s52040687\071260fe-8a9ce6d0-5f71fc31-d21917ae-2c10c767.dcm,not_mentioned,not_mentioned,not_mentioned,positive,not_mentioned
10066209,54104613,train,C:\Users\Zila\Downloads\BN5212\MIMIC-CXR\p10\p10\p10066209\s54104613\f9f0f177-129fe4a3-7dda466f-d4d3b9e9-8380e6e3.dcm,not_mentioned,not_mentioned,not_mentioned,not_mentioned,not_mentioned
10066209,52709729,train,C:\Users\Zila\Downloads\BN5212\MIMIC-CXR\p10\p10\p10066209\s52709729\2eeda279-917f03fd-f0d4c4c7-e221227a-6e9d2447.dcm,not_mentioned,not_mentioned,not_mentioned,not_mentioned,not_mentioned
10066209,58372828,train,C:\Users\Zila\Downloads\BN5212\MIMIC-CXR\p10\p10\p10066209\s58372828\15210f23-b0d00c93-382355a3-66958a9e-92c4bbe8.dcm,not_mentioned,not_mentioned,not_mentioned,not_mentioned,not_mentioned
10066209,59978802,train,C:\Users\Zila\Downloads\BN5212\MIMIC-CXR\p10\p10\p10066209\s59978802\747a6684-442dfcd1-2b97754e-08c8d84f-2e1592bd.dcm,not_mentioned,positive,positive,not_mentioned,positive
10066209,59285576,train,C:\Users\Zila\Downloads\BN5212\MIMIC-CXR\p10\p10\p10066209\s59285576\d0b4e873-3d1e24e5-088c90d1-953d69ee-f58e5462.dcm,not_mentioned,not_mentioned,negative,not_mentioned,negative
10066209,57171245,train,C:\Users\Zila\Downloads\BN5212\MIMIC-CXR\p10\p10\p10066209\s57171245\ec7a9e96-eb7247bc-4f50cb80-5a3ebf0f-db991c5d.dcm,positive,positive,positive,not_mentioned,positive
10067530,52026760,train,C:\Users\Zila\Downloads\BN5212\MIMIC-CXR\p10\p10\p10067530\s52026760\371211d6-e8db9964-a33ec5b6-5ce361d8-80964367.dcm,negative,not_mentioned,not_mentioned,not_mentioned,not_mentioned
10067530,56543992,train,C:\Users\Zila\Downloads\BN5212\MIMIC-CXR\p10\p10\p10067530\s56543992\96bea733-24a78327-6526c7a1-5fe0d0fe-651165d2.dcm,negative,not_mentioned,not_mentioned,negative,not_mentioned
10067702,55566141,train,C:\Users\Zila\Downloads\BN5212\MIMIC-CXR\p10\p10\p10067702\s55566141\bb77ef86-4696793a-01b6f45a-299586bc-4be8ccb4.dcm,negative,not_mentioned,not_mentioned,negative,not_mentioned
10067702,54176488,train,C:\Users\Zila\Downloads\BN5212\MIMIC-CXR\p10\p10\p10067702\s54176488\40204461-b49c43a2-815d8ee3-af3813f5-e9785391.dcm,not_mentioned,not_mentioned,not_mentioned,negative,not_mentioned
10067702,58493449,train,C:\Users\Zila\Downloads\BN5212\MIMIC-CXR\p10\p10\p10067702\s58493449\6e3f1511-df52c5d4-2ac08003-3ce89ead-6ef5f41b.dcm,not_mentioned,not_mentioned,not_mentioned,uncertain,not_mentioned
10067702,50396656,train,C:\Users\Zila\Downloads\BN5212\MIMIC-CXR\p10\p10\p10067702\s50396656\2dff19b1-26dc048d-949710cc-8bd65991-df8dc63b.dcm,not_mentioned,not_mentioned,not_mentioned,not_mentioned,not_mentioned
10067702,56666405,train,C:\Users\Zila\Downloads\BN5212\MIMIC-CXR\p10\p10\p10067702\s56666405\bba0d0ee-66d5f2d0-9c580d33-37e21e57-112f20d5.dcm,positive,not_mentioned,not_mentioned,not_mentioned,not_mentioned
10067702,57325376,train,C:\Users\Zila\Downloads\BN5212\MIMIC-CXR\p10\p10\p10067702\s57325376\de091711-df930a62-3b60f3a2-224491c2-f50d1a3e.dcm,negative,not_mentioned,not_mentioned,not_mentioned,not_mentioned
10067702,52093291,train,C:\Users\Zila\Downloads\BN5212\MIMIC-CXR\p10\p10\p10067702\s52093291\7b27c1fb-f3a20e71-a3633833-c56fdbd1-59ceb4c6.dcm,not_mentioned,not_mentioned,positive,negative,positive
10068026,55568174,train,C:\Users\Zila\Downloads\BN5212\MIMIC-CXR\p10\p10\p10068026\s55568174\78b64bce-deb57af7-44b56444-74cc3754-e7478a4c.dcm,not_mentioned,not_mentioned,not_mentioned,not_mentioned,not_mentioned
10068026,50712393,train,C:\Users\Zila\Downloads\BN5212\MIMIC-CXR\p10\p10\p10068026\s50712393\87907f5c-0b48aaa1-0e6132e0-c3fd7734-edf8ff3a.dcm,not_mentioned,positive,negative,positive,negative
10068304,54217246,train,C:\Users\Zila\Downloads\BN5212\MIMIC-CXR\p10\p10\p10068304\s54217246\038cc698-7c7a91ca-e3735793-adc063c7-99576cf8.dcm,not_mentioned,not_mentioned,not_mentioned,not_mentioned,not_mentioned
10068304,53738487,train,C:\Users\Zila\Downloads\BN5212\MIMIC-CXR\p10\p10\p10068304\s53738487\1ac51c7a-fff13b02-e223d71d-afd1fefc-1db67f53.dcm,not_mentioned,not_mentioned,not_mentioned,not_mentioned,not_mentioned
10068304,57038126,train,C:\Users\Zila\Downloads\BN5212\MIMIC-CXR\p10\p10\p10068304\s57038126\825cb06c-17c116ca-11c6fd87-399419e7-1e8af648.dcm,positive,not_mentioned,not_mentioned,positive,not_mentioned
10068304,57983647,train,C:\Users\Zila\Downloads\BN5212\MIMIC-CXR\p10\p10\p10068304\s57983647\b047533a-1975dbbb-dda6d4d2-e6b49265-6907e6c0.dcm,not_mentioned,not_mentioned,not_mentioned,not_mentioned,not_mentioned
10068304,56918136,train,C:\Users\Zila\Downloads\BN5212\MIMIC-CXR\p10\p10\p10068304\s56918136\9c9f0870-8f3ecc42-7988bc5b-34ca424e-33af12a4.dcm,not_mentioned,not_mentioned,positive,not_mentioned,not_mentioned
10068304,52523230,train,C:\Users\Zila\Downloads\BN5212\MIMIC-CXR\p10\p10\p10068304\s52523230\1799d81e-af369368-31dd6796-b9b7f168-e32d8dfc.dcm,not_mentioned,not_mentioned,positive,not_mentioned,positive
10068304,54831452,train,C:\Users\Zila\Downloads\BN5212\MIMIC-CXR\p10\p10\p10068304\s54831452\81df1399-2c5818b5-59369d21-4f4fdeae-7ad3edde.dcm,not_mentioned,positive,negative,not_mentioned,negative
10068304,54027769,train,C:\Users\Zila\Downloads\BN5212\MIMIC-CXR\p10\p10\p10068304\s54027769\0cc571a5-ac3fe717-ae609c72-9dfddc03-0f38ff08.dcm,not_mentioned,not_mentioned,not_mentioned,negative,not_mentioned
10068304,51829800,train,C:\Users\Zila\Downloads\BN5212\MIMIC-CXR\p10\p10\p10068304\s51829800\e01e4ac2-b2c5a69a-85aa07bb-4e33b944-94f0a985.dcm,positive,positive,not_mentioned,not_mentioned,not_mentioned
10068304,52523257,train,C:\Users\Zila\Downloads\BN5212\MIMIC-CXR\p10\p10\p10068304\s52523257\9fc7bc30-6d7d4d2e-24ef7273-151fe42a-99f87a28.dcm,positive,positive,negative,not_mentioned,negative
10068304,59277690,train,C:\Users\Zila\Downloads\BN5212\MIMIC-CXR\p10\p10\p10068304\s59277690\bf43ed24-695eeecc-dfa43d63-26abd435-245989c1.dcm,not_mentioned,positive,positive,not_mentioned,positive
10068304,53442406,train,C:\Users\Zila\Downloads\BN5212\MIMIC-CXR\p10\p10\p10068304\s53442406\a235b65b-e777f854-a98de6d6-2f3d33d8-bca255ec.dcm,not_mentioned,positive,positive,not_mentioned,positive
10068741,58252032,train,C:\Users\Zila\Downloads\BN5212\MIMIC-CXR\p10\p10\p10068741\s58252032\946771f8-9a60212c-410b6dcf-bda70ce3-798d3d08.dcm,negative,positive,negative,not_mentioned,negative
10068741,52806019,train,C:\Users\Zila\Downloads\BN5212\MIMIC-CXR\p10\p10\p10068741\s52806019\c3a1fecb-cd098a70-60f60556-379d1798-a31445b5.dcm,not_mentioned,not_mentioned,not_mentioned,not_mentioned,not_mentioned
10068880,50438260,test,C:\Users\Zila\Downloads\BN5212\MIMIC-CXR\p10\p10\p10068880\s50438260\c6c7f123-4691336c-42953a82-57cf91c7-102c6405.dcm,not_mentioned,not_mentioned,not_mentioned,not_mentioned,not_mentioned
10068880,59302019,test,C:\Users\Zila\Downloads\BN5212\MIMIC-CXR\p10\p10\p10068880\s59302019\bf4ed64f-ff207e0c-161e1aad-a1eaf436-c234dfea.dcm,negative,not_mentioned,not_mentioned,negative,not_mentioned
10069423,55700778,train,C:\Users\Zila\Downloads\BN5212\MIMIC-CXR\p10\p10\p10069423\s55700778\20ec92a1-43c132e3-b834b133-98b52e8f-ef88be5e.dcm,positive,not_mentioned,not_mentioned,not_mentioned,not_mentioned
10069423,59981182,train,C:\Users\Zila\Downloads\BN5212\MIMIC-CXR\p10\p10\p10069423\s59981182\0401a3a1-7a65f8d7-e2b00c82-0763edca-d7c6bd93.dcm,positive,not_mentioned,not_mentioned,not_mentioned,not_mentioned
10069423,54213212,train,C:\Users\Zila\Downloads\BN5212\MIMIC-CXR\p10\p10\p10069423\s54213212\e0cc7853-aacca033-5d843f26-c3dce2f4-08262bc5.dcm,negative,not_mentioned,not_mentioned,not_mentioned,not_mentioned
10069423,51403613,train,C:\Users\Zila\Downloads\BN5212\MIMIC-CXR\p10\p10\p10069423\s51403613\89e36d7a-5e15de04-f6f0033c-a97ca913-5133a7e4.dcm,not_mentioned,not_mentioned,not_mentioned,not_mentioned,not_mentioned
10069423,56707646,train,C:\Users\Zila\Downloads\BN5212\MIMIC-CXR\p10\p10\p10069423\s56707646\f5901c06-a81f1df9-d43719b5-e76fea29-3a429202.dcm,not_mentioned,not_mentioned,not_mentioned,not_mentioned,not_mentioned
10070288,57218599,test,C:\Users\Zila\Downloads\BN5212\MIMIC-CXR\p10\p10\p10070288\s57218599\c0b07366-dfdd8454-779a4a5f-0c5f4a44-7453f69a.dcm,negative,not_mentioned,not_mentioned,not_mentioned,not_mentioned
10070288,56486389,test,C:\Users\Zila\Downloads\BN5212\MIMIC-CXR\p10\p10\p10070288\s56486389\00bbcb53-1b59b3a1-64b2ad2c-f7e4bc9b-0759bb90.dcm,uncertain,not_mentioned,not_mentioned,not_mentioned,not_mentioned
10070311,55001140,train,C:\Users\Zila\Downloads\BN5212\MIMIC-CXR\p10\p10\p10070311\s55001140\1f604e4e-cf5d1e5e-9ff06441-2b6632d6-c81fc297.dcm,negative,not_mentioned,negative,not_mentioned,negative
10070311,58690770,train,C:\Users\Zila\Downloads\BN5212\MIMIC-CXR\p10\p10\p10070311\s58690770\553f690b-0309ed4a-e7820c30-233c427b-bc79e23c.dcm,negative,not_mentioned,not_mentioned,not_mentioned,not_mentioned
10070330,57110005,train,C:\Users\Zila\Downloads\BN5212\MIMIC-CXR\p10\p10\p10070330\s57110005\a216a832-604a6e86-99361309-a71e630e-22079828.dcm,not_mentioned,not_mentioned,not_mentioned,not_mentioned,not_mentioned
10070330,59331037,train,C:\Users\Zila\Downloads\BN5212\MIMIC-CXR\p10\p10\p10070330\s59331037\e518e9ff-21b96594-63bd6a84-99306723-b25d73cd.dcm,negative,not_mentioned,not_mentioned,not_mentioned,not_mentioned
10070592,58936443,val,C:\Users\Zila\Downloads\BN5212\MIMIC-CXR\p10\p10\p10070592\s58936443\d5db0653-ebcc2c96-24ea65b5-fd1ea115-59d9f306.dcm,negative,not_mentioned,not_mentioned,not_mentioned,not_mentioned
10070592,59696628,val,C:\Users\Zila\Downloads\BN5212\MIMIC-CXR\p10\p10\p10070592\s59696628\4725bdee-104742d3-c01f5831-9ad4e482-964956e5.dcm,negative,not_mentioned,not_mentioned,not_mentioned,not_mentioned
10070592,50488552,val,C:\Users\Zila\Downloads\BN5212\MIMIC-CXR\p10\p10\p10070592\s50488552\986d3b8e-e8a7109a-830f6335-56f89d69-c40c9c24.dcm,negative,not_mentioned,not_mentioned,not_mentioned,not_mentioned
10070614,58864875,train,C:\Users\Zila\Downloads\BN5212\MIMIC-CXR\p10\p10\p10070614\s58864875\a3ea5aeb-1b2e2a8c-8b91e7ec-107689de-6e13e98d.dcm,negative,not_mentioned,not_mentioned,not_mentioned,not_mentioned
10070614,52627603,train,C:\Users\Zila\Downloads\BN5212\MIMIC-CXR\p10\p10\p10070614\s52627603\28f4ed6c-fd3928d5-9f23f433-6d627e3d-5746fa6f.dcm,not_mentioned,not_mentioned,not_mentioned,not_mentioned,not_mentioned
10070614,52470047,train,C:\Users\Zila\Downloads\BN5212\MIMIC-CXR\p10\p10\p10070614\s52470047\7215ff58-00bfba43-71ae2834-76c4e824-f2bcbdb4.dcm,negative,positive,not_mentioned,negative,not_mentioned
10070928,56788284,train,C:\Users\Zila\Downloads\BN5212\MIMIC-CXR\p10\p10\p10070928\s56788284\f9ba0a37-3bfff3ae-caadb2d3-e96e4625-31cd47e0.dcm,not_mentioned,not_mentioned,not_mentioned,not_mentioned,not_mentioned
10070928,58997709,train,C:\Users\Zila\Downloads\BN5212\MIMIC-CXR\p10\p10\p10070928\s58997709\7cad2575-bcd9b887-8ced7ae1-69ce290a-e32e346d.dcm,not_mentioned,positive,not_mentioned,positive,not_mentioned
10070928,56508815,train,C:\Users\Zila\Downloads\BN5212\MIMIC-CXR\p10\p10\p10070928\s56508815\0b95db03-1a1d16a5-4d99e880-495f11f2-c9e0ba94.dcm,not_mentioned,not_mentioned,uncertain,positive,uncertain
10070928,56478170,train,C:\Users\Zila\Downloads\BN5212\MIMIC-CXR\p10\p10\p10070928\s56478170\591c4303-142518e5-0c1de110-daa5baa9-1834b675.dcm,not_mentioned,not_mentioned,not_mentioned,not_mentioned,not_mentioned
10070928,57837461,train,C:\Users\Zila\Downloads\BN5212\MIMIC-CXR\p10\p10\p10070928\s57837461\736f1ff8-1157c1b1-aaf6b9c1-bd7ed7f0-7b21905a.dcm,not_mentioned,not_mentioned,positive,not_mentioned,positive
10070928,57557577,train,C:\Users\Zila\Downloads\BN5212\MIMIC-CXR\p10\p10\p10070928\s57557577\d269199c-8131aa29-4ca20b4c-fba41bfa-463a97e5.dcm,positive,not_mentioned,negative,positive,negative
10070928,57036840,train,C:\Users\Zila\Downloads\BN5212\MIMIC-CXR\p10\p10\p10070928\s57036840\fc5eabef-ac6c9f71-6f1f1e74-4c310e29-7038bd86.dcm,positive,not_mentioned,not_mentioned,not_mentioned,not_mentioned
10070928,54506701,train,C:\Users\Zila\Downloads\BN5212\MIMIC-CXR\p10\p10\p10070928\s54506701\af327004-30253ba8-ce54f5c1-8cb84758-be28c29a.dcm,positive,not_mentioned,not_mentioned,not_mentioned,not_mentioned
10070928,58510069,train,C:\Users\Zila\Downloads\BN5212\MIMIC-CXR\p10\p10\p10070928\s58510069\075eb89b-6b80109e-c747c778-1958e6a7-3da162a2.dcm,positive,positive,not_mentioned,not_mentioned,not_mentioned
10070928,56708414,train,C:\Users\Zila\Downloads\BN5212\MIMIC-CXR\p10\p10\p10070928\s56708414\752eb7c8-655b9efe-47990623-68cc1c54-32f363b7.dcm,not_mentioned,not_mentioned,not_mentioned,not_mentioned,not_mentioned
10071281,50639339,train,C:\Users\Zila\Downloads\BN5212\MIMIC-CXR\p10\p10\p10071281\s50639339\2295a1f1-f18de4aa-87c17dd1-c2ef3f47-824565ef.dcm,negative,not_mentioned,negative,not_mentioned,negative
10071281,54174022,train,C:\Users\Zila\Downloads\BN5212\MIMIC-CXR\p10\p10\p10071281\s54174022\5335dca7-9149bade-882e014b-a5eb6e1d-7a34455a.dcm,not_mentioned,not_mentioned,not_mentioned,not_mentioned,not_mentioned
10071281,58830246,train,C:\Users\Zila\Downloads\BN5212\MIMIC-CXR\p10\p10\p10071281\s58830246\db9832bd-431cec45-5f399656-4141229c-2969ffd7.dcm,not_mentioned,not_mentioned,negative,not_mentioned,negative
10071281,56760248,train,C:\Users\Zila\Downloads\BN5212\MIMIC-CXR\p10\p10\p10071281\s56760248\b4c2d3fc-67c231dc-30951114-f8cf683a-bcc40464.dcm,conflicting,not_mentioned,not_mentioned,positive,not_mentioned
10071281,54567010,train,C:\Users\Zila\Downloads\BN5212\MIMIC-CXR\p10\p10\p10071281\s54567010\e97ebf2c-8b700ba8-9d469c61-38f66425-f3f473f5.dcm,not_mentioned,not_mentioned,negative,not_mentioned,negative
10071281,54893356,train,C:\Users\Zila\Downloads\BN5212\MIMIC-CXR\p10\p10\p10071281\s54893356\95d8ce66-6d6002e5-53dbbeed-eb83c105-be529a2f.dcm,not_mentioned,not_mentioned,not_mentioned,positive,not_mentioned
10071281,50095640,train,C:\Users\Zila\Downloads\BN5212\MIMIC-CXR\p10\p10\p10071281\s50095640\ff971fa3-400e11d2-d79dcf00-2690bd5b-27bdb1c4.dcm,not_mentioned,negative,not_mentioned,not_mentioned,not_mentioned
10071403,54512949,train,C:\Users\Zila\Downloads\BN5212\MIMIC-CXR\p10\p10\p10071403\s54512949\67be1902-78f12ddc-3447cfa1-e5730954-5d1b4d00.dcm,not_mentioned,not_mentioned,not_mentioned,not_mentioned,not_mentioned
10071403,51218312,train,C:\Users\Zila\Downloads\BN5212\MIMIC-CXR\p10\p10\p10071403\s51218312\b1d408da-296a1db4-a8b320e2-3f552c14-960ab1d0.dcm,not_mentioned,not_mentioned,not_mentioned,not_mentioned,not_mentioned
10071403,50562142,train,C:\Users\Zila\Downloads\BN5212\MIMIC-CXR\p10\p10\p10071403\s50562142\07b8f913-ace723c7-161011dd-78440ad8-171c8d2e.dcm,not_mentioned,not_mentioned,not_mentioned,not_mentioned,not_mentioned
10071403,53531489,train,C:\Users\Zila\Downloads\BN5212\MIMIC-CXR\p10\p10\p10071403\s53531489\83b0e00b-736962b1-1680dac8-536272b7-ff1d2b5b.dcm,not_mentioned,not_mentioned,not_mentioned,not_mentioned,not_mentioned
10071403,54086998,train,C:\Users\Zila\Downloads\BN5212\MIMIC-CXR\p10\p10\p10071403\s54086998\25cff847-28786ab6-cd65f997-44e8a552-6c128f6e.dcm,not_mentioned,not_mentioned,not_mentioned,not_mentioned,not_mentioned
10071403,51389402,train,C:\Users\Zila\Downloads\BN5212\MIMIC-CXR\p10\p10\p10071403\s51389402\d307442a-0330dc7c-1e5daed8-263f4444-64535f19.dcm,positive,not_mentioned,positive,positive,positive
10071403,51248215,train,C:\Users\Zila\Downloads\BN5212\MIMIC-CXR\p10\p10\p10071403\s51248215\3c8aea5d-dbc296fc-68c28ae8-6c8fa63c-4bec3c15.dcm,positive,not_mentioned,not_mentioned,not_mentioned,not_mentioned
10071403,53732712,train,C:\Users\Zila\Downloads\BN5212\MIMIC-CXR\p10\p10\p10071403\s53732712\ff4d2f31-becd7447-ca58b2c1-44042dcc-7f19ef48.dcm,positive,positive,positive,not_mentioned,not_mentioned
10071403,50863940,train,C:\Users\Zila\Downloads\BN5212\MIMIC-CXR\p10\p10\p10071403\s50863940\277abf10-1162ad28-6591b1f7-a5da5a00-09a1f922.dcm,not_mentioned,not_mentioned,not_mentioned,not_mentioned,not_mentioned
10071403,55130499,train,C:\Users\Zila\Downloads\BN5212\MIMIC-CXR\p10\p10\p10071403\s55130499\4c246dcb-e72e2e6c-94b396f9-9c154f3b-623fa0b7.dcm,positive,not_mentioned,not_mentioned,not_mentioned,not_mentioned
10071403,58362117,train,C:\Users\Zila\Downloads\BN5212\MIMIC-CXR\p10\p10\p10071403\s58362117\5cbf6450-be1df037-4edcac87-a824f9b9-dc35cbbf.dcm,positive,not_mentioned,not_mentioned,not_mentioned,not_mentioned
10071620,50877078,train,C:\Users\Zila\Downloads\BN5212\MIMIC-CXR\p10\p10\p10071620\s50877078\94f008a7-ebf7b2de-9744e7a2-da2118fe-8e67b15d.dcm,negative,not_mentioned,not_mentioned,not_mentioned,not_mentioned
10071620,58349596,train,C:\Users\Zila\Downloads\BN5212\MIMIC-CXR\p10\p10\p10071620\s58349596\6812e25b-119276ae-4d7c4432-b0248f47-9e713748.dcm,not_mentioned,not_mentioned,not_mentioned,not_mentioned,not_mentioned
10071869,56653718,train,C:\Users\Zila\Downloads\BN5212\MIMIC-CXR\p10\p10\p10071869\s56653718\f385965c-93e349d2-22fde9ab-060db7a0-e4ffc1ee.dcm,not_mentioned,not_mentioned,uncertain,uncertain,not_mentioned
10071869,53370316,train,C:\Users\Zila\Downloads\BN5212\MIMIC-CXR\p10\p10\p10071869\s53370316\d267070f-387a291c-c54081b3-337eca35-18c5b634.dcm,not_mentioned,not_mentioned,positive,positive,positive
10071869,55911123,train,C:\Users\Zila\Downloads\BN5212\MIMIC-CXR\p10\p10\p10071869\s55911123\d3605015-0a8bc086-7e4b0a0d-8e853370-a79d8fcb.dcm,not_mentioned,not_mentioned,positive,positive,positive
10071869,50216971,train,C:\Users\Zila\Downloads\BN5212\MIMIC-CXR\p10\p10\p10071869\s50216971\712f1508-33138ef4-f4c5f966-3f2edad1-f1676e8f.dcm,not_mentioned,positive,not_mentioned,not_mentioned,not_mentioned
10071869,55965143,train,C:\Users\Zila\Downloads\BN5212\MIMIC-CXR\p10\p10\p10071869\s55965143\9ad21995-5425a9e9-4d63410a-36cb1401-984035c7.dcm,not_mentioned,not_mentioned,not_mentioned,not_mentioned,not_mentioned
10071869,51343405,train,C:\Users\Zila\Downloads\BN5212\MIMIC-CXR\p10\p10\p10071869\s51343405\4e7aa670-6aa2dee8-cc81a85f-8afcf521-8d2e6e8f.dcm,not_mentioned,not_mentioned,not_mentioned,not_mentioned,not_mentioned
10071869,50030754,train,C:\Users\Zila\Downloads\BN5212\MIMIC-CXR\p10\p10\p10071869\s50030754\771d9aeb-b0c962ad-69b04f59-89afeca3-8e2bbdbf.dcm,not_mentioned,not_mentioned,not_mentioned,not_mentioned,not_mentioned
10071869,54271988,train,C:\Users\Zila\Downloads\BN5212\MIMIC-CXR\p10\p10\p10071869\s54271988\3e00f15c-244f0c5f-5fee7b49-b2704009-abfce9a7.dcm,negative,not_mentioned,not_mentioned,positive,not_mentioned
10071869,54202380,train,C:\Users\Zila\Downloads\BN5212\MIMIC-CXR\p10\p10\p10071869\s54202380\5e77b742-44f046b7-a33d39c8-b10a3332-4bdee3c4.dcm,positive,not_mentioned,not_mentioned,not_mentioned,not_mentioned
10072153,55066102,train,C:\Users\Zila\Downloads\BN5212\MIMIC-CXR\p10\p10\p10072153\s55066102\b901e2be-f884fd8a-022090d6-08aa2419-2301456a.dcm,positive,positive,positive,not_mentioned,positive
10072153,52900702,train,C:\Users\Zila\Downloads\BN5212\MIMIC-CXR\p10\p10\p10072153\s52900702\6743f944-0d5253ca-c6564a3e-84ae7928-9b90e448.dcm,not_mentioned,not_mentioned,not_mentioned,not_mentioned,not_mentioned
10072153,59129101,train,C:\Users\Zila\Downloads\BN5212\MIMIC-CXR\p10\p10\p10072153\s59129101\7c490255-356ce12c-24dbca54-e6dd88b9-b65dc16d.dcm,not_mentioned,positive,not_mentioned,not_mentioned,not_mentioned
10072153,54655799,train,C:\Users\Zila\Downloads\BN5212\MIMIC-CXR\p10\p10\p10072153\s54655799\5864e309-86ffecf4-2d1debae-01b057a2-cf15e314.dcm,not_mentioned,not_mentioned,not_mentioned,uncertain,not_mentioned
10072167,50281931,train,C:\Users\Zila\Downloads\BN5212\MIMIC-CXR\p10\p10\p10072167\s50281931\822ea266-47279ea1-f37382a9-0e32ce11-fc3d643a.dcm,not_mentioned,not_mentioned,not_mentioned,not_mentioned,not_mentioned
10072167,53625240,train,C:\Users\Zila\Downloads\BN5212\MIMIC-CXR\p10\p10\p10072167\s53625240\bb1271cc-7277bff8-a8c65a03-bda28c48-ac5cb4aa.dcm,negative,not_mentioned,not_mentioned,not_mentioned,not_mentioned
10072167,53950117,train,C:\Users\Zila\Downloads\BN5212\MIMIC-CXR\p10\p10\p10072167\s53950117\0f3224d0-b72c37a0-b9d8b5e4-ec922787-44f841ac.dcm,negative,not_mentioned,not_mentioned,not_mentioned,not_mentioned
10072167,55283974,train,C:\Users\Zila\Downloads\BN5212\MIMIC-CXR\p10\p10\p10072167\s55283974\250a78d4-af5baabd-28ba3b84-13941316-dc3f1d7d.dcm,negative,not_mentioned,not_mentioned,negative,not_mentioned
10072264,53451069,train,C:\Users\Zila\Downloads\BN5212\MIMIC-CXR\p10\p10\p10072264\s53451069\5ee4ed80-02880277-d75ed2ff-404a73ee-645dace1.dcm,positive,positive,negative,not_mentioned,negative
10072264,54246115,train,C:\Users\Zila\Downloads\BN5212\MIMIC-CXR\p10\p10\p10072264\s54246115\746a0c40-93b3e861-d9ff2310-6382b7df-df6a677b.dcm,conflicting,positive,negative,not_mentioned,negative
10072945,58239820,test,C:\Users\Zila\Downloads\BN5212\MIMIC-CXR\p10\p10\p10072945\s58239820\976b6ef8-902d2e96-c4c41284-4da74d47-ccd0b647.dcm,negative,not_mentioned,not_mentioned,not_mentioned,not_mentioned
10072945,54011869,test,C:\Users\Zila\Downloads\BN5212\MIMIC-CXR\p10\p10\p10072945\s54011869\370b8d88-f6ff993b-1826341c-f2b9f668-10c0f300.dcm,not_mentioned,not_mentioned,negative,negative,negative
10073182,51617685,train,C:\Users\Zila\Downloads\BN5212\MIMIC-CXR\p10\p10\p10073182\s51617685\a85bd853-90cbbed9-c2f78717-18c65f94-22aa691d.dcm,not_mentioned,not_mentioned,not_mentioned,not_mentioned,not_mentioned
10073182,56721247,train,C:\Users\Zila\Downloads\BN5212\MIMIC-CXR\p10\p10\p10073182\s56721247\60c85cd7-b03888cc-ae58b86e-b92b36ff-2af924fd.dcm,positive,not_mentioned,positive,positive,not_mentioned
10073336,57056744,train,C:\Users\Zila\Downloads\BN5212\MIMIC-CXR\p10\p10\p10073336\s57056744\b1e9981d-9710442d-7fc11336-ad7a1d03-01c4b75b.dcm,not_mentioned,not_mentioned,negative,not_mentioned,negative
10073336,55528000,train,C:\Users\Zila\Downloads\BN5212\MIMIC-CXR\p10\p10\p10073336\s55528000\3d580dea-9f5371a1-f958d65c-68b84ff8-a3b16493.dcm,not_mentioned,not_mentioned,negative,not_mentioned,negative
10073646,55302510,val,C:\Users\Zila\Downloads\BN5212\MIMIC-CXR\p10\p10\p10073646\s55302510\702729e7-824bfe6e-e9664b32-1f69787b-876ee459.dcm,positive,positive,not_mentioned,not_mentioned,not_mentioned
10073646,54852967,val,C:\Users\Zila\Downloads\BN5212\MIMIC-CXR\p10\p10\p10073646\s54852967\4c5f894a-f306f367-efe91e26-a09620e8-2366cc38.dcm,not_mentioned,positive,not_mentioned,not_mentioned,not_mentioned
10073847,52511930,train,C:\Users\Zila\Downloads\BN5212\MIMIC-CXR\p10\p10\p10073847\s52511930\49f1e0f2-2d1c24dd-6b95c6d1-bfda6f03-c9b0f914.dcm,negative,not_mentioned,not_mentioned,not_mentioned,not_mentioned
10073847,50470993,train,C:\Users\Zila\Downloads\BN5212\MIMIC-CXR\p10\p10\p10073847\s50470993\81baabef-c7290d17-ba24d52f-fe2775c5-04395f5f.dcm,not_mentioned,not_mentioned,negative,negative,negative
10073847,51563555,train,C:\Users\Zila\Downloads\BN5212\MIMIC-CXR\p10\p10\p10073847\s51563555\0ad3d7bd-6fc6e2ae-3a2b3005-9dfd191d-c14849bb.dcm,negative,not_mentioned,not_mentioned,negative,not_mentioned
10073847,59601283,train,C:\Users\Zila\Downloads\BN5212\MIMIC-CXR\p10\p10\p10073847\s59601283\bee65ad7-3a192c96-690808e9-3ff20c9f-9c197ab8.dcm,not_mentioned,not_mentioned,not_mentioned,not_mentioned,not_mentioned
10073847,53607195,train,C:\Users\Zila\Downloads\BN5212\MIMIC-CXR\p10\p10\p10073847\s53607195\3bf3b04b-18fc8ddf-8bd2c55d-d728bd1d-f9f37f90.dcm,negative,not_mentioned,not_mentioned,not_mentioned,not_mentioned
10073847,52072814,train,C:\Users\Zila\Downloads\BN5212\MIMIC-CXR\p10\p10\p10073847\s52072814\2d89ff37-0e02296c-a4018154-b25a21ba-6d0153be.dcm,negative,not_mentioned,not_mentioned,not_mentioned,not_mentioned
10073847,55561081,train,C:\Users\Zila\Downloads\BN5212\MIMIC-CXR\p10\p10\p10073847\s55561081\2665e243-9967f293-21253f11-6376d920-9285caf4.dcm,positive,not_mentioned,not_mentioned,not_mentioned,not_mentioned
10073847,57900053,train,C:\Users\Zila\Downloads\BN5212\MIMIC-CXR\p10\p10\p10073847\s57900053\2b392f1d-40d083c6-62c01124-47e5f8af-eabb639a.dcm,negative,not_mentioned,negative,negative,negative
10073847,52318649,train,C:\Users\Zila\Downloads\BN5212\MIMIC-CXR\p10\p10\p10073847\s52318649\93dd959d-7c19d11d-5cbb6e72-1f954723-c5e6b1ef.dcm,not_mentioned,not_mentioned,not_mentioned,not_mentioned,not_mentioned
10073847,57134488,train,C:\Users\Zila\Downloads\BN5212\MIMIC-CXR\p10\p10\p10073847\s57134488\273f34f7-3c6e91c1-9603d054-abc2deb2-653bb66e.dcm,not_mentioned,not_mentioned,not_mentioned,negative,not_mentioned
10073847,55937094,train,C:\Users\Zila\Downloads\BN5212\MIMIC-CXR\p10\p10\p10073847\s55937094\c3a5a6e9-1a98cdb0-3ef7d7b5-4275d62f-7f20b033.dcm,negative,positive,positive,positive,not_mentioned
10073847,54348948,train,C:\Users\Zila\Downloads\BN5212\MIMIC-CXR\p10\p10\p10073847\s54348948\dae08329-ee16eba2-dcbc1a28-537b5b8c-118c80ee.dcm,not_mentioned,not_mentioned,not_mentioned,not_mentioned,not_mentioned
10073847,54806306,train,C:\Users\Zila\Downloads\BN5212\MIMIC-CXR\p10\p10\p10073847\s54806306\3d7be303-14c5a417-38971f50-a89b9ec5-b2c5f62b.dcm,not_mentioned,not_mentioned,negative,not_mentioned,negative
10074282,50552472,val,C:\Users\Zila\Downloads\BN5212\MIMIC-CXR\p10\p10\p10074282\s50552472\8a750a05-405c9d8a-d7c1c859-342bb7dc-ec760f68.dcm,not_mentioned,not_mentioned,not_mentioned,not_mentioned,not_mentioned
10074282,51903341,val,C:\Users\Zila\Downloads\BN5212\MIMIC-CXR\p10\p10\p10074282\s51903341\d07f3b0f-98670125-3c08090f-cf677f56-5dd75cd4.dcm,not_mentioned,not_mentioned,negative,not_mentioned,negative
10074282,55129139,val,C:\Users\Zila\Downloads\BN5212\MIMIC-CXR\p10\p10\p10074282\s55129139\0216ee47-5dafe7fd-bcfafcb6-2237e92c-01ce62cf.dcm,uncertain,not_mentioned,not_mentioned,negative,not_mentioned
10074282,56730462,val,C:\Users\Zila\Downloads\BN5212\MIMIC-CXR\p10\p10\p10074282\s56730462\3746bdaa-b5ec9b36-0824047a-74af43e8-6d1e9b1c.dcm,positive,not_mentioned,not_mentioned,uncertain,not_mentioned
10074282,51450408,val,C:\Users\Zila\Downloads\BN5212\MIMIC-CXR\p10\p10\p10074282\s51450408\eb237235-0f583405-9fc28201-bec6bf82-4f28db08.dcm,not_mentioned,uncertain,positive,not_mentioned,positive
10074321,52215958,test,C:\Users\Zila\Downloads\BN5212\MIMIC-CXR\p10\p10\p10074321\s52215958\b6a8e5e2-82c28a3c-a79ea7de-1b7f02a0-d21a8ba2.dcm,negative,not_mentioned,not_mentioned,not_mentioned,not_mentioned
10074321,53894176,test,C:\Users\Zila\Downloads\BN5212\MIMIC-CXR\p10\p10\p10074321\s53894176\e7471aba-25ba3e59-5266864d-aaebb2b1-098a8e95.dcm,negative,not_mentioned,not_mentioned,not_mentioned,not_mentioned
10074323,52846390,val,C:\Users\Zila\Downloads\BN5212\MIMIC-CXR\p10\p10\p10074323\s52846390\c1713348-b07d871f-71b83d1e-1c147be4-c09d9743.dcm,negative,not_mentioned,not_mentioned,not_mentioned,not_mentioned
10074323,57695149,val,C:\Users\Zila\Downloads\BN5212\MIMIC-CXR\p10\p10\p10074323\s57695149\f85db56c-b08924cc-6776b39b-2765f379-13e29682.dcm,not_mentioned,not_mentioned,not_mentioned,not_mentioned,not_mentioned
10074323,54031601,val,C:\Users\Zila\Downloads\BN5212\MIMIC-CXR\p10\p10\p10074323\s54031601\8dca0436-0d60d266-4680b350-1c206427-6205fb38.dcm,not_mentioned,positive,not_mentioned,negative,not_mentioned
10074434,51649373,train,C:\Users\Zila\Downloads\BN5212\MIMIC-CXR\p10\p10\p10074434\s51649373\b91e3d1c-ede522d8-a723f272-1e50cadb-7a98665e.dcm,not_mentioned,positive,not_mentioned,negative,not_mentioned
10074434,50250623,train,C:\Users\Zila\Downloads\BN5212\MIMIC-CXR\p10\p10\p10074434\s50250623\25a2437f-606001b4-f84bcc54-359019bc-bc44039f.dcm,negative,positive,not_mentioned,not_mentioned,not_mentioned
10074434,57980377,train,C:\Users\Zila\Downloads\BN5212\MIMIC-CXR\p10\p10\p10074434\s57980377\892a4da8-e50b49d1-b331571f-0ed1ddb4-de4f6cb1.dcm,negative,positive,not_mentioned,not_mentioned,not_mentioned
10074434,54951608,train,C:\Users\Zila\Downloads\BN5212\MIMIC-CXR\p10\p10\p10074434\s54951608\fd70ad90-cb177090-f58bb7f5-eb67c255-82cecb49.dcm,negative,not_mentioned,not_mentioned,not_mentioned,not_mentioned
10074556,53079175,train,C:\Users\Zila\Downloads\BN5212\MIMIC-CXR\p10\p10\p10074556\s53079175\2d3eca8f-b19b9efc-8ef52d13-c8f0fb38-2d3e5561.dcm,not_mentioned,not_mentioned,negative,negative,negative
10074556,58430962,train,C:\Users\Zila\Downloads\BN5212\MIMIC-CXR\p10\p10\p10074556\s58430962\63482f2a-dcfcbc29-a2960d55-e562775b-c8af2dec.dcm,not_mentioned,not_mentioned,not_mentioned,not_mentioned,not_mentioned
10074556,52583306,train,C:\Users\Zila\Downloads\BN5212\MIMIC-CXR\p10\p10\p10074556\s52583306\40dd3ece-686ff12e-97ee2dfc-f1ab9df8-35bc6a31.dcm,positive,not_mentioned,not_mentioned,not_mentioned,not_mentioned
10074556,52494638,train,C:\Users\Zila\Downloads\BN5212\MIMIC-CXR\p10\p10\p10074556\s52494638\7c21c774-371a4306-6abe8fd9-46aa020b-0e7791ea.dcm,negative,not_mentioned,negative,not_mentioned,negative
10074556,58876517,train,C:\Users\Zila\Downloads\BN5212\MIMIC-CXR\p10\p10\p10074556\s58876517\c2685644-ed69b33b-78731649-cc35c6fc-df8802bf.dcm,positive,not_mentioned,negative,negative,negative
10074908,53916595,train,C:\Users\Zila\Downloads\BN5212\MIMIC-CXR\p10\p10\p10074908\s53916595\1ad00e0e-093a8faa-b1502156-a6bb2214-011c84b2.dcm,not_mentioned,not_mentioned,not_mentioned,not_mentioned,not_mentioned
10074908,52439886,train,C:\Users\Zila\Downloads\BN5212\MIMIC-CXR\p10\p10\p10074908\s52439886\4b14b0a1-a695cc47-b0c4e1d0-d7b97830-1266233b.dcm,not_mentioned,not_mentioned,not_mentioned,not_mentioned,not_mentioned
10074908,53728997,train,C:\Users\Zila\Downloads\BN5212\MIMIC-CXR\p10\p10\p10074908\s53728997\7e2d78fc-4fde9bc6-366f0736-c7ed7ae1-fa1b70d5.dcm,not_mentioned,not_mentioned,not_mentioned,not_mentioned,not_mentioned
10074908,51534562,train,C:\Users\Zila\Downloads\BN5212\MIMIC-CXR\p10\p10\p10074908\s51534562\2db8365a-678c1d98-4c6e9b7b-3eb4c8f2-ed6976a9.dcm,negative,not_mentioned,not_mentioned,negative,not_mentioned
10076144,51491771,train,C:\Users\Zila\Downloads\BN5212\MIMIC-CXR\p10\p10\p10076144\s51491771\cf3a030c-d70a83ad-7938553c-77be83bd-4537bdd2.dcm,not_mentioned,not_mentioned,not_mentioned,negative,not_mentioned
10076144,54873685,train,C:\Users\Zila\Downloads\BN5212\MIMIC-CXR\p10\p10\p10076144\s54873685\bdecf6c9-ca5d25c6-73cb6321-8af938c8-c4a19047.dcm,negative,not_mentioned,not_mentioned,not_mentioned,not_mentioned
10076144,58535769,train,C:\Users\Zila\Downloads\BN5212\MIMIC-CXR\p10\p10\p10076144\s58535769\ea39425f-d026f1d2-79a09ed8-aefc236f-e6529c55.dcm,negative,not_mentioned,not_mentioned,not_mentioned,not_mentioned
10076263,56942596,train,C:\Users\Zila\Downloads\BN5212\MIMIC-CXR\p10\p10\p10076263\s56942596\12b78f59-81cfe98f-a0df8721-1e104a26-55a74554.dcm,not_mentioned,not_mentioned,not_mentioned,not_mentioned,not_mentioned
10076263,58170135,train,C:\Users\Zila\Downloads\BN5212\MIMIC-CXR\p10\p10\p10076263\s58170135\c55c9409-f2aa4801-d0b2afce-651416a8-a1217a3a.dcm,negative,not_mentioned,not_mentioned,not_mentioned,not_mentioned
10076263,51723085,train,C:\Users\Zila\Downloads\BN5212\MIMIC-CXR\p10\p10\p10076263\s51723085\21f84dfd-b2ee95ab-03244ff2-92830b65-f3f5f7e2.dcm,negative,not_mentioned,not_mentioned,not_mentioned,not_mentioned
10076263,58861262,train,C:\Users\Zila\Downloads\BN5212\MIMIC-CXR\p10\p10\p10076263\s58861262\143512aa-bf61a3f4-99bc5403-50246a35-7e2f1670.dcm,negative,not_mentioned,not_mentioned,not_mentioned,not_mentioned
10076526,50896827,train,C:\Users\Zila\Downloads\BN5212\MIMIC-CXR\p10\p10\p10076526\s50896827\8953bd76-df36ec98-f88d527c-2382ef85-17b7c015.dcm,not_mentioned,not_mentioned,positive,uncertain,positive
10076526,50032808,train,C:\Users\Zila\Downloads\BN5212\MIMIC-CXR\p10\p10\p10076526\s50032808\44907ee3-c0ff8a2e-d203fe29-365d7340-6a21dec6.dcm,not_mentioned,not_mentioned,positive,positive,positive
10076526,54021960,train,C:\Users\Zila\Downloads\BN5212\MIMIC-CXR\p10\p10\p10076526\s54021960\a97150c5-f408fb98-e082a3ac-dc327aac-7b5a9230.dcm,negative,not_mentioned,positive,not_mentioned,not_mentioned
10076526,56817357,train,C:\Users\Zila\Downloads\BN5212\MIMIC-CXR\p10\p10\p10076526\s56817357\a9056c38-38d0ec50-804fa9bb-ccda26fa-7658a3c4.dcm,not_mentioned,not_mentioned,not_mentioned,not_mentioned,not_mentioned
10076526,54880968,train,C:\Users\Zila\Downloads\BN5212\MIMIC-CXR\p10\p10\p10076526\s54880968\40c7c04e-abfd0ddb-8b54da20-c64a3f3d-243483df.dcm,not_mentioned,not_mentioned,not_mentioned,not_mentioned,not_mentioned
10076526,53465958,train,C:\Users\Zila\Downloads\BN5212\MIMIC-CXR\p10\p10\p10076526\s53465958\8267c783-a060c8eb-5555d11c-f2c358e7-56b394b9.dcm,not_mentioned,not_mentioned,not_mentioned,not_mentioned,not_mentioned
10076526,59199952,train,C:\Users\Zila\Downloads\BN5212\MIMIC-CXR\p10\p10\p10076526\s59199952\4a2d9d8c-205ac898-29948077-fe0683cb-0a6f51f9.dcm,not_mentioned,not_mentioned,not_mentioned,positive,not_mentioned
10076617,54989308,train,C:\Users\Zila\Downloads\BN5212\MIMIC-CXR\p10\p10\p10076617\s54989308\6d4350df-5bf1bd05-008598c1-5203cd88-3a9e9557.dcm,negative,not_mentioned,not_mentioned,not_mentioned,not_mentioned
10076617,52909336,train,C:\Users\Zila\Downloads\BN5212\MIMIC-CXR\p10\p10\p10076617\s52909336\c2ff678f-bb870bef-625ab7d0-dbb9e1fb-52db8967.dcm,not_mentioned,not_mentioned,not_mentioned,not_mentioned,not_mentioned
10076617,54255555,train,C:\Users\Zila\Downloads\BN5212\MIMIC-CXR\p10\p10\p10076617\s54255555\44bcb6ab-89591baf-865aa718-d6380e79-3be79958.dcm,not_mentioned,not_mentioned,negative,not_mentioned,not_mentioned
10076617,57107231,train,C:\Users\Zila\Downloads\BN5212\MIMIC-CXR\p10\p10\p10076617\s57107231\f2967392-a7b78135-b0d670ce-7f009edb-ecec7a2b.dcm,negative,not_mentioned,positive,not_mentioned,positive
10076617,58890733,train,C:\Users\Zila\Downloads\BN5212\MIMIC-CXR\p10\p10\p10076617\s58890733\b778b2ff-08bbbbde-1d40fcf0-f56b4570-98b02c94.dcm,negative,not_mentioned,positive,not_mentioned,positive
10076958,54475823,train,C:\Users\Zila\Downloads\BN5212\MIMIC-CXR\p10\p10\p10076958\s54475823\c49c5104-511230b5-f0a504be-a122ecf7-7c034bcf.dcm,not_mentioned,not_mentioned,negative,not_mentioned,not_mentioned
10076958,52985900,train,C:\Users\Zila\Downloads\BN5212\MIMIC-CXR\p10\p10\p10076958\s52985900\5c712f74-4bd54ab5-e51e78ab-71a9d0bb-2f0670aa.dcm,not_mentioned,not_mentioned,not_mentioned,not_mentioned,not_mentioned
10076958,51089814,train,C:\Users\Zila\Downloads\BN5212\MIMIC-CXR\p10\p10\p10076958\s51089814\9e3fe8c3-bb077c34-34dcaad3-9e719ae3-ae7856e5.dcm,not_mentioned,not_mentioned,not_mentioned,not_mentioned,not_mentioned
10076958,51200380,train,C:\Users\Zila\Downloads\BN5212\MIMIC-CXR\p10\p10\p10076958\s51200380\55e840d3-2cd0767c-caf456ea-24fee47a-72e2099c.dcm,not_mentioned,not_mentioned,positive,not_mentioned,positive
10076958,51642095,train,C:\Users\Zila\Downloads\BN5212\MIMIC-CXR\p10\p10\p10076958\s51642095\b1a39552-4d55380d-4027d64c-42846801-939253ab.dcm,not_mentioned,not_mentioned,negative,not_mentioned,negative
10076958,55255863,train,C:\Users\Zila\Downloads\BN5212\MIMIC-CXR\p10\p10\p10076958\s55255863\e086dce4-75a03c24-c5480397-9863aaa8-79c515d8.dcm,not_mentioned,not_mentioned,not_mentioned,not_mentioned,not_mentioned
10076958,51036150,train,C:\Users\Zila\Downloads\BN5212\MIMIC-CXR\p10\p10\p10076958\s51036150\a88d7da8-f0b93f97-0136547b-78e70452-96abc57c.dcm,positive,not_mentioned,not_mentioned,not_mentioned,not_mentioned
10076958,51811757,train,C:\Users\Zila\Downloads\BN5212\MIMIC-CXR\p10\p10\p10076958\s51811757\73783dcb-2826a2f9-5b115187-65cf5d6c-2fddf076.dcm,not_mentioned,not_mentioned,not_mentioned,not_mentioned,not_mentioned
10076958,51809334,train,C:\Users\Zila\Downloads\BN5212\MIMIC-CXR\p10\p10\p10076958\s51809334\e958c61d-794ba713-f9505e46-2cbd18c1-233c218d.dcm,not_mentioned,not_mentioned,negative,not_mentioned,negative
10076958,54933716,train,C:\Users\Zila\Downloads\BN5212\MIMIC-CXR\p10\p10\p10076958\s54933716\3e26b962-23976504-f8b36faf-77c472e2-9a09fcda.dcm,negative,not_mentioned,not_mentioned,not_mentioned,not_mentioned
10076958,53544303,train,C:\Users\Zila\Downloads\BN5212\MIMIC-CXR\p10\p10\p10076958\s53544303\1f97b96b-69878b5b-5249058c-d3c21c25-ab8d33f7.dcm,not_mentioned,not_mentioned,not_mentioned,not_mentioned,not_mentioned
10076958,59464308,train,C:\Users\Zila\Downloads\BN5212\MIMIC-CXR\p10\p10\p10076958\s59464308\b9ed4c61-cba55316-5b756cc9-7caffa66-b50286ea.dcm,not_mentioned,not_mentioned,not_mentioned,not_mentioned,not_mentioned
10076958,51801244,train,C:\Users\Zila\Downloads\BN5212\MIMIC-CXR\p10\p10\p10076958\s51801244\ebb85e5a-6a1291e6-f9d6661e-da13bab4-772f8700.dcm,negative,not_mentioned,not_mentioned,not_mentioned,not_mentioned
10076958,59006685,train,C:\Users\Zila\Downloads\BN5212\MIMIC-CXR\p10\p10\p10076958\s59006685\6add7334-6375cdce-c02bc1e6-5caee544-d36fda4a.dcm,negative,not_mentioned,not_mentioned,not_mentioned,not_mentioned
10076958,51098622,train,C:\Users\Zila\Downloads\BN5212\MIMIC-CXR\p10\p10\p10076958\s51098622\2a20971f-e21cce85-f829ffc5-0088916b-503fc6f0.dcm,negative,not_mentioned,not_mentioned,negative,not_mentioned
10076958,50435166,train,C:\Users\Zila\Downloads\BN5212\MIMIC-CXR\p10\p10\p10076958\s50435166\0a724aa6-684b4d9d-8913093e-be130c21-8d0f9402.dcm,not_mentioned,not_mentioned,not_mentioned,not_mentioned,not_mentioned
10076958,55095408,train,C:\Users\Zila\Downloads\BN5212\MIMIC-CXR\p10\p10\p10076958\s55095408\97ba4dfb-872987db-5c5ef0fd-ba964d07-f7d70bba.dcm,not_mentioned,not_mentioned,not_mentioned,not_mentioned,not_mentioned
10076958,58152647,train,C:\Users\Zila\Downloads\BN5212\MIMIC-CXR\p10\p10\p10076958\s58152647\76e935a6-9670a590-89ba2565-2f86da5d-e103decd.dcm,negative,not_mentioned,not_mentioned,not_mentioned,not_mentioned
10076958,54880492,train,C:\Users\Zila\Downloads\BN5212\MIMIC-CXR\p10\p10\p10076958\s54880492\7d544818-eecafa8f-deb5c6e9-fd52cb72-f192d219.dcm,not_mentioned,not_mentioned,not_mentioned,not_mentioned,not_mentioned
10076958,56409487,train,C:\Users\Zila\Downloads\BN5212\MIMIC-CXR\p10\p10\p10076958\s56409487\a9e6a5e3-c3539281-de264384-75e14a99-b8d02b2d.dcm,not_mentioned,not_mentioned,not_mentioned,negative,not_mentioned
10076958,50003651,train,C:\Users\Zila\Downloads\BN5212\MIMIC-CXR\p10\p10\p10076958\s50003651\b9a77484-2a4808d1-81f6a2ed-ab8a7fca-0c0cb2cc.dcm,negative,not_mentioned,not_mentioned,not_mentioned,not_mentioned
10076958,54746884,train,C:\Users\Zila\Downloads\BN5212\MIMIC-CXR\p10\p10\p10076958\s54746884\c9fc47ac-f70a26a1-283f122a-6b4ecd62-77fd3bb9.dcm,not_mentioned,not_mentioned,positive,not_mentioned,positive
10076958,59518886,train,C:\Users\Zila\Downloads\BN5212\MIMIC-CXR\p10\p10\p10076958\s59518886\4e42cc2b-ee3276d7-05f31684-cde135f9-d62e3103.dcm,not_mentioned,not_mentioned,positive,negative,not_mentioned
10076958,58850885,train,C:\Users\Zila\Downloads\BN5212\MIMIC-CXR\p10\p10\p10076958\s58850885\23d63190-b156caf4-71116945-79d53a00-3e2373c6.dcm,not_mentioned,not_mentioned,not_mentioned,not_mentioned,not_mentioned
10076958,55579609,train,C:\Users\Zila\Downloads\BN5212\MIMIC-CXR\p10\p10\p10076958\s55579609\758bf7e4-e413b588-e12c8fdf-e634371e-185b2111.dcm,not_mentioned,not_mentioned,not_mentioned,not_mentioned,not_mentioned
10076958,59180098,train,C:\Users\Zila\Downloads\BN5212\MIMIC-CXR\p10\p10\p10076958\s59180098\66c6405c-b1bb1e2d-6537a336-ad5723ef-5fc758c5.dcm,negative,not_mentioned,not_mentioned,not_mentioned,not_mentioned
10076958,51561578,train,C:\Users\Zila\Downloads\BN5212\MIMIC-CXR\p10\p10\p10076958\s51561578\fee29e8d-89897e84-44d689a6-2522d7e1-9d19662e.dcm,negative,not_mentioned,not_mentioned,not_mentioned,not_mentioned
10076958,51916780,train,C:\Users\Zila\Downloads\BN5212\MIMIC-CXR\p10\p10\p10076958\s51916780\6f7064ff-487f8091-363eadf0-3fa809a8-e02fe8b0.dcm,not_mentioned,not_mentioned,positive,positive,not_mentioned
10076958,52410795,train,C:\Users\Zila\Downloads\BN5212\MIMIC-CXR\p10\p10\p10076958\s52410795\36373235-f6c52e90-8ec896e7-1bdf992a-8d88fe00.dcm,not_mentioned,not_mentioned,not_mentioned,not_mentioned,not_mentioned
10077298,54371773,train,C:\Users\Zila\Downloads\BN5212\MIMIC-CXR\p10\p10\p10077298\s54371773\5524644f-ebac323d-04099638-9bc0571d-120a5165.dcm,negative,not_mentioned,not_mentioned,not_mentioned,not_mentioned
10077298,50389495,train,C:\Users\Zila\Downloads\BN5212\MIMIC-CXR\p10\p10\p10077298\s50389495\a48a71dd-dc7235c3-40824c59-1e19782a-98cf123a.dcm,not_mentioned,not_mentioned,not_mentioned,not_mentioned,not_mentioned
10078072,51097951,train,C:\Users\Zila\Downloads\BN5212\MIMIC-CXR\p10\p10\p10078072\s51097951\e2e8a242-b621b7e5-17ffc912-933b96e8-b8e0b607.dcm,not_mentioned,positive,negative,not_mentioned,negative
10078072,56231772,train,C:\Users\Zila\Downloads\BN5212\MIMIC-CXR\p10\p10\p10078072\s56231772\38660bcc-76bda853-1762bd32-e93d62c0-90a01316.dcm,not_mentioned,not_mentioned,not_mentioned,not_mentioned,not_mentioned
10078072,59824734,train,C:\Users\Zila\Downloads\BN5212\MIMIC-CXR\p10\p10\p10078072\s59824734\6e6a680a-7dc3b896-3911031f-324168a8-af0e2ff7.dcm,not_mentioned,not_mentioned,not_mentioned,not_mentioned,not_mentioned
10078072,51430214,train,C:\Users\Zila\Downloads\BN5212\MIMIC-CXR\p10\p10\p10078072\s51430214\096da118-89da6666-9dbadd3a-9a7c45d3-a3e20d99.dcm,positive,not_mentioned,not_mentioned,not_mentioned,not_mentioned
10078115,51407800,train,C:\Users\Zila\Downloads\BN5212\MIMIC-CXR\p10\p10\p10078115\s51407800\0df67043-e8a8e9e9-cfe7b930-7a7ab9ff-90db4434.dcm,not_mentioned,not_mentioned,negative,not_mentioned,negative
10078115,50377264,train,C:\Users\Zila\Downloads\BN5212\MIMIC-CXR\p10\p10\p10078115\s50377264\a8418a2a-8cb46f5b-ab23bc90-e3c7ec49-f977b744.dcm,not_mentioned,not_mentioned,negative,not_mentioned,negative
10078115,56712964,train,C:\Users\Zila\Downloads\BN5212\MIMIC-CXR\p10\p10\p10078115\s56712964\27831842-54d585dc-7e517ae7-6b5b88ad-9990d003.dcm,not_mentioned,positive,negative,not_mentioned,negative
10078115,52481083,train,C:\Users\Zila\Downloads\BN5212\MIMIC-CXR\p10\p10\p10078115\s52481083\98ac0df8-f7bd2ce5-f1d50e1f-41d7ec7b-7bb731b2.dcm,not_mentioned,not_mentioned,not_mentioned,not_mentioned,not_mentioned
10078115,58448677,train,C:\Users\Zila\Downloads\BN5212\MIMIC-CXR\p10\p10\p10078115\s58448677\c2e88237-cbb12865-651f54ba-b449e44d-789c240b.dcm,negative,not_mentioned,not_mentioned,not_mentioned,not_mentioned
10078115,59562487,train,C:\Users\Zila\Downloads\BN5212\MIMIC-CXR\p10\p10\p10078115\s59562487\990c3e19-8c6b1c30-c742c661-13881513-9abc4143.dcm,not_mentioned,positive,positive,not_mentioned,positive
10078115,52233115,train,C:\Users\Zila\Downloads\BN5212\MIMIC-CXR\p10\p10\p10078115\s52233115\3959680e-4109191a-31a72347-86e19c64-381fb839.dcm,not_mentioned,positive,positive,not_mentioned,positive
10078115,57467562,train,C:\Users\Zila\Downloads\BN5212\MIMIC-CXR\p10\p10\p10078115\s57467562\7ed02d97-b0307e72-d463f01a-40666516-3048de8d.dcm,not_mentioned,positive,not_mentioned,not_mentioned,not_mentioned
10078115,52365458,train,C:\Users\Zila\Downloads\BN5212\MIMIC-CXR\p10\p10\p10078115\s52365458\9804ebe9-94585e59-6a8ad2d7-fc266a94-78fcf349.dcm,not_mentioned,not_mentioned,positive,not_mentioned,not_mentioned
10078115,50922710,train,C:\Users\Zila\Downloads\BN5212\MIMIC-CXR\p10\p10\p10078115\s50922710\702e709e-c3af1cc6-740da237-25948323-dabf6ba4.dcm,not_mentioned,not_mentioned,uncertain,positive,not_mentioned
10078115,59919639,train,C:\Users\Zila\Downloads\BN5212\MIMIC-CXR\p10\p10\p10078115\s59919639\2e1f5217-91030379-a15da57f-65e9a967-7a454407.dcm,not_mentioned,positive,positive,not_mentioned,not_mentioned
10078115,51751845,train,C:\Users\Zila\Downloads\BN5212\MIMIC-CXR\p10\p10\p10078115\s51751845\137a6058-df2efd12-49b21d33-c0131d41-9ae0a3df.dcm,not_mentioned,not_mentioned,not_mentioned,not_mentioned,not_mentioned
10078115,58319102,train,C:\Users\Zila\Downloads\BN5212\MIMIC-CXR\p10\p10\p10078115\s58319102\0226e07a-fa9df123-dc0ac293-1fc1361a-6c332c74.dcm,not_mentioned,positive,not_mentioned,not_mentioned,not_mentioned
10078115,51981600,train,C:\Users\Zila\Downloads\BN5212\MIMIC-CXR\p10\p10\p10078115\s51981600\ca93beeb-51ff6d55-ad032e67-32b9cde8-0bf04394.dcm,positive,positive,negative,positive,negative
10078480,55492778,train,C:\Users\Zila\Downloads\BN5212\MIMIC-CXR\p10\p10\p10078480\s55492778\1a673a51-c63f80b0-8c77a19d-8d675e25-de28b5d7.dcm,negative,not_mentioned,not_mentioned,not_mentioned,not_mentioned
10078480,56955708,train,C:\Users\Zila\Downloads\BN5212\MIMIC-CXR\p10\p10\p10078480\s56955708\e9980145-b3ce0f98-7e100f5e-479ce881-36fbc1e7.dcm,not_mentioned,not_mentioned,not_mentioned,not_mentioned,not_mentioned
10078805,52741797,train,C:\Users\Zila\Downloads\BN5212\MIMIC-CXR\p10\p10\p10078805\s52741797\fd90fdea-f6078759-4b840de9-007a1d7d-a7c63c9c.dcm,not_mentioned,not_mentioned,not_mentioned,not_mentioned,not_mentioned
10078805,57630654,train,C:\Users\Zila\Downloads\BN5212\MIMIC-CXR\p10\p10\p10078805\s57630654\1d8d8910-69cd1e73-ed5f69ce-ffa5e1a8-045546b8.dcm,not_mentioned,not_mentioned,conflicting,not_mentioned,conflicting
10078805,53458039,train,C:\Users\Zila\Downloads\BN5212\MIMIC-CXR\p10\p10\p10078805\s53458039\0eb018ae-b5a5cee9-1028cd0c-68cdb72b-4bc4edd5.dcm,not_mentioned,not_mentioned,positive,not_mentioned,positive
10079117,57518177,train,C:\Users\Zila\Downloads\BN5212\MIMIC-CXR\p10\p10\p10079117\s57518177\95856dd1-5878b5b1-9c104817-760c0122-6187946f.dcm,negative,not_mentioned,not_mentioned,uncertain,not_mentioned
10079117,56816862,train,C:\Users\Zila\Downloads\BN5212\MIMIC-CXR\p10\p10\p10079117\s56816862\a832e8ac-2fbe08a3-ad5e8cf6-4c6f66ef-48ddb1b8.dcm,negative,not_mentioned,not_mentioned,not_mentioned,not_mentioned
10079290,56735314,train,C:\Users\Zila\Downloads\BN5212\MIMIC-CXR\p10\p10\p10079290\s56735314\0d2731a0-9ae8ed06-bedacf38-17052363-62c160b9.dcm,negative,not_mentioned,not_mentioned,positive,not_mentioned
10079290,50949300,train,C:\Users\Zila\Downloads\BN5212\MIMIC-CXR\p10\p10\p10079290\s50949300\8b5c5109-f1b3ddb1-97a43d1d-30f66c14-492b5a51.dcm,not_mentioned,not_mentioned,not_mentioned,not_mentioned,not_mentioned
10079467,53311005,val,C:\Users\Zila\Downloads\BN5212\MIMIC-CXR\p10\p10\p10079467\s53311005\56da553e-d5684838-61ba80a1-b9cff935-c80cc858.dcm,negative,not_mentioned,not_mentioned,not_mentioned,not_mentioned
10079467,56978596,val,C:\Users\Zila\Downloads\BN5212\MIMIC-CXR\p10\p10\p10079467\s56978596\d9dae12e-17741287-693f3c15-4bd9cb85-c0387254.dcm,negative,not_mentioned,not_mentioned,uncertain,not_mentioned
10080421,50488665,train,C:\Users\Zila\Downloads\BN5212\MIMIC-CXR\p10\p10\p10080421\s50488665\6e771bc8-582b4a6c-f855d51f-5d02df2e-91585fb8.dcm,negative,not_mentioned,not_mentioned,negative,not_mentioned
10080421,52735204,train,C:\Users\Zila\Downloads\BN5212\MIMIC-CXR\p10\p10\p10080421\s52735204\894d41eb-639463d3-de70e224-bf33e364-bd7a84e8.dcm,negative,not_mentioned,not_mentioned,negative,not_mentioned
10080443,59351204,train,C:\Users\Zila\Downloads\BN5212\MIMIC-CXR\p10\p10\p10080443\s59351204\474e5489-6f339900-186173d0-6f727c3e-9e15a10d.dcm,negative,not_mentioned,not_mentioned,not_mentioned,not_mentioned
10080695,57985622,val,C:\Users\Zila\Downloads\BN5212\MIMIC-CXR\p10\p10\p10080695\s57985622\3aab18c8-fbdb91ac-8b4ef81c-8468b53d-6d85cfa3.dcm,negative,not_mentioned,not_mentioned,positive,not_mentioned
10080695,52418569,val,C:\Users\Zila\Downloads\BN5212\MIMIC-CXR\p10\p10\p10080695\s52418569\27ee331d-94e74ae4-c035f83f-218f6e5c-60fe09d1.dcm,not_mentioned,not_mentioned,not_mentioned,negative,not_mentioned
10080695,54495391,val,C:\Users\Zila\Downloads\BN5212\MIMIC-CXR\p10\p10\p10080695\s54495391\39812f8d-d91a4fb4-2c13fe2e-88688012-988669ec.dcm,not_mentioned,not_mentioned,not_mentioned,not_mentioned,not_mentioned
10080928,59397987,train,C:\Users\Zila\Downloads\BN5212\MIMIC-CXR\p10\p10\p10080928\s59397987\66b120ca-6583dbae-487431e3-80790639-4ec622c9.dcm,negative,not_mentioned,negative,not_mentioned,negative
10080928,54842185,train,C:\Users\Zila\Downloads\BN5212\MIMIC-CXR\p10\p10\p10080928\s54842185\4fa86a7b-2adef382-cffe8461-128c7789-e1e3bcfa.dcm,negative,not_mentioned,not_mentioned,not_mentioned,not_mentioned
10080928,58142273,train,C:\Users\Zila\Downloads\BN5212\MIMIC-CXR\p10\p10\p10080928\s58142273\c8d08a97-cb43e200-d0edcf18-4ffe0cb0-78f63e87.dcm,not_mentioned,not_mentioned,not_mentioned,positive,not_mentioned
10080928,56145954,train,C:\Users\Zila\Downloads\BN5212\MIMIC-CXR\p10\p10\p10080928\s56145954\3022237e-5c0d4262-69849ae5-58d83a71-5cdda8e7.dcm,negative,not_mentioned,not_mentioned,negative,not_mentioned
10080961,51856852,train,C:\Users\Zila\Downloads\BN5212\MIMIC-CXR\p10\p10\p10080961\s51856852\c651f24c-dd967cbc-6dcaf335-652087cd-4fd37f36.dcm,not_mentioned,not_mentioned,negative,not_mentioned,negative
10080961,58001323,train,C:\Users\Zila\Downloads\BN5212\MIMIC-CXR\p10\p10\p10080961\s58001323\5d3c8282-f81779ea-71d41c9e-9c4308a8-122dbe54.dcm,not_mentioned,not_mentioned,negative,not_mentioned,not_mentioned
10080961,50262495,train,C:\Users\Zila\Downloads\BN5212\MIMIC-CXR\p10\p10\p10080961\s50262495\b1f8d6b4-1d148971-2717dc1f-ca2b9a94-60465b04.dcm,negative,not_mentioned,not_mentioned,not_mentioned,not_mentioned
10080961,55822222,train,C:\Users\Zila\Downloads\BN5212\MIMIC-CXR\p10\p10\p10080961\s55822222\818a4981-4a020385-5eaea232-311be0a0-1852d666.dcm,not_mentioned,not_mentioned,not_mentioned,not_mentioned,not_mentioned
10080961,51592221,train,C:\Users\Zila\Downloads\BN5212\MIMIC-CXR\p10\p10\p10080961\s51592221\a458b266-00adf153-15c34b44-94ade90e-0a5d1249.dcm,negative,not_mentioned,not_mentioned,negative,not_mentioned
10080961,53189887,train,C:\Users\Zila\Downloads\BN5212\MIMIC-CXR\p10\p10\p10080961\s53189887\705b0de8-f95198b7-3879b6c5-7a81e921-85945541.dcm,not_mentioned,not_mentioned,not_mentioned,negative,not_mentioned
10081045,55782574,test,C:\Users\Zila\Downloads\BN5212\MIMIC-CXR\p10\p10\p10081045\s55782574\30a6e204-97075257-99faafcf-7922da44-19215374.dcm,not_mentioned,not_mentioned,not_mentioned,positive,not_mentioned
10081045,58073915,test,C:\Users\Zila\Downloads\BN5212\MIMIC-CXR\p10\p10\p10081045\s58073915\9c51eb0b-940635d8-d1c1ee5d-1ab519f6-3af8521c.dcm,negative,not_mentioned,not_mentioned,negative,not_mentioned
10081245,57174937,train,C:\Users\Zila\Downloads\BN5212\MIMIC-CXR\p10\p10\p10081245\s57174937\820af51c-7126ebdd-6b3f4e25-9693cc42-b1c57e38.dcm,not_mentioned,not_mentioned,not_mentioned,not_mentioned,not_mentioned
10081245,54473166,train,C:\Users\Zila\Downloads\BN5212\MIMIC-CXR\p10\p10\p10081245\s54473166\bdb042d3-75715e17-12501ff9-df1a6cf5-b375e583.dcm,not_mentioned,not_mentioned,not_mentioned,not_mentioned,not_mentioned
10081525,50361595,val,C:\Users\Zila\Downloads\BN5212\MIMIC-CXR\p10\p10\p10081525\s50361595\1f3b64a8-b949b384-8a221d7e-409176ec-5e84932c.dcm,negative,not_mentioned,not_mentioned,not_mentioned,not_mentioned
10081525,57673535,val,C:\Users\Zila\Downloads\BN5212\MIMIC-CXR\p10\p10\p10081525\s57673535\9563beb4-c8873179-fcc5fb18-4f730382-3eaa2704.dcm,negative,not_mentioned,not_mentioned,not_mentioned,not_mentioned
10081525,51427176,val,C:\Users\Zila\Downloads\BN5212\MIMIC-CXR\p10\p10\p10081525\s51427176\b00124ec-4757d786-44045880-67ead38c-c7338137.dcm,positive,not_mentioned,not_mentioned,negative,not_mentioned
10081525,58389005,val,C:\Users\Zila\Downloads\BN5212\MIMIC-CXR\p10\p10\p10081525\s58389005\d8ccd7de-df216d4c-ece59894-de2de25b-e9373ce8.dcm,not_mentioned,not_mentioned,not_mentioned,not_mentioned,not_mentioned
10081525,58356313,val,C:\Users\Zila\Downloads\BN5212\MIMIC-CXR\p10\p10\p10081525\s58356313\691d941a-eddc6e0a-64caa28d-976e7145-fdd9a7fa.dcm,positive,not_mentioned,not_mentioned,not_mentioned,not_mentioned
10081869,50580744,train,C:\Users\Zila\Downloads\BN5212\MIMIC-CXR\p10\p10\p10081869\s50580744\23ba64f7-520da4fc-48f5b55c-47b0c7df-c282d8e7.dcm,not_mentioned,not_mentioned,not_mentioned,not_mentioned,not_mentioned
10081869,51260161,train,C:\Users\Zila\Downloads\BN5212\MIMIC-CXR\p10\p10\p10081869\s51260161\fed4cbb6-326617be-0f822889-34513d84-94d5d8bf.dcm,not_mentioned,not_mentioned,not_mentioned,not_mentioned,not_mentioned
10081869,57027309,train,C:\Users\Zila\Downloads\BN5212\MIMIC-CXR\p10\p10\p10081869\s57027309\10ee2b30-0b53e082-f338332c-cf8cf058-822c5951.dcm,positive,not_mentioned,not_mentioned,not_mentioned,not_mentioned
10081869,59906850,train,C:\Users\Zila\Downloads\BN5212\MIMIC-CXR\p10\p10\p10081869\s59906850\e9c22f4e-4ccf5028-cacb1fdc-aff6bde2-8fed9f33.dcm,not_mentioned,not_mentioned,not_mentioned,not_mentioned,not_mentioned
10081869,50880271,train,C:\Users\Zila\Downloads\BN5212\MIMIC-CXR\p10\p10\p10081869\s50880271\79e27d04-0ff1cc65-6bc0b69f-217087d8-130fbd94.dcm,positive,not_mentioned,not_mentioned,not_mentioned,not_mentioned
10081869,59547400,train,C:\Users\Zila\Downloads\BN5212\MIMIC-CXR\p10\p10\p10081869\s59547400\bc0d086d-a4f995ca-a5ea8835-f06d7be4-412d1928.dcm,negative,not_mentioned,not_mentioned,negative,not_mentioned
10081891,58788499,train,C:\Users\Zila\Downloads\BN5212\MIMIC-CXR\p10\p10\p10081891\s58788499\1661a1dc-ac27300e-9346bb0c-521a42be-94b04774.dcm,not_mentioned,not_mentioned,not_mentioned,negative,not_mentioned
10081891,58454343,train,C:\Users\Zila\Downloads\BN5212\MIMIC-CXR\p10\p10\p10081891\s58454343\371e8689-d0512fe0-553edd0a-6ee7c3f9-e7fd0a8e.dcm,not_mentioned,not_mentioned,negative,not_mentioned,negative
10081891,56639766,train,C:\Users\Zila\Downloads\BN5212\MIMIC-CXR\p10\p10\p10081891\s56639766\3dfdaa3b-a1532010-731d6b5d-0048bac5-731cdd39.dcm,positive,not_mentioned,not_mentioned,not_mentioned,not_mentioned
10082014,52838923,train,C:\Users\Zila\Downloads\BN5212\MIMIC-CXR\p10\p10\p10082014\s52838923\c1d48676-5cc06fef-4592db4b-4fb5241a-38aedc92.dcm,negative,not_mentioned,not_mentioned,not_mentioned,not_mentioned
10082014,50194136,train,C:\Users\Zila\Downloads\BN5212\MIMIC-CXR\p10\p10\p10082014\s50194136\9d44ce7e-0ce1b816-4544d792-4b56a090-9c235f36.dcm,positive,not_mentioned,not_mentioned,positive,not_mentioned
10082014,54602067,train,C:\Users\Zila\Downloads\BN5212\MIMIC-CXR\p10\p10\p10082014\s54602067\e52bc67a-28edd110-31fa2b19-583e9fde-eaf9cc8b.dcm,not_mentioned,not_mentioned,not_mentioned,not_mentioned,not_mentioned
10082014,50397369,train,C:\Users\Zila\Downloads\BN5212\MIMIC-CXR\p10\p10\p10082014\s50397369\bc6d4ae8-c3ceb184-5aa9e896-52deea7a-9b55c166.dcm,not_mentioned,not_mentioned,not_mentioned,not_mentioned,not_mentioned
10082014,54419001,train,C:\Users\Zila\Downloads\BN5212\MIMIC-CXR\p10\p10\p10082014\s54419001\3c902e43-07e9d438-26edf572-96f42406-2fae0702.dcm,not_mentioned,not_mentioned,negative,not_mentioned,negative
10082014,55731615,train,C:\Users\Zila\Downloads\BN5212\MIMIC-CXR\p10\p10\p10082014\s55731615\41a220d3-d5ae747d-bf3bd83f-edf1bcae-7b05fc39.dcm,negative,not_mentioned,not_mentioned,negative,not_mentioned
10082014,59471145,train,C:\Users\Zila\Downloads\BN5212\MIMIC-CXR\p10\p10\p10082014\s59471145\9a74a8a3-06738f9a-84795aff-f15c1fb5-425f2066.dcm,negative,not_mentioned,not_mentioned,negative,not_mentioned
10082014,50316757,train,C:\Users\Zila\Downloads\BN5212\MIMIC-CXR\p10\p10\p10082014\s50316757\9eb7fe2f-66b88db6-2d052606-825fdaa9-c8877924.dcm,not_mentioned,not_mentioned,not_mentioned,not_mentioned,not_mentioned
10082014,54290113,train,C:\Users\Zila\Downloads\BN5212\MIMIC-CXR\p10\p10\p10082014\s54290113\3c8c6a00-26e2f099-9e4eff65-a8001464-feb741ce.dcm,not_mentioned,not_mentioned,negative,uncertain,negative
10082543,52317659,train,C:\Users\Zila\Downloads\BN5212\MIMIC-CXR\p10\p10\p10082543\s52317659\d7c1ee04-4d2ebf3c-7adace6e-f08341f5-3d801a3d.dcm,not_mentioned,not_mentioned,not_mentioned,not_mentioned,not_mentioned
10082543,54115520,train,C:\Users\Zila\Downloads\BN5212\MIMIC-CXR\p10\p10\p10082543\s54115520\23113299-cd341fa5-1d5e8c7e-9ce22077-d7b3870f.dcm,negative,not_mentioned,not_mentioned,negative,not_mentioned
10082560,57681520,train,C:\Users\Zila\Downloads\BN5212\MIMIC-CXR\p10\p10\p10082560\s57681520\4afc16b6-f7f4f96a-cc9dd390-82be025a-6db05c16.dcm,negative,not_mentioned,not_mentioned,negative,not_mentioned
10082560,59221835,train,C:\Users\Zila\Downloads\BN5212\MIMIC-CXR\p10\p10\p10082560\s59221835\9eb7def8-18f007b3-0e8c2713-02853ef7-dd269698.dcm,not_mentioned,not_mentioned,not_mentioned,not_mentioned,not_mentioned
10082560,53715641,train,C:\Users\Zila\Downloads\BN5212\MIMIC-CXR\p10\p10\p10082560\s53715641\407084b3-d45f5796-f95f0db5-4ceb5d72-ea97d4d0.dcm,not_mentioned,not_mentioned,not_mentioned,not_mentioned,not_mentioned
10082560,50563159,train,C:\Users\Zila\Downloads\BN5212\MIMIC-CXR\p10\p10\p10082560\s50563159\be157411-32e52d12-2b471d5b-16ced3d5-3555b9a0.dcm,positive,not_mentioned,positive,not_mentioned,not_mentioned
10082560,59544711,train,C:\Users\Zila\Downloads\BN5212\MIMIC-CXR\p10\p10\p10082560\s59544711\ee080156-d46d0ba4-253e9639-db9b7c14-df266998.dcm,positive,positive,not_mentioned,not_mentioned,not_mentioned
10082560,58667997,train,C:\Users\Zila\Downloads\BN5212\MIMIC-CXR\p10\p10\p10082560\s58667997\8b77d2cc-57b86b4a-f88c0172-9b9249d3-a3a267df.dcm,positive,not_mentioned,not_mentioned,not_mentioned,not_mentioned
10083708,54375938,train,C:\Users\Zila\Downloads\BN5212\MIMIC-CXR\p10\p10\p10083708\s54375938\971e2dda-88a54fec-10462c61-cb1bab09-d12f2e71.dcm,negative,not_mentioned,not_mentioned,not_mentioned,not_mentioned
10083708,58917174,train,C:\Users\Zila\Downloads\BN5212\MIMIC-CXR\p10\p10\p10083708\s58917174\82d18587-a192e954-e5de333d-133cf97a-9f8bd7b8.dcm,not_mentioned,not_mentioned,negative,not_mentioned,not_mentioned
10083754,50779872,train,C:\Users\Zila\Downloads\BN5212\MIMIC-CXR\p10\p10\p10083754\s50779872\fc370aec-0cda1108-a6dee8b5-74d540ef-cdbbb570.dcm,negative,not_mentioned,not_mentioned,negative,not_mentioned
10083754,58316418,train,C:\Users\Zila\Downloads\BN5212\MIMIC-CXR\p10\p10\p10083754\s58316418\daf1d73b-5d970006-61211efe-e08cb8e5-e3fce13d.dcm,negative,not_mentioned,not_mentioned,not_mentioned,not_mentioned
10083754,54841118,train,C:\Users\Zila\Downloads\BN5212\MIMIC-CXR\p10\p10\p10083754\s54841118\981e3309-eaf91685-c988ccec-c1e1c1f6-e68c13e0.dcm,negative,not_mentioned,not_mentioned,negative,not_mentioned
10083754,55837751,train,C:\Users\Zila\Downloads\BN5212\MIMIC-CXR\p10\p10\p10083754\s55837751\3ad4de3f-d53761e5-59d57d44-d26d0b3c-70d61106.dcm,not_mentioned,not_mentioned,not_mentioned,uncertain,not_mentioned
10083754,59125232,train,C:\Users\Zila\Downloads\BN5212\MIMIC-CXR\p10\p10\p10083754\s59125232\46310f4b-d80ba54a-6af22b8c-810f7056-47442bc2.dcm,not_mentioned,not_mentioned,not_mentioned,negative,not_mentioned
10083833,59766637,train,C:\Users\Zila\Downloads\BN5212\MIMIC-CXR\p10\p10\p10083833\s59766637\8ad4512f-06c0b241-ef2e1e18-708c89ac-37ad8160.dcm,not_mentioned,not_mentioned,positive,not_mentioned,positive
10083833,51949859,train,C:\Users\Zila\Downloads\BN5212\MIMIC-CXR\p10\p10\p10083833\s51949859\11517d7d-bf1e56fe-5968d479-655074e8-e84af59f.dcm,not_mentioned,not_mentioned,not_mentioned,not_mentioned,not_mentioned
10084245,57866947,train,C:\Users\Zila\Downloads\BN5212\MIMIC-CXR\p10\p10\p10084245\s57866947\3847e2c9-4f3144b0-3055cd9d-c052e6fa-afcb6f59.dcm,negative,not_mentioned,not_mentioned,not_mentioned,not_mentioned
10084245,57758659,train,C:\Users\Zila\Downloads\BN5212\MIMIC-CXR\p10\p10\p10084245\s57758659\09e9ee3d-ab69b7df-9fc5fe50-b443261e-756d3b3a.dcm,not_mentioned,not_mentioned,not_mentioned,not_mentioned,not_mentioned
10084454,54342243,train,C:\Users\Zila\Downloads\BN5212\MIMIC-CXR\p10\p10\p10084454\s54342243\8617ec9e-64380411-873f4ead-cde01dbf-71875faf.dcm,negative,positive,not_mentioned,not_mentioned,not_mentioned
10084454,55952795,train,C:\Users\Zila\Downloads\BN5212\MIMIC-CXR\p10\p10\p10084454\s55952795\6739d0bb-d378c551-0833696c-a5e0fd77-0dc4713e.dcm,negative,not_mentioned,not_mentioned,not_mentioned,not_mentioned
10086390,52262699,train,C:\Users\Zila\Downloads\BN5212\MIMIC-CXR\p10\p10\p10086390\s52262699\3c444ac7-52f26910-b194c6dc-1b887398-4df0ee2f.dcm,not_mentioned,not_mentioned,not_mentioned,negative,not_mentioned
10086390,54232849,train,C:\Users\Zila\Downloads\BN5212\MIMIC-CXR\p10\p10\p10086390\s54232849\b2418695-ff8dac80-4d40a7c4-58b6ce0a-28dc06fb.dcm,positive,not_mentioned,not_mentioned,uncertain,not_mentioned
10086390,54143095,train,C:\Users\Zila\Downloads\BN5212\MIMIC-CXR\p10\p10\p10086390\s54143095\efa63e72-88892d3f-cc6b3ec6-ee1d80df-661d193a.dcm,positive,not_mentioned,not_mentioned,not_mentioned,not_mentioned
10087588,56862893,train,C:\Users\Zila\Downloads\BN5212\MIMIC-CXR\p10\p10\p10087588\s56862893\ddc1ec76-2b604754-bccbac98-2edfd179-c8515e42.dcm,negative,not_mentioned,not_mentioned,not_mentioned,not_mentioned
10087588,52746329,train,C:\Users\Zila\Downloads\BN5212\MIMIC-CXR\p10\p10\p10087588\s52746329\eed3fffb-f831dd0f-20bac023-f2e3629b-05fb020b.dcm,not_mentioned,not_mentioned,not_mentioned,not_mentioned,not_mentioned
10087922,56799383,val,C:\Users\Zila\Downloads\BN5212\MIMIC-CXR\p10\p10\p10087922\s56799383\ebf6de4e-d685d71a-9b8fe11a-a6ab0ebc-de31e4b9.dcm,not_mentioned,not_mentioned,not_mentioned,negative,not_mentioned
10087922,54382419,val,C:\Users\Zila\Downloads\BN5212\MIMIC-CXR\p10\p10\p10087922\s54382419\807134de-3066d31b-a43ef1cb-ca60a59b-be01f879.dcm,negative,not_mentioned,not_mentioned,not_mentioned,not_mentioned
10087922,52581906,val,C:\Users\Zila\Downloads\BN5212\MIMIC-CXR\p10\p10\p10087922\s52581906\2d904b0e-e091a0cc-45fcc474-5c0be105-ef7a7612.dcm,not_mentioned,not_mentioned,negative,negative,not_mentioned
10087922,53253214,val,C:\Users\Zila\Downloads\BN5212\MIMIC-CXR\p10\p10\p10087922\s53253214\63617239-d6ae5a70-271fc1b5-69569d16-788ff527.dcm,not_mentioned,not_mentioned,not_mentioned,not_mentioned,not_mentioned
10088198,51973224,test,C:\Users\Zila\Downloads\BN5212\MIMIC-CXR\p10\p10\p10088198\s51973224\6a5fa9c7-3de09d14-ee600958-e168d4aa-1cfc6d9e.dcm,not_mentioned,not_mentioned,not_mentioned,not_mentioned,not_mentioned
10088198,59061144,test,C:\Users\Zila\Downloads\BN5212\MIMIC-CXR\p10\p10\p10088198\s59061144\1a5df1b1-d8461349-0403a197-c3da8f91-c6fa03ab.dcm,negative,not_mentioned,not_mentioned,negative,not_mentioned
10088198,56308459,test,C:\Users\Zila\Downloads\BN5212\MIMIC-CXR\p10\p10\p10088198\s56308459\c38a9712-0d3dd1ed-a9de5807-7c337096-3548e283.dcm,not_mentioned,not_mentioned,not_mentioned,not_mentioned,not_mentioned
10088198,58224105,test,C:\Users\Zila\Downloads\BN5212\MIMIC-CXR\p10\p10\p10088198\s58224105\d1c79a97-d3ddc7c8-ed492c2e-a6e16257-53d558ed.dcm,positive,not_mentioned,not_mentioned,not_mentioned,not_mentioned
10088198,55536724,test,C:\Users\Zila\Downloads\BN5212\MIMIC-CXR\p10\p10\p10088198\s55536724\0179407d-0928478c-d6d8014a-59a50b89-cdc9edc5.dcm,not_mentioned,not_mentioned,negative,not_mentioned,negative
10088198,58202293,test,C:\Users\Zila\Downloads\BN5212\MIMIC-CXR\p10\p10\p10088198\s58202293\44381d0c-277b6338-d47b5007-18576ce9-3cdbdb48.dcm,not_mentioned,not_mentioned,negative,not_mentioned,negative
10088198,59707692,test,C:\Users\Zila\Downloads\BN5212\MIMIC-CXR\p10\p10\p10088198\s59707692\3f0b2fca-4067e134-7f5a98e5-1a7c7575-48d136e4.dcm,not_mentioned,not_mentioned,not_mentioned,not_mentioned,not_mentioned
10088198,53585599,test,C:\Users\Zila\Downloads\BN5212\MIMIC-CXR\p10\p10\p10088198\s53585599\46a8e04e-7a461f65-7a990775-c07a8410-eda59c12.dcm,not_mentioned,not_mentioned,not_mentioned,not_mentioned,not_mentioned
10088198,57430622,test,C:\Users\Zila\Downloads\BN5212\MIMIC-CXR\p10\p10\p10088198\s57430622\44f5aaed-961c8734-41546e4a-ae1b2c9a-21a6ce08.dcm,positive,not_mentioned,not_mentioned,not_mentioned,not_mentioned
10088198,53688200,test,C:\Users\Zila\Downloads\BN5212\MIMIC-CXR\p10\p10\p10088198\s53688200\462cc6dc-c1040e66-84c341fd-d252466b-f4b276d6.dcm,not_mentioned,not_mentioned,positive,not_mentioned,positive
10088198,56778882,test,C:\Users\Zila\Downloads\BN5212\MIMIC-CXR\p10\p10\p10088198\s56778882\b8a9cb8a-e4ddec58-46a74eb8-b4dc9283-3d3a4090.dcm,not_mentioned,not_mentioned,negative,not_mentioned,negative
10088198,52464111,test,C:\Users\Zila\Downloads\BN5212\MIMIC-CXR\p10\p10\p10088198\s52464111\4e17b585-d487d064-04337cd7-a219bb27-5ed641d7.dcm,not_mentioned,not_mentioned,not_mentioned,not_mentioned,not_mentioned
10088198,50446121,test,C:\Users\Zila\Downloads\BN5212\MIMIC-CXR\p10\p10\p10088198\s50446121\9f512f19-8b023471-651742df-4d505c66-d9bcb096.dcm,not_mentioned,positive,not_mentioned,negative,not_mentioned
10088355,51354795,val,C:\Users\Zila\Downloads\BN5212\MIMIC-CXR\p10\p10\p10088355\s51354795\acf9b03d-686fdfe1-88ebe742-71c23d89-34d90060.dcm,not_mentioned,not_mentioned,not_mentioned,not_mentioned,not_mentioned
10088355,59938935,val,C:\Users\Zila\Downloads\BN5212\MIMIC-CXR\p10\p10\p10088355\s59938935\ad778a69-9a86bf45-ebd89142-fddf42a1-e38b7823.dcm,negative,not_mentioned,not_mentioned,not_mentioned,not_mentioned
10088669,54959574,train,C:\Users\Zila\Downloads\BN5212\MIMIC-CXR\p10\p10\p10088669\s54959574\f22aa140-f3af469e-30bf0149-a2379c52-ef2b4da5.dcm,negative,not_mentioned,not_mentioned,not_mentioned,not_mentioned
10088669,56400029,train,C:\Users\Zila\Downloads\BN5212\MIMIC-CXR\p10\p10\p10088669\s56400029\6f772cdf-433d24a1-65b84b73-7f81b4aa-4c626b37.dcm,negative,not_mentioned,not_mentioned,not_mentioned,not_mentioned
10088669,57194095,train,C:\Users\Zila\Downloads\BN5212\MIMIC-CXR\p10\p10\p10088669\s57194095\f9ed00e1-1ff24595-61a4734e-4e5f78ff-b3138cbd.dcm,negative,not_mentioned,not_mentioned,not_mentioned,not_mentioned
10088669,54662291,train,C:\Users\Zila\Downloads\BN5212\MIMIC-CXR\p10\p10\p10088669\s54662291\78deb463-d71515ff-678b3db6-1824fd9c-e74616f4.dcm,not_mentioned,not_mentioned,not_mentioned,not_mentioned,not_mentioned
10088799,54800083,train,C:\Users\Zila\Downloads\BN5212\MIMIC-CXR\p10\p10\p10088799\s54800083\be1760e8-615dd7ce-b4b32252-64bf90db-59699110.dcm,not_mentioned,not_mentioned,not_mentioned,positive,not_mentioned
10088799,56288685,train,C:\Users\Zila\Downloads\BN5212\MIMIC-CXR\p10\p10\p10088799\s56288685\bd4b846c-419716c5-332e5939-0a812c46-cdad8fde.dcm,positive,not_mentioned,negative,not_mentioned,negative
10088799,58205745,train,C:\Users\Zila\Downloads\BN5212\MIMIC-CXR\p10\p10\p10088799\s58205745\45a093da-e6f2669e-4e10a4f9-06057511-6308e951.dcm,not_mentioned,not_mentioned,negative,negative,negative
10088966,56754337,train,C:\Users\Zila\Downloads\BN5212\MIMIC-CXR\p10\p10\p10088966\s56754337\102f8651-5c1be1bf-76bd6b98-9570814c-055f7a9d.dcm,negative,not_mentioned,not_mentioned,not_mentioned,not_mentioned
10088966,56032947,train,C:\Users\Zila\Downloads\BN5212\MIMIC-CXR\p10\p10\p10088966\s56032947\ee08ec1c-18549e04-783e1f9d-64adf267-8f77232f.dcm,not_mentioned,positive,positive,negative,positive
10088966,59946493,train,C:\Users\Zila\Downloads\BN5212\MIMIC-CXR\p10\p10\p10088966\s59946493\5293bf11-05b45f1b-608082b1-7f847842-a714c8dd.dcm,not_mentioned,positive,positive,positive,positive
10088966,50101208,train,C:\Users\Zila\Downloads\BN5212\MIMIC-CXR\p10\p10\p10088966\s50101208\ffa6d96f-fcd86700-3b9f63f3-8eef4b9e-c581945c.dcm,not_mentioned,not_mentioned,not_mentioned,not_mentioned,not_mentioned
10088966,50069691,train,C:\Users\Zila\Downloads\BN5212\MIMIC-CXR\p10\p10\p10088966\s50069691\274b9f9d-cbe652dc-cb1c467c-6d049dc9-359821de.dcm,not_mentioned,not_mentioned,positive,not_mentioned,positive
10088966,59763427,train,C:\Users\Zila\Downloads\BN5212\MIMIC-CXR\p10\p10\p10088966\s59763427\a4c66984-f8b0e90a-539bada4-12e8d771-50b3fd41.dcm,not_mentioned,not_mentioned,not_mentioned,negative,not_mentioned
10088966,51792934,train,C:\Users\Zila\Downloads\BN5212\MIMIC-CXR\p10\p10\p10088966\s51792934\653a7708-8a3e4ccb-087154d9-97cba2d7-3b3184db.dcm,negative,not_mentioned,not_mentioned,not_mentioned,not_mentioned
10088966,54520029,train,C:\Users\Zila\Downloads\BN5212\MIMIC-CXR\p10\p10\p10088966\s54520029\37e43dbf-ee04ac48-c3a6f163-934efb17-7a171f5c.dcm,negative,positive,negative,not_mentioned,negative
10089085,56549243,test,C:\Users\Zila\Downloads\BN5212\MIMIC-CXR\p10\p10\p10089085\s56549243\f5f2379d-f8207098-e70c6abc-c8e37d48-159954aa.dcm,not_mentioned,not_mentioned,not_mentioned,not_mentioned,not_mentioned
10089085,50062404,test,C:\Users\Zila\Downloads\BN5212\MIMIC-CXR\p10\p10\p10089085\s50062404\bccc44ac-fe745d6f-169973df-f3cb0c0b-ebc9bb5b.dcm,not_mentioned,not_mentioned,not_mentioned,not_mentioned,not_mentioned
10089085,58850651,test,C:\Users\Zila\Downloads\BN5212\MIMIC-CXR\p10\p10\p10089085\s58850651\8c252ffc-9f301e95-fd69be38-8f41bbdc-223435f5.dcm,not_mentioned,not_mentioned,not_mentioned,not_mentioned,not_mentioned
10089085,56214736,test,C:\Users\Zila\Downloads\BN5212\MIMIC-CXR\p10\p10\p10089085\s56214736\f14c477d-e50c93ea-9e01b3fd-7fba1f32-d075adf6.dcm,positive,not_mentioned,not_mentioned,not_mentioned,not_mentioned
10089085,56364174,test,C:\Users\Zila\Downloads\BN5212\MIMIC-CXR\p10\p10\p10089085\s56364174\00e55019-45ba2cfc-4a001f73-4ec36262-71cf86ad.dcm,positive,not_mentioned,not_mentioned,not_mentioned,not_mentioned
10089085,56298512,test,C:\Users\Zila\Downloads\BN5212\MIMIC-CXR\p10\p10\p10089085\s56298512\5969144b-e6e3fdd9-83cf6dd5-5832655c-f7faaa2c.dcm,not_mentioned,not_mentioned,not_mentioned,not_mentioned,not_mentioned
10089085,56314113,test,C:\Users\Zila\Downloads\BN5212\MIMIC-CXR\p10\p10\p10089085\s56314113\33cc7b40-f8023278-830aca8b-5c740a0a-97671d0b.dcm,not_mentioned,positive,not_mentioned,not_mentioned,not_mentioned
10089085,57318427,test,C:\Users\Zila\Downloads\BN5212\MIMIC-CXR\p10\p10\p10089085\s57318427\dea2df51-b5529932-1fd1a77c-4b72937f-bfac9803.dcm,not_mentioned,not_mentioned,not_mentioned,not_mentioned,not_mentioned
10089085,59024338,test,C:\Users\Zila\Downloads\BN5212\MIMIC-CXR\p10\p10\p10089085\s59024338\f720f70b-056e79ae-b4bf2fa2-2650f8a2-735612ee.dcm,not_mentioned,not_mentioned,negative,not_mentioned,negative
10089085,53475993,test,C:\Users\Zila\Downloads\BN5212\MIMIC-CXR\p10\p10\p10089085\s53475993\11fa2071-d4969102-6dc5faf3-8c1e0f38-89c39caf.dcm,not_mentioned,not_mentioned,not_mentioned,uncertain,not_mentioned
10089085,55822470,test,C:\Users\Zila\Downloads\BN5212\MIMIC-CXR\p10\p10\p10089085\s55822470\44642001-2446d51a-4be732ee-9f17e400-f9549255.dcm,not_mentioned,not_mentioned,not_mentioned,not_mentioned,not_mentioned
10089085,57616538,test,C:\Users\Zila\Downloads\BN5212\MIMIC-CXR\p10\p10\p10089085\s57616538\eabc57d7-787bcf8d-0daac16c-dedd53b7-ff674857.dcm,positive,not_mentioned,negative,not_mentioned,negative
10089085,50281546,test,C:\Users\Zila\Downloads\BN5212\MIMIC-CXR\p10\p10\p10089085\s50281546\703c9143-3e734b59-b431c051-6f59adc3-6a60cc65.dcm,not_mentioned,not_mentioned,not_mentioned,not_mentioned,not_mentioned
10089085,57636299,test,C:\Users\Zila\Downloads\BN5212\MIMIC-CXR\p10\p10\p10089085\s57636299\f787a43a-e4d11b0b-a2cd046b-da1ec043-e9e42c20.dcm,not_mentioned,not_mentioned,not_mentioned,not_mentioned,not_mentioned
10090257,54873348,train,C:\Users\Zila\Downloads\BN5212\MIMIC-CXR\p10\p10\p10090257\s54873348\48d8cddc-08d857dd-b1c78ae4-cf761a4c-858bbb55.dcm,not_mentioned,positive,not_mentioned,positive,not_mentioned
10090257,55957078,train,C:\Users\Zila\Downloads\BN5212\MIMIC-CXR\p10\p10\p10090257\s55957078\ef4e1a62-3c4cf1e2-5d8249ed-c6fe877a-b8338359.dcm,not_mentioned,positive,not_mentioned,positive,not_mentioned
10090919,55754486,train,C:\Users\Zila\Downloads\BN5212\MIMIC-CXR\p10\p10\p10090919\s55754486\9d039b35-6a499f18-7df67e8e-d1f51293-8c04ca3d.dcm,negative,positive,not_mentioned,not_mentioned,not_mentioned
10090919,56770344,train,C:\Users\Zila\Downloads\BN5212\MIMIC-CXR\p10\p10\p10090919\s56770344\e57b4f01-0659d933-1758ec48-b215c002-14b2ed75.dcm,not_mentioned,not_mentioned,not_mentioned,not_mentioned,not_mentioned
10091327,55157414,test,C:\Users\Zila\Downloads\BN5212\MIMIC-CXR\p10\p10\p10091327\s55157414\6af2dcf4-5482b24f-6cca9f04-ffc73a34-b3402ca2.dcm,negative,not_mentioned,negative,negative,not_mentioned
10091327,52696885,test,C:\Users\Zila\Downloads\BN5212\MIMIC-CXR\p10\p10\p10091327\s52696885\26f8a9aa-ac6fcf95-384e5b69-f9e1f742-6c445ea6.dcm,not_mentioned,not_mentioned,negative,not_mentioned,negative
10091327,53221192,test,C:\Users\Zila\Downloads\BN5212\MIMIC-CXR\p10\p10\p10091327\s53221192\4ee65bab-e7c86bc6-2b92aeaa-5f53cfd1-f7fa106f.dcm,not_mentioned,not_mentioned,not_mentioned,not_mentioned,not_mentioned
10091327,54871621,test,C:\Users\Zila\Downloads\BN5212\MIMIC-CXR\p10\p10\p10091327\s54871621\908ab6f9-7ce01d6c-66f9e89a-c74c12c3-6f027fbd.dcm,not_mentioned,not_mentioned,negative,not_mentioned,negative
10091327,55699728,test,C:\Users\Zila\Downloads\BN5212\MIMIC-CXR\p10\p10\p10091327\s55699728\434cab07-669b2552-1d851d91-5c40f16d-d0e7f6f3.dcm,negative,not_mentioned,not_mentioned,not_mentioned,not_mentioned
10091327,55193209,test,C:\Users\Zila\Downloads\BN5212\MIMIC-CXR\p10\p10\p10091327\s55193209\3660b028-06d9d61c-5b6450a3-9bae5f61-b4f8f3aa.dcm,negative,not_mentioned,not_mentioned,not_mentioned,not_mentioned
10091327,54067901,test,C:\Users\Zila\Downloads\BN5212\MIMIC-CXR\p10\p10\p10091327\s54067901\6b12e40c-37dfd55c-7843a593-29c7143b-d2200bbb.dcm,not_mentioned,not_mentioned,not_mentioned,not_mentioned,not_mentioned
10091327,56788005,test,C:\Users\Zila\Downloads\BN5212\MIMIC-CXR\p10\p10\p10091327\s56788005\9bb36cab-f0815043-50d145f7-4b67e4fe-c4763ecf.dcm,not_mentioned,not_mentioned,not_mentioned,not_mentioned,not_mentioned
10091327,53509063,test,C:\Users\Zila\Downloads\BN5212\MIMIC-CXR\p10\p10\p10091327\s53509063\bc05dfe6-ce0107e2-cd42c7cc-b8b758ad-74f3f208.dcm,not_mentioned,not_mentioned,not_mentioned,not_mentioned,not_mentioned
10091629,55051203,train,C:\Users\Zila\Downloads\BN5212\MIMIC-CXR\p10\p10\p10091629\s55051203\475e24b5-f07148cb-856b95ba-0d8eb359-05cc7a5c.dcm,not_mentioned,not_mentioned,not_mentioned,not_mentioned,not_mentioned
10091629,54107569,train,C:\Users\Zila\Downloads\BN5212\MIMIC-CXR\p10\p10\p10091629\s54107569\b260afbd-46051c9e-ce7aa117-1384382f-a02aeadc.dcm,negative,not_mentioned,not_mentioned,not_mentioned,not_mentioned
10091629,54759914,train,C:\Users\Zila\Downloads\BN5212\MIMIC-CXR\p10\p10\p10091629\s54759914\7019bc3d-1d602838-5b71d1e9-4e473a2b-fb7f1884.dcm,not_mentioned,not_mentioned,not_mentioned,not_mentioned,not_mentioned
10092009,54791790,train,C:\Users\Zila\Downloads\BN5212\MIMIC-CXR\p10\p10\p10092009\s54791790\1495b974-2a3ad204-5c6e1b8d-2d84b74c-6b78ff36.dcm,positive,not_mentioned,positive,uncertain,positive
10092009,57379959,train,C:\Users\Zila\Downloads\BN5212\MIMIC-CXR\p10\p10\p10092009\s57379959\732fcfaa-2cd24077-c981c99d-f6eac3bd-8d6953e4.dcm,not_mentioned,positive,not_mentioned,not_mentioned,not_mentioned
10093425,59189960,val,C:\Users\Zila\Downloads\BN5212\MIMIC-CXR\p10\p10\p10093425\s59189960\d4ead58f-fcc6be5e-25339e06-45f65212-616ff823.dcm,not_mentioned,not_mentioned,not_mentioned,not_mentioned,not_mentioned
10093425,59222643,val,C:\Users\Zila\Downloads\BN5212\MIMIC-CXR\p10\p10\p10093425\s59222643\c0f76367-4c48e9d4-1d8fc5cf-c935150a-58bdc89a.dcm,not_mentioned,not_mentioned,not_mentioned,not_mentioned,not_mentioned
10093425,52517711,val,C:\Users\Zila\Downloads\BN5212\MIMIC-CXR\p10\p10\p10093425\s52517711\9b758a38-01bc2c9e-c3bb6c91-27ebacab-fb3e158f.dcm,not_mentioned,not_mentioned,not_mentioned,not_mentioned,not_mentioned
10093425,59701785,val,C:\Users\Zila\Downloads\BN5212\MIMIC-CXR\p10\p10\p10093425\s59701785\91332651-5620700e-e266335b-574a6a33-392f41d6.dcm,not_mentioned,not_mentioned,not_mentioned,not_mentioned,not_mentioned
10093425,50162047,val,C:\Users\Zila\Downloads\BN5212\MIMIC-CXR\p10\p10\p10093425\s50162047\e859198f-d35f4a72-eaaf4684-e0ab6e58-08a43554.dcm,not_mentioned,not_mentioned,not_mentioned,not_mentioned,not_mentioned
10093425,57166035,val,C:\Users\Zila\Downloads\BN5212\MIMIC-CXR\p10\p10\p10093425\s57166035\92c4c700-cd6d4b41-fb7716d0-b8ce616d-6be28c4c.dcm,not_mentioned,not_mentioned,not_mentioned,negative,not_mentioned
10093425,52219106,val,C:\Users\Zila\Downloads\BN5212\MIMIC-CXR\p10\p10\p10093425\s52219106\96f33081-96332628-3bc85565-b9fbea1c-bc942e7d.dcm,positive,not_mentioned,not_mentioned,not_mentioned,not_mentioned
10094107,52616515,train,C:\Users\Zila\Downloads\BN5212\MIMIC-CXR\p10\p10\p10094107\s52616515\4254cf41-62a7725b-6f185316-581f9fbc-f22f1ace.dcm,positive,not_mentioned,not_mentioned,not_mentioned,not_mentioned
10094107,55774288,train,C:\Users\Zila\Downloads\BN5212\MIMIC-CXR\p10\p10\p10094107\s55774288\3ce57706-20ed51fb-0f29560d-8db06d6d-8e39afc8.dcm,positive,not_mentioned,not_mentioned,not_mentioned,not_mentioned
10094121,50182616,test,C:\Users\Zila\Downloads\BN5212\MIMIC-CXR\p10\p10\p10094121\s50182616\20630ce7-fc041684-32205783-4b9657e8-af6e4935.dcm,negative,not_mentioned,not_mentioned,not_mentioned,not_mentioned
10094121,53637202,test,C:\Users\Zila\Downloads\BN5212\MIMIC-CXR\p10\p10\p10094121\s53637202\54b1461f-65dcbef2-2b9a171b-f1bbeac0-930697eb.dcm,not_mentioned,not_mentioned,not_mentioned,not_mentioned,not_mentioned
10094121,55725406,test,C:\Users\Zila\Downloads\BN5212\MIMIC-CXR\p10\p10\p10094121\s55725406\02967cde-efccb109-2740ae49-f34b84ee-3b828358.dcm,not_mentioned,not_mentioned,not_mentioned,not_mentioned,not_mentioned
10094121,56649060,test,C:\Users\Zila\Downloads\BN5212\MIMIC-CXR\p10\p10\p10094121\s56649060\4b8a538c-a4d007bd-6dfba7bb-6e9828d1-ae32643a.dcm,negative,not_mentioned,not_mentioned,not_mentioned,not_mentioned
10094132,59047508,train,C:\Users\Zila\Downloads\BN5212\MIMIC-CXR\p10\p10\p10094132\s59047508\31f2acf3-ea1efb47-15240664-248f9355-86bce5c4.dcm,negative,not_mentioned,not_mentioned,negative,not_mentioned
10094132,58036492,train,C:\Users\Zila\Downloads\BN5212\MIMIC-CXR\p10\p10\p10094132\s58036492\234da21f-200d4882-21527f23-6097cf26-f585e0bd.dcm,not_mentioned,not_mentioned,not_mentioned,positive,not_mentioned
10094132,59586246,train,C:\Users\Zila\Downloads\BN5212\MIMIC-CXR\p10\p10\p10094132\s59586246\02e4b719-f087d213-e2a3c0d3-6583b7d9-dcc65a8c.dcm,not_mentioned,not_mentioned,not_mentioned,negative,not_mentioned
10094706,51681931,train,C:\Users\Zila\Downloads\BN5212\MIMIC-CXR\p10\p10\p10094706\s51681931\6d07a8b5-d6a5dc9d-1005d394-5700e0db-ffaf0dcc.dcm,not_mentioned,not_mentioned,not_mentioned,uncertain,not_mentioned
10094706,53167457,train,C:\Users\Zila\Downloads\BN5212\MIMIC-CXR\p10\p10\p10094706\s53167457\ca0e8c75-01256209-ca2310c6-f486103b-b50ee9cc.dcm,not_mentioned,not_mentioned,not_mentioned,not_mentioned,not_mentioned
10094971,50192640,val,C:\Users\Zila\Downloads\BN5212\MIMIC-CXR\p10\p10\p10094971\s50192640\c5075b90-1147695c-bc24786f-3ccf31bd-7140bcf1.dcm,negative,positive,positive,not_mentioned,positive
10094971,58409016,val,C:\Users\Zila\Downloads\BN5212\MIMIC-CXR\p10\p10\p10094971\s58409016\71f1fcc6-e785dcdb-cbda878a-258989b3-6480d878.dcm,not_mentioned,not_mentioned,not_mentioned,negative,not_mentioned
10094971,59974835,val,C:\Users\Zila\Downloads\BN5212\MIMIC-CXR\p10\p10\p10094971\s59974835\d306dc14-022f95b2-bb2b5eb4-5d92497e-ccc5112a.dcm,negative,not_mentioned,not_mentioned,not_mentioned,not_mentioned
10095139,55835458,train,C:\Users\Zila\Downloads\BN5212\MIMIC-CXR\p10\p10\p10095139\s55835458\a72bfc5b-ec0232f3-3c4fa1dc-33594465-b6dabae7.dcm,not_mentioned,not_mentioned,not_mentioned,not_mentioned,not_mentioned
10095139,56862352,train,C:\Users\Zila\Downloads\BN5212\MIMIC-CXR\p10\p10\p10095139\s56862352\e5dd9e4f-56356f54-e4de425e-54d26c45-0ce6834b.dcm,negative,not_mentioned,not_mentioned,not_mentioned,not_mentioned
10095141,59265243,train,C:\Users\Zila\Downloads\BN5212\MIMIC-CXR\p10\p10\p10095141\s59265243\a42fb2c3-b3184f7f-306947d7-b2328ae9-57a60804.dcm,not_mentioned,positive,negative,not_mentioned,not_mentioned
10095141,56162064,train,C:\Users\Zila\Downloads\BN5212\MIMIC-CXR\p10\p10\p10095141\s56162064\5f656ea8-f09dc65a-527b3768-d677ad0e-89fc2235.dcm,not_mentioned,positive,negative,not_mentioned,not_mentioned
10095141,51471366,train,C:\Users\Zila\Downloads\BN5212\MIMIC-CXR\p10\p10\p10095141\s51471366\71eb4810-f6cb456b-acd147b9-8549201f-94c5f88e.dcm,not_mentioned,positive,not_mentioned,not_mentioned,not_mentioned
10095181,57427058,train,C:\Users\Zila\Downloads\BN5212\MIMIC-CXR\p10\p10\p10095181\s57427058\8162f5a3-409f2c89-c020cce9-772755d3-98a55ccd.dcm,positive,not_mentioned,not_mentioned,not_mentioned,not_mentioned
10095181,51068699,train,C:\Users\Zila\Downloads\BN5212\MIMIC-CXR\p10\p10\p10095181\s51068699\091fd295-03b9d3f6-de150a54-34f62849-80e4a9b9.dcm,positive,not_mentioned,not_mentioned,not_mentioned,not_mentioned
10095181,51702229,train,C:\Users\Zila\Downloads\BN5212\MIMIC-CXR\p10\p10\p10095181\s51702229\0d743bd1-a111b714-247ee292-d8435e03-d4da2218.dcm,positive,not_mentioned,positive,not_mentioned,positive
10095181,52185486,train,C:\Users\Zila\Downloads\BN5212\MIMIC-CXR\p10\p10\p10095181\s52185486\51f464f3-9bc478e9-81db17de-a83e7db2-6fb82c9b.dcm,not_mentioned,not_mentioned,not_mentioned,not_mentioned,not_mentioned
10095181,59678597,train,C:\Users\Zila\Downloads\BN5212\MIMIC-CXR\p10\p10\p10095181\s59678597\e4582f05-d0f3a500-bf64ecc1-35840723-3352487c.dcm,negative,not_mentioned,positive,positive,positive
10095181,51836845,train,C:\Users\Zila\Downloads\BN5212\MIMIC-CXR\p10\p10\p10095181\s51836845\a0b85eb1-e7101ad7-c216baa3-ea964d47-9cebac45.dcm,not_mentioned,not_mentioned,not_mentioned,not_mentioned,not_mentioned
10095181,50494469,train,C:\Users\Zila\Downloads\BN5212\MIMIC-CXR\p10\p10\p10095181\s50494469\3da0727c-2e57a468-faa54e4e-64a13785-050cbde8.dcm,not_mentioned,not_mentioned,not_mentioned,not_mentioned,not_mentioned
10095181,56946146,train,C:\Users\Zila\Downloads\BN5212\MIMIC-CXR\p10\p10\p10095181\s56946146\e97afbc8-8dbf83f2-df880611-0f0342b7-bc55af46.dcm,negative,not_mentioned,not_mentioned,not_mentioned,not_mentioned
10095258,55820483,train,C:\Users\Zila\Downloads\BN5212\MIMIC-CXR\p10\p10\p10095258\s55820483\2bdb63c9-56a847ca-12807de0-62490528-c4be215c.dcm,negative,not_mentioned,not_mentioned,not_mentioned,not_mentioned
10095258,54774968,train,C:\Users\Zila\Downloads\BN5212\MIMIC-CXR\p10\p10\p10095258\s54774968\ad749fb9-c3a837ab-f91ad06b-f1a54f51-9b6d5998.dcm,not_mentioned,not_mentioned,not_mentioned,not_mentioned,not_mentioned
10095286,54805682,test,C:\Users\Zila\Downloads\BN5212\MIMIC-CXR\p10\p10\p10095286\s54805682\53f4ea2b-b76526b5-07480de6-882ac314-3cb8dc05.dcm,uncertain,not_mentioned,not_mentioned,not_mentioned,not_mentioned
10095286,57062714,test,C:\Users\Zila\Downloads\BN5212\MIMIC-CXR\p10\p10\p10095286\s57062714\da2132af-4d7f4469-0b8c9ecd-d5050db6-cf6bb6df.dcm,not_mentioned,not_mentioned,not_mentioned,not_mentioned,not_mentioned
10095286,56888033,test,C:\Users\Zila\Downloads\BN5212\MIMIC-CXR\p10\p10\p10095286\s56888033\147a4538-954b0f7f-750f5af1-2dfd8607-a7550567.dcm,not_mentioned,not_mentioned,not_mentioned,not_mentioned,not_mentioned
10095286,52801314,test,C:\Users\Zila\Downloads\BN5212\MIMIC-CXR\p10\p10\p10095286\s52801314\5d40aa3f-613221e9-151b45f6-edb660db-fb70ebd6.dcm,positive,not_mentioned,negative,not_mentioned,negative
10095570,55674921,train,C:\Users\Zila\Downloads\BN5212\MIMIC-CXR\p10\p10\p10095570\s55674921\8ed30b22-82d7414f-7be7d198-f95208aa-43a56e88.dcm,not_mentioned,not_mentioned,not_mentioned,not_mentioned,not_mentioned
10095570,53351393,train,C:\Users\Zila\Downloads\BN5212\MIMIC-CXR\p10\p10\p10095570\s53351393\eb808833-f17ec14b-900e4b08-ba5b4949-25788da2.dcm,not_mentioned,positive,negative,not_mentioned,negative
10095570,59429006,train,C:\Users\Zila\Downloads\BN5212\MIMIC-CXR\p10\p10\p10095570\s59429006\a584ef36-a8d33b45-59d500a4-bc45d4e2-e1dbd443.dcm,not_mentioned,not_mentioned,positive,not_mentioned,positive
10095570,50737736,train,C:\Users\Zila\Downloads\BN5212\MIMIC-CXR\p10\p10\p10095570\s50737736\75a35a20-ebbe1238-69d90a3b-daae172d-cd907f1a.dcm,not_mentioned,not_mentioned,not_mentioned,not_mentioned,not_mentioned
10095570,56624188,train,C:\Users\Zila\Downloads\BN5212\MIMIC-CXR\p10\p10\p10095570\s56624188\e4d209e8-5192d990-690367d1-ecd625d3-08de1ba7.dcm,not_mentioned,not_mentioned,positive,not_mentioned,not_mentioned
10095982,55531941,train,C:\Users\Zila\Downloads\BN5212\MIMIC-CXR\p10\p10\p10095982\s55531941\4072c092-9ec9f0ae-8e49da54-0e4c4ed0-e5d7fed1.dcm,negative,not_mentioned,not_mentioned,not_mentioned,not_mentioned
10095982,54052225,train,C:\Users\Zila\Downloads\BN5212\MIMIC-CXR\p10\p10\p10095982\s54052225\85deff35-3dbc11d9-ab323042-80f490cb-82af9ff4.dcm,positive,positive,not_mentioned,not_mentioned,not_mentioned
10095982,51837053,train,C:\Users\Zila\Downloads\BN5212\MIMIC-CXR\p10\p10\p10095982\s51837053\0be7f2a8-6b820399-021c1679-8d27814d-be613dbc.dcm,positive,not_mentioned,not_mentioned,not_mentioned,not_mentioned
10095982,52132160,train,C:\Users\Zila\Downloads\BN5212\MIMIC-CXR\p10\p10\p10095982\s52132160\29c358b2-93a017c2-41071274-5ebe0de7-25ab9974.dcm,positive,not_mentioned,positive,not_mentioned,not_mentioned
10095982,55545891,train,C:\Users\Zila\Downloads\BN5212\MIMIC-CXR\p10\p10\p10095982\s55545891\2bea2738-5fc85f73-15c3aaa2-c3bf6769-efb05568.dcm,positive,positive,positive,not_mentioned,positive
10095982,52867515,train,C:\Users\Zila\Downloads\BN5212\MIMIC-CXR\p10\p10\p10095982\s52867515\c9750b4c-74d323a9-0ca80be5-a211ce31-03712421.dcm,positive,not_mentioned,not_mentioned,not_mentioned,not_mentioned
10096391,54848668,val,C:\Users\Zila\Downloads\BN5212\MIMIC-CXR\p10\p10\p10096391\s54848668\f90fe356-c183c0ad-9d01b29e-bab3a8e6-da23a688.dcm,not_mentioned,not_mentioned,uncertain,uncertain,uncertain
10096391,50175723,val,C:\Users\Zila\Downloads\BN5212\MIMIC-CXR\p10\p10\p10096391\s50175723\fd92c2ff-772fde9a-66ef1ded-ef2feeff-f902a6df.dcm,negative,not_mentioned,not_mentioned,not_mentioned,not_mentioned
10096391,57076361,val,C:\Users\Zila\Downloads\BN5212\MIMIC-CXR\p10\p10\p10096391\s57076361\83355d76-57625913-c14d1b3d-64ad4b16-3ff57e11.dcm,not_mentioned,positive,positive,not_mentioned,positive
10097232,51834590,val,C:\Users\Zila\Downloads\BN5212\MIMIC-CXR\p10\p10\p10097232\s51834590\fd6e1ce7-20ce3da5-2424aa90-43674a0a-cb540d98.dcm,uncertain,not_mentioned,not_mentioned,positive,not_mentioned
10097232,55995712,val,C:\Users\Zila\Downloads\BN5212\MIMIC-CXR\p10\p10\p10097232\s55995712\cb51e040-4d99db13-6fb28d7e-9939ff56-e827a1f6.dcm,positive,not_mentioned,not_mentioned,positive,not_mentioned
10097232,56313462,val,C:\Users\Zila\Downloads\BN5212\MIMIC-CXR\p10\p10\p10097232\s56313462\6079102e-f2ae8ed1-3cd72cb6-559fdf7b-3e1a3fd2.dcm,not_mentioned,not_mentioned,not_mentioned,not_mentioned,not_mentioned
10097232,52168212,val,C:\Users\Zila\Downloads\BN5212\MIMIC-CXR\p10\p10\p10097232\s52168212\edb7e33c-11595724-cffdd516-f342ece1-2ad01d54.dcm,positive,not_mentioned,not_mentioned,not_mentioned,not_mentioned
10097232,53361278,val,C:\Users\Zila\Downloads\BN5212\MIMIC-CXR\p10\p10\p10097232\s53361278\fab190aa-fa08fad7-7b865ec7-b212fb19-84f18de9.dcm,positive,not_mentioned,not_mentioned,positive,not_mentioned
10097612,51968731,train,C:\Users\Zila\Downloads\BN5212\MIMIC-CXR\p10\p10\p10097612\s51968731\293fca34-b49ffe0f-52f4185e-1dd82a6a-7976d653.dcm,not_mentioned,positive,negative,not_mentioned,negative
10097612,56461207,train,C:\Users\Zila\Downloads\BN5212\MIMIC-CXR\p10\p10\p10097612\s56461207\fa4aa8ac-ccad1c01-2c21fc31-cba9a55b-02329b68.dcm,negative,positive,negative,negative,negative
10097612,58270224,train,C:\Users\Zila\Downloads\BN5212\MIMIC-CXR\p10\p10\p10097612\s58270224\fd69d94b-96fda8e0-a1f9ff9c-a7854b6a-bc9f9c6f.dcm,negative,not_mentioned,negative,not_mentioned,negative
10097612,57886372,train,C:\Users\Zila\Downloads\BN5212\MIMIC-CXR\p10\p10\p10097612\s57886372\a8ea8341-dbfe028d-b4cccc48-6b21d0d5-8bc0ea43.dcm,positive,not_mentioned,positive,not_mentioned,positive
10097612,59679824,train,C:\Users\Zila\Downloads\BN5212\MIMIC-CXR\p10\p10\p10097612\s59679824\5a4d1661-a2230787-6b164ef3-61a92d94-cb562e4f.dcm,negative,positive,positive,not_mentioned,not_mentioned
10097612,51532014,train,C:\Users\Zila\Downloads\BN5212\MIMIC-CXR\p10\p10\p10097612\s51532014\fb1f372a-465d7622-6c0c9d9a-732f9f44-47534bea.dcm,not_mentioned,positive,not_mentioned,not_mentioned,not_mentioned
10097612,55662521,train,C:\Users\Zila\Downloads\BN5212\MIMIC-CXR\p10\p10\p10097612\s55662521\281667f2-e304c8e8-379f0ac0-095dc24e-d4a78e00.dcm,positive,not_mentioned,not_mentioned,not_mentioned,not_mentioned
10097612,51664412,train,C:\Users\Zila\Downloads\BN5212\MIMIC-CXR\p10\p10\p10097612\s51664412\27bb6f78-cbcf86d0-d362a918-cd86746b-0a49dae9.dcm,not_mentioned,positive,negative,not_mentioned,negative
10098008,51057848,test,C:\Users\Zila\Downloads\BN5212\MIMIC-CXR\p10\p10\p10098008\s51057848\05154550-7dad906e-eaab463a-b8c112f9-50ce03ce.dcm,positive,not_mentioned,not_mentioned,not_mentioned,not_mentioned
10098008,53086305,test,C:\Users\Zila\Downloads\BN5212\MIMIC-CXR\p10\p10\p10098008\s53086305\016994ce-6c77ea96-17460e01-6aafd8e9-389fca45.dcm,positive,not_mentioned,not_mentioned,not_mentioned,not_mentioned
10098008,54312381,test,C:\Users\Zila\Downloads\BN5212\MIMIC-CXR\p10\p10\p10098008\s54312381\aa60b969-d711a8fd-501a7874-94158c06-e096dc72.dcm,positive,not_mentioned,negative,not_mentioned,negative
10098008,52637853,test,C:\Users\Zila\Downloads\BN5212\MIMIC-CXR\p10\p10\p10098008\s52637853\bcdc8346-9308785a-521cc384-598075e4-a1fff627.dcm,positive,not_mentioned,not_mentioned,not_mentioned,not_mentioned
10098008,59169031,test,C:\Users\Zila\Downloads\BN5212\MIMIC-CXR\p10\p10\p10098008\s59169031\659d4554-af379082-fc4b6bdf-9eebbf04-f2f2b3b7.dcm,positive,not_mentioned,not_mentioned,not_mentioned,not_mentioned
10098008,54267692,test,C:\Users\Zila\Downloads\BN5212\MIMIC-CXR\p10\p10\p10098008\s54267692\83cdbc7c-b0ed410e-8ad49563-f9e81b5e-ba4eb9dd.dcm,not_mentioned,not_mentioned,conflicting,conflicting,conflicting
10098672,53584500,test,C:\Users\Zila\Downloads\BN5212\MIMIC-CXR\p10\p10\p10098672\s53584500\cbf8168f-9a70fcb4-0ccdf735-4ab57ade-4e9372db.dcm,negative,not_mentioned,not_mentioned,not_mentioned,not_mentioned
10098672,58774567,test,C:\Users\Zila\Downloads\BN5212\MIMIC-CXR\p10\p10\p10098672\s58774567\19f0969c-b8d8d2c7-fa93a9ad-98f3e8bc-576d3f7d.dcm,negative,positive,not_mentioned,not_mentioned,not_mentioned
10098672,53441621,test,C:\Users\Zila\Downloads\BN5212\MIMIC-CXR\p10\p10\p10098672\s53441621\0cb12bc2-0d9c3c1b-b67086d1-9623fcf0-a833aca6.dcm,negative,positive,not_mentioned,positive,not_mentioned
10098672,51363651,test,C:\Users\Zila\Downloads\BN5212\MIMIC-CXR\p10\p10\p10098672\s51363651\0d98bf81-0d9d0194-c79190e0-966ade87-14f2572b.dcm,not_mentioned,not_mentioned,not_mentioned,positive,not_mentioned
10098993,52050071,train,C:\Users\Zila\Downloads\BN5212\MIMIC-CXR\p10\p10\p10098993\s52050071\01e55956-89f296bb-002ac02d-e08ee2a9-832f1cff.dcm,negative,not_mentioned,not_mentioned,not_mentioned,not_mentioned
10098993,55380457,train,C:\Users\Zila\Downloads\BN5212\MIMIC-CXR\p10\p10\p10098993\s55380457\078324b8-e0ecd954-5ea4c035-4d057e3a-cadf7b26.dcm,not_mentioned,not_mentioned,not_mentioned,not_mentioned,not_mentioned
10098993,59302191,train,C:\Users\Zila\Downloads\BN5212\MIMIC-CXR\p10\p10\p10098993\s59302191\66a4996b-6dcea8b8-50f1ae40-2fbdf54c-d623b0c9.dcm,not_mentioned,not_mentioned,not_mentioned,not_mentioned,not_mentioned
10098993,57070654,train,C:\Users\Zila\Downloads\BN5212\MIMIC-CXR\p10\p10\p10098993\s57070654\e18ad489-bdfc3f9e-ee4b7680-e9496f37-6d4452b7.dcm,not_mentioned,not_mentioned,not_mentioned,not_mentioned,not_mentioned
10099480,59803841,train,C:\Users\Zila\Downloads\BN5212\MIMIC-CXR\p10\p10\p10099480\s59803841\a2525a24-c08c986a-068bf153-cf15654e-9f222c4b.dcm,not_mentioned,not_mentioned,not_mentioned,not_mentioned,not_mentioned
10099480,54991223,train,C:\Users\Zila\Downloads\BN5212\MIMIC-CXR\p10\p10\p10099480\s54991223\8e8ca5bf-bb5acce2-4dce6cdf-f67d2062-27b6fce6.dcm,negative,not_mentioned,not_mentioned,not_mentioned,not_mentioned
10099480,58656590,train,C:\Users\Zila\Downloads\BN5212\MIMIC-CXR\p10\p10\p10099480\s58656590\253c6c0e-9d1b70d0-761cc083-36700491-b55276b9.dcm,not_mentioned,not_mentioned,positive,not_mentioned,positive
10099480,52732932,train,C:\Users\Zila\Downloads\BN5212\MIMIC-CXR\p10\p10\p10099480\s52732932\46b51295-e82c0536-71c6bfe2-a5368c2c-8e399194.dcm,not_mentioned,not_mentioned,not_mentioned,not_mentioned,not_mentioned
10099480,53302538,train,C:\Users\Zila\Downloads\BN5212\MIMIC-CXR\p10\p10\p10099480\s53302538\4207372c-17087f9c-326651c3-8797c669-87a5ae4a.dcm,not_mentioned,not_mentioned,not_mentioned,not_mentioned,not_mentioned
10099480,51075500,train,C:\Users\Zila\Downloads\BN5212\MIMIC-CXR\p10\p10\p10099480\s51075500\aae7711d-82fd6069-edee6269-007bf9f4-9fe217d3.dcm,negative,not_mentioned,not_mentioned,negative,not_mentioned
10099497,51408615,train,C:\Users\Zila\Downloads\BN5212\MIMIC-CXR\p10\p10\p10099497\s51408615\e8c49b1d-de61d8c9-9f40b719-d7f4ceef-b4e932e8.dcm,negative,not_mentioned,not_mentioned,not_mentioned,not_mentioned
10099497,55189170,train,C:\Users\Zila\Downloads\BN5212\MIMIC-CXR\p10\p10\p10099497\s55189170\fa93cdb3-8c0bdf6a-0a5eec3d-fdce5f14-5d6fb2d3.dcm,not_mentioned,not_mentioned,not_mentioned,not_mentioned,not_mentioned
10099652,54674924,train,C:\Users\Zila\Downloads\BN5212\MIMIC-CXR\p10\p10\p10099652\s54674924\3d2df518-f70d73d7-5c51c71c-e3245566-75d8deed.dcm,negative,not_mentioned,not_mentioned,not_mentioned,not_mentioned
10099652,51385293,train,C:\Users\Zila\Downloads\BN5212\MIMIC-CXR\p10\p10\p10099652\s51385293\51f9d220-c9c0e555-30103382-be3160f1-6a7bcf7b.dcm,not_mentioned,not_mentioned,negative,not_mentioned,negative
10099869,53490649,train,C:\Users\Zila\Downloads\BN5212\MIMIC-CXR\p10\p10\p10099869\s53490649\51b87aea-067e060a-6bd1abed-1eac7ee7-e030a9bb.dcm,not_mentioned,not_mentioned,not_mentioned,not_mentioned,not_mentioned
10099869,51274618,train,C:\Users\Zila\Downloads\BN5212\MIMIC-CXR\p10\p10\p10099869\s51274618\47ca3506-d870c653-3453f472-19cbf6da-447be0ce.dcm,not_mentioned,not_mentioned,not_mentioned,not_mentioned,not_mentioned
10099869,52511189,train,C:\Users\Zila\Downloads\BN5212\MIMIC-CXR\p10\p10\p10099869\s52511189\4b942b67-5392b6ba-9323e5a7-da481f43-dcb711b6.dcm,not_mentioned,not_mentioned,not_mentioned,negative,not_mentioned
10099869,59612696,train,C:\Users\Zila\Downloads\BN5212\MIMIC-CXR\p10\p10\p10099869\s59612696\c1e539f3-28521600-2f8e7db0-51ce4fa2-eee85b11.dcm,negative,not_mentioned,not_mentioned,not_mentioned,not_mentioned
10099869,54065620,train,C:\Users\Zila\Downloads\BN5212\MIMIC-CXR\p10\p10\p10099869\s54065620\740c9b91-49d4a3df-ddf97056-04e7d382-ba383670.dcm,not_mentioned,not_mentioned,not_mentioned,not_mentioned,not_mentioned
10099869,58785569,train,C:\Users\Zila\Downloads\BN5212\MIMIC-CXR\p10\p10\p10099869\s58785569\e00cb0dd-1f63e791-2fd56ac8-ee07d9be-316e4516.dcm,not_mentioned,not_mentioned,not_mentioned,not_mentioned,not_mentioned
10099869,57908246,train,C:\Users\Zila\Downloads\BN5212\MIMIC-CXR\p10\p10\p10099869\s57908246\30134f6b-0b9cb4a2-aa18e5e3-ff619ccb-169b8d6b.dcm,not_mentioned,not_mentioned,not_mentioned,not_mentioned,not_mentioned
10099869,55726602,train,C:\Users\Zila\Downloads\BN5212\MIMIC-CXR\p10\p10\p10099869\s55726602\59434490-652bba20-71f55c7e-99784829-13656169.dcm,not_mentioned,not_mentioned,not_mentioned,not_mentioned,not_mentioned
10099869,53054935,train,C:\Users\Zila\Downloads\BN5212\MIMIC-CXR\p10\p10\p10099869\s53054935\23aebd5f-642a321b-5caf0c3e-5ffaebcf-1d7238fb.dcm,negative,not_mentioned,not_mentioned,not_mentioned,not_mentioned
10099869,57972791,train,C:\Users\Zila\Downloads\BN5212\MIMIC-CXR\p10\p10\p10099869\s57972791\888f1f51-4882cf9d-95e3c161-283fbe6d-7b10b1fd.dcm,negative,not_mentioned,not_mentioned,not_mentioned,not_mentioned
10100035,56674998,test,C:\Users\Zila\Downloads\BN5212\MIMIC-CXR\p10\p10\p10100035\s56674998\9fb45d17-72beeb0a-ec1024cf-ce9cce4f-d22f3ef7.dcm,positive,not_mentioned,not_mentioned,not_mentioned,not_mentioned
10100035,51716298,test,C:\Users\Zila\Downloads\BN5212\MIMIC-CXR\p10\p10\p10100035\s51716298\cc3f6002-7796d9f0-4abbe327-e97ddbc7-fc1a654a.dcm,not_mentioned,not_mentioned,not_mentioned,not_mentioned,not_mentioned
10100035,53798084,test,C:\Users\Zila\Downloads\BN5212\MIMIC-CXR\p10\p10\p10100035\s53798084\9cc31484-36a926c3-2d9877ae-b5048825-b908f9dc.dcm,positive,not_mentioned,not_mentioned,not_mentioned,not_mentioned
10100035,51741443,test,C:\Users\Zila\Downloads\BN5212\MIMIC-CXR\p10\p10\p10100035\s51741443\efa02d0d-76de6ccf-3a6e545b-3955d9a0-f2958604.dcm,not_mentioned,not_mentioned,not_mentioned,not_mentioned,not_mentioned
10100177,58169230,test,C:\Users\Zila\Downloads\BN5212\MIMIC-CXR\p10\p10\p10100177\s58169230\1afbaf76-fdea32b4-f3953183-8daa6a94-913559fc.dcm,negative,not_mentioned,not_mentioned,not_mentioned,not_mentioned
10100177,59248519,test,C:\Users\Zila\Downloads\BN5212\MIMIC-CXR\p10\p10\p10100177\s59248519\00a38d05-8a123759-5f3366d0-2096f16a-3f5044e6.dcm,not_mentioned,not_mentioned,not_mentioned,negative,not_mentioned
10100810,52006320,train,C:\Users\Zila\Downloads\BN5212\MIMIC-CXR\p10\p10\p10100810\s52006320\31bdfe87-32cb82eb-1145dac9-6192142c-3f557893.dcm,negative,not_mentioned,negative,not_mentioned,not_mentioned
10100810,57823070,train,C:\Users\Zila\Downloads\BN5212\MIMIC-CXR\p10\p10\p10100810\s57823070\8f934fa2-295412c0-c37ca62b-5062d3f4-37eafd23.dcm,negative,not_mentioned,not_mentioned,not_mentioned,not_mentioned
10101070,53062846,val,C:\Users\Zila\Downloads\BN5212\MIMIC-CXR\p10\p10\p10101070\s53062846\a8bba6ce-2b56a650-cea0571e-95b31062-a541521a.dcm,not_mentioned,not_mentioned,not_mentioned,not_mentioned,not_mentioned
10101070,52571298,val,C:\Users\Zila\Downloads\BN5212\MIMIC-CXR\p10\p10\p10101070\s52571298\aa72bb3b-10eef2a6-7726685b-087f2ab5-981fe07a.dcm,positive,not_mentioned,negative,not_mentioned,not_mentioned
10101070,52909222,val,C:\Users\Zila\Downloads\BN5212\MIMIC-CXR\p10\p10\p10101070\s52909222\f027f2f7-5c16855c-6e786186-8a97044e-8bae9caf.dcm,not_mentioned,not_mentioned,positive,negative,not_mentioned
10101070,54500215,val,C:\Users\Zila\Downloads\BN5212\MIMIC-CXR\p10\p10\p10101070\s54500215\b67392e2-d157d587-7b6efd6f-d68446f9-88d6c6cb.dcm,not_mentioned,not_mentioned,not_mentioned,not_mentioned,not_mentioned
10101282,55599111,train,C:\Users\Zila\Downloads\BN5212\MIMIC-CXR\p10\p10\p10101282\s55599111\82dd2c71-7b2dc093-ff2f4bdd-70f2370b-77e9df89.dcm,positive,not_mentioned,not_mentioned,not_mentioned,not_mentioned
10101282,58226723,train,C:\Users\Zila\Downloads\BN5212\MIMIC-CXR\p10\p10\p10101282\s58226723\643ddde2-ef644a61-032167f2-af315094-51c60a4b.dcm,conflicting,not_mentioned,not_mentioned,not_mentioned,not_mentioned
10101518,56571877,train,C:\Users\Zila\Downloads\BN5212\MIMIC-CXR\p10\p10\p10101518\s56571877\eaad2d9b-a0ba96aa-3fdd0585-cbb15f65-6adc9d0b.dcm,not_mentioned,not_mentioned,not_mentioned,positive,not_mentioned
10101518,54066080,train,C:\Users\Zila\Downloads\BN5212\MIMIC-CXR\p10\p10\p10101518\s54066080\cccec626-39497d1a-45a25b17-f12dfb4b-a67d2a13.dcm,negative,not_mentioned,not_mentioned,negative,not_mentioned
10101585,51388829,train,C:\Users\Zila\Downloads\BN5212\MIMIC-CXR\p10\p10\p10101585\s51388829\a1be1f71-8d091274-fc47d4f6-98374723-beb8fbfb.dcm,not_mentioned,not_mentioned,not_mentioned,not_mentioned,not_mentioned
10101585,51437903,train,C:\Users\Zila\Downloads\BN5212\MIMIC-CXR\p10\p10\p10101585\s51437903\3b69f997-79963a58-5a7533a4-ac1d9f71-723afa54.dcm,not_mentioned,not_mentioned,not_mentioned,negative,not_mentioned
10101795,50042820,train,C:\Users\Zila\Downloads\BN5212\MIMIC-CXR\p10\p10\p10101795\s50042820\9f848ab1-a80d1a24-b7093db3-08b82c92-3fe2c0c1.dcm,negative,not_mentioned,not_mentioned,not_mentioned,not_mentioned
10101795,54300643,train,C:\Users\Zila\Downloads\BN5212\MIMIC-CXR\p10\p10\p10101795\s54300643\57994206-2975909d-44f8c9d2-723e4a68-9433ec24.dcm,negative,not_mentioned,not_mentioned,not_mentioned,not_mentioned
10101795,55056375,train,C:\Users\Zila\Downloads\BN5212\MIMIC-CXR\p10\p10\p10101795\s55056375\09486d63-975be2a5-51d789ce-a8e0dbbf-9e33c219.dcm,negative,not_mentioned,not_mentioned,not_mentioned,not_mentioned
10101795,58084153,train,C:\Users\Zila\Downloads\BN5212\MIMIC-CXR\p10\p10\p10101795\s58084153\1cb1a2f3-b571ba55-97af2a64-4ea76eb2-bbfbf566.dcm,negative,not_mentioned,not_mentioned,positive,not_mentioned
10102822,52273425,test,C:\Users\Zila\Downloads\BN5212\MIMIC-CXR\p10\p10\p10102822\s52273425\8bc68c24-42f6eef0-a17d02f0-841c0d35-308c9cbf.dcm,not_mentioned,not_mentioned,not_mentioned,negative,not_mentioned
10102822,55694343,test,C:\Users\Zila\Downloads\BN5212\MIMIC-CXR\p10\p10\p10102822\s55694343\44440d0f-0b0eb73e-ff52736b-19c5830e-18e84e44.dcm,not_mentioned,not_mentioned,not_mentioned,not_mentioned,not_mentioned
10103318,59779345,train,C:\Users\Zila\Downloads\BN5212\MIMIC-CXR\p10\p10\p10103318\s59779345\8320c39a-16742633-553d1990-0e4c7a34-019f9b2d.dcm,not_mentioned,not_mentioned,not_mentioned,not_mentioned,not_mentioned
10103318,58470002,train,C:\Users\Zila\Downloads\BN5212\MIMIC-CXR\p10\p10\p10103318\s58470002\4b55dc6f-a8f1b418-464a67bb-61e5dcbe-61f64393.dcm,negative,not_mentioned,not_mentioned,not_mentioned,not_mentioned
10103318,51375310,train,C:\Users\Zila\Downloads\BN5212\MIMIC-CXR\p10\p10\p10103318\s51375310\580cfee8-7b30a8d3-15f9fd6b-1905426c-acaa1635.dcm,not_mentioned,not_mentioned,not_mentioned,not_mentioned,not_mentioned
10103318,58632954,train,C:\Users\Zila\Downloads\BN5212\MIMIC-CXR\p10\p10\p10103318\s58632954\6499995d-be1d2f10-f56e2c50-de61ed85-ee2823a2.dcm,not_mentioned,not_mentioned,not_mentioned,not_mentioned,not_mentioned
10103318,57509788,train,C:\Users\Zila\Downloads\BN5212\MIMIC-CXR\p10\p10\p10103318\s57509788\12edfc9f-86ab963c-bf1a2258-facc4d41-3e8b5308.dcm,not_mentioned,not_mentioned,not_mentioned,not_mentioned,not_mentioned
10103318,50682969,train,C:\Users\Zila\Downloads\BN5212\MIMIC-CXR\p10\p10\p10103318\s50682969\4466ed35-8fbbb9e8-49745955-eac7c366-9325ae9d.dcm,positive,not_mentioned,not_mentioned,not_mentioned,not_mentioned
10103318,50493941,train,C:\Users\Zila\Downloads\BN5212\MIMIC-CXR\p10\p10\p10103318\s50493941\a424d4c8-9d02ca4d-ce36bbfb-c9cdca28-1af30c3e.dcm,not_mentioned,not_mentioned,not_mentioned,not_mentioned,not_mentioned
10103318,55911198,train,C:\Users\Zila\Downloads\BN5212\MIMIC-CXR\p10\p10\p10103318\s55911198\f1172bb7-c3c9753c-429fdbd7-627e7553-e8ce82d0.dcm,not_mentioned,not_mentioned,not_mentioned,not_mentioned,not_mentioned
10103318,57540394,train,C:\Users\Zila\Downloads\BN5212\MIMIC-CXR\p10\p10\p10103318\s57540394\2abe9d65-a5e9820b-365cfa49-21e4eacb-d3ca12e7.dcm,not_mentioned,not_mentioned,not_mentioned,not_mentioned,not_mentioned
10103318,57523244,train,C:\Users\Zila\Downloads\BN5212\MIMIC-CXR\p10\p10\p10103318\s57523244\74f7a9bc-58c8f902-4350cff1-f1a18d9e-5df7aa6d.dcm,not_mentioned,not_mentioned,not_mentioned,not_mentioned,not_mentioned
10103318,57300677,train,C:\Users\Zila\Downloads\BN5212\MIMIC-CXR\p10\p10\p10103318\s57300677\8b9e9403-f1edf585-29f5869a-239a9d75-37471481.dcm,positive,not_mentioned,not_mentioned,not_mentioned,not_mentioned
10103318,57848443,train,C:\Users\Zila\Downloads\BN5212\MIMIC-CXR\p10\p10\p10103318\s57848443\006078e7-ccc78819-247245df-4cb6d404-2c081561.dcm,not_mentioned,not_mentioned,not_mentioned,not_mentioned,not_mentioned
10103318,55372423,train,C:\Users\Zila\Downloads\BN5212\MIMIC-CXR\p10\p10\p10103318\s55372423\ca177d9e-2a0a8141-d34bc192-ee151b8a-a13a01c8.dcm,not_mentioned,not_mentioned,not_mentioned,not_mentioned,not_mentioned
10103318,50873434,train,C:\Users\Zila\Downloads\BN5212\MIMIC-CXR\p10\p10\p10103318\s50873434\af780f13-835dcdad-4c5fb286-8dfc942b-e97404f8.dcm,not_mentioned,not_mentioned,not_mentioned,not_mentioned,not_mentioned
10103748,53898980,train,C:\Users\Zila\Downloads\BN5212\MIMIC-CXR\p10\p10\p10103748\s53898980\e5ae4e43-49b3559e-1a9ec230-2bc01c1a-af79c155.dcm,positive,not_mentioned,not_mentioned,not_mentioned,not_mentioned
10103748,54870431,train,C:\Users\Zila\Downloads\BN5212\MIMIC-CXR\p10\p10\p10103748\s54870431\65bd172a-38eaad23-8fa71450-0522c885-9c5a624c.dcm,positive,not_mentioned,not_mentioned,not_mentioned,not_mentioned
10103748,53858061,train,C:\Users\Zila\Downloads\BN5212\MIMIC-CXR\p10\p10\p10103748\s53858061\6159727e-2dd2b198-a80c2233-cd33865b-6a500869.dcm,positive,not_mentioned,not_mentioned,not_mentioned,not_mentioned
10103748,55934580,train,C:\Users\Zila\Downloads\BN5212\MIMIC-CXR\p10\p10\p10103748\s55934580\7ed1f69a-e4a37198-cf7fd299-1a0275fd-e5fa6960.dcm,positive,not_mentioned,not_mentioned,uncertain,not_mentioned
10103748,54144563,train,C:\Users\Zila\Downloads\BN5212\MIMIC-CXR\p10\p10\p10103748\s54144563\5331a5fc-b6f585af-3ae852fb-0033e441-419644ef.dcm,not_mentioned,not_mentioned,not_mentioned,not_mentioned,not_mentioned
10103748,58750826,train,C:\Users\Zila\Downloads\BN5212\MIMIC-CXR\p10\p10\p10103748\s58750826\b3681940-a4416eb2-93d13592-7a136dbe-30e98ed0.dcm,positive,not_mentioned,not_mentioned,not_mentioned,not_mentioned
10103748,52069718,train,C:\Users\Zila\Downloads\BN5212\MIMIC-CXR\p10\p10\p10103748\s52069718\2662610e-64b146d4-0f36012f-d410fed2-d26649c2.dcm,positive,not_mentioned,not_mentioned,not_mentioned,not_mentioned
10103748,50900444,train,C:\Users\Zila\Downloads\BN5212\MIMIC-CXR\p10\p10\p10103748\s50900444\cbdb14ca-7f877ba4-4c3b4fc8-6f590604-327cccf9.dcm,not_mentioned,not_mentioned,not_mentioned,not_mentioned,not_mentioned
10103748,56182017,train,C:\Users\Zila\Downloads\BN5212\MIMIC-CXR\p10\p10\p10103748\s56182017\32a0f191-1560b029-feaf23d1-bdeca98e-beb5eecc.dcm,not_mentioned,not_mentioned,not_mentioned,negative,not_mentioned
10103748,50551427,train,C:\Users\Zila\Downloads\BN5212\MIMIC-CXR\p10\p10\p10103748\s50551427\a44c3867-2fa84ce4-0798ce99-1a2ddd4f-909d36d6.dcm,not_mentioned,not_mentioned,positive,positive,positive
10103748,59333384,train,C:\Users\Zila\Downloads\BN5212\MIMIC-CXR\p10\p10\p10103748\s59333384\c80f164d-1b147202-4cecfa75-5c4c6e8b-f2d019b9.dcm,not_mentioned,positive,positive,positive,positive
10103748,54173103,train,C:\Users\Zila\Downloads\BN5212\MIMIC-CXR\p10\p10\p10103748\s54173103\5544a17a-938fc3b9-0ac4b09d-b3c7df7a-c03a60f3.dcm,not_mentioned,positive,uncertain,not_mentioned,uncertain
10103748,55376331,train,C:\Users\Zila\Downloads\BN5212\MIMIC-CXR\p10\p10\p10103748\s55376331\7cd3561b-02820ce9-d1b4cfc6-7fefffb3-b78acec1.dcm,not_mentioned,positive,positive,not_mentioned,not_mentioned
10104308,52433992,train,C:\Users\Zila\Downloads\BN5212\MIMIC-CXR\p10\p10\p10104308\s52433992\40bac007-fb508cc1-b30a2883-ddcd7ff5-8b3289b5.dcm,not_mentioned,not_mentioned,negative,not_mentioned,negative
10104308,51415625,train,C:\Users\Zila\Downloads\BN5212\MIMIC-CXR\p10\p10\p10104308\s51415625\6e7dfa86-472e2483-8f05d214-2cb8ff2f-2cbc53eb.dcm,not_mentioned,positive,positive,not_mentioned,positive
10104308,52457866,train,C:\Users\Zila\Downloads\BN5212\MIMIC-CXR\p10\p10\p10104308\s52457866\6c3be090-f7bce594-31a83f16-d5978509-0ea49d8c.dcm,positive,positive,not_mentioned,negative,not_mentioned
10104335,53416858,train,C:\Users\Zila\Downloads\BN5212\MIMIC-CXR\p10\p10\p10104335\s53416858\2b60e556-6a643748-5eeca1a8-7bdd3f19-2238112d.dcm,negative,not_mentioned,not_mentioned,not_mentioned,not_mentioned
10104549,59280396,test,C:\Users\Zila\Downloads\BN5212\MIMIC-CXR\p10\p10\p10104549\s59280396\0e6f9c3d-a98f9247-db2cdbb0-5cb1eb2c-16dde8b0.dcm,negative,not_mentioned,not_mentioned,not_mentioned,not_mentioned
10104549,55079298,test,C:\Users\Zila\Downloads\BN5212\MIMIC-CXR\p10\p10\p10104549\s55079298\a285bcea-2dfe66f9-9aa25b6a-5136ca1a-e873f295.dcm,negative,not_mentioned,not_mentioned,not_mentioned,not_mentioned
10104549,58782592,test,C:\Users\Zila\Downloads\BN5212\MIMIC-CXR\p10\p10\p10104549\s58782592\fb8f8b01-40e15880-07f5df30-dee7200f-01066544.dcm,not_mentioned,not_mentioned,not_mentioned,negative,not_mentioned
10104549,50954705,test,C:\Users\Zila\Downloads\BN5212\MIMIC-CXR\p10\p10\p10104549\s50954705\4ef59971-add22b29-a13fbdb8-90b9a591-e77b747f.dcm,negative,not_mentioned,not_mentioned,not_mentioned,not_mentioned
10104549,55625832,test,C:\Users\Zila\Downloads\BN5212\MIMIC-CXR\p10\p10\p10104549\s55625832\dea6cbad-3e42d942-5ac13d77-fc46b930-39f57b55.dcm,not_mentioned,not_mentioned,not_mentioned,not_mentioned,not_mentioned
10104549,59686004,test,C:\Users\Zila\Downloads\BN5212\MIMIC-CXR\p10\p10\p10104549\s59686004\175ed8c3-e2e9242b-17ce08fa-f6ac0e46-e4692e14.dcm,negative,not_mentioned,not_mentioned,not_mentioned,not_mentioned
10104549,59822754,test,C:\Users\Zila\Downloads\BN5212\MIMIC-CXR\p10\p10\p10104549\s59822754\dfd73dc7-b861199f-d6ed1d36-2827d514-2a54ded5.dcm,negative,not_mentioned,not_mentioned,not_mentioned,not_mentioned
10104549,50210486,test,C:\Users\Zila\Downloads\BN5212\MIMIC-CXR\p10\p10\p10104549\s50210486\ae620568-99d9fa00-54ecbe20-020b1273-9b1e3ea0.dcm,negative,not_mentioned,not_mentioned,not_mentioned,not_mentioned
10104730,55324041,train,C:\Users\Zila\Downloads\BN5212\MIMIC-CXR\p10\p10\p10104730\s55324041\35fe434f-81e5d10b-8189fc28-1724569f-ebd33225.dcm,not_mentioned,not_mentioned,positive,not_mentioned,positive
10104730,55888496,train,C:\Users\Zila\Downloads\BN5212\MIMIC-CXR\p10\p10\p10104730\s55888496\251b0288-0c1ff0f3-d5c58d9f-b51b8601-78d7ad22.dcm,not_mentioned,not_mentioned,not_mentioned,not_mentioned,not_mentioned
10104730,53302024,train,C:\Users\Zila\Downloads\BN5212\MIMIC-CXR\p10\p10\p10104730\s53302024\3d10d3fe-db37a662-59f92925-12e95310-30cf29dc.dcm,not_mentioned,not_mentioned,not_mentioned,not_mentioned,not_mentioned
10104730,58476342,train,C:\Users\Zila\Downloads\BN5212\MIMIC-CXR\p10\p10\p10104730\s58476342\3f0ea8f4-33ee0db5-1d82b40e-2ecf6e8d-d31cabea.dcm,not_mentioned,not_mentioned,not_mentioned,not_mentioned,not_mentioned
10104730,56952765,train,C:\Users\Zila\Downloads\BN5212\MIMIC-CXR\p10\p10\p10104730\s56952765\826faabe-6d791621-f07a9f42-d5425084-7a0e9ed5.dcm,positive,not_mentioned,positive,not_mentioned,positive
10104730,54295356,train,C:\Users\Zila\Downloads\BN5212\MIMIC-CXR\p10\p10\p10104730\s54295356\298bd1f3-48f2d904-7bda9398-608f21df-f121e2cc.dcm,not_mentioned,positive,positive,not_mentioned,positive
10104730,58035785,train,C:\Users\Zila\Downloads\BN5212\MIMIC-CXR\p10\p10\p10104730\s58035785\69e92f55-ec3d08b9-56aa46df-db740239-c76f1fd4.dcm,not_mentioned,not_mentioned,negative,not_mentioned,negative
10104730,58014007,train,C:\Users\Zila\Downloads\BN5212\MIMIC-CXR\p10\p10\p10104730\s58014007\ea3df38c-d3e90662-3233a6b4-f0f066ad-bbd4ea18.dcm,conflicting,not_mentioned,negative,not_mentioned,negative
10104732,56033097,train,C:\Users\Zila\Downloads\BN5212\MIMIC-CXR\p10\p10\p10104732\s56033097\668fd533-92eb78ed-724bb3f5-33e76354-03f57807.dcm,negative,not_mentioned,not_mentioned,not_mentioned,not_mentioned
10104732,58182448,train,C:\Users\Zila\Downloads\BN5212\MIMIC-CXR\p10\p10\p10104732\s58182448\a647df18-ef4a14b9-eecee7e6-7a0da7c0-287d45de.dcm,negative,not_mentioned,negative,not_mentioned,negative
10104732,55584988,train,C:\Users\Zila\Downloads\BN5212\MIMIC-CXR\p10\p10\p10104732\s55584988\bc60c792-8cf79c39-dc9fdc5e-6598eb46-9a5f82b8.dcm,not_mentioned,not_mentioned,not_mentioned,negative,not_mentioned
10104732,56671882,train,C:\Users\Zila\Downloads\BN5212\MIMIC-CXR\p10\p10\p10104732\s56671882\f58a2124-d18eeec8-9224f41a-9a000e83-3ea41fc6.dcm,not_mentioned,not_mentioned,negative,negative,negative
10104732,59794138,train,C:\Users\Zila\Downloads\BN5212\MIMIC-CXR\p10\p10\p10104732\s59794138\becf8ed6-c5f60c71-89040c32-9d94b7c6-eb956bc1.dcm,not_mentioned,not_mentioned,negative,negative,negative
10104732,52467156,train,C:\Users\Zila\Downloads\BN5212\MIMIC-CXR\p10\p10\p10104732\s52467156\faa8d0c4-119a2680-44e3538b-de16e76d-739fc446.dcm,not_mentioned,not_mentioned,negative,not_mentioned,negative
10104732,54570821,train,C:\Users\Zila\Downloads\BN5212\MIMIC-CXR\p10\p10\p10104732\s54570821\1ea7a756-96911f12-db843407-9b5731f7-9a304469.dcm,not_mentioned,not_mentioned,negative,not_mentioned,negative
10104732,50569022,train,C:\Users\Zila\Downloads\BN5212\MIMIC-CXR\p10\p10\p10104732\s50569022\8042c4fe-6783506a-eda7ddbc-17831fd9-9ca433a1.dcm,not_mentioned,not_mentioned,positive,not_mentioned,positive
10104732,53497865,train,C:\Users\Zila\Downloads\BN5212\MIMIC-CXR\p10\p10\p10104732\s53497865\8785fa20-b247ee8b-08d47d19-8c427863-0ab09b7c.dcm,not_mentioned,not_mentioned,not_mentioned,uncertain,not_mentioned
10104732,58188503,train,C:\Users\Zila\Downloads\BN5212\MIMIC-CXR\p10\p10\p10104732\s58188503\bba83a81-720a3370-66eccf74-f4fd4115-765e4991.dcm,not_mentioned,not_mentioned,not_mentioned,positive,not_mentioned
10105456,58449297,train,C:\Users\Zila\Downloads\BN5212\MIMIC-CXR\p10\p10\p10105456\s58449297\353747aa-ecdbc1f4-94ffa4af-670a9456-f7c5efe4.dcm,not_mentioned,not_mentioned,not_mentioned,not_mentioned,not_mentioned
10105456,56294380,train,C:\Users\Zila\Downloads\BN5212\MIMIC-CXR\p10\p10\p10105456\s56294380\2e19bb5e-b1d2160d-3c13f46c-eed6cc5a-165570b9.dcm,negative,not_mentioned,not_mentioned,not_mentioned,not_mentioned
10106244,59467766,val,C:\Users\Zila\Downloads\BN5212\MIMIC-CXR\p10\p10\p10106244\s59467766\780de6b8-e2dc53b0-7fc7c981-a45190ed-2d8bd102.dcm,negative,not_mentioned,negative,not_mentioned,negative
10106244,51679331,val,C:\Users\Zila\Downloads\BN5212\MIMIC-CXR\p10\p10\p10106244\s51679331\2738c691-5ae644f2-df556900-5596d9a1-36d1a2ee.dcm,not_mentioned,not_mentioned,not_mentioned,not_mentioned,not_mentioned
10106244,55172864,val,C:\Users\Zila\Downloads\BN5212\MIMIC-CXR\p10\p10\p10106244\s55172864\85584bbb-d7a194a7-a8c71e34-1cc065b9-269bd17b.dcm,negative,not_mentioned,not_mentioned,negative,not_mentioned
10106244,51204126,val,C:\Users\Zila\Downloads\BN5212\MIMIC-CXR\p10\p10\p10106244\s51204126\396381bd-09dde704-2728dfd7-c36fe12f-1ee7e2bd.dcm,not_mentioned,not_mentioned,not_mentioned,not_mentioned,not_mentioned
10106244,50711748,val,C:\Users\Zila\Downloads\BN5212\MIMIC-CXR\p10\p10\p10106244\s50711748\4193c777-9ab1bd8f-80a7b2fc-538152f4-d23645e8.dcm,not_mentioned,not_mentioned,negative,not_mentioned,not_mentioned
10106890,54327368,train,C:\Users\Zila\Downloads\BN5212\MIMIC-CXR\p10\p10\p10106890\s54327368\8d4e398c-cece8b10-62437b64-dde97b3a-de160184.dcm,negative,not_mentioned,not_mentioned,not_mentioned,not_mentioned
10106890,55599935,train,C:\Users\Zila\Downloads\BN5212\MIMIC-CXR\p10\p10\p10106890\s55599935\d1bd9cc6-e6c4f05a-171e6f64-0258e2f6-60726d5c.dcm,negative,not_mentioned,not_mentioned,negative,not_mentioned
10106890,55459939,train,C:\Users\Zila\Downloads\BN5212\MIMIC-CXR\p10\p10\p10106890\s55459939\f84ea929-db90ab2b-9f634729-dd8bf059-12ac5dee.dcm,not_mentioned,not_mentioned,not_mentioned,not_mentioned,not_mentioned
10106890,50164080,train,C:\Users\Zila\Downloads\BN5212\MIMIC-CXR\p10\p10\p10106890\s50164080\6ae26f79-fd43055d-6a1fbfc4-a48a72f6-f84d8b68.dcm,not_mentioned,not_mentioned,not_mentioned,not_mentioned,not_mentioned
10106890,57973874,train,C:\Users\Zila\Downloads\BN5212\MIMIC-CXR\p10\p10\p10106890\s57973874\fc777b65-d4152948-1b06317e-e11bd962-8a4324d8.dcm,negative,not_mentioned,not_mentioned,not_mentioned,not_mentioned
10106890,52646170,train,C:\Users\Zila\Downloads\BN5212\MIMIC-CXR\p10\p10\p10106890\s52646170\44850a6a-8184f3c0-19314d3c-7eb57553-60d2a11f.dcm,negative,not_mentioned,not_mentioned,negative,not_mentioned
10106890,56696480,train,C:\Users\Zila\Downloads\BN5212\MIMIC-CXR\p10\p10\p10106890\s56696480\4ca05f5a-031e0dd8-f8a0915d-a9fbdbf8-d8aaf2d1.dcm,not_mentioned,not_mentioned,not_mentioned,not_mentioned,not_mentioned
10106890,59377188,train,C:\Users\Zila\Downloads\BN5212\MIMIC-CXR\p10\p10\p10106890\s59377188\6ee36360-f5a7af99-bce9a395-bb80eef5-7c5bea08.dcm,not_mentioned,not_mentioned,not_mentioned,not_mentioned,not_mentioned
10106890,57045721,train,C:\Users\Zila\Downloads\BN5212\MIMIC-CXR\p10\p10\p10106890\s57045721\205e6f05-4c000885-3f988dd7-c47420d5-0302bd75.dcm,not_mentioned,not_mentioned,not_mentioned,not_mentioned,not_mentioned
10106890,58740092,train,C:\Users\Zila\Downloads\BN5212\MIMIC-CXR\p10\p10\p10106890\s58740092\b80ded06-2683825e-ab0ce648-18d79032-e6b82908.dcm,not_mentioned,not_mentioned,not_mentioned,not_mentioned,not_mentioned
10106899,55149307,test,C:\Users\Zila\Downloads\BN5212\MIMIC-CXR\p10\p10\p10106899\s55149307\92d19cbe-de3aa445-0b00d8e1-d0f1e996-b9fd9f87.dcm,not_mentioned,not_mentioned,positive,not_mentioned,positive
10106899,57131579,test,C:\Users\Zila\Downloads\BN5212\MIMIC-CXR\p10\p10\p10106899\s57131579\60c008ec-a25fef16-e1110bfc-c8d5372d-990ace50.dcm,positive,not_mentioned,conflicting,positive,conflicting
10107208,56736121,train,C:\Users\Zila\Downloads\BN5212\MIMIC-CXR\p10\p10\p10107208\s56736121\d4c58fa2-c03415cf-f54009f0-0eb50d60-8be7ff9e.dcm,not_mentioned,not_mentioned,not_mentioned,not_mentioned,not_mentioned
10107208,53309843,train,C:\Users\Zila\Downloads\BN5212\MIMIC-CXR\p10\p10\p10107208\s53309843\25ded536-bd67f982-8d8a65e0-2c5c0d3b-e8fcd16a.dcm,not_mentioned,not_mentioned,not_mentioned,not_mentioned,not_mentioned
10107208,50744673,train,C:\Users\Zila\Downloads\BN5212\MIMIC-CXR\p10\p10\p10107208\s50744673\400949cf-1378fa90-787d5bf3-945467c5-07dd1c6a.dcm,negative,not_mentioned,not_mentioned,not_mentioned,not_mentioned
10107208,55083348,train,C:\Users\Zila\Downloads\BN5212\MIMIC-CXR\p10\p10\p10107208\s55083348\b33cb830-8250d4aa-edc59ba2-5563e336-aa18606a.dcm,negative,not_mentioned,not_mentioned,negative,not_mentioned
10108435,59903303,val,C:\Users\Zila\Downloads\BN5212\MIMIC-CXR\p10\p10\p10108435\s59903303\92b331b4-aeff97a5-37a96d2a-d41bd53d-f3232d3b.dcm,not_mentioned,not_mentioned,not_mentioned,not_mentioned,not_mentioned
10108435,58170356,val,C:\Users\Zila\Downloads\BN5212\MIMIC-CXR\p10\p10\p10108435\s58170356\38da6235-6774a0f8-d8d02b81-02b493e7-f5e1c0a6.dcm,not_mentioned,not_mentioned,not_mentioned,not_mentioned,not_mentioned
10108435,57918260,val,C:\Users\Zila\Downloads\BN5212\MIMIC-CXR\p10\p10\p10108435\s57918260\6d525332-c16bcc7b-69230dad-a0763568-6555140c.dcm,negative,not_mentioned,not_mentioned,not_mentioned,not_mentioned
10108435,59276548,val,C:\Users\Zila\Downloads\BN5212\MIMIC-CXR\p10\p10\p10108435\s59276548\e845bc77-155da1f6-d964514c-51b7d352-5c37ae30.dcm,not_mentioned,not_mentioned,not_mentioned,not_mentioned,not_mentioned
10108435,54405181,val,C:\Users\Zila\Downloads\BN5212\MIMIC-CXR\p10\p10\p10108435\s54405181\d1f5abf7-93a13c8b-d869c5f1-7304f878-78bf780a.dcm,not_mentioned,positive,not_mentioned,not_mentioned,not_mentioned
10108435,50530072,val,C:\Users\Zila\Downloads\BN5212\MIMIC-CXR\p10\p10\p10108435\s50530072\3bc75c1f-d95138a6-1cd514aa-8075b5fc-4425ef16.dcm,negative,not_mentioned,not_mentioned,not_mentioned,not_mentioned
10108435,59620466,val,C:\Users\Zila\Downloads\BN5212\MIMIC-CXR\p10\p10\p10108435\s59620466\2b357984-4c9d0f59-a52b9d3c-bfb21dbb-e70c885c.dcm,negative,positive,negative,negative,negative
10108435,50125077,val,C:\Users\Zila\Downloads\BN5212\MIMIC-CXR\p10\p10\p10108435\s50125077\41d7ca25-778154cd-3f0ea0ce-8d40865a-300a5661.dcm,not_mentioned,positive,not_mentioned,not_mentioned,not_mentioned
10108435,50384779,val,C:\Users\Zila\Downloads\BN5212\MIMIC-CXR\p10\p10\p10108435\s50384779\65099e32-36913405-9480d0c1-53a41e7b-7fd73572.dcm,negative,positive,not_mentioned,not_mentioned,not_mentioned
10108435,51949189,val,C:\Users\Zila\Downloads\BN5212\MIMIC-CXR\p10\p10\p10108435\s51949189\9394a74c-3d4a1421-9cf4770c-68f1fa59-bd05f7c5.dcm,not_mentioned,positive,positive,negative,not_mentioned
10108435,53034337,val,C:\Users\Zila\Downloads\BN5212\MIMIC-CXR\p10\p10\p10108435\s53034337\5ff593f0-f33892fc-60d36773-56df19e0-df3361cc.dcm,negative,not_mentioned,positive,negative,not_mentioned
10108435,55963866,val,C:\Users\Zila\Downloads\BN5212\MIMIC-CXR\p10\p10\p10108435\s55963866\745a5eb7-14267931-0902d377-7ea99b12-1a939cdb.dcm,not_mentioned,not_mentioned,positive,not_mentioned,not_mentioned
10108435,58000488,val,C:\Users\Zila\Downloads\BN5212\MIMIC-CXR\p10\p10\p10108435\s58000488\28bcc6fa-df01b5d2-6f6d4162-2bea2ad7-2dd50bf2.dcm,negative,positive,positive,not_mentioned,positive
10108435,52958884,val,C:\Users\Zila\Downloads\BN5212\MIMIC-CXR\p10\p10\p10108435\s52958884\7267bd77-20e2c486-7b9ee289-0f1c93c0-23b0a4ce.dcm,not_mentioned,positive,negative,not_mentioned,negative
10108435,52578568,val,C:\Users\Zila\Downloads\BN5212\MIMIC-CXR\p10\p10\p10108435\s52578568\394c570c-354c0667-a183abcb-0ab35f87-4ea1876d.dcm,negative,positive,not_mentioned,not_mentioned,not_mentioned
10108435,54207716,val,C:\Users\Zila\Downloads\BN5212\MIMIC-CXR\p10\p10\p10108435\s54207716\26cf4111-bb686be5-37ffe58f-1a8c7fa7-4ac81dcb.dcm,not_mentioned,positive,negative,negative,not_mentioned
10108709,58400785,train,C:\Users\Zila\Downloads\BN5212\MIMIC-CXR\p10\p10\p10108709\s58400785\2884c1fa-231174ff-e248cb6d-519075b1-1b224e81.dcm,not_mentioned,not_mentioned,not_mentioned,not_mentioned,not_mentioned
10108709,52698497,train,C:\Users\Zila\Downloads\BN5212\MIMIC-CXR\p10\p10\p10108709\s52698497\4a98096f-4e749826-25100721-ece323a9-75f875ec.dcm,not_mentioned,not_mentioned,not_mentioned,not_mentioned,not_mentioned
10108709,58756958,train,C:\Users\Zila\Downloads\BN5212\MIMIC-CXR\p10\p10\p10108709\s58756958\2e110361-2b6cec0d-391f5f5b-e6b4c4d9-faa9accd.dcm,not_mentioned,not_mentioned,not_mentioned,not_mentioned,not_mentioned
10108709,50669229,train,C:\Users\Zila\Downloads\BN5212\MIMIC-CXR\p10\p10\p10108709\s50669229\eb5a3ac2-3e452656-fe461074-def148b3-721e8b83.dcm,negative,not_mentioned,not_mentioned,not_mentioned,not_mentioned
10108709,57571205,train,C:\Users\Zila\Downloads\BN5212\MIMIC-CXR\p10\p10\p10108709\s57571205\67564162-2ee01995-9407f467-9e3b22b4-b2afe785.dcm,positive,not_mentioned,not_mentioned,not_mentioned,not_mentioned
10108709,54958570,train,C:\Users\Zila\Downloads\BN5212\MIMIC-CXR\p10\p10\p10108709\s54958570\e0aca265-244c171c-750ce246-72e5efc3-f8c59d06.dcm,not_mentioned,positive,not_mentioned,not_mentioned,not_mentioned
10108709,51661659,train,C:\Users\Zila\Downloads\BN5212\MIMIC-CXR\p10\p10\p10108709\s51661659\560cda9e-3fcbac84-c6c8fc91-b795075a-f6fd9cf7.dcm,not_mentioned,not_mentioned,not_mentioned,not_mentioned,not_mentioned
10108709,59448359,train,C:\Users\Zila\Downloads\BN5212\MIMIC-CXR\p10\p10\p10108709\s59448359\ba54deca-d7609bae-c46358b2-e99ead86-d3f9b238.dcm,negative,not_mentioned,not_mentioned,not_mentioned,not_mentioned
10108709,51687028,train,C:\Users\Zila\Downloads\BN5212\MIMIC-CXR\p10\p10\p10108709\s51687028\cb129682-55833b11-d45d7c4b-aff20db9-2a570d9c.dcm,not_mentioned,not_mentioned,not_mentioned,not_mentioned,not_mentioned
10108709,50173624,train,C:\Users\Zila\Downloads\BN5212\MIMIC-CXR\p10\p10\p10108709\s50173624\5c64ba1b-87f8c04d-65d5dfb4-abcb6404-a62fe698.dcm,not_mentioned,not_mentioned,not_mentioned,not_mentioned,not_mentioned
10108709,53887690,train,C:\Users\Zila\Downloads\BN5212\MIMIC-CXR\p10\p10\p10108709\s53887690\c53fd9a6-f76d4369-6d61b660-a2e7cd2b-2a35a35a.dcm,not_mentioned,not_mentioned,not_mentioned,not_mentioned,not_mentioned
10108709,55421946,train,C:\Users\Zila\Downloads\BN5212\MIMIC-CXR\p10\p10\p10108709\s55421946\0f91e14e-19ae7ee4-bcbaee86-1e08e7e3-24ea15ce.dcm,positive,not_mentioned,not_mentioned,not_mentioned,not_mentioned
10108709,56954745,train,C:\Users\Zila\Downloads\BN5212\MIMIC-CXR\p10\p10\p10108709\s56954745\0cb9b913-27bd8634-b3622ec2-5aa4199a-3f198c6a.dcm,positive,not_mentioned,not_mentioned,not_mentioned,not_mentioned
10108709,55895688,train,C:\Users\Zila\Downloads\BN5212\MIMIC-CXR\p10\p10\p10108709\s55895688\465fcefd-1b4586f7-6685457c-01ba35f1-1d5d43ec.dcm,not_mentioned,not_mentioned,not_mentioned,not_mentioned,not_mentioned
10108868,50328592,val,C:\Users\Zila\Downloads\BN5212\MIMIC-CXR\p10\p10\p10108868\s50328592\5fe78100-c113a102-ccb2580b-4f060eaf-c71fe80c.dcm,not_mentioned,not_mentioned,negative,not_mentioned,not_mentioned
10108868,57567183,val,C:\Users\Zila\Downloads\BN5212\MIMIC-CXR\p10\p10\p10108868\s57567183\529e4559-0e4ba57b-a5cd7e72-84e28992-92e67030.dcm,not_mentioned,not_mentioned,negative,negative,negative
10108868,55641224,val,C:\Users\Zila\Downloads\BN5212\MIMIC-CXR\p10\p10\p10108868\s55641224\36e0ac40-9f394c20-51710908-562ff4ab-40b80e97.dcm,not_mentioned,not_mentioned,not_mentioned,not_mentioned,not_mentioned
10108868,52343363,val,C:\Users\Zila\Downloads\BN5212\MIMIC-CXR\p10\p10\p10108868\s52343363\238e94ad-7834af24-94d6e980-b1faa70e-57212a35.dcm,not_mentioned,not_mentioned,not_mentioned,not_mentioned,not_mentioned
10108868,55190681,val,C:\Users\Zila\Downloads\BN5212\MIMIC-CXR\p10\p10\p10108868\s55190681\183cc139-adba6326-ebd8f012-5196d7e6-bf7be915.dcm,not_mentioned,not_mentioned,not_mentioned,negative,not_mentioned
10109085,58950825,test,C:\Users\Zila\Downloads\BN5212\MIMIC-CXR\p10\p10\p10109085\s58950825\82703381-f333fdeb-3d31b07e-6a1649eb-87d217b1.dcm,not_mentioned,not_mentioned,positive,not_mentioned,positive
10109085,50117978,test,C:\Users\Zila\Downloads\BN5212\MIMIC-CXR\p10\p10\p10109085\s50117978\556ffd27-e886ebdc-d3fa5d84-290f4e4d-ffbf7139.dcm,not_mentioned,not_mentioned,not_mentioned,not_mentioned,not_mentioned
10109085,57478140,test,C:\Users\Zila\Downloads\BN5212\MIMIC-CXR\p10\p10\p10109085\s57478140\8aff35fa-7aa6e4f6-f0bc72d3-bd1ffdc5-3bb9064c.dcm,not_mentioned,positive,positive,not_mentioned,positive
10109085,56066657,test,C:\Users\Zila\Downloads\BN5212\MIMIC-CXR\p10\p10\p10109085\s56066657\4a20c8ba-093efb50-5805d8f6-7ee3f74e-98f8d67b.dcm,not_mentioned,positive,not_mentioned,not_mentioned,not_mentioned
10109085,52033547,test,C:\Users\Zila\Downloads\BN5212\MIMIC-CXR\p10\p10\p10109085\s52033547\5f281e52-48a0ee0d-b423512b-721fa5a4-5881be7b.dcm,not_mentioned,not_mentioned,not_mentioned,not_mentioned,not_mentioned
10109085,50243662,test,C:\Users\Zila\Downloads\BN5212\MIMIC-CXR\p10\p10\p10109085\s50243662\284c634a-4a6d87ef-8f05921d-786b9637-21f89a36.dcm,not_mentioned,not_mentioned,positive,not_mentioned,positive
10109085,52915858,test,C:\Users\Zila\Downloads\BN5212\MIMIC-CXR\p10\p10\p10109085\s52915858\515c6261-9933168a-7b911e5f-dffd1db7-6796cf15.dcm,not_mentioned,not_mentioned,positive,not_mentioned,positive
10109085,58112161,test,C:\Users\Zila\Downloads\BN5212\MIMIC-CXR\p10\p10\p10109085\s58112161\34495cf8-90c2cbb3-617c2e74-01bd0a2f-8240d856.dcm,not_mentioned,not_mentioned,not_mentioned,not_mentioned,not_mentioned
10109085,53240301,test,C:\Users\Zila\Downloads\BN5212\MIMIC-CXR\p10\p10\p10109085\s53240301\0c9fb716-59b7d3d0-b1745c76-02afe929-6bdf174e.dcm,not_mentioned,not_mentioned,positive,not_mentioned,positive
10109555,57195302,train,C:\Users\Zila\Downloads\BN5212\MIMIC-CXR\p10\p10\p10109555\s57195302\55d6b4cd-20798ba6-3c24b39d-0863949d-bbf2f260.dcm,not_mentioned,not_mentioned,negative,negative,negative
10109555,56124439,train,C:\Users\Zila\Downloads\BN5212\MIMIC-CXR\p10\p10\p10109555\s56124439\0412c8d8-38a9382c-fdaf065a-d51c39ef-db3e745a.dcm,not_mentioned,not_mentioned,not_mentioned,not_mentioned,not_mentioned
10109555,56241563,train,C:\Users\Zila\Downloads\BN5212\MIMIC-CXR\p10\p10\p10109555\s56241563\36c7d1d7-51b0b4fc-35315f26-b521e8ce-27aba583.dcm,negative,not_mentioned,not_mentioned,not_mentioned,not_mentioned
10109555,58237423,train,C:\Users\Zila\Downloads\BN5212\MIMIC-CXR\p10\p10\p10109555\s58237423\62ba96fa-14dd072d-b3f9b4de-6aa0558f-ce89e220.dcm,not_mentioned,not_mentioned,not_mentioned,not_mentioned,not_mentioned
10109555,57242093,train,C:\Users\Zila\Downloads\BN5212\MIMIC-CXR\p10\p10\p10109555\s57242093\9cb30def-2930f75d-d89850d7-13cfee8d-a021880a.dcm,not_mentioned,not_mentioned,not_mentioned,not_mentioned,not_mentioned
10109668,59929104,train,C:\Users\Zila\Downloads\BN5212\MIMIC-CXR\p10\p10\p10109668\s59929104\b9d04069-04b18a39-2cbd0ed6-17c3ce61-a63626a1.dcm,negative,positive,not_mentioned,not_mentioned,not_mentioned
10109668,50804764,train,C:\Users\Zila\Downloads\BN5212\MIMIC-CXR\p10\p10\p10109668\s50804764\83c56e88-01fe803d-96ddab19-84856dbc-2dcf8967.dcm,not_mentioned,not_mentioned,not_mentioned,negative,not_mentioned
10109668,56315818,train,C:\Users\Zila\Downloads\BN5212\MIMIC-CXR\p10\p10\p10109668\s56315818\1e4321a7-ee793b09-4cd55ad5-32bc1933-db5c4fdd.dcm,negative,not_mentioned,not_mentioned,not_mentioned,not_mentioned
10109668,51171589,train,C:\Users\Zila\Downloads\BN5212\MIMIC-CXR\p10\p10\p10109668\s51171589\ed7a6cca-32ee5b53-6d5155ed-4395e014-0395e56b.dcm,negative,not_mentioned,not_mentioned,not_mentioned,not_mentioned
10109899,55505975,val,C:\Users\Zila\Downloads\BN5212\MIMIC-CXR\p10\p10\p10109899\s55505975\30177aa1-af0c0fb3-1fbf2631-2bb065ac-eda9a076.dcm,positive,positive,not_mentioned,negative,not_mentioned
10109899,50341312,val,C:\Users\Zila\Downloads\BN5212\MIMIC-CXR\p10\p10\p10109899\s50341312\63427e8e-832cfbd6-c9d70479-67f80162-031f12b5.dcm,not_mentioned,not_mentioned,not_mentioned,negative,not_mentioned
10109899,54655298,val,C:\Users\Zila\Downloads\BN5212\MIMIC-CXR\p10\p10\p10109899\s54655298\5ed6df63-87bfcb56-e0b95479-231b1724-231b841b.dcm,positive,not_mentioned,not_mentioned,not_mentioned,not_mentioned
10109899,55994339,val,C:\Users\Zila\Downloads\BN5212\MIMIC-CXR\p10\p10\p10109899\s55994339\8f2b37ba-08916ba1-7c0e8b5a-049e4c29-65889790.dcm,not_mentioned,not_mentioned,not_mentioned,not_mentioned,not_mentioned
10109899,57600436,val,C:\Users\Zila\Downloads\BN5212\MIMIC-CXR\p10\p10\p10109899\s57600436\0ffc6cd2-de2dda34-b63949c3-687ff08d-4bbbe1f9.dcm,not_mentioned,not_mentioned,not_mentioned,not_mentioned,not_mentioned
10109899,55734091,val,C:\Users\Zila\Downloads\BN5212\MIMIC-CXR\p10\p10\p10109899\s55734091\e33a6b01-c0f801b5-28a6c4bb-cadf560d-aaa533a0.dcm,not_mentioned,not_mentioned,positive,negative,not_mentioned
10109899,51270735,val,C:\Users\Zila\Downloads\BN5212\MIMIC-CXR\p10\p10\p10109899\s51270735\128dc4c3-beb071cf-8fdef3d3-5d71fbbe-8ba6d7bc.dcm,not_mentioned,not_mentioned,not_mentioned,not_mentioned,not_mentioned
10109899,56650301,val,C:\Users\Zila\Downloads\BN5212\MIMIC-CXR\p10\p10\p10109899\s56650301\23eb3d88-72bf88ff-78e6542c-3c14bb79-7914e98d.dcm,not_mentioned,not_mentioned,not_mentioned,uncertain,not_mentioned
10110584,52265451,train,C:\Users\Zila\Downloads\BN5212\MIMIC-CXR\p10\p10\p10110584\s52265451\12e7ab12-c4da6227-fb02c10c-8854b574-55d67c39.dcm,not_mentioned,not_mentioned,negative,not_mentioned,negative
10110584,53930997,train,C:\Users\Zila\Downloads\BN5212\MIMIC-CXR\p10\p10\p10110584\s53930997\e92c935e-3f53a505-1fd91165-b813be51-3a56e02c.dcm,positive,not_mentioned,not_mentioned,positive,not_mentioned
10110764,58771416,train,C:\Users\Zila\Downloads\BN5212\MIMIC-CXR\p10\p10\p10110764\s58771416\dad5aca3-cd745760-e9ab74fa-5c07a3d1-75b4def3.dcm,positive,positive,not_mentioned,negative,not_mentioned
10110764,54536496,train,C:\Users\Zila\Downloads\BN5212\MIMIC-CXR\p10\p10\p10110764\s54536496\4469ad81-f0b47c2e-0628b776-6c3c7e78-8167e44f.dcm,not_mentioned,not_mentioned,positive,positive,not_mentioned
10110764,59844938,train,C:\Users\Zila\Downloads\BN5212\MIMIC-CXR\p10\p10\p10110764\s59844938\5e6d63e4-5b18e653-cee2fd94-5d1ee707-a5019e5c.dcm,not_mentioned,not_mentioned,negative,positive,negative
10110764,50947907,train,C:\Users\Zila\Downloads\BN5212\MIMIC-CXR\p10\p10\p10110764\s50947907\e5d52718-ab784ced-6690332c-9f02d555-0ac03b87.dcm,not_mentioned,not_mentioned,negative,not_mentioned,negative
10110764,54169998,train,C:\Users\Zila\Downloads\BN5212\MIMIC-CXR\p10\p10\p10110764\s54169998\75e3f2c4-baa8d374-730cc736-cf769ab5-2a824468.dcm,not_mentioned,not_mentioned,not_mentioned,not_mentioned,not_mentioned
10110764,57733259,train,C:\Users\Zila\Downloads\BN5212\MIMIC-CXR\p10\p10\p10110764\s57733259\280eb44e-dbb13a2d-f33caad6-ca2e1d06-055a1364.dcm,not_mentioned,positive,not_mentioned,not_mentioned,not_mentioned
10110764,52561350,train,C:\Users\Zila\Downloads\BN5212\MIMIC-CXR\p10\p10\p10110764\s52561350\11bcffc7-e7af9fd9-28ff7842-07278147-8d3a58bd.dcm,not_mentioned,not_mentioned,not_mentioned,not_mentioned,not_mentioned
10110764,58540759,train,C:\Users\Zila\Downloads\BN5212\MIMIC-CXR\p10\p10\p10110764\s58540759\56ad0c31-6700c1d7-a01bcd99-3742356f-a8aa4037.dcm,positive,not_mentioned,not_mentioned,negative,not_mentioned
10110764,55080133,train,C:\Users\Zila\Downloads\BN5212\MIMIC-CXR\p10\p10\p10110764\s55080133\0417647c-c6530bfc-024286bd-fdc11e74-d3da39fb.dcm,not_mentioned,not_mentioned,not_mentioned,negative,not_mentioned
10110764,58865809,train,C:\Users\Zila\Downloads\BN5212\MIMIC-CXR\p10\p10\p10110764\s58865809\224714c8-76cedd3f-860cb953-80b79151-f09f8cd3.dcm,not_mentioned,not_mentioned,not_mentioned,not_mentioned,not_mentioned
10110764,54021517,train,C:\Users\Zila\Downloads\BN5212\MIMIC-CXR\p10\p10\p10110764\s54021517\bb654bf7-e6e5c5dd-cee32e3e-d50753df-ce016c4b.dcm,not_mentioned,not_mentioned,positive,not_mentioned,positive
10110764,51766025,train,C:\Users\Zila\Downloads\BN5212\MIMIC-CXR\p10\p10\p10110764\s51766025\7e760513-1f505176-cdd2c083-e89653d4-310a6697.dcm,not_mentioned,positive,negative,not_mentioned,negative
10110843,52187616,val,C:\Users\Zila\Downloads\BN5212\MIMIC-CXR\p10\p10\p10110843\s52187616\13bcc737-fb23bf90-6af79c06-659a597d-fe2f92b7.dcm,negative,not_mentioned,negative,uncertain,negative
10110843,52009209,val,C:\Users\Zila\Downloads\BN5212\MIMIC-CXR\p10\p10\p10110843\s52009209\c6c0d6ea-83b15ed9-c58e50b2-ed0162e0-9cb54c10.dcm,negative,not_mentioned,not_mentioned,positive,not_mentioned
10111075,55017692,train,C:\Users\Zila\Downloads\BN5212\MIMIC-CXR\p10\p10\p10111075\s55017692\72943b07-5e2de7c0-c8b67f8c-a0f13801-a2f80954.dcm,not_mentioned,positive,positive,negative,positive
10111075,52104248,train,C:\Users\Zila\Downloads\BN5212\MIMIC-CXR\p10\p10\p10111075\s52104248\1b03459e-2146cf92-7b096ed4-ea6fb8c0-97352f94.dcm,positive,positive,positive,negative,positive
10111112,51507614,train,C:\Users\Zila\Downloads\BN5212\MIMIC-CXR\p10\p10\p10111112\s51507614\6156007e-2ca3e4f5-ea3998d6-ff65d710-8f3e6aac.dcm,negative,not_mentioned,not_mentioned,not_mentioned,not_mentioned
10111112,50159440,train,C:\Users\Zila\Downloads\BN5212\MIMIC-CXR\p10\p10\p10111112\s50159440\6a79884a-28c8191c-98fbf12f-b4e89445-33468a13.dcm,positive,not_mentioned,not_mentioned,negative,not_mentioned
10111112,54063740,train,C:\Users\Zila\Downloads\BN5212\MIMIC-CXR\p10\p10\p10111112\s54063740\55b9f0dc-941ba1ea-af5a4f96-314f24c7-0b8058b9.dcm,positive,not_mentioned,not_mentioned,not_mentioned,not_mentioned
10111112,56562738,train,C:\Users\Zila\Downloads\BN5212\MIMIC-CXR\p10\p10\p10111112\s56562738\fb148f79-ddef3c5c-dc75ccf1-d02138ff-18666778.dcm,positive,not_mentioned,positive,positive,positive
10111112,50996857,train,C:\Users\Zila\Downloads\BN5212\MIMIC-CXR\p10\p10\p10111112\s50996857\9055c8de-1400b556-7de439ff-8d668884-122246cd.dcm,not_mentioned,not_mentioned,positive,positive,not_mentioned
10111112,54407292,train,C:\Users\Zila\Downloads\BN5212\MIMIC-CXR\p10\p10\p10111112\s54407292\a0974580-f6f9f015-daf5ab1f-96956176-6c791db4.dcm,not_mentioned,not_mentioned,not_mentioned,not_mentioned,not_mentioned
10111112,55937636,train,C:\Users\Zila\Downloads\BN5212\MIMIC-CXR\p10\p10\p10111112\s55937636\ccbff440-f5aa6cd7-ad46a577-60e5e3ca-357c15b0.dcm,not_mentioned,not_mentioned,not_mentioned,positive,not_mentioned
10111112,52087933,train,C:\Users\Zila\Downloads\BN5212\MIMIC-CXR\p10\p10\p10111112\s52087933\c48e000d-3020f12d-7e874d79-3ae80c1d-bbc2efc7.dcm,positive,not_mentioned,not_mentioned,positive,not_mentioned
10111112,50912762,train,C:\Users\Zila\Downloads\BN5212\MIMIC-CXR\p10\p10\p10111112\s50912762\d550f30a-36595116-a5166d36-7d4addbb-5dfa4ec0.dcm,not_mentioned,not_mentioned,not_mentioned,positive,not_mentioned
10111112,55925982,train,C:\Users\Zila\Downloads\BN5212\MIMIC-CXR\p10\p10\p10111112\s55925982\dc2a2e11-e93d6a4e-583dbe42-1e0b8acc-9c1c201a.dcm,positive,positive,positive,not_mentioned,positive
10111112,54939261,train,C:\Users\Zila\Downloads\BN5212\MIMIC-CXR\p10\p10\p10111112\s54939261\9b344e7f-d385e473-46196462-1e4150ff-f5ef90b1.dcm,positive,positive,positive,not_mentioned,positive
10111112,52799327,train,C:\Users\Zila\Downloads\BN5212\MIMIC-CXR\p10\p10\p10111112\s52799327\de2780f9-a1b051ee-89e4ea51-8945c4a4-2984afe1.dcm,positive,not_mentioned,not_mentioned,not_mentioned,not_mentioned
10111112,56432484,train,C:\Users\Zila\Downloads\BN5212\MIMIC-CXR\p10\p10\p10111112\s56432484\4ea255da-9c1afe57-7d79d133-b46c1c11-acd72421.dcm,positive,not_mentioned,not_mentioned,not_mentioned,not_mentioned
10111112,58755401,train,C:\Users\Zila\Downloads\BN5212\MIMIC-CXR\p10\p10\p10111112\s58755401\9b110e6e-7ba7d985-8726342b-9f27b85a-000cb8ee.dcm,conflicting,not_mentioned,negative,not_mentioned,negative
10111112,56258097,train,C:\Users\Zila\Downloads\BN5212\MIMIC-CXR\p10\p10\p10111112\s56258097\1e002557-eb8a5645-ccac5016-6a2b0cf9-b5d77e32.dcm,positive,not_mentioned,not_mentioned,negative,not_mentioned
10111112,52725429,train,C:\Users\Zila\Downloads\BN5212\MIMIC-CXR\p10\p10\p10111112\s52725429\599e5be8-eb142c69-14f0a146-3963a128-e5565b5e.dcm,positive,not_mentioned,not_mentioned,uncertain,not_mentioned
10111112,54644103,train,C:\Users\Zila\Downloads\BN5212\MIMIC-CXR\p10\p10\p10111112\s54644103\3c7841ce-8cb72d6b-f199f6f2-7c72fe79-f07b333a.dcm,positive,not_mentioned,not_mentioned,negative,not_mentioned
10111112,58860868,train,C:\Users\Zila\Downloads\BN5212\MIMIC-CXR\p10\p10\p10111112\s58860868\fb0dc95f-24455d9e-1c189abc-0cbeda43-fb45551b.dcm,positive,not_mentioned,not_mentioned,not_mentioned,not_mentioned
10111112,56361327,train,C:\Users\Zila\Downloads\BN5212\MIMIC-CXR\p10\p10\p10111112\s56361327\574fd5c3-cedae441-72e38aa6-c69d567a-4a9597a5.dcm,positive,not_mentioned,not_mentioned,positive,not_mentioned
10111112,56666966,train,C:\Users\Zila\Downloads\BN5212\MIMIC-CXR\p10\p10\p10111112\s56666966\3601aeac-d6ba03d6-9d73b5eb-96aa3e9f-8b871312.dcm,positive,not_mentioned,not_mentioned,not_mentioned,not_mentioned
10111112,55924913,train,C:\Users\Zila\Downloads\BN5212\MIMIC-CXR\p10\p10\p10111112\s55924913\dd005fe2-df227586-ca699546-b825e972-e24ce88d.dcm,positive,not_mentioned,positive,not_mentioned,not_mentioned
10111112,56996888,train,C:\Users\Zila\Downloads\BN5212\MIMIC-CXR\p10\p10\p10111112\s56996888\aadb24cc-b7032a03-8acdd903-f895e9e5-a29b4469.dcm,positive,not_mentioned,not_mentioned,not_mentioned,not_mentioned
10111614,57147208,train,C:\Users\Zila\Downloads\BN5212\MIMIC-CXR\p10\p10\p10111614\s57147208\c6651542-f3e81abc-95e05712-6d5d52ef-3ab02602.dcm,negative,not_mentioned,not_mentioned,negative,not_mentioned
10111614,58560464,train,C:\Users\Zila\Downloads\BN5212\MIMIC-CXR\p10\p10\p10111614\s58560464\20f60505-7d4c6e2a-2e585655-00db812e-11381e8b.dcm,not_mentioned,not_mentioned,negative,not_mentioned,negative
10111614,57593257,train,C:\Users\Zila\Downloads\BN5212\MIMIC-CXR\p10\p10\p10111614\s57593257\263355df-378df03c-d16ec8c0-b2ea8830-a82d942b.dcm,not_mentioned,not_mentioned,not_mentioned,uncertain,not_mentioned
10111614,58104827,train,C:\Users\Zila\Downloads\BN5212\MIMIC-CXR\p10\p10\p10111614\s58104827\d58e2800-73593664-8be40765-0f44b7b9-6372dee7.dcm,negative,not_mentioned,not_mentioned,not_mentioned,not_mentioned
10111614,51146102,train,C:\Users\Zila\Downloads\BN5212\MIMIC-CXR\p10\p10\p10111614\s51146102\122debb5-6d3dfe26-df316c6c-b6865af8-67f0d917.dcm,not_mentioned,positive,not_mentioned,not_mentioned,not_mentioned
10111614,53195778,train,C:\Users\Zila\Downloads\BN5212\MIMIC-CXR\p10\p10\p10111614\s53195778\5d9f6dfb-4d3081ce-fb2924d5-46da5b74-ba2fb073.dcm,not_mentioned,positive,negative,not_mentioned,negative
10111614,55729805,train,C:\Users\Zila\Downloads\BN5212\MIMIC-CXR\p10\p10\p10111614\s55729805\815c31f6-7d58c136-caaa710a-9e83ee19-2fa663e3.dcm,positive,positive,negative,not_mentioned,negative
10111614,52685454,train,C:\Users\Zila\Downloads\BN5212\MIMIC-CXR\p10\p10\p10111614\s52685454\042ea7e4-31a74659-3280b5ae-897b89c4-34e3aebd.dcm,negative,not_mentioned,not_mentioned,not_mentioned,not_mentioned
10112548,50299682,train,C:\Users\Zila\Downloads\BN5212\MIMIC-CXR\p10\p10\p10112548\s50299682\9f55cc38-aaf01b08-63bd9669-7e290b5d-8c126ed2.dcm,conflicting,not_mentioned,not_mentioned,positive,not_mentioned
10112548,55172783,train,C:\Users\Zila\Downloads\BN5212\MIMIC-CXR\p10\p10\p10112548\s55172783\a815fc7a-1e694e4f-0be8f916-87e0f912-79846915.dcm,negative,not_mentioned,not_mentioned,not_mentioned,not_mentioned
10113381,52726979,val,C:\Users\Zila\Downloads\BN5212\MIMIC-CXR\p10\p10\p10113381\s52726979\4beaba1d-6e9051c1-7b71d16b-c878690c-97e17313.dcm,positive,not_mentioned,not_mentioned,not_mentioned,not_mentioned
10113381,53228052,val,C:\Users\Zila\Downloads\BN5212\MIMIC-CXR\p10\p10\p10113381\s53228052\5129c8bf-0c7ab15a-7972ae00-18be1782-7c1ecaab.dcm,negative,not_mentioned,negative,not_mentioned,negative
10113512,53403533,train,C:\Users\Zila\Downloads\BN5212\MIMIC-CXR\p10\p10\p10113512\s53403533\fb5e44a0-f520cbcc-a369ff63-602f06aa-038976cd.dcm,not_mentioned,positive,negative,positive,negative
10113512,58878874,train,C:\Users\Zila\Downloads\BN5212\MIMIC-CXR\p10\p10\p10113512\s58878874\5ce36029-16fb5481-baa65ab8-683e61c4-f3dbf6fc.dcm,not_mentioned,not_mentioned,positive,positive,positive
10113628,54310216,train,C:\Users\Zila\Downloads\BN5212\MIMIC-CXR\p10\p10\p10113628\s54310216\d3006a71-7bdbf3e5-98613e3f-bc098051-3a4e2b50.dcm,negative,not_mentioned,not_mentioned,not_mentioned,not_mentioned
10113628,56076442,train,C:\Users\Zila\Downloads\BN5212\MIMIC-CXR\p10\p10\p10113628\s56076442\ba4c2cef-eaadbb02-8e420482-40645cce-776022d2.dcm,negative,not_mentioned,not_mentioned,not_mentioned,not_mentioned
10113628,57049235,train,C:\Users\Zila\Downloads\BN5212\MIMIC-CXR\p10\p10\p10113628\s57049235\2bb4c99f-6330a5f4-31bc4862-edc3b273-09259d11.dcm,not_mentioned,not_mentioned,negative,negative,not_mentioned
10113857,52944141,test,C:\Users\Zila\Downloads\BN5212\MIMIC-CXR\p10\p10\p10113857\s52944141\a1253bd9-acfdccbe-2375f050-7e98f316-d2cc1ee5.dcm,negative,not_mentioned,not_mentioned,not_mentioned,not_mentioned
10113898,52735111,train,C:\Users\Zila\Downloads\BN5212\MIMIC-CXR\p10\p10\p10113898\s52735111\3f8a66a7-5da4baeb-efbdcf4d-2ac9c440-0b141d93.dcm,not_mentioned,not_mentioned,not_mentioned,not_mentioned,not_mentioned
10113898,55612534,train,C:\Users\Zila\Downloads\BN5212\MIMIC-CXR\p10\p10\p10113898\s55612534\455fe2bf-c261eec5-4a7ce2d5-f8468782-264a6681.dcm,negative,not_mentioned,not_mentioned,not_mentioned,not_mentioned
10113898,57754628,train,C:\Users\Zila\Downloads\BN5212\MIMIC-CXR\p10\p10\p10113898\s57754628\0c3bbbfc-ff5430c5-9813b34c-c4a5bee9-fa69ea7d.dcm,positive,not_mentioned,negative,not_mentioned,negative
10113898,57086922,train,C:\Users\Zila\Downloads\BN5212\MIMIC-CXR\p10\p10\p10113898\s57086922\3fd03b1f-425d6961-6418b831-04057265-2ce261b2.dcm,not_mentioned,not_mentioned,not_mentioned,not_mentioned,not_mentioned
10113898,50618735,train,C:\Users\Zila\Downloads\BN5212\MIMIC-CXR\p10\p10\p10113898\s50618735\8aa784cb-b38ef426-205066c4-56e663f2-d4a8a7df.dcm,not_mentioned,not_mentioned,not_mentioned,not_mentioned,not_mentioned
10113898,51971052,train,C:\Users\Zila\Downloads\BN5212\MIMIC-CXR\p10\p10\p10113898\s51971052\83640169-0bf6f94d-f78ed463-670fd366-cb63680d.dcm,positive,not_mentioned,negative,not_mentioned,negative
10113898,54216437,train,C:\Users\Zila\Downloads\BN5212\MIMIC-CXR\p10\p10\p10113898\s54216437\048f388e-81773139-8c5bdd8f-2ebdc669-03a2cc31.dcm,positive,not_mentioned,not_mentioned,not_mentioned,not_mentioned
10113898,50966601,train,C:\Users\Zila\Downloads\BN5212\MIMIC-CXR\p10\p10\p10113898\s50966601\fb00cab6-b3559837-968928ce-6d368ac3-6b042911.dcm,positive,not_mentioned,not_mentioned,not_mentioned,not_mentioned
10113898,56310595,train,C:\Users\Zila\Downloads\BN5212\MIMIC-CXR\p10\p10\p10113898\s56310595\e6f9ecc7-95f3a906-b0cfd0c8-d7aff28c-83d72ca7.dcm,negative,not_mentioned,not_mentioned,not_mentioned,not_mentioned
10114059,58515392,train,C:\Users\Zila\Downloads\BN5212\MIMIC-CXR\p10\p10\p10114059\s58515392\37f9a58c-5d6420fe-aa641c7b-4f5e9c1e-89e8581a.dcm,negative,not_mentioned,not_mentioned,not_mentioned,not_mentioned
10114059,57895810,train,C:\Users\Zila\Downloads\BN5212\MIMIC-CXR\p10\p10\p10114059\s57895810\dc99af78-00de7883-7bcc9c9b-d717a8d5-80ee98dd.dcm,negative,not_mentioned,not_mentioned,not_mentioned,not_mentioned
10114834,56110787,val,C:\Users\Zila\Downloads\BN5212\MIMIC-CXR\p10\p10\p10114834\s56110787\b4729a84-31c75e35-8123f3d1-0c87d608-a2e7fb98.dcm,not_mentioned,not_mentioned,not_mentioned,not_mentioned,not_mentioned
10114834,58289252,val,C:\Users\Zila\Downloads\BN5212\MIMIC-CXR\p10\p10\p10114834\s58289252\89113b96-1e5ea4a9-b1932a62-0380b32e-16a468de.dcm,not_mentioned,not_mentioned,not_mentioned,not_mentioned,not_mentioned
10115182,51192292,val,C:\Users\Zila\Downloads\BN5212\MIMIC-CXR\p10\p10\p10115182\s51192292\0ae4e994-ff9b9a51-35842cc1-ad15d2db-4e8c7422.dcm,not_mentioned,not_mentioned,not_mentioned,not_mentioned,not_mentioned
10115182,53548679,val,C:\Users\Zila\Downloads\BN5212\MIMIC-CXR\p10\p10\p10115182\s53548679\2a37efdc-69cfc04c-e2931ed0-efa20e63-d8fb5d71.dcm,negative,not_mentioned,not_mentioned,negative,not_mentioned
10115182,56721565,val,C:\Users\Zila\Downloads\BN5212\MIMIC-CXR\p10\p10\p10115182\s56721565\4bdde0d7-1968625f-342d646c-aa1214ef-96fb34ac.dcm,negative,not_mentioned,not_mentioned,negative,not_mentioned
10115182,52845561,val,C:\Users\Zila\Downloads\BN5212\MIMIC-CXR\p10\p10\p10115182\s52845561\eaa3cd1c-9d4d5142-b891c010-6006813c-0985a2ed.dcm,negative,not_mentioned,not_mentioned,not_mentioned,not_mentioned
10115182,51406842,val,C:\Users\Zila\Downloads\BN5212\MIMIC-CXR\p10\p10\p10115182\s51406842\6eb80fcf-49420b92-86115f08-4839dd4b-e478dcb9.dcm,conflicting,positive,negative,negative,negative
10115182,56048936,val,C:\Users\Zila\Downloads\BN5212\MIMIC-CXR\p10\p10\p10115182\s56048936\ed95853d-ef33f005-b7698b22-229a774e-050bce2c.dcm,conflicting,not_mentioned,negative,not_mentioned,negative
10115397,58152455,train,C:\Users\Zila\Downloads\BN5212\MIMIC-CXR\p10\p10\p10115397\s58152455\04225687-dc6f69d1-8ff76315-e34a93af-7b125604.dcm,not_mentioned,not_mentioned,not_mentioned,positive,not_mentioned
10115397,56941027,train,C:\Users\Zila\Downloads\BN5212\MIMIC-CXR\p10\p10\p10115397\s56941027\8d91d035-c04778fa-a9a975a6-ba5b1ee7-319015cf.dcm,not_mentioned,not_mentioned,not_mentioned,not_mentioned,not_mentioned
10115397,53815383,train,C:\Users\Zila\Downloads\BN5212\MIMIC-CXR\p10\p10\p10115397\s53815383\0b1c3f2d-ff5f1bf3-bc4c9304-3be56922-09fe7953.dcm,not_mentioned,not_mentioned,not_mentioned,not_mentioned,not_mentioned
10115397,57036762,train,C:\Users\Zila\Downloads\BN5212\MIMIC-CXR\p10\p10\p10115397\s57036762\da2cea64-dd783c6f-13ef4970-287f843e-d940696c.dcm,not_mentioned,not_mentioned,not_mentioned,not_mentioned,not_mentioned
10115397,52993418,train,C:\Users\Zila\Downloads\BN5212\MIMIC-CXR\p10\p10\p10115397\s52993418\5161d2a0-8d0f5369-43d36cc7-41a6f37b-d289e44b.dcm,positive,not_mentioned,not_mentioned,not_mentioned,not_mentioned
10115397,57295622,train,C:\Users\Zila\Downloads\BN5212\MIMIC-CXR\p10\p10\p10115397\s57295622\a01ee94b-5b35f5e1-a544f698-21797294-2098dfed.dcm,not_mentioned,not_mentioned,not_mentioned,not_mentioned,not_mentioned
10115397,50651554,train,C:\Users\Zila\Downloads\BN5212\MIMIC-CXR\p10\p10\p10115397\s50651554\d23d3c20-c96e4eca-472ba4f9-85488b7a-cf0952ab.dcm,not_mentioned,not_mentioned,not_mentioned,not_mentioned,not_mentioned
10115397,52621553,train,C:\Users\Zila\Downloads\BN5212\MIMIC-CXR\p10\p10\p10115397\s52621553\dcd0f176-f88663dc-b3c5b928-c19c4007-54d168da.dcm,positive,positive,positive,not_mentioned,positive
10115397,58822948,train,C:\Users\Zila\Downloads\BN5212\MIMIC-CXR\p10\p10\p10115397\s58822948\2340a864-5381f63e-7509819e-1a94674d-8e65cbe4.dcm,not_mentioned,not_mentioned,positive,not_mentioned,positive
10115397,56715242,train,C:\Users\Zila\Downloads\BN5212\MIMIC-CXR\p10\p10\p10115397\s56715242\247b0b93-7628471a-d9de42b8-6ad292df-5d58ab33.dcm,not_mentioned,not_mentioned,not_mentioned,not_mentioned,not_mentioned
10115397,57848506,train,C:\Users\Zila\Downloads\BN5212\MIMIC-CXR\p10\p10\p10115397\s57848506\621e282c-3101094a-b242abd9-54e46d98-7e187e28.dcm,not_mentioned,not_mentioned,positive,not_mentioned,positive
10115397,59841442,train,C:\Users\Zila\Downloads\BN5212\MIMIC-CXR\p10\p10\p10115397\s59841442\0578c948-3cc6b316-627fbf20-3d06fce3-bc2bc757.dcm,positive,not_mentioned,positive,not_mentioned,positive
10115397,58242434,train,C:\Users\Zila\Downloads\BN5212\MIMIC-CXR\p10\p10\p10115397\s58242434\167ceb8a-761f53f2-4c95f917-63360f60-529c4858.dcm,positive,positive,positive,not_mentioned,positive
10115397,51465187,train,C:\Users\Zila\Downloads\BN5212\MIMIC-CXR\p10\p10\p10115397\s51465187\a4eac3f2-7ffdeeb6-9270ff61-cda5a295-33539645.dcm,not_mentioned,positive,positive,not_mentioned,positive
10115586,50507056,val,C:\Users\Zila\Downloads\BN5212\MIMIC-CXR\p10\p10\p10115586\s50507056\b1482dec-519f35cf-3aea88af-258dd0b1-4eb400fa.dcm,negative,not_mentioned,not_mentioned,not_mentioned,not_mentioned
10115586,54449813,val,C:\Users\Zila\Downloads\BN5212\MIMIC-CXR\p10\p10\p10115586\s54449813\225e8a6d-b4b4c4fe-b05427ca-b6cd2e74-e56554bd.dcm,negative,not_mentioned,not_mentioned,negative,not_mentioned
10115962,55628592,train,C:\Users\Zila\Downloads\BN5212\MIMIC-CXR\p10\p10\p10115962\s55628592\84d44cbd-5a95ae82-671b7621-88d3f906-13004a75.dcm,not_mentioned,not_mentioned,not_mentioned,not_mentioned,not_mentioned
10115962,57465816,train,C:\Users\Zila\Downloads\BN5212\MIMIC-CXR\p10\p10\p10115962\s57465816\d39426a0-d5108722-ed10388b-87c4ed42-f76a094d.dcm,negative,not_mentioned,not_mentioned,negative,not_mentioned
10115962,58614344,train,C:\Users\Zila\Downloads\BN5212\MIMIC-CXR\p10\p10\p10115962\s58614344\c243858e-65080feb-b0b95fee-c14a0831-71decec2.dcm,negative,not_mentioned,not_mentioned,not_mentioned,not_mentioned
10116085,55063396,train,C:\Users\Zila\Downloads\BN5212\MIMIC-CXR\p10\p10\p10116085\s55063396\d37ad9b7-bcfeef00-1254a1c2-ac618259-36807296.dcm,not_mentioned,not_mentioned,not_mentioned,not_mentioned,not_mentioned
10116085,59601323,train,C:\Users\Zila\Downloads\BN5212\MIMIC-CXR\p10\p10\p10116085\s59601323\696b6951-6dde4f0d-2334ada0-3ffb5419-0aed3c5b.dcm,negative,not_mentioned,not_mentioned,negative,not_mentioned
10116166,53962999,train,C:\Users\Zila\Downloads\BN5212\MIMIC-CXR\p10\p10\p10116166\s53962999\c808ea0b-998081e6-883830fa-568b42d4-301bcdcd.dcm,not_mentioned,not_mentioned,not_mentioned,negative,not_mentioned
10116166,56174993,train,C:\Users\Zila\Downloads\BN5212\MIMIC-CXR\p10\p10\p10116166\s56174993\af23742b-67a6ae26-91e00519-b4b5848c-f0e85b48.dcm,negative,not_mentioned,not_mentioned,not_mentioned,not_mentioned
10116258,55376100,train,C:\Users\Zila\Downloads\BN5212\MIMIC-CXR\p10\p10\p10116258\s55376100\fc4631ee-77cec626-2bc54771-168e0207-71f2e1a1.dcm,negative,not_mentioned,negative,not_mentioned,negative
10116258,53255889,train,C:\Users\Zila\Downloads\BN5212\MIMIC-CXR\p10\p10\p10116258\s53255889\e6c3c727-f6677a16-5f51d062-595f6c83-9aa8760b.dcm,not_mentioned,not_mentioned,negative,not_mentioned,not_mentioned
10116289,51908516,test,C:\Users\Zila\Downloads\BN5212\MIMIC-CXR\p10\p10\p10116289\s51908516\141cb819-c9cfa85b-b6b790c7-6b8dfb0a-b771554c.dcm,negative,not_mentioned,not_mentioned,negative,not_mentioned
10116289,50405292,test,C:\Users\Zila\Downloads\BN5212\MIMIC-CXR\p10\p10\p10116289\s50405292\f2ad6530-ae8001b9-dd72d43c-7726f8b1-1d069117.dcm,negative,not_mentioned,negative,not_mentioned,negative
10116310,50782200,train,C:\Users\Zila\Downloads\BN5212\MIMIC-CXR\p10\p10\p10116310\s50782200\fd364982-5a303bdb-572aadd9-0556c862-69aef72d.dcm,positive,not_mentioned,positive,not_mentioned,positive
10116310,56996062,train,C:\Users\Zila\Downloads\BN5212\MIMIC-CXR\p10\p10\p10116310\s56996062\f6ff4430-9ae1d3cd-762827c6-f11b52ae-3e851a51.dcm,positive,not_mentioned,negative,not_mentioned,negative
10116310,56160694,train,C:\Users\Zila\Downloads\BN5212\MIMIC-CXR\p10\p10\p10116310\s56160694\765a9853-77f5380e-7f1428fc-dcb12b67-02caf588.dcm,negative,not_mentioned,negative,not_mentioned,negative
10116621,50558411,test,C:\Users\Zila\Downloads\BN5212\MIMIC-CXR\p10\p10\p10116621\s50558411\9e513b24-14faa004-76b90b4c-953e9ce9-5c61140b.dcm,not_mentioned,not_mentioned,not_mentioned,not_mentioned,not_mentioned
10116621,53073769,test,C:\Users\Zila\Downloads\BN5212\MIMIC-CXR\p10\p10\p10116621\s53073769\a4992fbd-7fe95543-706eb4b6-2fd079aa-990e748d.dcm,not_mentioned,not_mentioned,not_mentioned,not_mentioned,not_mentioned
10116621,55009631,test,C:\Users\Zila\Downloads\BN5212\MIMIC-CXR\p10\p10\p10116621\s55009631\1576eac3-57a0ab7d-b2de83bd-9cc5ed96-dd9bea04.dcm,negative,not_mentioned,negative,not_mentioned,negative
10116621,57742592,test,C:\Users\Zila\Downloads\BN5212\MIMIC-CXR\p10\p10\p10116621\s57742592\796be1a4-e9200ee5-83939edc-ccb531ea-0dd2aaa8.dcm,negative,not_mentioned,not_mentioned,not_mentioned,not_mentioned
10117130,53554072,test,C:\Users\Zila\Downloads\BN5212\MIMIC-CXR\p10\p10\p10117130\s53554072\48114e6c-519f4a8d-c26bde4b-b9489120-89db1838.dcm,not_mentioned,not_mentioned,not_mentioned,not_mentioned,not_mentioned
10117130,59171217,test,C:\Users\Zila\Downloads\BN5212\MIMIC-CXR\p10\p10\p10117130\s59171217\4c857512-45beef50-20ea11f6-1676a449-50217acd.dcm,not_mentioned,not_mentioned,not_mentioned,not_mentioned,not_mentioned
10117130,52058606,test,C:\Users\Zila\Downloads\BN5212\MIMIC-CXR\p10\p10\p10117130\s52058606\b236e9ab-d36f04a4-3796bb4c-a17f7eab-e6d936fd.dcm,not_mentioned,not_mentioned,negative,not_mentioned,negative
10117130,53912042,test,C:\Users\Zila\Downloads\BN5212\MIMIC-CXR\p10\p10\p10117130\s53912042\8f43e194-d2a1070c-72048d66-47a72862-fa61029e.dcm,negative,not_mentioned,negative,not_mentioned,negative
10117273,53976240,train,C:\Users\Zila\Downloads\BN5212\MIMIC-CXR\p10\p10\p10117273\s53976240\80dc015b-0a343e90-3ab7872d-b7db12c3-8779c76c.dcm,not_mentioned,not_mentioned,not_mentioned,not_mentioned,not_mentioned
10117273,51388005,train,C:\Users\Zila\Downloads\BN5212\MIMIC-CXR\p10\p10\p10117273\s51388005\7a9115e0-64d9cfc3-048de637-be3f32cc-24608235.dcm,not_mentioned,not_mentioned,negative,not_mentioned,negative
10117273,58453362,train,C:\Users\Zila\Downloads\BN5212\MIMIC-CXR\p10\p10\p10117273\s58453362\440839c2-b40d0272-e81d7e33-30270013-bdbdaf55.dcm,not_mentioned,not_mentioned,positive,not_mentioned,not_mentioned
10117273,56540304,train,C:\Users\Zila\Downloads\BN5212\MIMIC-CXR\p10\p10\p10117273\s56540304\73c46ec2-996a531b-462cb435-07c48370-15975287.dcm,not_mentioned,not_mentioned,not_mentioned,not_mentioned,not_mentioned
10117273,51763901,train,C:\Users\Zila\Downloads\BN5212\MIMIC-CXR\p10\p10\p10117273\s51763901\42baf37c-e1130597-fd754e0c-2276b6aa-932a127b.dcm,not_mentioned,not_mentioned,positive,uncertain,positive
10117273,53559076,train,C:\Users\Zila\Downloads\BN5212\MIMIC-CXR\p10\p10\p10117273\s53559076\370cc9e7-a6060cfa-95fd09d0-dd6910d5-ee94028f.dcm,positive,not_mentioned,positive,not_mentioned,positive
10117273,54623447,train,C:\Users\Zila\Downloads\BN5212\MIMIC-CXR\p10\p10\p10117273\s54623447\c6fa6687-ccf21c1c-3e6ec6fd-c3037e76-46b97be2.dcm,positive,not_mentioned,not_mentioned,not_mentioned,not_mentioned
10117273,57525853,train,C:\Users\Zila\Downloads\BN5212\MIMIC-CXR\p10\p10\p10117273\s57525853\7798a18f-48e41168-65aabe32-c98622fe-41e6f2e1.dcm,not_mentioned,not_mentioned,not_mentioned,not_mentioned,not_mentioned
10117741,56176950,train,C:\Users\Zila\Downloads\BN5212\MIMIC-CXR\p10\p10\p10117741\s56176950\c6d9e618-fa7d5380-f870acea-ac864e2a-13e96648.dcm,negative,not_mentioned,not_mentioned,not_mentioned,not_mentioned
10117741,52284995,train,C:\Users\Zila\Downloads\BN5212\MIMIC-CXR\p10\p10\p10117741\s52284995\5cb4b7ac-bc7bcf7f-de5f0e89-78564907-c393337b.dcm,not_mentioned,not_mentioned,not_mentioned,not_mentioned,not_mentioned
10118141,55464001,train,C:\Users\Zila\Downloads\BN5212\MIMIC-CXR\p10\p10\p10118141\s55464001\2bb156b6-f638b68c-5dcfab42-d70cc0ff-bb701062.dcm,negative,not_mentioned,negative,not_mentioned,negative
10118141,59450151,train,C:\Users\Zila\Downloads\BN5212\MIMIC-CXR\p10\p10\p10118141\s59450151\f748dc77-cf6b6ee8-a047e48c-8864f593-bcb1a9a2.dcm,not_mentioned,not_mentioned,not_mentioned,not_mentioned,not_mentioned
10119001,58576565,train,C:\Users\Zila\Downloads\BN5212\MIMIC-CXR\p10\p10\p10119001\s58576565\a998ab5f-17a7913f-6291c391-7694d038-dc3e15c3.dcm,not_mentioned,not_mentioned,positive,not_mentioned,not_mentioned
10119001,51581185,train,C:\Users\Zila\Downloads\BN5212\MIMIC-CXR\p10\p10\p10119001\s51581185\e937f464-813275b7-58c2bc32-5984cf5d-73e3d53b.dcm,positive,not_mentioned,not_mentioned,not_mentioned,not_mentioned
10119001,50844254,train,C:\Users\Zila\Downloads\BN5212\MIMIC-CXR\p10\p10\p10119001\s50844254\082c4976-7370ac85-d9dba887-81c931e8-fb428abf.dcm,not_mentioned,not_mentioned,not_mentioned,not_mentioned,not_mentioned
10119391,51318265,train,C:\Users\Zila\Downloads\BN5212\MIMIC-CXR\p10\p10\p10119391\s51318265\faf18b22-c2b3d146-3782b926-1a0de07f-0f608a3c.dcm,negative,not_mentioned,not_mentioned,not_mentioned,not_mentioned
10119391,57613229,train,C:\Users\Zila\Downloads\BN5212\MIMIC-CXR\p10\p10\p10119391\s57613229\a018fb95-5a5e0cbc-3b5a2dd9-8d110a45-42f155f2.dcm,negative,not_mentioned,not_mentioned,not_mentioned,not_mentioned
10119514,58261220,test,C:\Users\Zila\Downloads\BN5212\MIMIC-CXR\p10\p10\p10119514\s58261220\cc7dc27f-4a1ee2b8-5a48c46f-7c37474e-c8e67eeb.dcm,negative,not_mentioned,not_mentioned,negative,not_mentioned
10119514,55199923,test,C:\Users\Zila\Downloads\BN5212\MIMIC-CXR\p10\p10\p10119514\s55199923\91ba8fc1-ad8f974f-51c7b990-9c98905c-43a4315f.dcm,not_mentioned,not_mentioned,not_mentioned,not_mentioned,not_mentioned
10119514,50808310,test,C:\Users\Zila\Downloads\BN5212\MIMIC-CXR\p10\p10\p10119514\s50808310\62f1d896-1ba64e45-6dea303e-ec84bef7-11e198f3.dcm,not_mentioned,positive,negative,not_mentioned,negative
10119514,56376784,test,C:\Users\Zila\Downloads\BN5212\MIMIC-CXR\p10\p10\p10119514\s56376784\16da6a89-9a5d8d0c-5f73863f-dc04b07a-70156ee8.dcm,positive,positive,negative,positive,not_mentioned
10119514,50831310,test,C:\Users\Zila\Downloads\BN5212\MIMIC-CXR\p10\p10\p10119514\s50831310\b5ebd29f-6911cd51-c43606f9-19fb3a0c-4cc2b885.dcm,not_mentioned,positive,not_mentioned,not_mentioned,not_mentioned
10119514,50947370,test,C:\Users\Zila\Downloads\BN5212\MIMIC-CXR\p10\p10\p10119514\s50947370\50eb65a8-5f953d05-48a2a870-06812aee-f4204a8a.dcm,negative,positive,not_mentioned,not_mentioned,not_mentioned
10119514,51178567,test,C:\Users\Zila\Downloads\BN5212\MIMIC-CXR\p10\p10\p10119514\s51178567\a17cc911-0a839db1-51ede20a-7ff81925-2b396f29.dcm,negative,positive,not_mentioned,not_mentioned,not_mentioned
10119514,58393726,test,C:\Users\Zila\Downloads\BN5212\MIMIC-CXR\p10\p10\p10119514\s58393726\0f1d15b7-318df478-1508887f-434bced1-86e481f5.dcm,not_mentioned,positive,positive,negative,not_mentioned
10119514,52280842,test,C:\Users\Zila\Downloads\BN5212\MIMIC-CXR\p10\p10\p10119514\s52280842\19e43aa0-ed864aa7-5dc17b50-3a061df2-ee76ed70.dcm,not_mentioned,not_mentioned,not_mentioned,not_mentioned,not_mentioned
10119692,57190959,val,C:\Users\Zila\Downloads\BN5212\MIMIC-CXR\p10\p10\p10119692\s57190959\3d431c36-32cbe508-61e1ff79-c524d1fb-7dde9b74.dcm,not_mentioned,not_mentioned,not_mentioned,not_mentioned,not_mentioned
10119692,58866693,val,C:\Users\Zila\Downloads\BN5212\MIMIC-CXR\p10\p10\p10119692\s58866693\1e273a0f-16cfa189-43b220d6-7e88dcae-a52f93c1.dcm,negative,not_mentioned,not_mentioned,not_mentioned,not_mentioned
10119760,54138065,train,C:\Users\Zila\Downloads\BN5212\MIMIC-CXR\p10\p10\p10119760\s54138065\4f822d8c-1b98bb5c-b2ba231b-ff214f63-7f1cd097.dcm,negative,not_mentioned,not_mentioned,negative,not_mentioned
10119760,52547328,train,C:\Users\Zila\Downloads\BN5212\MIMIC-CXR\p10\p10\p10119760\s52547328\a8bfd7a0-3dbdccd5-e7b88be3-74667734-6942535c.dcm,negative,not_mentioned,not_mentioned,not_mentioned,not_mentioned
10119910,55342978,train,C:\Users\Zila\Downloads\BN5212\MIMIC-CXR\p10\p10\p10119910\s55342978\34a4c99a-b84d36dc-954d10ad-12237774-de2272ed.dcm,negative,not_mentioned,negative,not_mentioned,negative
10119910,54994593,train,C:\Users\Zila\Downloads\BN5212\MIMIC-CXR\p10\p10\p10119910\s54994593\6669ace9-95e3ee55-416b9cd9-9b468f02-a207f374.dcm,not_mentioned,not_mentioned,not_mentioned,not_mentioned,not_mentioned
10119916,58937727,train,C:\Users\Zila\Downloads\BN5212\MIMIC-CXR\p10\p10\p10119916\s58937727\1d66d9f4-e8ae158a-b416378f-7faa8bb5-5bebdc09.dcm,positive,not_mentioned,not_mentioned,not_mentioned,not_mentioned
10119916,56429302,train,C:\Users\Zila\Downloads\BN5212\MIMIC-CXR\p10\p10\p10119916\s56429302\c4e5b337-8276bca2-1bba7470-ecd1e32e-33400590.dcm,negative,positive,positive,negative,positive
10119916,53766767,train,C:\Users\Zila\Downloads\BN5212\MIMIC-CXR\p10\p10\p10119916\s53766767\88e8d8fc-a17be853-a214c0dd-556e719e-f4be6324.dcm,not_mentioned,not_mentioned,not_mentioned,positive,not_mentioned
10119916,59045523,train,C:\Users\Zila\Downloads\BN5212\MIMIC-CXR\p10\p10\p10119916\s59045523\998d2d7a-8683fea7-c5faf60d-bf3d912c-23daa54d.dcm,negative,not_mentioned,not_mentioned,not_mentioned,not_mentioned
10119992,56893566,train,C:\Users\Zila\Downloads\BN5212\MIMIC-CXR\p10\p10\p10119992\s56893566\cf4bd81a-436fbf8c-216fb271-e148feaa-4e8a9396.dcm,not_mentioned,positive,positive,negative,positive
10119992,55836834,train,C:\Users\Zila\Downloads\BN5212\MIMIC-CXR\p10\p10\p10119992\s55836834\d2254a0d-c7f93d7c-38e8728e-45f5bee2-ef16e66f.dcm,not_mentioned,not_mentioned,negative,not_mentioned,negative
10119992,56689718,train,C:\Users\Zila\Downloads\BN5212\MIMIC-CXR\p10\p10\p10119992\s56689718\c0110acc-436ea549-4f4a460a-dbdaac28-56539529.dcm,positive,not_mentioned,not_mentioned,not_mentioned,not_mentioned
10119992,56427402,train,C:\Users\Zila\Downloads\BN5212\MIMIC-CXR\p10\p10\p10119992\s56427402\12364304-2f252e15-44fc1d0d-493d596b-4088a028.dcm,positive,positive,negative,not_mentioned,negative
10119992,56493680,train,C:\Users\Zila\Downloads\BN5212\MIMIC-CXR\p10\p10\p10119992\s56493680\4c3ab253-5772ffe4-8fcd4384-d5c2c257-e183a2cc.dcm,conflicting,positive,not_mentioned,not_mentioned,not_mentioned
10120109,50606744,train,C:\Users\Zila\Downloads\BN5212\MIMIC-CXR\p10\p10\p10120109\s50606744\b094296d-adaaa765-6acdf1d8-954690d0-8c978b68.dcm,positive,not_mentioned,not_mentioned,negative,not_mentioned
10120109,57305898,train,C:\Users\Zila\Downloads\BN5212\MIMIC-CXR\p10\p10\p10120109\s57305898\55f6bf3a-6e5f1171-638bf7ac-12b41599-ebe4f254.dcm,negative,not_mentioned,not_mentioned,not_mentioned,not_mentioned
10120330,58362361,test,C:\Users\Zila\Downloads\BN5212\MIMIC-CXR\p10\p10\p10120330\s58362361\f3db18ca-bb906fa4-f59dffa8-9b040676-99c618fe.dcm,not_mentioned,not_mentioned,not_mentioned,not_mentioned,not_mentioned
10120330,55917884,test,C:\Users\Zila\Downloads\BN5212\MIMIC-CXR\p10\p10\p10120330\s55917884\916d54e3-be643d26-ffd79343-2bc07408-52130853.dcm,not_mentioned,not_mentioned,not_mentioned,not_mentioned,not_mentioned
10121003,58716524,train,C:\Users\Zila\Downloads\BN5212\MIMIC-CXR\p10\p10\p10121003\s58716524\49a9fb59-db611a13-f47e1f5d-964c2edc-c87b166d.dcm,negative,not_mentioned,not_mentioned,not_mentioned,not_mentioned
10121003,58954121,train,C:\Users\Zila\Downloads\BN5212\MIMIC-CXR\p10\p10\p10121003\s58954121\e372f5e0-009ac1b5-c849553f-9d936e2f-0db97218.dcm,not_mentioned,not_mentioned,not_mentioned,uncertain,not_mentioned
10121003,55725630,train,C:\Users\Zila\Downloads\BN5212\MIMIC-CXR\p10\p10\p10121003\s55725630\7cb19f52-5013f4cc-6395bb08-9c2ba03e-9c28ea0b.dcm,not_mentioned,not_mentioned,not_mentioned,not_mentioned,not_mentioned
10121003,51494957,train,C:\Users\Zila\Downloads\BN5212\MIMIC-CXR\p10\p10\p10121003\s51494957\753e73ae-96410afd-0a3b3410-e8155cc0-edda4553.dcm,negative,not_mentioned,negative,not_mentioned,negative
10121316,51515793,train,C:\Users\Zila\Downloads\BN5212\MIMIC-CXR\p10\p10\p10121316\s51515793\84e310de-015522e9-1d2e1234-33b37b75-b4792196.dcm,not_mentioned,positive,negative,not_mentioned,negative
10121316,55764223,train,C:\Users\Zila\Downloads\BN5212\MIMIC-CXR\p10\p10\p10121316\s55764223\4b8105b5-4dd3bae7-9556d55a-d26a4dc8-33128048.dcm,not_mentioned,not_mentioned,not_mentioned,not_mentioned,not_mentioned
10121316,59871357,train,C:\Users\Zila\Downloads\BN5212\MIMIC-CXR\p10\p10\p10121316\s59871357\b9475ebd-3bea7931-a6e9675c-4c2b7b4b-8933fcc8.dcm,negative,not_mentioned,not_mentioned,uncertain,not_mentioned
10121316,54209217,train,C:\Users\Zila\Downloads\BN5212\MIMIC-CXR\p10\p10\p10121316\s54209217\ecf45065-ea3bf9d3-8d2bd407-3efb2bbf-57d778b2.dcm,not_mentioned,positive,not_mentioned,not_mentioned,not_mentioned
10121316,51096228,train,C:\Users\Zila\Downloads\BN5212\MIMIC-CXR\p10\p10\p10121316\s51096228\267ca02d-6d1afcac-575d794e-830740ba-812f2e2d.dcm,not_mentioned,not_mentioned,positive,not_mentioned,positive
10121316,55508191,train,C:\Users\Zila\Downloads\BN5212\MIMIC-CXR\p10\p10\p10121316\s55508191\b6cce95f-da5961e6-6984a554-73360259-f50ee42a.dcm,not_mentioned,not_mentioned,negative,not_mentioned,negative
10121579,53829407,train,C:\Users\Zila\Downloads\BN5212\MIMIC-CXR\p10\p10\p10121579\s53829407\f5bb0f11-35083602-375d6fd3-48c6475e-cb6894c0.dcm,not_mentioned,not_mentioned,not_mentioned,not_mentioned,not_mentioned
10121579,59819920,train,C:\Users\Zila\Downloads\BN5212\MIMIC-CXR\p10\p10\p10121579\s59819920\18294026-417e2ed3-13cb8173-387d31b2-7d558db1.dcm,negative,not_mentioned,not_mentioned,not_mentioned,not_mentioned
10122392,54978066,test,C:\Users\Zila\Downloads\BN5212\MIMIC-CXR\p10\p10\p10122392\s54978066\11510125-716a0062-5d3178df-74a063e2-e0f7221a.dcm,not_mentioned,not_mentioned,not_mentioned,not_mentioned,not_mentioned
10122392,59596554,test,C:\Users\Zila\Downloads\BN5212\MIMIC-CXR\p10\p10\p10122392\s59596554\b55c45a3-d3ab974e-0b596e8f-07d011db-28c9e7ea.dcm,not_mentioned,not_mentioned,not_mentioned,positive,not_mentioned
10122589,58130669,train,C:\Users\Zila\Downloads\BN5212\MIMIC-CXR\p10\p10\p10122589\s58130669\7352f4e1-b66d5c54-0b7549be-a77f53b9-7979872c.dcm,uncertain,not_mentioned,positive,not_mentioned,positive
10122589,50115056,train,C:\Users\Zila\Downloads\BN5212\MIMIC-CXR\p10\p10\p10122589\s50115056\ebd419f8-a90bbbca-7103c86e-2b6c3bf7-22e44a08.dcm,not_mentioned,not_mentioned,positive,not_mentioned,positive
10122589,53903088,train,C:\Users\Zila\Downloads\BN5212\MIMIC-CXR\p10\p10\p10122589\s53903088\a465796c-ba3e655b-0f4cd826-2b90afb4-1314785b.dcm,not_mentioned,not_mentioned,not_mentioned,not_mentioned,not_mentioned
10122589,53271877,train,C:\Users\Zila\Downloads\BN5212\MIMIC-CXR\p10\p10\p10122589\s53271877\d2d91562-b28826e1-af52c45b-b3b128c9-88ab38d7.dcm,not_mentioned,not_mentioned,not_mentioned,not_mentioned,not_mentioned
10122589,52417409,train,C:\Users\Zila\Downloads\BN5212\MIMIC-CXR\p10\p10\p10122589\s52417409\7a84dcce-57e275e3-9ea027ab-35e1e032-ca1bebcc.dcm,not_mentioned,not_mentioned,positive,negative,positive
10122589,54937253,train,C:\Users\Zila\Downloads\BN5212\MIMIC-CXR\p10\p10\p10122589\s54937253\4b0e6d60-4ca36f1a-d669a9ec-d50c6ff4-203f51d9.dcm,not_mentioned,not_mentioned,not_mentioned,not_mentioned,not_mentioned
10122589,59058941,train,C:\Users\Zila\Downloads\BN5212\MIMIC-CXR\p10\p10\p10122589\s59058941\f807f3b4-3a785375-2ffe5b90-0ca513c1-e429c654.dcm,not_mentioned,not_mentioned,positive,positive,positive
10122589,55266455,train,C:\Users\Zila\Downloads\BN5212\MIMIC-CXR\p10\p10\p10122589\s55266455\f40e7e05-4066ec58-584f97db-7959a747-114d17e3.dcm,not_mentioned,not_mentioned,not_mentioned,not_mentioned,not_mentioned
10122589,56104045,train,C:\Users\Zila\Downloads\BN5212\MIMIC-CXR\p10\p10\p10122589\s56104045\c701fe77-3c2b22ae-c9e71beb-4a6215db-96e068db.dcm,not_mentioned,not_mentioned,positive,positive,positive
10122589,54013528,train,C:\Users\Zila\Downloads\BN5212\MIMIC-CXR\p10\p10\p10122589\s54013528\a6b62cf1-d9d18ef4-8f2a947c-13efc10e-569f2734.dcm,not_mentioned,not_mentioned,positive,not_mentioned,positive
10122589,54468524,train,C:\Users\Zila\Downloads\BN5212\MIMIC-CXR\p10\p10\p10122589\s54468524\346a7d56-810ea3e2-5c96d68c-7ba68200-0788ade8.dcm,not_mentioned,not_mentioned,positive,not_mentioned,positive
10122589,59846275,train,C:\Users\Zila\Downloads\BN5212\MIMIC-CXR\p10\p10\p10122589\s59846275\38024539-fc96a132-ae469f40-dc9b4ce3-d21ccf05.dcm,not_mentioned,not_mentioned,positive,positive,not_mentioned
10122589,52495824,train,C:\Users\Zila\Downloads\BN5212\MIMIC-CXR\p10\p10\p10122589\s52495824\7945fded-6ca9768b-e3d3d7e6-1e51fcff-db01feb0.dcm,not_mentioned,not_mentioned,not_mentioned,not_mentioned,not_mentioned
10122589,53075201,train,C:\Users\Zila\Downloads\BN5212\MIMIC-CXR\p10\p10\p10122589\s53075201\91efa97c-3c13d87e-af8ed062-035159eb-a5fd1df2.dcm,not_mentioned,not_mentioned,positive,not_mentioned,not_mentioned
10122589,55720012,train,C:\Users\Zila\Downloads\BN5212\MIMIC-CXR\p10\p10\p10122589\s55720012\6b7249f7-8e8db998-7cd1b492-b28a0665-546c835a.dcm,not_mentioned,not_mentioned,not_mentioned,positive,not_mentioned
10123063,53896508,test,C:\Users\Zila\Downloads\BN5212\MIMIC-CXR\p10\p10\p10123063\s53896508\23671954-75ab4ffb-28a5af25-81fb43e4-922f5773.dcm,negative,not_mentioned,not_mentioned,positive,not_mentioned
10123063,59998528,test,C:\Users\Zila\Downloads\BN5212\MIMIC-CXR\p10\p10\p10123063\s59998528\349bf70f-4982f0eb-4253a8f4-874ce063-df93f025.dcm,not_mentioned,not_mentioned,not_mentioned,not_mentioned,not_mentioned
10123063,54459925,test,C:\Users\Zila\Downloads\BN5212\MIMIC-CXR\p10\p10\p10123063\s54459925\cb0b8b2c-89856057-a6d9eeb5-74e5d569-d320ea2b.dcm,negative,positive,not_mentioned,not_mentioned,not_mentioned
10123063,51103039,test,C:\Users\Zila\Downloads\BN5212\MIMIC-CXR\p10\p10\p10123063\s51103039\ab8bfe39-03bd5b70-f33c2e19-2119ec1f-4ad2fca0.dcm,negative,not_mentioned,not_mentioned,not_mentioned,not_mentioned
10123147,54328176,train,C:\Users\Zila\Downloads\BN5212\MIMIC-CXR\p10\p10\p10123147\s54328176\6f16ca4c-7797fe8e-e2dd03e6-0baf9c59-9f0ae22e.dcm,negative,not_mentioned,not_mentioned,not_mentioned,not_mentioned
10123147,57095757,train,C:\Users\Zila\Downloads\BN5212\MIMIC-CXR\p10\p10\p10123147\s57095757\b5bcd556-326696f0-7466b9e8-15fc72d4-7f1a5c53.dcm,not_mentioned,not_mentioned,positive,not_mentioned,positive
10123147,52312604,train,C:\Users\Zila\Downloads\BN5212\MIMIC-CXR\p10\p10\p10123147\s52312604\07d0fd3a-4e23662e-a338fc77-62d66116-8c1695fb.dcm,not_mentioned,not_mentioned,positive,positive,positive
10123147,53075343,train,C:\Users\Zila\Downloads\BN5212\MIMIC-CXR\p10\p10\p10123147\s53075343\30aea11e-be0487bb-b566b4e1-9f6f9ad6-5ce5c1d2.dcm,negative,not_mentioned,positive,uncertain,positive
10123147,54651918,train,C:\Users\Zila\Downloads\BN5212\MIMIC-CXR\p10\p10\p10123147\s54651918\90b23e23-59f97df1-7bca57e7-cbe7c147-f341ba90.dcm,negative,not_mentioned,not_mentioned,negative,not_mentioned
10123147,51322534,train,C:\Users\Zila\Downloads\BN5212\MIMIC-CXR\p10\p10\p10123147\s51322534\efe26610-94dc4978-8019a690-bb447bab-fe1c3364.dcm,negative,not_mentioned,not_mentioned,positive,not_mentioned
10123147,54283738,train,C:\Users\Zila\Downloads\BN5212\MIMIC-CXR\p10\p10\p10123147\s54283738\66fb40a4-492e2352-3fbcf76a-63bc2c0b-a5f75742.dcm,negative,not_mentioned,not_mentioned,not_mentioned,not_mentioned
10123147,53504320,train,C:\Users\Zila\Downloads\BN5212\MIMIC-CXR\p10\p10\p10123147\s53504320\4356f829-678fd0ba-3713702e-bfd468a1-0b1fb892.dcm,not_mentioned,not_mentioned,not_mentioned,positive,not_mentioned
10123147,50732998,train,C:\Users\Zila\Downloads\BN5212\MIMIC-CXR\p10\p10\p10123147\s50732998\4a370cbd-b5de5ca3-e673d3e8-05e282ca-c8cc2618.dcm,not_mentioned,not_mentioned,not_mentioned,positive,not_mentioned
10123147,50230934,train,C:\Users\Zila\Downloads\BN5212\MIMIC-CXR\p10\p10\p10123147\s50230934\5318d353-daae9c3d-2ee8648e-32b65198-aeff801e.dcm,not_mentioned,not_mentioned,not_mentioned,positive,not_mentioned
10123147,59653233,train,C:\Users\Zila\Downloads\BN5212\MIMIC-CXR\p10\p10\p10123147\s59653233\928603db-e75b9ab0-2cbcca9a-c7a11e4b-40a43945.dcm,not_mentioned,not_mentioned,not_mentioned,not_mentioned,not_mentioned
10123147,51011412,train,C:\Users\Zila\Downloads\BN5212\MIMIC-CXR\p10\p10\p10123147\s51011412\4f7dd8b0-86dace5d-5f9744ef-c77a6f67-ff8eb1ac.dcm,negative,not_mentioned,not_mentioned,not_mentioned,not_mentioned
10123147,51991162,train,C:\Users\Zila\Downloads\BN5212\MIMIC-CXR\p10\p10\p10123147\s51991162\dec7762c-1b513f3e-ba557ee2-8b96b365-141d6748.dcm,not_mentioned,not_mentioned,not_mentioned,not_mentioned,not_mentioned
10123699,55069283,train,C:\Users\Zila\Downloads\BN5212\MIMIC-CXR\p10\p10\p10123699\s55069283\3c63cd76-472fdc7e-de36a44e-de17a90e-704df67d.dcm,negative,not_mentioned,not_mentioned,not_mentioned,not_mentioned
10123699,54647327,train,C:\Users\Zila\Downloads\BN5212\MIMIC-CXR\p10\p10\p10123699\s54647327\49afcf2c-31e3c2c8-b1ddd0c2-aeb721ab-5ac1fab0.dcm,positive,not_mentioned,positive,not_mentioned,not_mentioned
10123949,54502459,val,C:\Users\Zila\Downloads\BN5212\MIMIC-CXR\p10\p10\p10123949\s54502459\93d298e2-186d8d3a-35f031cf-cea0ae95-b350f10c.dcm,not_mentioned,not_mentioned,not_mentioned,not_mentioned,not_mentioned
10123949,55431310,val,C:\Users\Zila\Downloads\BN5212\MIMIC-CXR\p10\p10\p10123949\s55431310\0d9bf055-2cfe5fe5-b02bb33b-1283a41d-40b5d638.dcm,negative,not_mentioned,not_mentioned,not_mentioned,not_mentioned
10123949,51599359,val,C:\Users\Zila\Downloads\BN5212\MIMIC-CXR\p10\p10\p10123949\s51599359\01992162-dbb2e95c-ce5ceb79-3d688f50-be27931d.dcm,not_mentioned,not_mentioned,not_mentioned,negative,not_mentioned
10123949,52654625,val,C:\Users\Zila\Downloads\BN5212\MIMIC-CXR\p10\p10\p10123949\s52654625\65a01a93-6a2cf4cf-109d1896-ee9f0fad-04c4aae2.dcm,negative,not_mentioned,not_mentioned,not_mentioned,not_mentioned
10123949,50111704,val,C:\Users\Zila\Downloads\BN5212\MIMIC-CXR\p10\p10\p10123949\s50111704\c3e8a44a-adb9598b-c403f41c-9becfee9-81182b84.dcm,negative,not_mentioned,not_mentioned,not_mentioned,not_mentioned
10123949,52941615,val,C:\Users\Zila\Downloads\BN5212\MIMIC-CXR\p10\p10\p10123949\s52941615\8fe90d68-2d9f0231-9f2b0fd9-43de76b6-059ec0d8.dcm,negative,not_mentioned,negative,not_mentioned,not_mentioned
10123949,53917891,val,C:\Users\Zila\Downloads\BN5212\MIMIC-CXR\p10\p10\p10123949\s53917891\807c4861-cda9b5ba-b1e76c04-f7297c45-5065b853.dcm,not_mentioned,not_mentioned,not_mentioned,not_mentioned,not_mentioned
10123949,54759140,val,C:\Users\Zila\Downloads\BN5212\MIMIC-CXR\p10\p10\p10123949\s54759140\12125d16-ab49503e-1ade3ee9-256d835b-5c2bf40a.dcm,not_mentioned,not_mentioned,not_mentioned,not_mentioned,not_mentioned
10123949,57673261,val,C:\Users\Zila\Downloads\BN5212\MIMIC-CXR\p10\p10\p10123949\s57673261\bbc236f7-fe7eba1a-1a10a991-72a15aef-77e06d5f.dcm,not_mentioned,not_mentioned,not_mentioned,not_mentioned,not_mentioned
10123949,55395837,val,C:\Users\Zila\Downloads\BN5212\MIMIC-CXR\p10\p10\p10123949\s55395837\37486611-f3cd354e-d943ccb7-5fd5d84c-14fbec18.dcm,not_mentioned,not_mentioned,not_mentioned,not_mentioned,not_mentioned
10123949,53715166,val,C:\Users\Zila\Downloads\BN5212\MIMIC-CXR\p10\p10\p10123949\s53715166\ce78ba28-597b2f06-88f9c17d-e4fd9297-569df473.dcm,positive,not_mentioned,positive,not_mentioned,not_mentioned
10123949,51795126,val,C:\Users\Zila\Downloads\BN5212\MIMIC-CXR\p10\p10\p10123949\s51795126\1e1385ea-ce0abbe1-6ac66a03-278b75b7-a429c969.dcm,negative,not_mentioned,not_mentioned,not_mentioned,not_mentioned
10123949,52099104,val,C:\Users\Zila\Downloads\BN5212\MIMIC-CXR\p10\p10\p10123949\s52099104\79bd6836-f3cb9136-d0eae6ce-970bd05f-27804e9e.dcm,negative,not_mentioned,not_mentioned,not_mentioned,not_mentioned
10123949,52120220,val,C:\Users\Zila\Downloads\BN5212\MIMIC-CXR\p10\p10\p10123949\s52120220\302c7db4-eec594fa-5e78b6b7-3598aecd-340a112a.dcm,positive,not_mentioned,not_mentioned,not_mentioned,not_mentioned
10123949,58686753,val,C:\Users\Zila\Downloads\BN5212\MIMIC-CXR\p10\p10\p10123949\s58686753\fdcb96ac-81c3007c-fe0687cd-45e0c11f-bb5985b4.dcm,positive,not_mentioned,not_mentioned,not_mentioned,not_mentioned
10123949,53602454,val,C:\Users\Zila\Downloads\BN5212\MIMIC-CXR\p10\p10\p10123949\s53602454\1958f42f-183b9923-8722fe62-1ba9e7bc-01b678e0.dcm,not_mentioned,not_mentioned,positive,not_mentioned,not_mentioned
10123949,50127146,val,C:\Users\Zila\Downloads\BN5212\MIMIC-CXR\p10\p10\p10123949\s50127146\c679d75b-54e883ac-f947468d-24d11f8e-428e6e69.dcm,positive,not_mentioned,not_mentioned,not_mentioned,not_mentioned
10123949,59850826,val,C:\Users\Zila\Downloads\BN5212\MIMIC-CXR\p10\p10\p10123949\s59850826\f66c318c-c2368a5f-ea167e98-22fc6556-f6c85ce4.dcm,conflicting,not_mentioned,not_mentioned,not_mentioned,not_mentioned
10123949,53937252,val,C:\Users\Zila\Downloads\BN5212\MIMIC-CXR\p10\p10\p10123949\s53937252\70595746-4676c6b0-bb7a37ec-c3af7c29-03f6e90d.dcm,negative,not_mentioned,positive,positive,positive
10123949,50217724,val,C:\Users\Zila\Downloads\BN5212\MIMIC-CXR\p10\p10\p10123949\s50217724\c2013b62-155e6c6f-67f89993-c7928f25-dbdd7d0d.dcm,not_mentioned,not_mentioned,positive,negative,positive
10123949,57977832,val,C:\Users\Zila\Downloads\BN5212\MIMIC-CXR\p10\p10\p10123949\s57977832\6137eb92-360776eb-77fea566-8bb512e3-80e16c71.dcm,negative,positive,negative,not_mentioned,negative
10123949,51809329,val,C:\Users\Zila\Downloads\BN5212\MIMIC-CXR\p10\p10\p10123949\s51809329\7969edb7-db271a9e-2c10b375-c648d324-230e9ff0.dcm,not_mentioned,not_mentioned,not_mentioned,not_mentioned,not_mentioned
10123949,52858944,val,C:\Users\Zila\Downloads\BN5212\MIMIC-CXR\p10\p10\p10123949\s52858944\842977f8-e5aaefa1-0f64eeba-b619e5a0-db21904d.dcm,negative,not_mentioned,not_mentioned,uncertain,not_mentioned
10123949,53053083,val,C:\Users\Zila\Downloads\BN5212\MIMIC-CXR\p10\p10\p10123949\s53053083\ad53a2ee-1cdb1766-745adb0f-a329a024-cabd6658.dcm,negative,not_mentioned,not_mentioned,not_mentioned,not_mentioned
10123949,58806924,val,C:\Users\Zila\Downloads\BN5212\MIMIC-CXR\p10\p10\p10123949\s58806924\b3096376-6ed2dee4-44e8d047-0061dd85-a93bc588.dcm,not_mentioned,not_mentioned,not_mentioned,negative,not_mentioned
10123949,58072441,val,C:\Users\Zila\Downloads\BN5212\MIMIC-CXR\p10\p10\p10123949\s58072441\050dec52-5ee48538-ef4b187f-6bcaccd1-4cac8e83.dcm,negative,not_mentioned,not_mentioned,not_mentioned,not_mentioned
10123997,58719708,train,C:\Users\Zila\Downloads\BN5212\MIMIC-CXR\p10\p10\p10123997\s58719708\a8c442bc-f6c543c9-06764258-0d1b5506-05bfb971.dcm,positive,not_mentioned,not_mentioned,positive,not_mentioned
10123997,54204122,train,C:\Users\Zila\Downloads\BN5212\MIMIC-CXR\p10\p10\p10123997\s54204122\3a0b47b6-4d9afcbc-935d46e2-293e7f07-e4278140.dcm,not_mentioned,not_mentioned,not_mentioned,not_mentioned,not_mentioned
10123997,51798107,train,C:\Users\Zila\Downloads\BN5212\MIMIC-CXR\p10\p10\p10123997\s51798107\fd0a6dd2-2fa80702-52cbcd03-e7ea3ad1-8be39654.dcm,positive,not_mentioned,not_mentioned,uncertain,not_mentioned
10123997,50935925,train,C:\Users\Zila\Downloads\BN5212\MIMIC-CXR\p10\p10\p10123997\s50935925\71f2ffd3-89ba3f07-2218a2fb-75748ecc-0e4e4d65.dcm,positive,not_mentioned,not_mentioned,not_mentioned,not_mentioned
10123997,50650724,train,C:\Users\Zila\Downloads\BN5212\MIMIC-CXR\p10\p10\p10123997\s50650724\fa2adacb-0b2adeed-bcf9369c-278e8be1-cfbde86b.dcm,conflicting,not_mentioned,negative,not_mentioned,negative
10123997,55167516,train,C:\Users\Zila\Downloads\BN5212\MIMIC-CXR\p10\p10\p10123997\s55167516\ef803aa5-18389cce-ba76372d-d7cd2985-dbe78ffa.dcm,positive,not_mentioned,not_mentioned,not_mentioned,not_mentioned
10123997,58024657,train,C:\Users\Zila\Downloads\BN5212\MIMIC-CXR\p10\p10\p10123997\s58024657\fee5e37c-42b4a8ef-f66a2f37-ea629b18-c34c8a3d.dcm,positive,not_mentioned,not_mentioned,not_mentioned,not_mentioned
10123997,50092158,train,C:\Users\Zila\Downloads\BN5212\MIMIC-CXR\p10\p10\p10123997\s50092158\f817146a-1c81d321-26430db8-7933249f-f54d672a.dcm,positive,not_mentioned,not_mentioned,not_mentioned,not_mentioned
10123997,58739175,train,C:\Users\Zila\Downloads\BN5212\MIMIC-CXR\p10\p10\p10123997\s58739175\a8726b73-13041123-cf731d71-4f732944-3b4008f6.dcm,positive,not_mentioned,not_mentioned,not_mentioned,not_mentioned
10123997,53047791,train,C:\Users\Zila\Downloads\BN5212\MIMIC-CXR\p10\p10\p10123997\s53047791\47e9a622-f9f555f6-c64f69f5-e86d9451-4eafddba.dcm,positive,not_mentioned,not_mentioned,not_mentioned,not_mentioned
10123997,50660699,train,C:\Users\Zila\Downloads\BN5212\MIMIC-CXR\p10\p10\p10123997\s50660699\7e595152-d4e99c60-ea151c01-633d70f1-5c0bd478.dcm,positive,not_mentioned,not_mentioned,not_mentioned,not_mentioned
10123997,59967654,train,C:\Users\Zila\Downloads\BN5212\MIMIC-CXR\p10\p10\p10123997\s59967654\fbcea8ee-ce53b8b9-9b7d1a44-c552281e-977e1e7b.dcm,positive,not_mentioned,not_mentioned,not_mentioned,not_mentioned
10123997,54858106,train,C:\Users\Zila\Downloads\BN5212\MIMIC-CXR\p10\p10\p10123997\s54858106\b8e8a968-c201ba5e-55240530-681ed256-a76834c8.dcm,not_mentioned,not_mentioned,not_mentioned,positive,not_mentioned
10124029,55157000,train,C:\Users\Zila\Downloads\BN5212\MIMIC-CXR\p10\p10\p10124029\s55157000\fcf230d3-be25c933-ce752abe-bd7b6494-573afd9b.dcm,not_mentioned,not_mentioned,negative,negative,negative
10124029,53360317,train,C:\Users\Zila\Downloads\BN5212\MIMIC-CXR\p10\p10\p10124029\s53360317\f6ac2c09-1749cf2d-43edae32-17e3e2df-24af728c.dcm,negative,not_mentioned,not_mentioned,not_mentioned,not_mentioned
10124346,53643077,train,C:\Users\Zila\Downloads\BN5212\MIMIC-CXR\p10\p10\p10124346\s53643077\82665dde-137dbbcd-ee49e2a2-cdfab695-af6a98c2.dcm,negative,not_mentioned,negative,negative,not_mentioned
10124346,51277019,train,C:\Users\Zila\Downloads\BN5212\MIMIC-CXR\p10\p10\p10124346\s51277019\29827470-59ad10a6-4bcc1e51-5f7355fb-65e7713d.dcm,negative,not_mentioned,not_mentioned,not_mentioned,not_mentioned
10124346,58826769,train,C:\Users\Zila\Downloads\BN5212\MIMIC-CXR\p10\p10\p10124346\s58826769\a20cc217-bcbc624a-2c94ebf7-0478eaff-f07a012f.dcm,negative,not_mentioned,not_mentioned,not_mentioned,not_mentioned
10124346,57493430,train,C:\Users\Zila\Downloads\BN5212\MIMIC-CXR\p10\p10\p10124346\s57493430\de10252f-46055b9d-22b17848-abcebc4c-b49d4a02.dcm,negative,not_mentioned,not_mentioned,not_mentioned,not_mentioned
10124367,53778644,val,C:\Users\Zila\Downloads\BN5212\MIMIC-CXR\p10\p10\p10124367\s53778644\b9eedb40-39542c81-4f9d61a1-6a2d5589-a163a00c.dcm,not_mentioned,not_mentioned,not_mentioned,positive,not_mentioned
10124367,50973777,val,C:\Users\Zila\Downloads\BN5212\MIMIC-CXR\p10\p10\p10124367\s50973777\ff2209a8-bc284e68-dfd10641-fe17235c-cd232630.dcm,negative,not_mentioned,not_mentioned,not_mentioned,not_mentioned
10124807,58652998,train,C:\Users\Zila\Downloads\BN5212\MIMIC-CXR\p10\p10\p10124807\s58652998\73d721c5-bfd82580-3ab9858e-fab067a7-776454c0.dcm,not_mentioned,not_mentioned,negative,not_mentioned,not_mentioned
10124807,58327725,train,C:\Users\Zila\Downloads\BN5212\MIMIC-CXR\p10\p10\p10124807\s58327725\e89a307f-bacd7e0e-34b5c617-1f4b8313-78fbec71.dcm,positive,not_mentioned,not_mentioned,not_mentioned,not_mentioned
10124807,59319391,train,C:\Users\Zila\Downloads\BN5212\MIMIC-CXR\p10\p10\p10124807\s59319391\5fbbf4f5-ed1216e4-2d5a1932-1b609891-de431a3d.dcm,not_mentioned,not_mentioned,not_mentioned,not_mentioned,not_mentioned
10124807,57024974,train,C:\Users\Zila\Downloads\BN5212\MIMIC-CXR\p10\p10\p10124807\s57024974\98b3af2e-e4cf4705-e716678e-c50e285e-9054526d.dcm,not_mentioned,not_mentioned,positive,not_mentioned,not_mentioned
10124807,55186280,train,C:\Users\Zila\Downloads\BN5212\MIMIC-CXR\p10\p10\p10124807\s55186280\3e5ffc0f-eaf58698-7149eb16-b4ff2f36-0185d050.dcm,not_mentioned,not_mentioned,negative,not_mentioned,not_mentioned
10124807,58162418,train,C:\Users\Zila\Downloads\BN5212\MIMIC-CXR\p10\p10\p10124807\s58162418\dd485aae-785d6958-2e82be58-f08295a4-d08ab305.dcm,not_mentioned,not_mentioned,not_mentioned,not_mentioned,not_mentioned
10124807,51685737,train,C:\Users\Zila\Downloads\BN5212\MIMIC-CXR\p10\p10\p10124807\s51685737\22f1e8c2-36f8eba2-18c6a37a-4ad4ac1c-f9372707.dcm,positive,not_mentioned,negative,not_mentioned,negative
10124807,50501991,train,C:\Users\Zila\Downloads\BN5212\MIMIC-CXR\p10\p10\p10124807\s50501991\efb6b442-13d061c3-9253b04e-624bb45b-907d8cc0.dcm,not_mentioned,not_mentioned,not_mentioned,not_mentioned,not_mentioned
10124807,50264132,train,C:\Users\Zila\Downloads\BN5212\MIMIC-CXR\p10\p10\p10124807\s50264132\832d435d-e2416259-562fac2e-b6aa0ff6-cf2c84d2.dcm,positive,not_mentioned,not_mentioned,not_mentioned,not_mentioned
10124825,58657160,test,C:\Users\Zila\Downloads\BN5212\MIMIC-CXR\p10\p10\p10124825\s58657160\92e05ed4-879781c2-6bb7d9b1-30a19cd2-ec922f8a.dcm,not_mentioned,not_mentioned,positive,uncertain,positive
10124825,51980768,test,C:\Users\Zila\Downloads\BN5212\MIMIC-CXR\p10\p10\p10124825\s51980768\60b79c13-ccf929d5-9c40fa2a-715d20d8-7fcbe76c.dcm,not_mentioned,positive,positive,not_mentioned,positive
10124825,51887716,test,C:\Users\Zila\Downloads\BN5212\MIMIC-CXR\p10\p10\p10124825\s51887716\dae973ba-1c4ef48a-f24678af-ced24582-8c7a7d77.dcm,not_mentioned,not_mentioned,not_mentioned,not_mentioned,not_mentioned
10124825,55093585,test,C:\Users\Zila\Downloads\BN5212\MIMIC-CXR\p10\p10\p10124825\s55093585\390661f5-493b2a76-2de2c812-3a5479eb-fbf32fc7.dcm,not_mentioned,not_mentioned,not_mentioned,not_mentioned,not_mentioned
10124825,55440265,test,C:\Users\Zila\Downloads\BN5212\MIMIC-CXR\p10\p10\p10124825\s55440265\0d8a1f57-1e057e52-90a0de01-b51cc8be-6de4b9cc.dcm,not_mentioned,not_mentioned,not_mentioned,not_mentioned,not_mentioned
10124825,53049861,test,C:\Users\Zila\Downloads\BN5212\MIMIC-CXR\p10\p10\p10124825\s53049861\24779c8a-3da701f0-8e39bbe8-df623485-da776c34.dcm,not_mentioned,positive,not_mentioned,negative,not_mentioned
10124825,50946833,test,C:\Users\Zila\Downloads\BN5212\MIMIC-CXR\p10\p10\p10124825\s50946833\603227b2-3471d61e-fa32a0c4-dbb1f211-290ee304.dcm,not_mentioned,not_mentioned,not_mentioned,negative,not_mentioned
10124825,52883271,test,C:\Users\Zila\Downloads\BN5212\MIMIC-CXR\p10\p10\p10124825\s52883271\0beeca10-f07e075b-36714503-a3f24d61-d0c0cafc.dcm,positive,not_mentioned,not_mentioned,not_mentioned,not_mentioned
10125888,57430364,train,C:\Users\Zila\Downloads\BN5212\MIMIC-CXR\p10\p10\p10125888\s57430364\b561c00b-167831b2-8bdf0c87-35642777-7d912fe3.dcm,positive,not_mentioned,not_mentioned,not_mentioned,not_mentioned
10125888,53297770,train,C:\Users\Zila\Downloads\BN5212\MIMIC-CXR\p10\p10\p10125888\s53297770\98760864-8498a61a-8f498b1c-9c5e0596-a69af067.dcm,positive,not_mentioned,not_mentioned,not_mentioned,not_mentioned
10126619,57099790,test,C:\Users\Zila\Downloads\BN5212\MIMIC-CXR\p10\p10\p10126619\s57099790\1f8a9b0c-20cd8283-82f0d001-dee43674-8abf9e7c.dcm,negative,not_mentioned,negative,negative,negative
10126619,50520903,test,C:\Users\Zila\Downloads\BN5212\MIMIC-CXR\p10\p10\p10126619\s50520903\0fec66e2-2e478d0c-157ddf09-efbeb05b-face0fd3.dcm,negative,not_mentioned,not_mentioned,not_mentioned,not_mentioned
10126619,55424953,test,C:\Users\Zila\Downloads\BN5212\MIMIC-CXR\p10\p10\p10126619\s55424953\271b131e-91d9e160-bd977f58-bf6f117d-1129b404.dcm,negative,not_mentioned,not_mentioned,negative,not_mentioned
10126619,58455595,test,C:\Users\Zila\Downloads\BN5212\MIMIC-CXR\p10\p10\p10126619\s58455595\3e3c0d1d-5c83e141-5f30f36c-aea9ad20-2d40903e.dcm,not_mentioned,not_mentioned,negative,negative,negative
10127132,55166347,train,C:\Users\Zila\Downloads\BN5212\MIMIC-CXR\p10\p10\p10127132\s55166347\c7ce537d-5c0c5866-a1c5dd46-2c8f29e0-167ca3d8.dcm,not_mentioned,not_mentioned,not_mentioned,not_mentioned,not_mentioned
10127132,59854342,train,C:\Users\Zila\Downloads\BN5212\MIMIC-CXR\p10\p10\p10127132\s59854342\a53888f4-d80cb9b7-387dd5fa-39026172-6c15c6f1.dcm,not_mentioned,not_mentioned,not_mentioned,not_mentioned,not_mentioned
10127132,53090012,train,C:\Users\Zila\Downloads\BN5212\MIMIC-CXR\p10\p10\p10127132\s53090012\49fe7b6d-22dfdf09-a36e5ae0-b38de14c-da909953.dcm,not_mentioned,not_mentioned,negative,negative,negative
10127132,58215326,train,C:\Users\Zila\Downloads\BN5212\MIMIC-CXR\p10\p10\p10127132\s58215326\930472a9-4be79c83-5ce75a38-5d7cf279-f910fee1.dcm,negative,not_mentioned,not_mentioned,uncertain,not_mentioned
10127132,53869897,train,C:\Users\Zila\Downloads\BN5212\MIMIC-CXR\p10\p10\p10127132\s53869897\7cb51e13-f3dc898e-77ab5e0d-9a09903d-15498d01.dcm,not_mentioned,not_mentioned,not_mentioned,not_mentioned,not_mentioned
10127462,56032421,val,C:\Users\Zila\Downloads\BN5212\MIMIC-CXR\p10\p10\p10127462\s56032421\64141e01-095f9d7a-6d527015-63bba486-5fbb4fd2.dcm,positive,not_mentioned,positive,not_mentioned,positive
10127462,54393515,val,C:\Users\Zila\Downloads\BN5212\MIMIC-CXR\p10\p10\p10127462\s54393515\5f5cbde2-06198f7f-d9e21cd0-558415a4-5c1b1c75.dcm,negative,not_mentioned,not_mentioned,negative,not_mentioned
10127469,51591755,train,C:\Users\Zila\Downloads\BN5212\MIMIC-CXR\p10\p10\p10127469\s51591755\1eb4b2e3-fc3112b2-572088dd-cadb989f-4e28edff.dcm,negative,not_mentioned,not_mentioned,not_mentioned,not_mentioned
10127469,51873259,train,C:\Users\Zila\Downloads\BN5212\MIMIC-CXR\p10\p10\p10127469\s51873259\dd19aba5-67267768-41488520-1c07e5bd-ffc30dbd.dcm,negative,not_mentioned,not_mentioned,not_mentioned,not_mentioned
10127469,50686819,train,C:\Users\Zila\Downloads\BN5212\MIMIC-CXR\p10\p10\p10127469\s50686819\f104b795-3fc9baf3-2695e2ad-2e5ede00-80a7031d.dcm,positive,positive,not_mentioned,not_mentioned,not_mentioned
10127469,52877741,train,C:\Users\Zila\Downloads\BN5212\MIMIC-CXR\p10\p10\p10127469\s52877741\12497506-ed886f31-8b3131f6-512c4750-052ad5a4.dcm,positive,not_mentioned,positive,positive,positive
10127469,56582733,train,C:\Users\Zila\Downloads\BN5212\MIMIC-CXR\p10\p10\p10127469\s56582733\37d7e851-822d8e4b-10293051-661810fb-c1ea0501.dcm,positive,uncertain,positive,positive,not_mentioned
10127469,51731377,train,C:\Users\Zila\Downloads\BN5212\MIMIC-CXR\p10\p10\p10127469\s51731377\82f5299b-6c4d92bf-ef5c2fba-fdfd2e4e-2571fed3.dcm,positive,not_mentioned,positive,not_mentioned,positive
10127469,53209185,train,C:\Users\Zila\Downloads\BN5212\MIMIC-CXR\p10\p10\p10127469\s53209185\221743b1-468f09bf-1e1a6cc8-482dd565-990420c8.dcm,not_mentioned,not_mentioned,positive,positive,positive
10127469,57365088,train,C:\Users\Zila\Downloads\BN5212\MIMIC-CXR\p10\p10\p10127469\s57365088\320eb2cc-12e5784b-05034b47-e2720272-3083ea1b.dcm,not_mentioned,not_mentioned,positive,not_mentioned,positive
10127469,53795024,train,C:\Users\Zila\Downloads\BN5212\MIMIC-CXR\p10\p10\p10127469\s53795024\2896ad3a-2a66d070-f9416f4f-fd9d1ab5-f317cd14.dcm,not_mentioned,not_mentioned,not_mentioned,not_mentioned,not_mentioned
10127469,50900540,train,C:\Users\Zila\Downloads\BN5212\MIMIC-CXR\p10\p10\p10127469\s50900540\73cbbd32-afe8779a-af2366dd-311ee5e5-4265555a.dcm,positive,not_mentioned,positive,not_mentioned,positive
10127469,53511806,train,C:\Users\Zila\Downloads\BN5212\MIMIC-CXR\p10\p10\p10127469\s53511806\54da3bf9-0ee7f502-c2f42479-804f659e-4898ad9d.dcm,positive,not_mentioned,positive,uncertain,not_mentioned
10127469,58852772,train,C:\Users\Zila\Downloads\BN5212\MIMIC-CXR\p10\p10\p10127469\s58852772\c7b27b10-0f35a002-6bc79a0a-1c07cffb-0cf7bbc8.dcm,not_mentioned,positive,positive,not_mentioned,positive
10127469,50342401,train,C:\Users\Zila\Downloads\BN5212\MIMIC-CXR\p10\p10\p10127469\s50342401\3ab15023-49b3caef-ecfda60b-1d6643d4-893334ad.dcm,not_mentioned,not_mentioned,positive,not_mentioned,positive
10127469,57995503,train,C:\Users\Zila\Downloads\BN5212\MIMIC-CXR\p10\p10\p10127469\s57995503\9980c820-f99a7650-29a58461-4b9f4579-31ffdeda.dcm,not_mentioned,not_mentioned,negative,not_mentioned,negative
10127469,50062736,train,C:\Users\Zila\Downloads\BN5212\MIMIC-CXR\p10\p10\p10127469\s50062736\e3df6a97-cd4cc8ed-5cdf3bdb-bf2f348b-598597c0.dcm,not_mentioned,not_mentioned,not_mentioned,negative,not_mentioned
10127469,53276208,train,C:\Users\Zila\Downloads\BN5212\MIMIC-CXR\p10\p10\p10127469\s53276208\67b4d524-fc563325-e533c722-3551413b-8120e14a.dcm,uncertain,not_mentioned,not_mentioned,not_mentioned,not_mentioned
10127469,53945997,train,C:\Users\Zila\Downloads\BN5212\MIMIC-CXR\p10\p10\p10127469\s53945997\2231707d-a75834cd-95ae07da-1f3c8a5c-0ac886b5.dcm,negative,not_mentioned,not_mentioned,not_mentioned,not_mentioned
10127469,57773203,train,C:\Users\Zila\Downloads\BN5212\MIMIC-CXR\p10\p10\p10127469\s57773203\ce588f3e-94f71447-aecc8846-3fe215ec-b3aed6d5.dcm,not_mentioned,not_mentioned,not_mentioned,not_mentioned,not_mentioned
10127469,59068190,train,C:\Users\Zila\Downloads\BN5212\MIMIC-CXR\p10\p10\p10127469\s59068190\45f48988-d8d974f2-9efc757c-6bc4e07f-03024e41.dcm,positive,positive,negative,not_mentioned,not_mentioned
10127469,51813944,train,C:\Users\Zila\Downloads\BN5212\MIMIC-CXR\p10\p10\p10127469\s51813944\921efcc0-fc4ed114-e6663375-6dfbab3e-d9c5914d.dcm,positive,positive,negative,not_mentioned,not_mentioned
10127469,59088910,train,C:\Users\Zila\Downloads\BN5212\MIMIC-CXR\p10\p10\p10127469\s59088910\427faf03-c28afb69-8c69d8ed-0868173f-90732a53.dcm,not_mentioned,positive,not_mentioned,not_mentioned,not_mentioned
10127469,52444289,train,C:\Users\Zila\Downloads\BN5212\MIMIC-CXR\p10\p10\p10127469\s52444289\d2adcdde-b1ba2bb4-8df81c93-74544e81-045f7665.dcm,negative,not_mentioned,not_mentioned,negative,not_mentioned
10127469,56867448,train,C:\Users\Zila\Downloads\BN5212\MIMIC-CXR\p10\p10\p10127469\s56867448\c1eb6565-5415911d-f63d7e31-8fc37ca5-4dfef988.dcm,negative,not_mentioned,not_mentioned,not_mentioned,not_mentioned
10127517,58623064,train,C:\Users\Zila\Downloads\BN5212\MIMIC-CXR\p10\p10\p10127517\s58623064\60d84203-8f562670-6d2ca0fb-a124dbb6-317cbc86.dcm,positive,not_mentioned,not_mentioned,not_mentioned,not_mentioned
10127517,51507796,train,C:\Users\Zila\Downloads\BN5212\MIMIC-CXR\p10\p10\p10127517\s51507796\3b7bca7a-4edbf202-efea8403-f8309ce6-a144c054.dcm,positive,not_mentioned,not_mentioned,not_mentioned,not_mentioned
10127517,52885433,train,C:\Users\Zila\Downloads\BN5212\MIMIC-CXR\p10\p10\p10127517\s52885433\9543f3f3-5cb65d6d-83e16ea1-ea3253da-7f8d2458.dcm,positive,not_mentioned,not_mentioned,not_mentioned,not_mentioned
10127517,58892745,train,C:\Users\Zila\Downloads\BN5212\MIMIC-CXR\p10\p10\p10127517\s58892745\6d8bc037-d086773b-b8cd5e0e-3d805ae3-77757805.dcm,not_mentioned,not_mentioned,not_mentioned,not_mentioned,not_mentioned
10127517,59363985,train,C:\Users\Zila\Downloads\BN5212\MIMIC-CXR\p10\p10\p10127517\s59363985\21d964cc-32430fc9-5e2eeaf7-7d040f4c-be256257.dcm,not_mentioned,not_mentioned,not_mentioned,not_mentioned,not_mentioned
10127517,56251895,train,C:\Users\Zila\Downloads\BN5212\MIMIC-CXR\p10\p10\p10127517\s56251895\7581ff4c-bc45f56b-fab6f3bb-6886b97d-9d925d25.dcm,not_mentioned,not_mentioned,uncertain,not_mentioned,uncertain
10127517,53196514,train,C:\Users\Zila\Downloads\BN5212\MIMIC-CXR\p10\p10\p10127517\s53196514\1a80e442-fa0c004d-012fc83b-7268f201-8b906596.dcm,positive,positive,negative,not_mentioned,negative
10127517,59073672,train,C:\Users\Zila\Downloads\BN5212\MIMIC-CXR\p10\p10\p10127517\s59073672\3b0ae831-29b38b43-0ac8d2e2-aec04d78-8bc5d0d8.dcm,not_mentioned,not_mentioned,not_mentioned,not_mentioned,not_mentioned
10127517,51376634,train,C:\Users\Zila\Downloads\BN5212\MIMIC-CXR\p10\p10\p10127517\s51376634\c1b673c4-583bb501-f8cd62cb-2a682bf1-e29d8e8a.dcm,positive,not_mentioned,not_mentioned,not_mentioned,not_mentioned
10127517,54423285,train,C:\Users\Zila\Downloads\BN5212\MIMIC-CXR\p10\p10\p10127517\s54423285\a3488138-7cb496d7-5c42dbfe-434a209f-ab800266.dcm,positive,positive,not_mentioned,not_mentioned,not_mentioned
10127517,59196013,train,C:\Users\Zila\Downloads\BN5212\MIMIC-CXR\p10\p10\p10127517\s59196013\77f74452-2f3b20b0-6f3142e7-2225c390-68213a43.dcm,not_mentioned,not_mentioned,not_mentioned,not_mentioned,not_mentioned
10128191,56054806,val,C:\Users\Zila\Downloads\BN5212\MIMIC-CXR\p10\p10\p10128191\s56054806\0eb05a83-64a0ff20-5ea0cfb1-fc08483f-c34491c9.dcm,not_mentioned,not_mentioned,negative,negative,negative
10128191,57481280,val,C:\Users\Zila\Downloads\BN5212\MIMIC-CXR\p10\p10\p10128191\s57481280\a4c04a36-a48192d4-b7d130ff-f11eaccb-cb02d50b.dcm,negative,not_mentioned,not_mentioned,negative,not_mentioned
10129015,55303788,train,C:\Users\Zila\Downloads\BN5212\MIMIC-CXR\p10\p10\p10129015\s55303788\74b9e223-8c698e09-fcd58a75-be0317b7-2536dbf8.dcm,negative,not_mentioned,negative,not_mentioned,negative
10129015,51433013,train,C:\Users\Zila\Downloads\BN5212\MIMIC-CXR\p10\p10\p10129015\s51433013\c549bd01-042a5102-7c31eb3e-ecadab16-95908179.dcm,not_mentioned,not_mentioned,not_mentioned,not_mentioned,not_mentioned
10129015,56136881,train,C:\Users\Zila\Downloads\BN5212\MIMIC-CXR\p10\p10\p10129015\s56136881\131a8f91-50c98550-95a56390-c290c9fe-2a627005.dcm,not_mentioned,not_mentioned,not_mentioned,not_mentioned,not_mentioned
10129052,52508348,train,C:\Users\Zila\Downloads\BN5212\MIMIC-CXR\p10\p10\p10129052\s52508348\03a29b1c-960b0e80-02978183-315fb7fd-024960af.dcm,negative,not_mentioned,not_mentioned,not_mentioned,not_mentioned
10129052,59496121,train,C:\Users\Zila\Downloads\BN5212\MIMIC-CXR\p10\p10\p10129052\s59496121\6729e5ca-8bbd6b46-3530d157-17c89814-10b37850.dcm,negative,not_mentioned,not_mentioned,not_mentioned,not_mentioned
10129052,56373919,train,C:\Users\Zila\Downloads\BN5212\MIMIC-CXR\p10\p10\p10129052\s56373919\ad0c981d-4caf8f37-6085ee68-5ffc440b-6b7da2b6.dcm,negative,not_mentioned,negative,not_mentioned,negative
10129119,55184478,train,C:\Users\Zila\Downloads\BN5212\MIMIC-CXR\p10\p10\p10129119\s55184478\1d28593d-114cd53b-8749ea10-63e21680-d211f49c.dcm,not_mentioned,not_mentioned,not_mentioned,not_mentioned,not_mentioned
10129119,56633649,train,C:\Users\Zila\Downloads\BN5212\MIMIC-CXR\p10\p10\p10129119\s56633649\ee58a152-80f63e89-1e08339b-457d7b2d-e3ce78d9.dcm,not_mentioned,not_mentioned,not_mentioned,not_mentioned,not_mentioned
10129119,59629167,train,C:\Users\Zila\Downloads\BN5212\MIMIC-CXR\p10\p10\p10129119\s59629167\abb66238-89ad8a9b-f863ca69-cb4f76e5-ad886822.dcm,positive,not_mentioned,not_mentioned,not_mentioned,not_mentioned
10129119,56906992,train,C:\Users\Zila\Downloads\BN5212\MIMIC-CXR\p10\p10\p10129119\s56906992\333fc18e-0d2bdb4e-0f8b0b14-e6b7e11c-d94fdec7.dcm,positive,not_mentioned,not_mentioned,not_mentioned,not_mentioned
10129119,55963730,train,C:\Users\Zila\Downloads\BN5212\MIMIC-CXR\p10\p10\p10129119\s55963730\8943b120-50050c4b-3e5c34be-65869245-ac8625fe.dcm,not_mentioned,not_mentioned,not_mentioned,not_mentioned,not_mentioned
10129119,52886997,train,C:\Users\Zila\Downloads\BN5212\MIMIC-CXR\p10\p10\p10129119\s52886997\4fe39bd8-3722c28b-0bcaa1a8-eda9ae12-d5797d04.dcm,not_mentioned,not_mentioned,not_mentioned,not_mentioned,not_mentioned
10129119,51579618,train,C:\Users\Zila\Downloads\BN5212\MIMIC-CXR\p10\p10\p10129119\s51579618\ba41422e-e14aa400-5555eb54-0095474f-d6dff590.dcm,not_mentioned,not_mentioned,not_mentioned,not_mentioned,not_mentioned
10129119,54210437,train,C:\Users\Zila\Downloads\BN5212\MIMIC-CXR\p10\p10\p10129119\s54210437\993492ae-38b94c37-0ce116eb-976a4d44-a21225f0.dcm,positive,not_mentioned,not_mentioned,not_mentioned,not_mentioned
10129119,55603381,train,C:\Users\Zila\Downloads\BN5212\MIMIC-CXR\p10\p10\p10129119\s55603381\fb172ecd-07973769-1c769647-d646d025-0d67ff2b.dcm,positive,not_mentioned,not_mentioned,not_mentioned,not_mentioned
10129119,52861649,train,C:\Users\Zila\Downloads\BN5212\MIMIC-CXR\p10\p10\p10129119\s52861649\236e2059-92473066-56a87bf8-2cd4bb00-e17ff7a8.dcm,not_mentioned,not_mentioned,not_mentioned,not_mentioned,not_mentioned
10129119,56831701,train,C:\Users\Zila\Downloads\BN5212\MIMIC-CXR\p10\p10\p10129119\s56831701\20d79687-37a0f0ad-967a05fa-66731b2d-66975264.dcm,positive,not_mentioned,not_mentioned,not_mentioned,not_mentioned
10129119,53408336,train,C:\Users\Zila\Downloads\BN5212\MIMIC-CXR\p10\p10\p10129119\s53408336\c87a01e1-9a881392-2a7b903f-fefe1f39-bada9a21.dcm,positive,not_mentioned,not_mentioned,not_mentioned,not_mentioned
10129119,59108747,train,C:\Users\Zila\Downloads\BN5212\MIMIC-CXR\p10\p10\p10129119\s59108747\c8cdffc0-d0abcd53-46b5d011-839ac47e-7e041677.dcm,not_mentioned,not_mentioned,not_mentioned,not_mentioned,not_mentioned
10129119,55904682,train,C:\Users\Zila\Downloads\BN5212\MIMIC-CXR\p10\p10\p10129119\s55904682\2144c7fd-4b031c62-b2d5d642-d06000bb-450cd4a2.dcm,not_mentioned,not_mentioned,negative,not_mentioned,negative
10129254,55690046,train,C:\Users\Zila\Downloads\BN5212\MIMIC-CXR\p10\p10\p10129254\s55690046\04acc73c-ec5f6100-e03301c1-5669db9b-fdf070a2.dcm,not_mentioned,not_mentioned,not_mentioned,not_mentioned,not_mentioned
10129254,56970253,train,C:\Users\Zila\Downloads\BN5212\MIMIC-CXR\p10\p10\p10129254\s56970253\2a6a2478-f990e735-3339b122-024ab585-50b18aba.dcm,not_mentioned,not_mentioned,not_mentioned,not_mentioned,not_mentioned
10129254,56680752,train,C:\Users\Zila\Downloads\BN5212\MIMIC-CXR\p10\p10\p10129254\s56680752\606b9ceb-8d5b461d-2f38acb4-8e5a0fe6-6a4924d6.dcm,not_mentioned,not_mentioned,negative,not_mentioned,negative
10129254,56425056,train,C:\Users\Zila\Downloads\BN5212\MIMIC-CXR\p10\p10\p10129254\s56425056\b9ef15d1-bd46ebd5-ab0e9369-6d229d6b-29da131d.dcm,not_mentioned,not_mentioned,negative,negative,negative
10129254,50832792,train,C:\Users\Zila\Downloads\BN5212\MIMIC-CXR\p10\p10\p10129254\s50832792\e7061b23-48edd3c1-a82d17c1-05b2ccc7-aed0e4de.dcm,not_mentioned,not_mentioned,not_mentioned,negative,not_mentioned
10129254,56603304,train,C:\Users\Zila\Downloads\BN5212\MIMIC-CXR\p10\p10\p10129254\s56603304\8d171f04-99c4370a-312467c8-9be73906-498138ee.dcm,not_mentioned,not_mentioned,not_mentioned,negative,not_mentioned
10129254,52387210,train,C:\Users\Zila\Downloads\BN5212\MIMIC-CXR\p10\p10\p10129254\s52387210\40ef68b1-afa3514a-b3849e8d-f40a1081-d4a7f223.dcm,not_mentioned,not_mentioned,not_mentioned,not_mentioned,not_mentioned
10129254,56509962,train,C:\Users\Zila\Downloads\BN5212\MIMIC-CXR\p10\p10\p10129254\s56509962\015b1c08-dcab2e78-81ab961b-31c18246-7bfa0454.dcm,not_mentioned,not_mentioned,not_mentioned,negative,not_mentioned
10129384,50190940,train,C:\Users\Zila\Downloads\BN5212\MIMIC-CXR\p10\p10\p10129384\s50190940\abe00c1b-97d6e9a3-9ffc5ed9-b38a7142-344244ec.dcm,negative,not_mentioned,not_mentioned,uncertain,not_mentioned
10129384,50852782,train,C:\Users\Zila\Downloads\BN5212\MIMIC-CXR\p10\p10\p10129384\s50852782\2eb99afd-73905173-4c8b5b8d-931a7ea5-25a4c972.dcm,negative,not_mentioned,not_mentioned,negative,not_mentioned
10129815,50661858,train,C:\Users\Zila\Downloads\BN5212\MIMIC-CXR\p10\p10\p10129815\s50661858\169198cb-89fad607-7a839c49-21fef2af-a7a3d61d.dcm,positive,not_mentioned,not_mentioned,not_mentioned,not_mentioned
10129815,52901287,train,C:\Users\Zila\Downloads\BN5212\MIMIC-CXR\p10\p10\p10129815\s52901287\33091813-ce951c7b-f1814061-b9779882-29096a0d.dcm,not_mentioned,not_mentioned,not_mentioned,positive,not_mentioned
10129815,50390838,train,C:\Users\Zila\Downloads\BN5212\MIMIC-CXR\p10\p10\p10129815\s50390838\5cf989ad-9595857d-c7cfe67a-253bcf2b-6fb31424.dcm,not_mentioned,not_mentioned,not_mentioned,not_mentioned,not_mentioned
10129815,51987148,train,C:\Users\Zila\Downloads\BN5212\MIMIC-CXR\p10\p10\p10129815\s51987148\07dd7ed3-aa5ed9a3-4c432bc2-28e48ee0-ce292a7c.dcm,negative,positive,not_mentioned,positive,not_mentioned
10130111,59184428,train,C:\Users\Zila\Downloads\BN5212\MIMIC-CXR\p10\p10\p10130111\s59184428\d3b76461-f6f550d6-4da11853-441a7546-164d9aa5.dcm,not_mentioned,not_mentioned,not_mentioned,not_mentioned,not_mentioned
10130111,55375426,train,C:\Users\Zila\Downloads\BN5212\MIMIC-CXR\p10\p10\p10130111\s55375426\36800418-bfa7e077-f25a7d8e-c0e9b224-3e4447a2.dcm,not_mentioned,positive,positive,not_mentioned,positive
10130111,52496123,train,C:\Users\Zila\Downloads\BN5212\MIMIC-CXR\p10\p10\p10130111\s52496123\bceabfe7-adf4b9b6-9e86f7ad-6d548969-149dc29b.dcm,not_mentioned,positive,positive,not_mentioned,positive
10130111,57361710,train,C:\Users\Zila\Downloads\BN5212\MIMIC-CXR\p10\p10\p10130111\s57361710\95cf2c3f-159461d3-ffbdf179-b130b5e6-4841eef8.dcm,negative,not_mentioned,not_mentioned,not_mentioned,not_mentioned
10130111,50448932,train,C:\Users\Zila\Downloads\BN5212\MIMIC-CXR\p10\p10\p10130111\s50448932\43a06f6b-8813e7a0-ca43362c-d5e4c62a-6abe1231.dcm,negative,not_mentioned,not_mentioned,positive,not_mentioned
10130573,54060509,train,C:\Users\Zila\Downloads\BN5212\MIMIC-CXR\p10\p10\p10130573\s54060509\adb4c578-1675354e-96bf678f-ed8e6985-76cb7df2.dcm,not_mentioned,not_mentioned,not_mentioned,not_mentioned,not_mentioned
10130573,58762819,train,C:\Users\Zila\Downloads\BN5212\MIMIC-CXR\p10\p10\p10130573\s58762819\1c7d8074-393e038b-33f16ed1-e83187a1-b53c07a5.dcm,not_mentioned,not_mentioned,not_mentioned,not_mentioned,not_mentioned
10130573,55128945,train,C:\Users\Zila\Downloads\BN5212\MIMIC-CXR\p10\p10\p10130573\s55128945\940c83bf-652de9ff-2d10878f-921e9f5a-90b842e9.dcm,positive,not_mentioned,not_mentioned,positive,not_mentioned
10130585,50087560,train,C:\Users\Zila\Downloads\BN5212\MIMIC-CXR\p10\p10\p10130585\s50087560\63316904-002f4b1c-3f47a719-b599b337-a0263d49.dcm,negative,not_mentioned,negative,not_mentioned,negative
10130585,57614018,train,C:\Users\Zila\Downloads\BN5212\MIMIC-CXR\p10\p10\p10130585\s57614018\57ad0cd4-3380e784-1f347967-7494c855-920994d1.dcm,not_mentioned,not_mentioned,not_mentioned,uncertain,not_mentioned
10130585,52066829,train,C:\Users\Zila\Downloads\BN5212\MIMIC-CXR\p10\p10\p10130585\s52066829\1188cc0f-31f4ef0d-1ba865be-ed22c8d1-cc992ce2.dcm,positive,not_mentioned,not_mentioned,not_mentioned,not_mentioned
10130795,56658664,train,C:\Users\Zila\Downloads\BN5212\MIMIC-CXR\p10\p10\p10130795\s56658664\0416ea9c-5a79882c-a24d3234-55591ae9-2805a46f.dcm,not_mentioned,not_mentioned,not_mentioned,not_mentioned,not_mentioned
10130795,50761263,train,C:\Users\Zila\Downloads\BN5212\MIMIC-CXR\p10\p10\p10130795\s50761263\22000290-ca94a6c1-c3cb8454-cf046fb3-be046e42.dcm,negative,not_mentioned,not_mentioned,not_mentioned,not_mentioned
10131237,55680500,train,C:\Users\Zila\Downloads\BN5212\MIMIC-CXR\p10\p10\p10131237\s55680500\0a1faf81-e0965060-93ef62d4-05650e5f-8b78830b.dcm,negative,not_mentioned,not_mentioned,not_mentioned,not_mentioned
10131237,59467011,train,C:\Users\Zila\Downloads\BN5212\MIMIC-CXR\p10\p10\p10131237\s59467011\6d62df89-e6d97022-a9fe45af-44b4c86d-1424ec30.dcm,negative,not_mentioned,not_mentioned,negative,not_mentioned
10131237,51255751,train,C:\Users\Zila\Downloads\BN5212\MIMIC-CXR\p10\p10\p10131237\s51255751\95e5189a-c5c01079-43a18230-b09bd0f8-e7afda37.dcm,negative,negative,not_mentioned,negative,not_mentioned
10131388,59122401,train,C:\Users\Zila\Downloads\BN5212\MIMIC-CXR\p10\p10\p10131388\s59122401\5c27bf7d-1a54158a-51276c2e-ccf79adc-8acc3942.dcm,not_mentioned,not_mentioned,not_mentioned,not_mentioned,not_mentioned
10131388,54727930,train,C:\Users\Zila\Downloads\BN5212\MIMIC-CXR\p10\p10\p10131388\s54727930\85f60981-e642dd43-27af08c6-ead57d9f-4a500dbc.dcm,not_mentioned,not_mentioned,not_mentioned,not_mentioned,not_mentioned
10131388,58986745,train,C:\Users\Zila\Downloads\BN5212\MIMIC-CXR\p10\p10\p10131388\s58986745\5d1f2a27-024d9954-a47e8e98-0e0229a3-a6ad07dd.dcm,not_mentioned,not_mentioned,not_mentioned,not_mentioned,not_mentioned
10131388,57134074,train,C:\Users\Zila\Downloads\BN5212\MIMIC-CXR\p10\p10\p10131388\s57134074\d81d92e3-38ced8db-5c8d0fc2-536e2d8c-3404d094.dcm,not_mentioned,not_mentioned,not_mentioned,not_mentioned,not_mentioned
10131388,56415985,train,C:\Users\Zila\Downloads\BN5212\MIMIC-CXR\p10\p10\p10131388\s56415985\7362db7b-7723e7fd-20e42e4d-90d05660-4612b737.dcm,not_mentioned,not_mentioned,negative,negative,negative
10131707,54592870,train,C:\Users\Zila\Downloads\BN5212\MIMIC-CXR\p10\p10\p10131707\s54592870\94e85611-e58b1388-897af0ec-e4c1fccb-ff99773f.dcm,not_mentioned,not_mentioned,not_mentioned,not_mentioned,not_mentioned
10131707,59088540,train,C:\Users\Zila\Downloads\BN5212\MIMIC-CXR\p10\p10\p10131707\s59088540\c52d171e-c1ae61c4-d1a3f344-d34c9144-67a5ecbf.dcm,negative,not_mentioned,not_mentioned,not_mentioned,not_mentioned
10131707,58397723,train,C:\Users\Zila\Downloads\BN5212\MIMIC-CXR\p10\p10\p10131707\s58397723\b4b03f12-fc8ff153-69b16687-d2d99f9e-3a327fa3.dcm,not_mentioned,positive,not_mentioned,not_mentioned,not_mentioned
10132217,50573119,train,C:\Users\Zila\Downloads\BN5212\MIMIC-CXR\p10\p10\p10132217\s50573119\c6e9eb10-276b8271-26a02b42-2b216e31-d4f3c1c4.dcm,not_mentioned,not_mentioned,positive,not_mentioned,positive
10132217,56497818,train,C:\Users\Zila\Downloads\BN5212\MIMIC-CXR\p10\p10\p10132217\s56497818\130d6752-c5c77f94-0dfe31e7-630faa38-545d9ff8.dcm,not_mentioned,not_mentioned,not_mentioned,not_mentioned,not_mentioned
10132365,57681077,train,C:\Users\Zila\Downloads\BN5212\MIMIC-CXR\p10\p10\p10132365\s57681077\6aeabecf-c566e6c2-c01bb911-deeca38b-5bea6f58.dcm,positive,not_mentioned,not_mentioned,positive,not_mentioned
10132365,52576637,train,C:\Users\Zila\Downloads\BN5212\MIMIC-CXR\p10\p10\p10132365\s52576637\03841ccc-c7ae63d3-80ef8369-ec5e1ee6-7ab745b5.dcm,not_mentioned,not_mentioned,not_mentioned,conflicting,not_mentioned
10132419,56794632,train,C:\Users\Zila\Downloads\BN5212\MIMIC-CXR\p10\p10\p10132419\s56794632\1747e0a6-ae177498-3f84798e-c5221824-dae5f92b.dcm,negative,not_mentioned,not_mentioned,not_mentioned,not_mentioned
10132419,52834199,train,C:\Users\Zila\Downloads\BN5212\MIMIC-CXR\p10\p10\p10132419\s52834199\035e6b3e-ea123a64-5549b14b-7def7cd7-9a007107.dcm,negative,positive,negative,not_mentioned,negative
10132988,54399498,test,C:\Users\Zila\Downloads\BN5212\MIMIC-CXR\p10\p10\p10132988\s54399498\9f86af9c-e590e3bd-7de00e4c-7685df5f-79709c19.dcm,not_mentioned,not_mentioned,not_mentioned,not_mentioned,not_mentioned
10132988,50344961,test,C:\Users\Zila\Downloads\BN5212\MIMIC-CXR\p10\p10\p10132988\s50344961\d1b21559-92e30ccb-3972edd2-ebd24b66-8af37a93.dcm,negative,not_mentioned,not_mentioned,not_mentioned,not_mentioned
10133075,55036240,test,C:\Users\Zila\Downloads\BN5212\MIMIC-CXR\p10\p10\p10133075\s55036240\c7d0c266-1bad1b31-282275d6-1885c619-80411bcc.dcm,not_mentioned,not_mentioned,not_mentioned,not_mentioned,not_mentioned
10133075,53645426,test,C:\Users\Zila\Downloads\BN5212\MIMIC-CXR\p10\p10\p10133075\s53645426\a151ca93-39727f82-12e22b46-0c437a29-d69a4654.dcm,negative,not_mentioned,negative,positive,negative
10133708,51156464,test,C:\Users\Zila\Downloads\BN5212\MIMIC-CXR\p10\p10\p10133708\s51156464\49bceb54-3b48657d-e9e09228-cb85353a-4cadb0d3.dcm,not_mentioned,not_mentioned,not_mentioned,not_mentioned,not_mentioned
10133708,57794582,test,C:\Users\Zila\Downloads\BN5212\MIMIC-CXR\p10\p10\p10133708\s57794582\e2c80eb8-74d7600c-617de96b-2e81f03d-3d4621a4.dcm,not_mentioned,not_mentioned,not_mentioned,not_mentioned,not_mentioned
10133926,56368884,val,C:\Users\Zila\Downloads\BN5212\MIMIC-CXR\p10\p10\p10133926\s56368884\ed23cf02-50c336ee-8e925594-7a133ba6-5374e783.dcm,negative,not_mentioned,negative,not_mentioned,negative
10133926,57419147,val,C:\Users\Zila\Downloads\BN5212\MIMIC-CXR\p10\p10\p10133926\s57419147\ab1efed9-6bb56234-2292437e-29471f5c-97331c15.dcm,negative,not_mentioned,not_mentioned,not_mentioned,not_mentioned
10134321,58831244,train,C:\Users\Zila\Downloads\BN5212\MIMIC-CXR\p10\p10\p10134321\s58831244\5b63859e-65799e06-1ebc12fa-ef5846f0-ea7ebb9e.dcm,not_mentioned,not_mentioned,not_mentioned,not_mentioned,not_mentioned
10134321,52357465,train,C:\Users\Zila\Downloads\BN5212\MIMIC-CXR\p10\p10\p10134321\s52357465\dae147fd-05c6bff0-149ef746-cada8948-3f044245.dcm,not_mentioned,not_mentioned,not_mentioned,not_mentioned,not_mentioned
10134328,55428120,val,C:\Users\Zila\Downloads\BN5212\MIMIC-CXR\p10\p10\p10134328\s55428120\0238de45-65e51931-5eafad20-d60c91e4-3d7e2934.dcm,not_mentioned,not_mentioned,not_mentioned,not_mentioned,not_mentioned
10134328,58286870,val,C:\Users\Zila\Downloads\BN5212\MIMIC-CXR\p10\p10\p10134328\s58286870\a4b8ffff-dcb0a276-11c5280a-95c7f992-d81b98a4.dcm,negative,not_mentioned,not_mentioned,not_mentioned,not_mentioned
10134328,50760734,val,C:\Users\Zila\Downloads\BN5212\MIMIC-CXR\p10\p10\p10134328\s50760734\eceae46b-40f3aa54-402161a6-29812c7d-751b7753.dcm,not_mentioned,not_mentioned,not_mentioned,not_mentioned,not_mentioned
10134367,50372669,train,C:\Users\Zila\Downloads\BN5212\MIMIC-CXR\p10\p10\p10134367\s50372669\7468d701-23a69e95-add04e38-c7451c10-fa1c564d.dcm,negative,not_mentioned,not_mentioned,not_mentioned,not_mentioned
10134367,50299981,train,C:\Users\Zila\Downloads\BN5212\MIMIC-CXR\p10\p10\p10134367\s50299981\b4bbae17-84b4fe29-4c98c883-7072b381-dd661854.dcm,not_mentioned,not_mentioned,negative,negative,negative
10134367,56223851,train,C:\Users\Zila\Downloads\BN5212\MIMIC-CXR\p10\p10\p10134367\s56223851\40db6549-093e0eb2-c138d87f-b4c63968-2ed73d88.dcm,positive,positive,negative,not_mentioned,negative
10135015,55015436,train,C:\Users\Zila\Downloads\BN5212\MIMIC-CXR\p10\p10\p10135015\s55015436\b0a27501-12660127-67b26856-1c7f50c4-bd571c6a.dcm,not_mentioned,not_mentioned,not_mentioned,negative,not_mentioned
10135015,54912390,train,C:\Users\Zila\Downloads\BN5212\MIMIC-CXR\p10\p10\p10135015\s54912390\115933a7-7d49d4a8-bf86b1ff-4338779a-b7511e9e.dcm,negative,not_mentioned,not_mentioned,not_mentioned,not_mentioned
10135376,57168476,val,C:\Users\Zila\Downloads\BN5212\MIMIC-CXR\p10\p10\p10135376\s57168476\2d5b2590-df7ed451-e47164e0-a536135f-41e68fd0.dcm,positive,positive,positive,not_mentioned,positive
10135376,52610464,val,C:\Users\Zila\Downloads\BN5212\MIMIC-CXR\p10\p10\p10135376\s52610464\dfad3d98-031724f9-babdd7dd-8891d9f9-b1f2fab6.dcm,not_mentioned,not_mentioned,positive,not_mentioned,positive
10135376,58795674,val,C:\Users\Zila\Downloads\BN5212\MIMIC-CXR\p10\p10\p10135376\s58795674\18f08ec1-718432fa-f508954c-da2c8994-39899505.dcm,not_mentioned,not_mentioned,not_mentioned,not_mentioned,not_mentioned
10135376,52533108,val,C:\Users\Zila\Downloads\BN5212\MIMIC-CXR\p10\p10\p10135376\s52533108\f7c8d7ec-12ea627f-08455ef9-f47b8d5b-ef1389d3.dcm,not_mentioned,not_mentioned,positive,not_mentioned,positive
10135376,55191825,val,C:\Users\Zila\Downloads\BN5212\MIMIC-CXR\p10\p10\p10135376\s55191825\3e866bef-c0a9555c-9665a701-75c360dd-a961f9f1.dcm,positive,not_mentioned,positive,not_mentioned,positive
10135376,57883223,val,C:\Users\Zila\Downloads\BN5212\MIMIC-CXR\p10\p10\p10135376\s57883223\a0b6ddd4-0dd89034-036e91f2-ec5adfc2-0fbb67b6.dcm,positive,not_mentioned,positive,not_mentioned,positive
10135376,55854950,val,C:\Users\Zila\Downloads\BN5212\MIMIC-CXR\p10\p10\p10135376\s55854950\cff65f9c-5080b576-aaa6660b-0d89b2f0-0f8243b4.dcm,positive,not_mentioned,positive,not_mentioned,positive
10135376,53978903,val,C:\Users\Zila\Downloads\BN5212\MIMIC-CXR\p10\p10\p10135376\s53978903\183567f0-268a49db-5e931840-4d7bc194-a033b4aa.dcm,not_mentioned,not_mentioned,not_mentioned,not_mentioned,not_mentioned
10135376,50478057,val,C:\Users\Zila\Downloads\BN5212\MIMIC-CXR\p10\p10\p10135376\s50478057\4f02bac8-d5c9fb0c-725a4740-278f23da-7caac0ab.dcm,not_mentioned,not_mentioned,positive,not_mentioned,positive
10135557,51440829,train,C:\Users\Zila\Downloads\BN5212\MIMIC-CXR\p10\p10\p10135557\s51440829\e7e76a1e-34396b60-07031c2e-e7e0e0a5-d4681162.dcm,negative,not_mentioned,positive,not_mentioned,positive
10135557,50489634,train,C:\Users\Zila\Downloads\BN5212\MIMIC-CXR\p10\p10\p10135557\s50489634\9341fa90-9c64ae63-5dd549a5-2d5f781d-f2b24b1f.dcm,negative,not_mentioned,positive,not_mentioned,positive
10135557,54504504,train,C:\Users\Zila\Downloads\BN5212\MIMIC-CXR\p10\p10\p10135557\s54504504\f0b62498-a5524360-d3707326-4652ed4a-c35b0d3b.dcm,not_mentioned,not_mentioned,negative,not_mentioned,negative
10135557,53873236,train,C:\Users\Zila\Downloads\BN5212\MIMIC-CXR\p10\p10\p10135557\s53873236\5ffed220-f6a200b2-e08a9fe1-b3e79395-a59335e2.dcm,not_mentioned,not_mentioned,negative,not_mentioned,negative
10135557,57156339,train,C:\Users\Zila\Downloads\BN5212\MIMIC-CXR\p10\p10\p10135557\s57156339\cae72dff-9a623c1d-141e2cf3-5a949863-3c52a0a8.dcm,negative,not_mentioned,negative,not_mentioned,negative
10136491,58132816,train,C:\Users\Zila\Downloads\BN5212\MIMIC-CXR\p10\p10\p10136491\s58132816\b55331e4-2af0f222-fa44ce17-d66804dc-67ee83ab.dcm,negative,not_mentioned,not_mentioned,not_mentioned,not_mentioned
10136491,59612844,train,C:\Users\Zila\Downloads\BN5212\MIMIC-CXR\p10\p10\p10136491\s59612844\d932c9e7-e6b1765e-d129824b-4d712324-4b10c56c.dcm,not_mentioned,not_mentioned,not_mentioned,negative,not_mentioned
10136619,55114835,train,C:\Users\Zila\Downloads\BN5212\MIMIC-CXR\p10\p10\p10136619\s55114835\e63b12bd-cd6597ff-eacd48ee-e10185ad-e01a8ae8.dcm,negative,not_mentioned,positive,not_mentioned,positive
10136619,53423027,train,C:\Users\Zila\Downloads\BN5212\MIMIC-CXR\p10\p10\p10136619\s53423027\d537b272-0f2013b2-14266c4f-10383563-d38ac699.dcm,not_mentioned,not_mentioned,positive,not_mentioned,positive
10136619,51814207,train,C:\Users\Zila\Downloads\BN5212\MIMIC-CXR\p10\p10\p10136619\s51814207\0a73e53b-fbb95ebb-3f2512ab-e149b5c1-96f8302c.dcm,not_mentioned,not_mentioned,positive,not_mentioned,positive
10136619,52984340,train,C:\Users\Zila\Downloads\BN5212\MIMIC-CXR\p10\p10\p10136619\s52984340\8d482de6-292142eb-1597cf1d-97a5d77d-26ad2ef1.dcm,not_mentioned,not_mentioned,not_mentioned,not_mentioned,not_mentioned
10136619,55060366,train,C:\Users\Zila\Downloads\BN5212\MIMIC-CXR\p10\p10\p10136619\s55060366\85cf72ac-34c151e9-c78d4a4e-86242831-11590b79.dcm,not_mentioned,not_mentioned,not_mentioned,not_mentioned,not_mentioned
10136619,57947304,train,C:\Users\Zila\Downloads\BN5212\MIMIC-CXR\p10\p10\p10136619\s57947304\23a68142-680e0e11-3f749d72-b3f87b82-06ea97b6.dcm,not_mentioned,positive,not_mentioned,not_mentioned,not_mentioned
10136619,51041747,train,C:\Users\Zila\Downloads\BN5212\MIMIC-CXR\p10\p10\p10136619\s51041747\a2e11381-8487ae28-5611325f-b1a01be9-4af0abd2.dcm,not_mentioned,not_mentioned,not_mentioned,not_mentioned,not_mentioned
10136619,55797715,train,C:\Users\Zila\Downloads\BN5212\MIMIC-CXR\p10\p10\p10136619\s55797715\f269ed08-be5bd971-3bdaacd6-fb23c257-d68f63fb.dcm,not_mentioned,not_mentioned,not_mentioned,not_mentioned,not_mentioned
10136619,55393948,train,C:\Users\Zila\Downloads\BN5212\MIMIC-CXR\p10\p10\p10136619\s55393948\d10d9f0c-55dac6ff-b3703473-97225348-3c79ceec.dcm,not_mentioned,not_mentioned,not_mentioned,not_mentioned,not_mentioned
10136619,54722400,train,C:\Users\Zila\Downloads\BN5212\MIMIC-CXR\p10\p10\p10136619\s54722400\137a7f22-6668ccee-06617edd-1ef3ae3a-c81d9f49.dcm,not_mentioned,not_mentioned,not_mentioned,not_mentioned,not_mentioned
10136619,54015202,train,C:\Users\Zila\Downloads\BN5212\MIMIC-CXR\p10\p10\p10136619\s54015202\c3ab3ba9-eaf93fd6-6fbe8559-1caad78c-e927ac68.dcm,not_mentioned,not_mentioned,positive,not_mentioned,positive
10136619,53291008,train,C:\Users\Zila\Downloads\BN5212\MIMIC-CXR\p10\p10\p10136619\s53291008\e4339667-d6d989b8-6685b3a9-9606bb73-29166432.dcm,not_mentioned,not_mentioned,positive,not_mentioned,positive
10136619,55078274,train,C:\Users\Zila\Downloads\BN5212\MIMIC-CXR\p10\p10\p10136619\s55078274\1c242735-f5abb42a-31e4af4a-61df62f6-bb51d3bb.dcm,not_mentioned,not_mentioned,not_mentioned,not_mentioned,not_mentioned
10136619,59152075,train,C:\Users\Zila\Downloads\BN5212\MIMIC-CXR\p10\p10\p10136619\s59152075\00e1637f-c10eba07-3f2b1297-150861de-324ff211.dcm,not_mentioned,not_mentioned,not_mentioned,not_mentioned,not_mentioned
10136619,51371695,train,C:\Users\Zila\Downloads\BN5212\MIMIC-CXR\p10\p10\p10136619\s51371695\4e5cc0e7-9823ecf3-e8c61cba-aa37d4b4-54dc91da.dcm,not_mentioned,not_mentioned,not_mentioned,not_mentioned,not_mentioned
10136619,56080064,train,C:\Users\Zila\Downloads\BN5212\MIMIC-CXR\p10\p10\p10136619\s56080064\3a0a6725-4f4ddf6a-15154de3-981cad4e-7e40cf4f.dcm,not_mentioned,not_mentioned,not_mentioned,not_mentioned,not_mentioned
10136781,55725582,test,C:\Users\Zila\Downloads\BN5212\MIMIC-CXR\p10\p10\p10136781\s55725582\4f8e2082-8f7f61e7-4b8afdaa-db534fd6-c430f7bf.dcm,not_mentioned,not_mentioned,not_mentioned,not_mentioned,not_mentioned
10136781,51240297,test,C:\Users\Zila\Downloads\BN5212\MIMIC-CXR\p10\p10\p10136781\s51240297\c99104e7-28c86c2d-763ef796-54276acb-923bbdfa.dcm,positive,not_mentioned,positive,not_mentioned,not_mentioned
10136781,52677048,test,C:\Users\Zila\Downloads\BN5212\MIMIC-CXR\p10\p10\p10136781\s52677048\76e2b14a-fb6cfd1a-c398663e-23c3a7c9-f965a917.dcm,not_mentioned,not_mentioned,not_mentioned,not_mentioned,not_mentioned
10136781,51355056,test,C:\Users\Zila\Downloads\BN5212\MIMIC-CXR\p10\p10\p10136781\s51355056\c8166499-cf3b6585-8047e9bf-f92aa0bd-28b826ba.dcm,not_mentioned,not_mentioned,not_mentioned,not_mentioned,not_mentioned
10136781,56279036,test,C:\Users\Zila\Downloads\BN5212\MIMIC-CXR\p10\p10\p10136781\s56279036\3023bd72-ffc82de2-76338d8b-94646c07-364af619.dcm,negative,not_mentioned,negative,not_mentioned,negative
10136781,54554180,test,C:\Users\Zila\Downloads\BN5212\MIMIC-CXR\p10\p10\p10136781\s54554180\131f71db-d742f007-5e8ea2af-2d84e05d-911e38ce.dcm,not_mentioned,not_mentioned,not_mentioned,not_mentioned,not_mentioned
10136781,51621886,test,C:\Users\Zila\Downloads\BN5212\MIMIC-CXR\p10\p10\p10136781\s51621886\649af982-e3af4e3a-75013d30-cdc71514-a34738fd.dcm,negative,not_mentioned,not_mentioned,uncertain,not_mentioned
10136781,53757388,test,C:\Users\Zila\Downloads\BN5212\MIMIC-CXR\p10\p10\p10136781\s53757388\8ffdaab5-dbc2458b-72e1c39e-3bf09489-7a15dd8f.dcm,negative,not_mentioned,positive,positive,positive
10136781,53077019,test,C:\Users\Zila\Downloads\BN5212\MIMIC-CXR\p10\p10\p10136781\s53077019\8c6bfe16-1f4ce788-5f0db9f9-b25265e0-8117ec67.dcm,not_mentioned,not_mentioned,positive,not_mentioned,not_mentioned
10136839,54599727,train,C:\Users\Zila\Downloads\BN5212\MIMIC-CXR\p10\p10\p10136839\s54599727\95be0382-5ef68995-0640616e-4130f3ad-e1b51c1c.dcm,negative,not_mentioned,not_mentioned,not_mentioned,not_mentioned
10136839,54949728,train,C:\Users\Zila\Downloads\BN5212\MIMIC-CXR\p10\p10\p10136839\s54949728\5e77348b-de6e215f-1bb552b1-6f410e37-11e262f5.dcm,negative,not_mentioned,not_mentioned,negative,not_mentioned
10136839,59405145,train,C:\Users\Zila\Downloads\BN5212\MIMIC-CXR\p10\p10\p10136839\s59405145\8cbe249b-fe2b5508-06b9e0f2-bfa420cc-bd7314aa.dcm,negative,not_mentioned,not_mentioned,negative,not_mentioned
10136839,52267647,train,C:\Users\Zila\Downloads\BN5212\MIMIC-CXR\p10\p10\p10136839\s52267647\44d4f114-5932c7f5-1da2ed1d-e442a552-247034c9.dcm,not_mentioned,not_mentioned,not_mentioned,negative,not_mentioned
10136839,56698791,train,C:\Users\Zila\Downloads\BN5212\MIMIC-CXR\p10\p10\p10136839\s56698791\5f7ad4e1-b91fd9f8-ab94b574-84be2cfc-eeb63d59.dcm,not_mentioned,not_mentioned,negative,negative,negative
10136921,54013318,train,C:\Users\Zila\Downloads\BN5212\MIMIC-CXR\p10\p10\p10136921\s54013318\4901ea07-709d2779-61c2d281-d89245a6-a39a0265.dcm,not_mentioned,not_mentioned,not_mentioned,not_mentioned,not_mentioned
10136921,57091328,train,C:\Users\Zila\Downloads\BN5212\MIMIC-CXR\p10\p10\p10136921\s57091328\34fdb3d7-ea57eda4-1c318b7d-ee90164a-3c1e8fec.dcm,not_mentioned,not_mentioned,not_mentioned,not_mentioned,not_mentioned
10136921,59013669,train,C:\Users\Zila\Downloads\BN5212\MIMIC-CXR\p10\p10\p10136921\s59013669\b630590a-fb6a6952-46a6b9ad-9c9c1c74-c2e55f08.dcm,negative,not_mentioned,not_mentioned,negative,not_mentioned
10136978,53887380,train,C:\Users\Zila\Downloads\BN5212\MIMIC-CXR\p10\p10\p10136978\s53887380\6e8d0baa-61570209-a12f2123-181e8b83-f6c4a025.dcm,not_mentioned,not_mentioned,negative,not_mentioned,negative
10136978,52351452,train,C:\Users\Zila\Downloads\BN5212\MIMIC-CXR\p10\p10\p10136978\s52351452\f7159a85-d2e7d90f-d3585b29-20076813-c1617b2c.dcm,not_mentioned,not_mentioned,not_mentioned,not_mentioned,not_mentioned
10137100,52964568,train,C:\Users\Zila\Downloads\BN5212\MIMIC-CXR\p10\p10\p10137100\s52964568\a89b6f02-582f4792-cdd258ec-177b2e75-bf4a53d9.dcm,not_mentioned,not_mentioned,negative,positive,negative
10137100,57298029,train,C:\Users\Zila\Downloads\BN5212\MIMIC-CXR\p10\p10\p10137100\s57298029\0006ffca-fee7bc9c-bb4e3942-4e61b867-7e77af78.dcm,negative,not_mentioned,negative,negative,negative
10137289,59400588,train,C:\Users\Zila\Downloads\BN5212\MIMIC-CXR\p10\p10\p10137289\s59400588\d8e3f603-a532a98b-c9349820-cc10fcc7-db7a82f6.dcm,negative,not_mentioned,not_mentioned,not_mentioned,not_mentioned
10137289,54916710,train,C:\Users\Zila\Downloads\BN5212\MIMIC-CXR\p10\p10\p10137289\s54916710\72aa90fd-f5bd1692-25c6506d-579fd271-dc8317b4.dcm,not_mentioned,not_mentioned,not_mentioned,not_mentioned,not_mentioned
10137553,50351797,train,C:\Users\Zila\Downloads\BN5212\MIMIC-CXR\p10\p10\p10137553\s50351797\519eefb1-e684edc4-1ac13828-3b1d63cb-5aa218bc.dcm,negative,not_mentioned,not_mentioned,negative,not_mentioned
10137553,59250674,train,C:\Users\Zila\Downloads\BN5212\MIMIC-CXR\p10\p10\p10137553\s59250674\342cf1a8-8fb2cc79-2f7a501e-f603b0e7-d9bbb4af.dcm,negative,not_mentioned,not_mentioned,not_mentioned,not_mentioned
10137553,58540899,train,C:\Users\Zila\Downloads\BN5212\MIMIC-CXR\p10\p10\p10137553\s58540899\1bd26475-eeaa8b59-3d210937-9a2b3f21-1408f209.dcm,not_mentioned,not_mentioned,not_mentioned,not_mentioned,not_mentioned
10137553,54058594,train,C:\Users\Zila\Downloads\BN5212\MIMIC-CXR\p10\p10\p10137553\s54058594\c4c39b81-95cccf0c-fe531348-261d07d2-a0f22f89.dcm,negative,not_mentioned,not_mentioned,uncertain,not_mentioned
10138124,58506312,train,C:\Users\Zila\Downloads\BN5212\MIMIC-CXR\p10\p10\p10138124\s58506312\401fd2f2-7f7c1c37-31146b55-1221d5e2-23fff98d.dcm,not_mentioned,not_mentioned,not_mentioned,not_mentioned,not_mentioned
10138124,57052610,train,C:\Users\Zila\Downloads\BN5212\MIMIC-CXR\p10\p10\p10138124\s57052610\35aa951a-01fce802-11143672-70e489d5-0c436719.dcm,not_mentioned,not_mentioned,not_mentioned,not_mentioned,not_mentioned
10138124,55405859,train,C:\Users\Zila\Downloads\BN5212\MIMIC-CXR\p10\p10\p10138124\s55405859\3054e3aa-491af44e-310a5d7a-c1b83eba-236ffae9.dcm,not_mentioned,not_mentioned,not_mentioned,not_mentioned,not_mentioned
10138124,53817398,train,C:\Users\Zila\Downloads\BN5212\MIMIC-CXR\p10\p10\p10138124\s53817398\6962a9d1-33d5db09-f59f30d5-f9e27c1a-103037fb.dcm,negative,not_mentioned,not_mentioned,not_mentioned,not_mentioned
10138124,57279849,train,C:\Users\Zila\Downloads\BN5212\MIMIC-CXR\p10\p10\p10138124\s57279849\20e07b55-39a64091-03f30f03-88944ac3-a776c880.dcm,not_mentioned,not_mentioned,not_mentioned,not_mentioned,not_mentioned
10138124,50525058,train,C:\Users\Zila\Downloads\BN5212\MIMIC-CXR\p10\p10\p10138124\s50525058\935898f2-37003a64-e8b904f5-9ad745f4-426978d1.dcm,not_mentioned,not_mentioned,negative,negative,negative
10138124,55012094,train,C:\Users\Zila\Downloads\BN5212\MIMIC-CXR\p10\p10\p10138124\s55012094\e7be9249-0fb37cfc-8d522069-d27c7b04-6f40ebfa.dcm,negative,not_mentioned,not_mentioned,not_mentioned,not_mentioned
10138124,52867167,train,C:\Users\Zila\Downloads\BN5212\MIMIC-CXR\p10\p10\p10138124\s52867167\34af61dd-c821fe0d-a8d7c468-c17e3daa-27b3b2c9.dcm,not_mentioned,not_mentioned,not_mentioned,not_mentioned,not_mentioned
10138124,52436559,train,C:\Users\Zila\Downloads\BN5212\MIMIC-CXR\p10\p10\p10138124\s52436559\8bc78289-60cac3d6-fb86d251-e5dfbb05-d64de676.dcm,negative,not_mentioned,negative,not_mentioned,negative
10138124,56275565,train,C:\Users\Zila\Downloads\BN5212\MIMIC-CXR\p10\p10\p10138124\s56275565\885064b8-3964d2d1-57e0dd95-0b50557c-58d9dec2.dcm,positive,not_mentioned,not_mentioned,not_mentioned,not_mentioned
10138124,50823885,train,C:\Users\Zila\Downloads\BN5212\MIMIC-CXR\p10\p10\p10138124\s50823885\1e7ad017-52df715e-115e86d2-10ba92c4-a18bc8bb.dcm,not_mentioned,not_mentioned,not_mentioned,positive,not_mentioned
10138440,55162560,train,C:\Users\Zila\Downloads\BN5212\MIMIC-CXR\p10\p10\p10138440\s55162560\4aaae92d-2e009043-90b6b939-61fdf867-859c8a16.dcm,not_mentioned,not_mentioned,not_mentioned,not_mentioned,not_mentioned
10138440,53326395,train,C:\Users\Zila\Downloads\BN5212\MIMIC-CXR\p10\p10\p10138440\s53326395\bd690334-bd32f54f-199a0e7a-996693d2-6306b3f6.dcm,not_mentioned,not_mentioned,not_mentioned,negative,not_mentioned
10138917,50300111,test,C:\Users\Zila\Downloads\BN5212\MIMIC-CXR\p10\p10\p10138917\s50300111\4654003c-ae4079b8-99d1c934-86c66c11-9afdac45.dcm,not_mentioned,not_mentioned,not_mentioned,negative,not_mentioned
10138917,55180150,test,C:\Users\Zila\Downloads\BN5212\MIMIC-CXR\p10\p10\p10138917\s55180150\edea5b2b-f8d7379c-e62cd9b5-8fec7735-efad9216.dcm,not_mentioned,not_mentioned,not_mentioned,not_mentioned,not_mentioned
10139117,58892350,train,C:\Users\Zila\Downloads\BN5212\MIMIC-CXR\p10\p10\p10139117\s58892350\21216190-4f695cb6-c106bb53-41ddb287-712592cb.dcm,not_mentioned,not_mentioned,not_mentioned,not_mentioned,not_mentioned
10139117,58673523,train,C:\Users\Zila\Downloads\BN5212\MIMIC-CXR\p10\p10\p10139117\s58673523\70914a4e-6da81cd0-543b0b39-a26fb5d1-11cd2026.dcm,not_mentioned,not_mentioned,not_mentioned,not_mentioned,not_mentioned
10139117,51389018,train,C:\Users\Zila\Downloads\BN5212\MIMIC-CXR\p10\p10\p10139117\s51389018\75bbf0e1-fd35b6a5-62f577c6-d4ca2b9f-189504a5.dcm,positive,not_mentioned,not_mentioned,uncertain,not_mentioned
10139117,52974696,train,C:\Users\Zila\Downloads\BN5212\MIMIC-CXR\p10\p10\p10139117\s52974696\f101fa3d-88b4fb8b-008a2167-7d0536d0-97365b90.dcm,not_mentioned,not_mentioned,positive,not_mentioned,positive
10139117,58434990,train,C:\Users\Zila\Downloads\BN5212\MIMIC-CXR\p10\p10\p10139117\s58434990\b58a1ee7-8bde542e-b7252efa-69a7962a-a19d2689.dcm,not_mentioned,not_mentioned,positive,uncertain,not_mentioned
10139117,51159869,train,C:\Users\Zila\Downloads\BN5212\MIMIC-CXR\p10\p10\p10139117\s51159869\b1144b42-a86bef6a-d70c110f-ff487be1-7198a9b5.dcm,not_mentioned,not_mentioned,positive,positive,positive
10139117,58914658,train,C:\Users\Zila\Downloads\BN5212\MIMIC-CXR\p10\p10\p10139117\s58914658\883d9462-7ba0df08-2188db07-1c3d3b12-3b5f9695.dcm,not_mentioned,not_mentioned,positive,positive,not_mentioned
10139117,54929065,train,C:\Users\Zila\Downloads\BN5212\MIMIC-CXR\p10\p10\p10139117\s54929065\1df4b884-15053347-22676c76-675c02f5-52849485.dcm,uncertain,not_mentioned,not_mentioned,not_mentioned,not_mentioned
10139117,57272007,train,C:\Users\Zila\Downloads\BN5212\MIMIC-CXR\p10\p10\p10139117\s57272007\6d5359b9-f0dd24cf-d8de9185-3a71c2be-d4d40684.dcm,not_mentioned,not_mentioned,positive,uncertain,uncertain
10139461,58184654,train,C:\Users\Zila\Downloads\BN5212\MIMIC-CXR\p10\p10\p10139461\s58184654\72adf4e8-23bbd42a-4dd1363c-5533245e-fb3eb4d5.dcm,negative,not_mentioned,negative,not_mentioned,negative
10139461,54628956,train,C:\Users\Zila\Downloads\BN5212\MIMIC-CXR\p10\p10\p10139461\s54628956\3f01e456-304af5b8-9d3f6e4e-1fcca6ef-76c0c196.dcm,not_mentioned,not_mentioned,negative,negative,negative
10140467,53583626,train,C:\Users\Zila\Downloads\BN5212\MIMIC-CXR\p10\p10\p10140467\s53583626\208e5afd-2265ae6c-9acdb6e7-acbd2083-1fbfe8c5.dcm,negative,not_mentioned,conflicting,conflicting,conflicting
10140467,58680101,train,C:\Users\Zila\Downloads\BN5212\MIMIC-CXR\p10\p10\p10140467\s58680101\551e4d5c-639771ca-309dea0a-17e97660-8d881a89.dcm,not_mentioned,not_mentioned,not_mentioned,not_mentioned,not_mentioned
10141035,50251980,train,C:\Users\Zila\Downloads\BN5212\MIMIC-CXR\p10\p10\p10141035\s50251980\ab627440-aca0d1a9-9d7fb9d2-ea94595e-a30fbbf7.dcm,not_mentioned,not_mentioned,negative,negative,negative
10141035,57701217,train,C:\Users\Zila\Downloads\BN5212\MIMIC-CXR\p10\p10\p10141035\s57701217\165d4ff7-e21063ab-7d1cae32-5c189550-f4501816.dcm,not_mentioned,not_mentioned,not_mentioned,not_mentioned,not_mentioned
10141364,57510032,train,C:\Users\Zila\Downloads\BN5212\MIMIC-CXR\p10\p10\p10141364\s57510032\6ddcd09e-41b48392-fc7afb95-762f2648-184c85c9.dcm,not_mentioned,not_mentioned,not_mentioned,uncertain,not_mentioned
10141364,59692929,train,C:\Users\Zila\Downloads\BN5212\MIMIC-CXR\p10\p10\p10141364\s59692929\51260206-b0f21704-b8f6e14a-a6dc4c9e-cd58e51a.dcm,not_mentioned,not_mentioned,not_mentioned,not_mentioned,not_mentioned
10141364,50179434,train,C:\Users\Zila\Downloads\BN5212\MIMIC-CXR\p10\p10\p10141364\s50179434\fe63a0a8-0231e66f-fda1c518-6687fe8e-ae1de2d0.dcm,not_mentioned,not_mentioned,positive,positive,positive
10141364,59076000,train,C:\Users\Zila\Downloads\BN5212\MIMIC-CXR\p10\p10\p10141364\s59076000\d30834fd-2e43960f-262e4a69-057f78fc-ab4c3031.dcm,not_mentioned,not_mentioned,not_mentioned,not_mentioned,not_mentioned
10141364,52166000,train,C:\Users\Zila\Downloads\BN5212\MIMIC-CXR\p10\p10\p10141364\s52166000\a835a8e4-3dde870e-d76217f9-bd42fb91-0bf74064.dcm,not_mentioned,not_mentioned,uncertain,positive,uncertain
10141364,58570511,train,C:\Users\Zila\Downloads\BN5212\MIMIC-CXR\p10\p10\p10141364\s58570511\29226e09-cada4216-e23c48d6-fbccd13e-c1f7453a.dcm,uncertain,not_mentioned,not_mentioned,not_mentioned,not_mentioned
10141364,52527350,train,C:\Users\Zila\Downloads\BN5212\MIMIC-CXR\p10\p10\p10141364\s52527350\9fbc53f5-358609c3-9ca1c7f3-27b36621-cdf2be51.dcm,not_mentioned,not_mentioned,not_mentioned,not_mentioned,not_mentioned
10141364,54824669,train,C:\Users\Zila\Downloads\BN5212\MIMIC-CXR\p10\p10\p10141364\s54824669\a7fd9bd1-c5c27ede-26dd39c0-3cd02737-ad00c17f.dcm,positive,not_mentioned,not_mentioned,positive,not_mentioned
10141364,57466679,train,C:\Users\Zila\Downloads\BN5212\MIMIC-CXR\p10\p10\p10141364\s57466679\dde6d095-64295994-0020dc3d-384ff33e-01b8b0b5.dcm,positive,not_mentioned,not_mentioned,positive,not_mentioned
10141364,57076658,train,C:\Users\Zila\Downloads\BN5212\MIMIC-CXR\p10\p10\p10141364\s57076658\6416b5e5-916d31f6-9bc88a34-09347202-2de0f33e.dcm,not_mentioned,not_mentioned,positive,positive,positive
10141364,54175831,train,C:\Users\Zila\Downloads\BN5212\MIMIC-CXR\p10\p10\p10141364\s54175831\23b2c073-cdccca1f-bf60e9ce-4c223efa-ddd3b825.dcm,positive,not_mentioned,positive,not_mentioned,not_mentioned
10141364,52627844,train,C:\Users\Zila\Downloads\BN5212\MIMIC-CXR\p10\p10\p10141364\s52627844\92ca4014-1d3ab59b-d5c14db9-4d9b89e9-88dccde4.dcm,negative,not_mentioned,not_mentioned,not_mentioned,not_mentioned
10141364,50976286,train,C:\Users\Zila\Downloads\BN5212\MIMIC-CXR\p10\p10\p10141364\s50976286\30d51377-ade0bb84-f131b997-79578a54-f814151b.dcm,not_mentioned,not_mentioned,not_mentioned,positive,not_mentioned
10141364,57432650,train,C:\Users\Zila\Downloads\BN5212\MIMIC-CXR\p10\p10\p10141364\s57432650\427826ce-9bdb34f3-32cdf837-e5d0fb1f-1ac92488.dcm,positive,not_mentioned,not_mentioned,not_mentioned,not_mentioned
10141364,54003357,train,C:\Users\Zila\Downloads\BN5212\MIMIC-CXR\p10\p10\p10141364\s54003357\2a028ed1-9b28bfbb-73e4f638-9bf82265-4b2391e4.dcm,conflicting,not_mentioned,not_mentioned,not_mentioned,not_mentioned
10141364,50036637,train,C:\Users\Zila\Downloads\BN5212\MIMIC-CXR\p10\p10\p10141364\s50036637\9264952d-3c81f209-4f5b22f6-bd40d334-759d3f16.dcm,negative,not_mentioned,positive,positive,positive
10141364,59338846,train,C:\Users\Zila\Downloads\BN5212\MIMIC-CXR\p10\p10\p10141364\s59338846\51d0fd2d-11686a81-ced7d099-94ba3183-f1b729d8.dcm,positive,not_mentioned,not_mentioned,not_mentioned,not_mentioned
10141364,55006401,train,C:\Users\Zila\Downloads\BN5212\MIMIC-CXR\p10\p10\p10141364\s55006401\1c8415a6-5c2d478f-9163f7ce-c8e93b34-fb5a421b.dcm,not_mentioned,not_mentioned,positive,not_mentioned,positive
10141364,51265208,train,C:\Users\Zila\Downloads\BN5212\MIMIC-CXR\p10\p10\p10141364\s51265208\af6154de-6773b75d-f0f9d054-bfb01586-ae5b6fa1.dcm,not_mentioned,not_mentioned,not_mentioned,not_mentioned,not_mentioned
10141364,54771176,train,C:\Users\Zila\Downloads\BN5212\MIMIC-CXR\p10\p10\p10141364\s54771176\adb35697-ccf700d8-a55365f3-841d28a1-4d91f0e6.dcm,not_mentioned,not_mentioned,not_mentioned,not_mentioned,not_mentioned
10141364,50909732,train,C:\Users\Zila\Downloads\BN5212\MIMIC-CXR\p10\p10\p10141364\s50909732\518c2f56-2744cbbd-fc63b56f-d29bf82c-f169b7ec.dcm,uncertain,not_mentioned,not_mentioned,positive,not_mentioned
10141364,51234619,train,C:\Users\Zila\Downloads\BN5212\MIMIC-CXR\p10\p10\p10141364\s51234619\5d100d20-eff75778-bf725bbc-ce5d2afb-f32ba7ea.dcm,not_mentioned,not_mentioned,not_mentioned,not_mentioned,not_mentioned
10141364,51373056,train,C:\Users\Zila\Downloads\BN5212\MIMIC-CXR\p10\p10\p10141364\s51373056\3096791e-68046344-48dd8713-8c7a6650-ed751048.dcm,not_mentioned,not_mentioned,not_mentioned,negative,not_mentioned
10141364,56176263,train,C:\Users\Zila\Downloads\BN5212\MIMIC-CXR\p10\p10\p10141364\s56176263\f877eb57-4133129b-ca6d0ef4-30cdc370-3ffab310.dcm,not_mentioned,not_mentioned,not_mentioned,uncertain,not_mentioned
10141364,54252162,train,C:\Users\Zila\Downloads\BN5212\MIMIC-CXR\p10\p10\p10141364\s54252162\b3329a42-da6e8a2c-81188855-9914929e-6763adde.dcm,not_mentioned,not_mentioned,not_mentioned,negative,not_mentioned
10141505,58071872,val,C:\Users\Zila\Downloads\BN5212\MIMIC-CXR\p10\p10\p10141505\s58071872\58b2bf3b-dbcce89a-41509343-8b20dda5-f47b2132.dcm,not_mentioned,not_mentioned,not_mentioned,not_mentioned,not_mentioned
10141505,56839567,val,C:\Users\Zila\Downloads\BN5212\MIMIC-CXR\p10\p10\p10141505\s56839567\6de0e6ac-4bc37c29-062ae9bc-1a5c0151-00090d63.dcm,negative,not_mentioned,not_mentioned,negative,not_mentioned
10141505,55651419,val,C:\Users\Zila\Downloads\BN5212\MIMIC-CXR\p10\p10\p10141505\s55651419\8685b52b-cac2ef4c-3dc96f70-8b6cb6b6-bed15698.dcm,not_mentioned,not_mentioned,not_mentioned,negative,not_mentioned
10141505,54175429,val,C:\Users\Zila\Downloads\BN5212\MIMIC-CXR\p10\p10\p10141505\s54175429\12369b93-0ba44045-56ec213a-6180bd2a-d1e4dc59.dcm,negative,not_mentioned,not_mentioned,not_mentioned,not_mentioned
10141559,59576333,train,C:\Users\Zila\Downloads\BN5212\MIMIC-CXR\p10\p10\p10141559\s59576333\d36a1d63-113c496c-3ae99d8d-19cec5d8-53ede553.dcm,negative,not_mentioned,not_mentioned,not_mentioned,not_mentioned
10141559,57909972,train,C:\Users\Zila\Downloads\BN5212\MIMIC-CXR\p10\p10\p10141559\s57909972\d33c7c97-e458721d-7a34fcd2-6a3d6ce0-346ed4fa.dcm,negative,positive,positive,not_mentioned,positive
10141559,55304154,train,C:\Users\Zila\Downloads\BN5212\MIMIC-CXR\p10\p10\p10141559\s55304154\d4ffdd31-bfb01cd4-573ce3c2-884abf03-83f8c1d0.dcm,not_mentioned,not_mentioned,not_mentioned,not_mentioned,not_mentioned
10141559,55460747,train,C:\Users\Zila\Downloads\BN5212\MIMIC-CXR\p10\p10\p10141559\s55460747\b5ee3648-22ffe6aa-90b6d6bc-65467755-a508a9f1.dcm,negative,not_mentioned,negative,not_mentioned,negative
10141577,59164443,train,C:\Users\Zila\Downloads\BN5212\MIMIC-CXR\p10\p10\p10141577\s59164443\162561c5-f631d080-afb72ad1-3013cca1-7ef9ca57.dcm,positive,not_mentioned,not_mentioned,not_mentioned,not_mentioned
10141577,59150196,train,C:\Users\Zila\Downloads\BN5212\MIMIC-CXR\p10\p10\p10141577\s59150196\17ebb831-7912e8ca-c6fd5f5e-05ea7b80-64d4d5cd.dcm,positive,not_mentioned,negative,positive,negative
10141577,57173218,train,C:\Users\Zila\Downloads\BN5212\MIMIC-CXR\p10\p10\p10141577\s57173218\9601b43b-3b774fbe-b3f2cc0f-0779a8b0-a083047c.dcm,positive,not_mentioned,negative,not_mentioned,negative
10141577,59612313,train,C:\Users\Zila\Downloads\BN5212\MIMIC-CXR\p10\p10\p10141577\s59612313\e69943db-a50f5492-2b6d3676-627ab50c-7c9a65e3.dcm,conflicting,positive,not_mentioned,positive,not_mentioned
10141577,52731052,train,C:\Users\Zila\Downloads\BN5212\MIMIC-CXR\p10\p10\p10141577\s52731052\37d5cb68-c3c68b23-5bc5544c-83cce14f-b4af4af8.dcm,not_mentioned,not_mentioned,not_mentioned,not_mentioned,not_mentioned
10142207,53004154,train,C:\Users\Zila\Downloads\BN5212\MIMIC-CXR\p10\p10\p10142207\s53004154\346183ef-3b81e5ec-4d4c2d06-1b07bc29-87354c39.dcm,not_mentioned,not_mentioned,not_mentioned,not_mentioned,not_mentioned
10142207,56266463,train,C:\Users\Zila\Downloads\BN5212\MIMIC-CXR\p10\p10\p10142207\s56266463\909f8b3d-84b46f3e-5bbdd4e9-197df0d3-221d3019.dcm,negative,not_mentioned,not_mentioned,not_mentioned,not_mentioned
10142391,50901503,train,C:\Users\Zila\Downloads\BN5212\MIMIC-CXR\p10\p10\p10142391\s50901503\2c49a92c-7398921e-cc2a6721-4dafa3e6-1e100733.dcm,negative,not_mentioned,not_mentioned,not_mentioned,not_mentioned
10142391,57030779,train,C:\Users\Zila\Downloads\BN5212\MIMIC-CXR\p10\p10\p10142391\s57030779\15b6d83d-29f7be84-dc3cd555-4986f66e-b3a284f7.dcm,negative,not_mentioned,not_mentioned,not_mentioned,not_mentioned
10142639,51984612,val,C:\Users\Zila\Downloads\BN5212\MIMIC-CXR\p10\p10\p10142639\s51984612\36511a6b-02f0a55f-f8587e48-98856b27-c571817a.dcm,not_mentioned,not_mentioned,not_mentioned,not_mentioned,not_mentioned
10142639,56078362,val,C:\Users\Zila\Downloads\BN5212\MIMIC-CXR\p10\p10\p10142639\s56078362\62092a35-54e06670-77358ada-adc7e6a5-6741b234.dcm,not_mentioned,not_mentioned,not_mentioned,negative,not_mentioned
10142844,56628641,test,C:\Users\Zila\Downloads\BN5212\MIMIC-CXR\p10\p10\p10142844\s56628641\66c9884d-2f41d315-eab8dfe9-245c4d4f-3dd42f2d.dcm,negative,not_mentioned,not_mentioned,not_mentioned,not_mentioned
10142844,54376788,test,C:\Users\Zila\Downloads\BN5212\MIMIC-CXR\p10\p10\p10142844\s54376788\6c727d56-9953c237-bf5182c8-c6862b50-1da4a227.dcm,negative,not_mentioned,negative,not_mentioned,negative
10142844,58123495,test,C:\Users\Zila\Downloads\BN5212\MIMIC-CXR\p10\p10\p10142844\s58123495\89743744-cde0e906-573f191f-1af06302-5639f66c.dcm,negative,not_mentioned,not_mentioned,not_mentioned,not_mentioned
10142844,52846456,test,C:\Users\Zila\Downloads\BN5212\MIMIC-CXR\p10\p10\p10142844\s52846456\a1d70311-959d1dd3-91e87865-79e67f0b-8ff9a298.dcm,not_mentioned,not_mentioned,not_mentioned,negative,not_mentioned
10143015,57326215,train,C:\Users\Zila\Downloads\BN5212\MIMIC-CXR\p10\p10\p10143015\s57326215\898560d2-e36f7d20-c91c416d-98551cc8-b946599a.dcm,negative,not_mentioned,not_mentioned,not_mentioned,not_mentioned
10143015,54818930,train,C:\Users\Zila\Downloads\BN5212\MIMIC-CXR\p10\p10\p10143015\s54818930\165553b4-2e93431b-13ada5b9-a0f56c43-6f442ac8.dcm,not_mentioned,not_mentioned,not_mentioned,not_mentioned,not_mentioned
10143015,51845274,train,C:\Users\Zila\Downloads\BN5212\MIMIC-CXR\p10\p10\p10143015\s51845274\6d38dfe9-4d5da828-d9e5be10-5aafb63e-ced19f40.dcm,not_mentioned,not_mentioned,uncertain,not_mentioned,not_mentioned
10143015,59849709,train,C:\Users\Zila\Downloads\BN5212\MIMIC-CXR\p10\p10\p10143015\s59849709\e4d81889-c56d7e40-b7d5cfbb-6695307c-efb3ff7d.dcm,not_mentioned,not_mentioned,positive,not_mentioned,not_mentioned
10143015,55954238,train,C:\Users\Zila\Downloads\BN5212\MIMIC-CXR\p10\p10\p10143015\s55954238\24f4ac37-4122554e-0761f06f-3ad99235-6a27e7b6.dcm,negative,not_mentioned,not_mentioned,not_mentioned,not_mentioned
10143711,57365865,val,C:\Users\Zila\Downloads\BN5212\MIMIC-CXR\p10\p10\p10143711\s57365865\767d9294-60d5824e-b580c5a8-7dbd8d68-03fedba1.dcm,not_mentioned,positive,not_mentioned,not_mentioned,not_mentioned
10143711,53622177,val,C:\Users\Zila\Downloads\BN5212\MIMIC-CXR\p10\p10\p10143711\s53622177\a875e80f-06da317c-54e6369f-51713fca-ae4a9cc7.dcm,negative,not_mentioned,positive,not_mentioned,positive
10144083,50264300,train,C:\Users\Zila\Downloads\BN5212\MIMIC-CXR\p10\p10\p10144083\s50264300\672b65ce-b5af9e53-211b1a9d-9047950f-5ee3613f.dcm,not_mentioned,not_mentioned,not_mentioned,not_mentioned,not_mentioned
10144083,55439095,train,C:\Users\Zila\Downloads\BN5212\MIMIC-CXR\p10\p10\p10144083\s55439095\40d7a833-ce2d9ad5-4f866145-093d3eb1-c94a568d.dcm,negative,not_mentioned,not_mentioned,not_mentioned,not_mentioned
10144239,56801750,train,C:\Users\Zila\Downloads\BN5212\MIMIC-CXR\p10\p10\p10144239\s56801750\bf154228-5d192219-5f565ac7-f760f8cc-08d23c90.dcm,negative,not_mentioned,not_mentioned,not_mentioned,not_mentioned
10144239,58177856,train,C:\Users\Zila\Downloads\BN5212\MIMIC-CXR\p10\p10\p10144239\s58177856\23bd45a3-dffe04e5-677fed13-31569596-f87d30c9.dcm,negative,not_mentioned,not_mentioned,not_mentioned,not_mentioned
10144359,53495959,val,C:\Users\Zila\Downloads\BN5212\MIMIC-CXR\p10\p10\p10144359\s53495959\051192a6-961213ff-76494c2d-655693c1-340e4690.dcm,not_mentioned,not_mentioned,not_mentioned,positive,not_mentioned
10144359,51101501,val,C:\Users\Zila\Downloads\BN5212\MIMIC-CXR\p10\p10\p10144359\s51101501\3da3a8d1-1d04bff6-c84d0002-6d8a5c3c-62a17713.dcm,negative,not_mentioned,negative,positive,negative
10144359,53063959,val,C:\Users\Zila\Downloads\BN5212\MIMIC-CXR\p10\p10\p10144359\s53063959\86c85767-ea6a2940-331c9ed7-61baed06-31e88151.dcm,negative,not_mentioned,negative,not_mentioned,not_mentioned
10144359,51740219,val,C:\Users\Zila\Downloads\BN5212\MIMIC-CXR\p10\p10\p10144359\s51740219\626cf247-1753a923-8d794f8c-66700062-a050a1be.dcm,not_mentioned,not_mentioned,not_mentioned,not_mentioned,not_mentioned
10144406,54516541,train,C:\Users\Zila\Downloads\BN5212\MIMIC-CXR\p10\p10\p10144406\s54516541\8fb845ff-df3cb8bf-2f96c752-f84a42cb-3533f8a1.dcm,negative,not_mentioned,not_mentioned,negative,not_mentioned
10144406,53849357,train,C:\Users\Zila\Downloads\BN5212\MIMIC-CXR\p10\p10\p10144406\s53849357\00dd8c5b-86a8418b-128af185-4e45648f-293f3516.dcm,negative,not_mentioned,not_mentioned,not_mentioned,not_mentioned
10144406,50348645,train,C:\Users\Zila\Downloads\BN5212\MIMIC-CXR\p10\p10\p10144406\s50348645\4d515e45-f4d55c87-916ae282-ffc949e6-d7e64ee2.dcm,not_mentioned,not_mentioned,not_mentioned,negative,not_mentioned
10144424,52247265,train,C:\Users\Zila\Downloads\BN5212\MIMIC-CXR\p10\p10\p10144424\s52247265\67aaccfc-ca39403f-ed3a91d0-b0467d05-54914729.dcm,not_mentioned,not_mentioned,not_mentioned,not_mentioned,not_mentioned
10144424,59575628,train,C:\Users\Zila\Downloads\BN5212\MIMIC-CXR\p10\p10\p10144424\s59575628\2e6e0c3e-a4f7d5dc-5a431c9a-1d45ad86-b110bb76.dcm,not_mentioned,not_mentioned,not_mentioned,not_mentioned,not_mentioned
10144424,55318406,train,C:\Users\Zila\Downloads\BN5212\MIMIC-CXR\p10\p10\p10144424\s55318406\0b3d1365-cecec550-e53e23f3-2fd4e293-81245c21.dcm,not_mentioned,not_mentioned,not_mentioned,not_mentioned,not_mentioned
10144569,57864663,val,C:\Users\Zila\Downloads\BN5212\MIMIC-CXR\p10\p10\p10144569\s57864663\c9f95c68-70a30a57-3d18a268-b417a8a7-ed286345.dcm,negative,not_mentioned,not_mentioned,not_mentioned,not_mentioned
10144569,59187161,val,C:\Users\Zila\Downloads\BN5212\MIMIC-CXR\p10\p10\p10144569\s59187161\9f2fd012-e7fb1ad8-1ee68ae8-5af5df36-fe4067b7.dcm,not_mentioned,not_mentioned,not_mentioned,negative,not_mentioned
10144569,51128682,val,C:\Users\Zila\Downloads\BN5212\MIMIC-CXR\p10\p10\p10144569\s51128682\75462213-501bed73-57126f83-4664e9da-929e970f.dcm,negative,not_mentioned,negative,not_mentioned,negative
10144569,54816756,val,C:\Users\Zila\Downloads\BN5212\MIMIC-CXR\p10\p10\p10144569\s54816756\af27eb7f-ca54661c-72b05e4c-fed2a9cd-0327dfc2.dcm,negative,not_mentioned,not_mentioned,not_mentioned,not_mentioned
10144569,54668346,val,C:\Users\Zila\Downloads\BN5212\MIMIC-CXR\p10\p10\p10144569\s54668346\52434499-51184714-21bb6b85-44d1c6d9-941e5de9.dcm,negative,not_mentioned,not_mentioned,not_mentioned,not_mentioned
10144569,59452700,val,C:\Users\Zila\Downloads\BN5212\MIMIC-CXR\p10\p10\p10144569\s59452700\dde79a3d-8f2ad2ca-192469f4-bfb29871-0abe8ba5.dcm,not_mentioned,not_mentioned,not_mentioned,not_mentioned,not_mentioned
10144569,58121875,val,C:\Users\Zila\Downloads\BN5212\MIMIC-CXR\p10\p10\p10144569\s58121875\be0b3804-46417acf-9143fa9b-e382a6a4-6fe7be09.dcm,not_mentioned,not_mentioned,not_mentioned,not_mentioned,not_mentioned
10144569,56547879,val,C:\Users\Zila\Downloads\BN5212\MIMIC-CXR\p10\p10\p10144569\s56547879\45b78fe3-a0f113e0-7f08dbbe-d5cacc8d-51b01e31.dcm,not_mentioned,not_mentioned,not_mentioned,not_mentioned,not_mentioned
10144569,52151570,val,C:\Users\Zila\Downloads\BN5212\MIMIC-CXR\p10\p10\p10144569\s52151570\5637d3b9-7718c887-12bb8374-a5030e05-e4abc07e.dcm,not_mentioned,not_mentioned,not_mentioned,not_mentioned,not_mentioned
10145301,54325600,train,C:\Users\Zila\Downloads\BN5212\MIMIC-CXR\p10\p10\p10145301\s54325600\479e1584-41e6cd44-660f1b77-d7fd15b2-aef91992.dcm,not_mentioned,not_mentioned,not_mentioned,not_mentioned,not_mentioned
10145301,55789030,train,C:\Users\Zila\Downloads\BN5212\MIMIC-CXR\p10\p10\p10145301\s55789030\53a634a6-ef9a615d-c8652cd9-6558772f-dd6bdc4f.dcm,negative,not_mentioned,not_mentioned,not_mentioned,not_mentioned
10145374,53602703,train,C:\Users\Zila\Downloads\BN5212\MIMIC-CXR\p10\p10\p10145374\s53602703\6c15333c-3a223cc4-551e3906-fc2c6a00-f8a80cc3.dcm,not_mentioned,not_mentioned,negative,not_mentioned,negative
10145374,52207654,train,C:\Users\Zila\Downloads\BN5212\MIMIC-CXR\p10\p10\p10145374\s52207654\46fc1b6b-2bd6be5a-b8680008-c27a898d-fb4b290b.dcm,negative,not_mentioned,negative,not_mentioned,negative
10145417,56206403,test,C:\Users\Zila\Downloads\BN5212\MIMIC-CXR\p10\p10\p10145417\s56206403\3398c6bd-5849d745-0208a74b-27de6ec0-d8a27eb0.dcm,not_mentioned,not_mentioned,not_mentioned,not_mentioned,not_mentioned
10145540,52539681,train,C:\Users\Zila\Downloads\BN5212\MIMIC-CXR\p10\p10\p10145540\s52539681\4f5513f7-45305f0d-97ce8bf5-956e7228-e0bbaab0.dcm,negative,positive,not_mentioned,not_mentioned,not_mentioned
10145540,55207194,train,C:\Users\Zila\Downloads\BN5212\MIMIC-CXR\p10\p10\p10145540\s55207194\e26a1009-9f409b9b-93ad3bce-6209916a-b2cee469.dcm,negative,not_mentioned,not_mentioned,not_mentioned,not_mentioned
10145540,50078781,train,C:\Users\Zila\Downloads\BN5212\MIMIC-CXR\p10\p10\p10145540\s50078781\2e268e9e-dc16feae-c3ad552a-473db1cc-b3683abc.dcm,negative,not_mentioned,not_mentioned,not_mentioned,not_mentioned
10145540,54716374,train,C:\Users\Zila\Downloads\BN5212\MIMIC-CXR\p10\p10\p10145540\s54716374\139cff2a-97fda1e1-6fc69803-ce0adbd1-4fa01889.dcm,not_mentioned,positive,negative,negative,not_mentioned
10145540,59816366,train,C:\Users\Zila\Downloads\BN5212\MIMIC-CXR\p10\p10\p10145540\s59816366\e2f03987-7e92fc06-deda7dd5-59beb6e0-eb44a99e.dcm,negative,not_mentioned,not_mentioned,not_mentioned,not_mentioned
10145540,57824903,train,C:\Users\Zila\Downloads\BN5212\MIMIC-CXR\p10\p10\p10145540\s57824903\a390d313-76c9420a-6fb2b4fe-210af479-1117a034.dcm,not_mentioned,positive,positive,not_mentioned,positive
10145540,54130900,train,C:\Users\Zila\Downloads\BN5212\MIMIC-CXR\p10\p10\p10145540\s54130900\285954b8-3b8b8e87-efe7f96a-cac21b9b-4c09d492.dcm,negative,not_mentioned,not_mentioned,not_mentioned,not_mentioned
10145540,53335438,train,C:\Users\Zila\Downloads\BN5212\MIMIC-CXR\p10\p10\p10145540\s53335438\82b5cbcf-5a85cc2d-9b7eb600-9c6b1279-8f639cfc.dcm,not_mentioned,not_mentioned,not_mentioned,not_mentioned,not_mentioned
10145540,51265383,train,C:\Users\Zila\Downloads\BN5212\MIMIC-CXR\p10\p10\p10145540\s51265383\ea2d3e68-a80c975b-9a1873bf-2e484b90-1773e527.dcm,negative,not_mentioned,not_mentioned,not_mentioned,not_mentioned
10145540,55521535,train,C:\Users\Zila\Downloads\BN5212\MIMIC-CXR\p10\p10\p10145540\s55521535\93e53fa0-b17674f0-711b0d11-44273ba8-28eb517e.dcm,negative,not_mentioned,not_mentioned,negative,not_mentioned
10145553,54510240,train,C:\Users\Zila\Downloads\BN5212\MIMIC-CXR\p10\p10\p10145553\s54510240\196cd5bf-30f61a47-ed1db53c-018757c1-7f43570b.dcm,negative,not_mentioned,not_mentioned,not_mentioned,not_mentioned
10145553,59304812,train,C:\Users\Zila\Downloads\BN5212\MIMIC-CXR\p10\p10\p10145553\s59304812\ffd65d87-b5e1e39f-0d359d9c-76c8f1f1-7dfc5752.dcm,negative,not_mentioned,not_mentioned,negative,not_mentioned
10145553,55199151,train,C:\Users\Zila\Downloads\BN5212\MIMIC-CXR\p10\p10\p10145553\s55199151\0c7a60db-70136336-a68e2ebd-3096ef0e-fc222f76.dcm,negative,not_mentioned,not_mentioned,not_mentioned,not_mentioned
10146281,52926365,train,C:\Users\Zila\Downloads\BN5212\MIMIC-CXR\p10\p10\p10146281\s52926365\9f1fb475-55864689-444396a2-92b2ccb0-f97b486f.dcm,negative,not_mentioned,not_mentioned,not_mentioned,not_mentioned
10146281,51646910,train,C:\Users\Zila\Downloads\BN5212\MIMIC-CXR\p10\p10\p10146281\s51646910\2dc121a9-da066ca5-6152a2bf-c61cec87-421c68c1.dcm,negative,not_mentioned,not_mentioned,not_mentioned,not_mentioned
10146311,59720163,val,C:\Users\Zila\Downloads\BN5212\MIMIC-CXR\p10\p10\p10146311\s59720163\374adfa9-ed432204-2ba74e4b-4d14c967-7baf77e6.dcm,negative,not_mentioned,not_mentioned,not_mentioned,not_mentioned
10146311,56184592,val,C:\Users\Zila\Downloads\BN5212\MIMIC-CXR\p10\p10\p10146311\s56184592\d1ed8450-575dad41-fb0a237e-91adcfc6-ad901592.dcm,negative,not_mentioned,not_mentioned,not_mentioned,not_mentioned
10146602,57743324,train,C:\Users\Zila\Downloads\BN5212\MIMIC-CXR\p10\p10\p10146602\s57743324\8ffd53d3-fa170a81-0afbcb7a-985fcb5a-b642c235.dcm,not_mentioned,not_mentioned,not_mentioned,positive,not_mentioned
10146602,55984261,train,C:\Users\Zila\Downloads\BN5212\MIMIC-CXR\p10\p10\p10146602\s55984261\247d2503-785cbbd3-4710515b-f3a4b98a-1face55f.dcm,negative,not_mentioned,not_mentioned,not_mentioned,not_mentioned
10146602,58110651,train,C:\Users\Zila\Downloads\BN5212\MIMIC-CXR\p10\p10\p10146602\s58110651\b5b60fed-aaf2b55a-bcfb90b4-9cdd7261-5699fce8.dcm,negative,not_mentioned,not_mentioned,not_mentioned,not_mentioned
10146602,51154665,train,C:\Users\Zila\Downloads\BN5212\MIMIC-CXR\p10\p10\p10146602\s51154665\3d4e6fef-70941314-2926c04f-6a249d1c-77724d90.dcm,not_mentioned,not_mentioned,not_mentioned,not_mentioned,not_mentioned
10146602,51143989,train,C:\Users\Zila\Downloads\BN5212\MIMIC-CXR\p10\p10\p10146602\s51143989\54c2507d-45843efb-ea325708-b4169fc1-84bd5b38.dcm,not_mentioned,not_mentioned,not_mentioned,not_mentioned,not_mentioned
10146602,59651572,train,C:\Users\Zila\Downloads\BN5212\MIMIC-CXR\p10\p10\p10146602\s59651572\7c829940-c1e84549-4662d678-31948627-337ff853.dcm,not_mentioned,not_mentioned,not_mentioned,not_mentioned,not_mentioned
10146602,52221045,train,C:\Users\Zila\Downloads\BN5212\MIMIC-CXR\p10\p10\p10146602\s52221045\c759a59c-712ea4ba-0efe18b0-9719bed3-60c804b8.dcm,not_mentioned,not_mentioned,not_mentioned,negative,not_mentioned
10146602,58060815,train,C:\Users\Zila\Downloads\BN5212\MIMIC-CXR\p10\p10\p10146602\s58060815\1d49446f-3019d86d-bb08164f-b0555ff6-59c871c5.dcm,not_mentioned,not_mentioned,negative,negative,negative
10146602,54990601,train,C:\Users\Zila\Downloads\BN5212\MIMIC-CXR\p10\p10\p10146602\s54990601\d2bca4d6-e498e5cb-1b51337b-d1268405-7e224b1b.dcm,not_mentioned,not_mentioned,negative,negative,negative
10146602,54701974,train,C:\Users\Zila\Downloads\BN5212\MIMIC-CXR\p10\p10\p10146602\s54701974\647552e8-aa3dbc96-495b5027-8cffb0ef-5ea957ad.dcm,negative,not_mentioned,not_mentioned,negative,not_mentioned
10146602,52162525,train,C:\Users\Zila\Downloads\BN5212\MIMIC-CXR\p10\p10\p10146602\s52162525\41dd1231-dae98e3b-ee843b13-5692e18b-1dd7029e.dcm,negative,not_mentioned,not_mentioned,not_mentioned,not_mentioned
10146602,52688797,train,C:\Users\Zila\Downloads\BN5212\MIMIC-CXR\p10\p10\p10146602\s52688797\cb3b9b31-23db85f5-227aa3d4-111f5063-057e3681.dcm,not_mentioned,not_mentioned,not_mentioned,not_mentioned,not_mentioned
10146602,59942050,train,C:\Users\Zila\Downloads\BN5212\MIMIC-CXR\p10\p10\p10146602\s59942050\7867469a-db702c66-9784de5d-04db8275-4008475f.dcm,negative,not_mentioned,negative,not_mentioned,negative
10146602,52085847,train,C:\Users\Zila\Downloads\BN5212\MIMIC-CXR\p10\p10\p10146602\s52085847\dd01d32f-68e27120-0d106148-3d88ac54-f1db601a.dcm,not_mentioned,not_mentioned,negative,not_mentioned,negative
10146602,53877270,train,C:\Users\Zila\Downloads\BN5212\MIMIC-CXR\p10\p10\p10146602\s53877270\f1deea89-40eb209c-7dc5a614-38ed532a-f2211461.dcm,not_mentioned,not_mentioned,not_mentioned,not_mentioned,not_mentioned
10146602,56299651,train,C:\Users\Zila\Downloads\BN5212\MIMIC-CXR\p10\p10\p10146602\s56299651\da93c4db-bf7aa273-64f1c402-f28f4776-b74001ee.dcm,conflicting,not_mentioned,not_mentioned,not_mentioned,not_mentioned
10146603,55499730,train,C:\Users\Zila\Downloads\BN5212\MIMIC-CXR\p10\p10\p10146603\s55499730\11a50e7d-a29747f8-a6b59841-2eb216b1-698a19f3.dcm,negative,positive,not_mentioned,negative,not_mentioned
10146603,58969505,train,C:\Users\Zila\Downloads\BN5212\MIMIC-CXR\p10\p10\p10146603\s58969505\5540d551-3f3cb1a7-de1bc447-58ec6d9b-60cc7377.dcm,not_mentioned,positive,not_mentioned,not_mentioned,not_mentioned
10146603,56370963,train,C:\Users\Zila\Downloads\BN5212\MIMIC-CXR\p10\p10\p10146603\s56370963\32c306ea-5e092e79-aa922636-e6985715-2f4060d9.dcm,negative,not_mentioned,not_mentioned,negative,not_mentioned
10146735,55795480,train,C:\Users\Zila\Downloads\BN5212\MIMIC-CXR\p10\p10\p10146735\s55795480\3d93fb4f-516dcfe1-1df63a42-9dd97720-e230c811.dcm,not_mentioned,not_mentioned,negative,negative,negative
10146735,55231855,train,C:\Users\Zila\Downloads\BN5212\MIMIC-CXR\p10\p10\p10146735\s55231855\7ac76723-f16d7f9f-20d50c25-d9ec9f29-bdf8b6ce.dcm,negative,not_mentioned,not_mentioned,not_mentioned,not_mentioned
10146735,51894296,train,C:\Users\Zila\Downloads\BN5212\MIMIC-CXR\p10\p10\p10146735\s51894296\bb09182a-c330fd59-d37a5eff-abec5456-a74aa58d.dcm,not_mentioned,not_mentioned,not_mentioned,not_mentioned,not_mentioned
10146735,54631954,train,C:\Users\Zila\Downloads\BN5212\MIMIC-CXR\p10\p10\p10146735\s54631954\a84cfe0a-03b943df-fdc08495-1aee74a5-4a255bc0.dcm,negative,not_mentioned,not_mentioned,not_mentioned,not_mentioned
10146735,52092243,train,C:\Users\Zila\Downloads\BN5212\MIMIC-CXR\p10\p10\p10146735\s52092243\f21ee20b-a74e8163-561b449d-ca029144-ee4dc646.dcm,not_mentioned,positive,not_mentioned,positive,not_mentioned
10146735,51392320,train,C:\Users\Zila\Downloads\BN5212\MIMIC-CXR\p10\p10\p10146735\s51392320\ca0fcb24-80386ce0-6ae202cb-6323c6ca-e194df27.dcm,positive,not_mentioned,not_mentioned,not_mentioned,not_mentioned
10146782,57345772,train,C:\Users\Zila\Downloads\BN5212\MIMIC-CXR\p10\p10\p10146782\s57345772\3f7ff146-b31491c0-fd66fccd-dd6dab33-2ca515ef.dcm,not_mentioned,not_mentioned,not_mentioned,uncertain,not_mentioned
10146782,53371236,train,C:\Users\Zila\Downloads\BN5212\MIMIC-CXR\p10\p10\p10146782\s53371236\6bb7c072-0ca1a724-aa7395f7-4c1d0b42-828085bb.dcm,not_mentioned,not_mentioned,not_mentioned,not_mentioned,not_mentioned
10146782,51795468,train,C:\Users\Zila\Downloads\BN5212\MIMIC-CXR\p10\p10\p10146782\s51795468\50aee2e0-0515f507-5a33e2c5-0a926576-2ba5a268.dcm,negative,not_mentioned,not_mentioned,not_mentioned,not_mentioned
10146782,57196287,train,C:\Users\Zila\Downloads\BN5212\MIMIC-CXR\p10\p10\p10146782\s57196287\18a4bda4-8771cdc6-f79f1f9f-b1c43fbe-46c11e01.dcm,not_mentioned,not_mentioned,not_mentioned,not_mentioned,not_mentioned
10146782,55548021,train,C:\Users\Zila\Downloads\BN5212\MIMIC-CXR\p10\p10\p10146782\s55548021\d5a45b79-1087a449-8c4648c0-a4391df2-0cc91d7e.dcm,negative,not_mentioned,not_mentioned,not_mentioned,not_mentioned
10146782,54867149,train,C:\Users\Zila\Downloads\BN5212\MIMIC-CXR\p10\p10\p10146782\s54867149\05bbaa31-8097ff7b-7aca26d6-ca140e78-d48197e9.dcm,not_mentioned,not_mentioned,not_mentioned,not_mentioned,not_mentioned
10146782,57177786,train,C:\Users\Zila\Downloads\BN5212\MIMIC-CXR\p10\p10\p10146782\s57177786\4cd60e22-efef8348-0bca896b-71ff25c8-561c110d.dcm,negative,not_mentioned,not_mentioned,uncertain,not_mentioned
10146782,53881531,train,C:\Users\Zila\Downloads\BN5212\MIMIC-CXR\p10\p10\p10146782\s53881531\76a59d2e-8fb35eba-7c1d519d-e2b8702c-ac997711.dcm,not_mentioned,not_mentioned,not_mentioned,not_mentioned,not_mentioned
10146782,59300317,train,C:\Users\Zila\Downloads\BN5212\MIMIC-CXR\p10\p10\p10146782\s59300317\6b4571ff-e3b4ff81-47250aaa-2302ddff-5b53077f.dcm,negative,not_mentioned,not_mentioned,not_mentioned,not_mentioned
10146904,56250804,train,C:\Users\Zila\Downloads\BN5212\MIMIC-CXR\p10\p10\p10146904\s56250804\5390e914-4fc0b538-795525bc-d270960c-d289694c.dcm,negative,not_mentioned,not_mentioned,not_mentioned,not_mentioned
10146904,53005628,train,C:\Users\Zila\Downloads\BN5212\MIMIC-CXR\p10\p10\p10146904\s53005628\96899d1a-e9cd86e4-66eb4a95-fc3b49d0-c7ac3a94.dcm,not_mentioned,not_mentioned,not_mentioned,not_mentioned,not_mentioned
10146904,57831256,train,C:\Users\Zila\Downloads\BN5212\MIMIC-CXR\p10\p10\p10146904\s57831256\2ffdda40-436df8eb-6f4bf348-8c498623-9529f9fa.dcm,negative,not_mentioned,not_mentioned,not_mentioned,not_mentioned
10146904,58446407,train,C:\Users\Zila\Downloads\BN5212\MIMIC-CXR\p10\p10\p10146904\s58446407\ea057600-70012dbe-931a51b4-d86a1870-3210678b.dcm,negative,not_mentioned,not_mentioned,not_mentioned,not_mentioned
10146904,57356902,train,C:\Users\Zila\Downloads\BN5212\MIMIC-CXR\p10\p10\p10146904\s57356902\60afa9a2-f372f167-978ebe47-f6417723-bc1f0e08.dcm,negative,not_mentioned,not_mentioned,not_mentioned,not_mentioned
10146971,52949215,train,C:\Users\Zila\Downloads\BN5212\MIMIC-CXR\p10\p10\p10146971\s52949215\d0960241-0304a737-59aea827-d0c89377-16b013a5.dcm,not_mentioned,not_mentioned,not_mentioned,not_mentioned,not_mentioned
10146971,53192915,train,C:\Users\Zila\Downloads\BN5212\MIMIC-CXR\p10\p10\p10146971\s53192915\b768fccb-3f8faf7e-af75d23c-662ed614-c9c8a848.dcm,negative,not_mentioned,not_mentioned,not_mentioned,not_mentioned
10146991,53110191,train,C:\Users\Zila\Downloads\BN5212\MIMIC-CXR\p10\p10\p10146991\s53110191\68c9d3e7-4265fb38-397ffce8-28145f78-c498a895.dcm,negative,positive,negative,not_mentioned,not_mentioned
10146991,56851410,train,C:\Users\Zila\Downloads\BN5212\MIMIC-CXR\p10\p10\p10146991\s56851410\a65f4f35-38a56fda-a055cb1c-91f99397-bfd419d2.dcm,not_mentioned,not_mentioned,not_mentioned,not_mentioned,not_mentioned
10146991,54376212,train,C:\Users\Zila\Downloads\BN5212\MIMIC-CXR\p10\p10\p10146991\s54376212\9206abb8-f713b233-cdf2d9cb-1aa7a451-52cc4561.dcm,negative,not_mentioned,not_mentioned,not_mentioned,not_mentioned
10147087,51369756,train,C:\Users\Zila\Downloads\BN5212\MIMIC-CXR\p10\p10\p10147087\s51369756\4575a1fa-fbfb2a89-c4aa9efe-ebd4ee73-f3110f69.dcm,not_mentioned,not_mentioned,not_mentioned,not_mentioned,not_mentioned
10147087,55370162,train,C:\Users\Zila\Downloads\BN5212\MIMIC-CXR\p10\p10\p10147087\s55370162\13878947-d53b3278-a366643d-19170329-5e3c006a.dcm,not_mentioned,not_mentioned,not_mentioned,not_mentioned,not_mentioned
10147087,52879439,train,C:\Users\Zila\Downloads\BN5212\MIMIC-CXR\p10\p10\p10147087\s52879439\215d28c4-ddb6d964-f2a089d4-2329e90b-ee521ea8.dcm,not_mentioned,not_mentioned,not_mentioned,not_mentioned,not_mentioned
10147087,51265107,train,C:\Users\Zila\Downloads\BN5212\MIMIC-CXR\p10\p10\p10147087\s51265107\36024fc7-5f6f5805-fb893533-7b1e5f73-252c832b.dcm,not_mentioned,not_mentioned,not_mentioned,not_mentioned,not_mentioned
10147499,51784978,train,C:\Users\Zila\Downloads\BN5212\MIMIC-CXR\p10\p10\p10147499\s51784978\933814cf-6304d395-60af3b4b-76db85a2-dff4d18a.dcm,not_mentioned,not_mentioned,not_mentioned,not_mentioned,not_mentioned
10147499,52304562,train,C:\Users\Zila\Downloads\BN5212\MIMIC-CXR\p10\p10\p10147499\s52304562\7185ac88-94217e96-4aee5429-e6d8c627-ab0c781b.dcm,negative,not_mentioned,not_mentioned,not_mentioned,not_mentioned
10147617,50430914,test,C:\Users\Zila\Downloads\BN5212\MIMIC-CXR\p10\p10\p10147617\s50430914\e9600267-40148d5f-2b1ce8fb-03e63851-ca089ee4.dcm,not_mentioned,not_mentioned,not_mentioned,not_mentioned,not_mentioned
10147617,52453120,test,C:\Users\Zila\Downloads\BN5212\MIMIC-CXR\p10\p10\p10147617\s52453120\cbcf29fb-931f0044-d5e33a4f-22d0bf5c-89864758.dcm,not_mentioned,not_mentioned,not_mentioned,not_mentioned,not_mentioned
10147617,56057764,test,C:\Users\Zila\Downloads\BN5212\MIMIC-CXR\p10\p10\p10147617\s56057764\1b408ba3-8a49a4ef-7d0ada57-760a0f09-4963bfb9.dcm,not_mentioned,not_mentioned,not_mentioned,not_mentioned,not_mentioned
10147617,59513499,test,C:\Users\Zila\Downloads\BN5212\MIMIC-CXR\p10\p10\p10147617\s59513499\e0a946e4-c1a876e2-8ca6e385-eb5ec1f7-1b7c6dad.dcm,not_mentioned,not_mentioned,not_mentioned,not_mentioned,not_mentioned
10147617,57844401,test,C:\Users\Zila\Downloads\BN5212\MIMIC-CXR\p10\p10\p10147617\s57844401\1cbbc3bb-d73918dc-73c6ee64-27309278-4ddad091.dcm,negative,not_mentioned,not_mentioned,not_mentioned,not_mentioned
10147617,57642139,test,C:\Users\Zila\Downloads\BN5212\MIMIC-CXR\p10\p10\p10147617\s57642139\3e4cbe28-cd788d2e-417501bb-560b9489-4ead4037.dcm,positive,not_mentioned,not_mentioned,not_mentioned,not_mentioned
10147617,56711646,test,C:\Users\Zila\Downloads\BN5212\MIMIC-CXR\p10\p10\p10147617\s56711646\5a12c362-8efd514f-3fc6e2a9-b73ba6a7-32b63850.dcm,negative,not_mentioned,not_mentioned,not_mentioned,not_mentioned
10148145,57709480,train,C:\Users\Zila\Downloads\BN5212\MIMIC-CXR\p10\p10\p10148145\s57709480\6e0c1502-8db0afac-630eb16c-681fe79a-9a40dadb.dcm,not_mentioned,not_mentioned,not_mentioned,not_mentioned,not_mentioned
10148145,54466841,train,C:\Users\Zila\Downloads\BN5212\MIMIC-CXR\p10\p10\p10148145\s54466841\ed34f1e5-816e9687-a24950fa-a6b0025d-f6a0b5e5.dcm,not_mentioned,not_mentioned,not_mentioned,not_mentioned,not_mentioned
10148417,52638955,train,C:\Users\Zila\Downloads\BN5212\MIMIC-CXR\p10\p10\p10148417\s52638955\3f5126a6-6fae8f7e-e04f4ef8-0358ca9b-622cf331.dcm,not_mentioned,not_mentioned,positive,not_mentioned,positive
10148417,55128600,train,C:\Users\Zila\Downloads\BN5212\MIMIC-CXR\p10\p10\p10148417\s55128600\35d668cc-9ae82bc0-cb644ace-8e20c26e-aded74a1.dcm,not_mentioned,not_mentioned,not_mentioned,uncertain,not_mentioned
10148417,59769212,train,C:\Users\Zila\Downloads\BN5212\MIMIC-CXR\p10\p10\p10148417\s59769212\eaad7f7c-a0838a2f-416e4df4-9d05c127-906a7c7e.dcm,not_mentioned,not_mentioned,not_mentioned,positive,not_mentioned
10148417,52789709,train,C:\Users\Zila\Downloads\BN5212\MIMIC-CXR\p10\p10\p10148417\s52789709\e01c4c55-158dd2db-b29fd710-ad4ad9fd-8a298df6.dcm,not_mentioned,not_mentioned,uncertain,not_mentioned,uncertain
10148417,56219492,train,C:\Users\Zila\Downloads\BN5212\MIMIC-CXR\p10\p10\p10148417\s56219492\a24874e9-0a8d21e6-d4b8d3ca-7c739f16-da366982.dcm,not_mentioned,not_mentioned,uncertain,positive,not_mentioned
10148417,52726940,train,C:\Users\Zila\Downloads\BN5212\MIMIC-CXR\p10\p10\p10148417\s52726940\6112744e-f95f4e01-aa34e833-f0cef818-b9f89b2d.dcm,positive,not_mentioned,not_mentioned,not_mentioned,not_mentioned
10148417,54927021,train,C:\Users\Zila\Downloads\BN5212\MIMIC-CXR\p10\p10\p10148417\s54927021\34f6fc60-eebacae6-6655a88e-768788ef-ba519624.dcm,not_mentioned,not_mentioned,positive,positive,positive
10148417,53727782,train,C:\Users\Zila\Downloads\BN5212\MIMIC-CXR\p10\p10\p10148417\s53727782\627cc0e8-bf859bba-dad47085-c39aca96-b80f1fbc.dcm,not_mentioned,not_mentioned,uncertain,uncertain,uncertain
10148417,52436212,train,C:\Users\Zila\Downloads\BN5212\MIMIC-CXR\p10\p10\p10148417\s52436212\8bc1accd-ebe6e4dc-e46b1ff6-1466ec2f-3826f211.dcm,not_mentioned,not_mentioned,positive,not_mentioned,not_mentioned
10148417,59848740,train,C:\Users\Zila\Downloads\BN5212\MIMIC-CXR\p10\p10\p10148417\s59848740\082a16c3-bce79213-fdcac5e6-90d44f8d-856898e0.dcm,not_mentioned,not_mentioned,not_mentioned,uncertain,not_mentioned
10148417,58281819,train,C:\Users\Zila\Downloads\BN5212\MIMIC-CXR\p10\p10\p10148417\s58281819\48a62b6c-b8181396-3ce1780b-6fb19a22-a9391084.dcm,not_mentioned,not_mentioned,uncertain,not_mentioned,not_mentioned
10148417,57323547,train,C:\Users\Zila\Downloads\BN5212\MIMIC-CXR\p10\p10\p10148417\s57323547\fa0a62ff-91d77499-7c240f5a-d3b3c395-f518a87b.dcm,not_mentioned,not_mentioned,positive,positive,positive
10148417,52506753,train,C:\Users\Zila\Downloads\BN5212\MIMIC-CXR\p10\p10\p10148417\s52506753\bc47634d-3c710f62-a6c34df9-5b96ac47-df79bd80.dcm,not_mentioned,not_mentioned,positive,positive,positive
10148417,53837641,train,C:\Users\Zila\Downloads\BN5212\MIMIC-CXR\p10\p10\p10148417\s53837641\d2ba0b92-98926498-26fd5b67-757a3c45-e16324da.dcm,positive,positive,not_mentioned,not_mentioned,not_mentioned
10148417,54949159,train,C:\Users\Zila\Downloads\BN5212\MIMIC-CXR\p10\p10\p10148417\s54949159\0ca17ad1-cab9be34-c8a8b1d9-d1cf2e7a-42509c18.dcm,not_mentioned,not_mentioned,not_mentioned,not_mentioned,not_mentioned
10148417,58855158,train,C:\Users\Zila\Downloads\BN5212\MIMIC-CXR\p10\p10\p10148417\s58855158\50fa645c-77256ac3-1265c58f-73d59bd3-3c11f04c.dcm,not_mentioned,not_mentioned,uncertain,not_mentioned,uncertain
10148417,56405804,train,C:\Users\Zila\Downloads\BN5212\MIMIC-CXR\p10\p10\p10148417\s56405804\be39bef9-7e73dc7d-dcffd389-04286a70-7facf8cd.dcm,not_mentioned,not_mentioned,not_mentioned,positive,not_mentioned
10148417,59773136,train,C:\Users\Zila\Downloads\BN5212\MIMIC-CXR\p10\p10\p10148417\s59773136\ba545f57-fcaff07c-4845a289-e7fea078-03eb630d.dcm,not_mentioned,not_mentioned,positive,not_mentioned,positive
10148417,56636687,train,C:\Users\Zila\Downloads\BN5212\MIMIC-CXR\p10\p10\p10148417\s56636687\429b9f2f-a4c8b1c9-472e1fe5-163b3f84-0f504c7b.dcm,not_mentioned,not_mentioned,negative,not_mentioned,negative
10149287,51036566,train,C:\Users\Zila\Downloads\BN5212\MIMIC-CXR\p10\p10\p10149287\s51036566\0e38ae69-93415c3c-2ba661d0-97c9673a-c419e742.dcm,negative,positive,positive,not_mentioned,not_mentioned
10149287,51338925,train,C:\Users\Zila\Downloads\BN5212\MIMIC-CXR\p10\p10\p10149287\s51338925\bd1e195e-ff7ca518-99dc4fb5-70fb81a8-408e3e1d.dcm,positive,not_mentioned,negative,not_mentioned,negative
10149287,52891300,train,C:\Users\Zila\Downloads\BN5212\MIMIC-CXR\p10\p10\p10149287\s52891300\f244c65e-153257b8-cffa5a6a-59936b81-68ef6df9.dcm,not_mentioned,not_mentioned,not_mentioned,not_mentioned,not_mentioned
10149287,53193517,train,C:\Users\Zila\Downloads\BN5212\MIMIC-CXR\p10\p10\p10149287\s53193517\61e08d8c-07704d17-63220790-5e965a82-58d401ab.dcm,conflicting,positive,not_mentioned,positive,not_mentioned
10149316,59440282,train,C:\Users\Zila\Downloads\BN5212\MIMIC-CXR\p10\p10\p10149316\s59440282\4ee8ee37-fc96ca0d-6fe6facd-f23ae953-704e377e.dcm,not_mentioned,positive,not_mentioned,negative,not_mentioned
10149316,59435002,train,C:\Users\Zila\Downloads\BN5212\MIMIC-CXR\p10\p10\p10149316\s59435002\15c1b980-b912edbb-f3f44cf4-d0c8fb35-52f8db93.dcm,negative,positive,not_mentioned,negative,not_mentioned
10149498,58217353,val,C:\Users\Zila\Downloads\BN5212\MIMIC-CXR\p10\p10\p10149498\s58217353\5a67c94e-11435286-8c6ab177-e8ac73bd-daf2aefb.dcm,not_mentioned,not_mentioned,not_mentioned,not_mentioned,not_mentioned
10149498,54680745,val,C:\Users\Zila\Downloads\BN5212\MIMIC-CXR\p10\p10\p10149498\s54680745\c482bc1f-8c6849b4-c915ee51-83185bcd-b8a2933e.dcm,positive,not_mentioned,not_mentioned,uncertain,not_mentioned
10149498,57300227,val,C:\Users\Zila\Downloads\BN5212\MIMIC-CXR\p10\p10\p10149498\s57300227\6dd02a79-db7b5eec-6c0c041c-625031ba-aa35c53b.dcm,negative,not_mentioned,not_mentioned,not_mentioned,not_mentioned
10149498,51595727,val,C:\Users\Zila\Downloads\BN5212\MIMIC-CXR\p10\p10\p10149498\s51595727\64a7001a-1a38105f-48595f11-c86aa11c-9b567b4d.dcm,negative,not_mentioned,not_mentioned,not_mentioned,not_mentioned
10149498,52174005,val,C:\Users\Zila\Downloads\BN5212\MIMIC-CXR\p10\p10\p10149498\s52174005\e7fbdf47-a61be013-cc86c3c1-7bc40f5f-92e6b0b8.dcm,negative,not_mentioned,not_mentioned,positive,not_mentioned
10149624,56382361,train,C:\Users\Zila\Downloads\BN5212\MIMIC-CXR\p10\p10\p10149624\s56382361\a869abc3-78650fda-2462f408-fbe8b1f3-b598e182.dcm,negative,not_mentioned,not_mentioned,not_mentioned,not_mentioned
10149624,59723257,train,C:\Users\Zila\Downloads\BN5212\MIMIC-CXR\p10\p10\p10149624\s59723257\576acc16-1789d5a7-25109f22-9d029237-41836adf.dcm,negative,not_mentioned,not_mentioned,not_mentioned,not_mentioned
10149624,52065843,train,C:\Users\Zila\Downloads\BN5212\MIMIC-CXR\p10\p10\p10149624\s52065843\53dd87b6-b1ec079d-59235c80-78812390-afb8551f.dcm,not_mentioned,not_mentioned,not_mentioned,negative,not_mentioned
10149624,51809279,train,C:\Users\Zila\Downloads\BN5212\MIMIC-CXR\p10\p10\p10149624\s51809279\6420f47b-3aba3bcd-8bf6100e-3ebcf0b3-f3cfba78.dcm,negative,not_mentioned,not_mentioned,negative,not_mentioned
10149722,56492776,train,C:\Users\Zila\Downloads\BN5212\MIMIC-CXR\p10\p10\p10149722\s56492776\0f311247-da832e93-b9902357-be096103-7964efaf.dcm,negative,not_mentioned,negative,positive,negative
10149722,59687570,train,C:\Users\Zila\Downloads\BN5212\MIMIC-CXR\p10\p10\p10149722\s59687570\0a316503-e72d1ef3-aa73a7d2-975e8089-6dd0aacd.dcm,not_mentioned,not_mentioned,not_mentioned,positive,not_mentioned
10149722,58824234,train,C:\Users\Zila\Downloads\BN5212\MIMIC-CXR\p10\p10\p10149722\s58824234\5a225898-e37ced5c-6c5fc711-9bc27305-167798d3.dcm,negative,not_mentioned,not_mentioned,negative,not_mentioned
10150056,57942538,train,C:\Users\Zila\Downloads\BN5212\MIMIC-CXR\p10\p10\p10150056\s57942538\215ee3c4-109da6ec-76c8517a-8bda34bc-dd9442c0.dcm,positive,not_mentioned,not_mentioned,not_mentioned,not_mentioned
10150056,55326152,train,C:\Users\Zila\Downloads\BN5212\MIMIC-CXR\p10\p10\p10150056\s55326152\d8e0a16d-dcaba754-cc488cc3-a47a50a2-52c534aa.dcm,not_mentioned,not_mentioned,not_mentioned,not_mentioned,not_mentioned
10150056,55295847,train,C:\Users\Zila\Downloads\BN5212\MIMIC-CXR\p10\p10\p10150056\s55295847\e2b79bef-f4faecf6-7eaf4400-504b9abd-c6cc79b3.dcm,positive,not_mentioned,not_mentioned,not_mentioned,not_mentioned
10150056,51816946,train,C:\Users\Zila\Downloads\BN5212\MIMIC-CXR\p10\p10\p10150056\s51816946\9ec8bedb-c9aec2fb-9ca9f269-a861de2c-22ba31b5.dcm,positive,not_mentioned,not_mentioned,positive,not_mentioned
10150056,56720087,train,C:\Users\Zila\Downloads\BN5212\MIMIC-CXR\p10\p10\p10150056\s56720087\c6887944-c565cc7f-5cbf731a-136a2a2d-bca2ca23.dcm,not_mentioned,not_mentioned,not_mentioned,not_mentioned,not_mentioned
10150056,50516357,train,C:\Users\Zila\Downloads\BN5212\MIMIC-CXR\p10\p10\p10150056\s50516357\824d4ce5-54a76bc8-9d78cb4f-48833d61-614a1716.dcm,positive,not_mentioned,not_mentioned,not_mentioned,not_mentioned
10150056,58241083,train,C:\Users\Zila\Downloads\BN5212\MIMIC-CXR\p10\p10\p10150056\s58241083\6137fa53-aa274ba9-2c05bac3-e52ae1f5-b5fdc2ce.dcm,uncertain,positive,negative,uncertain,negative
10150056,50100453,train,C:\Users\Zila\Downloads\BN5212\MIMIC-CXR\p10\p10\p10150056\s50100453\01187191-62a3b725-284b6fce-d11d9636-c6138e13.dcm,positive,positive,not_mentioned,not_mentioned,not_mentioned
10150056,57328181,train,C:\Users\Zila\Downloads\BN5212\MIMIC-CXR\p10\p10\p10150056\s57328181\636d7436-dc194aeb-dc0924f5-95638136-2737115d.dcm,positive,positive,not_mentioned,not_mentioned,not_mentioned
10150279,58104553,val,C:\Users\Zila\Downloads\BN5212\MIMIC-CXR\p10\p10\p10150279\s58104553\ed989eb1-a3558da4-3fb6dbaf-c5eacf68-2acb27f3.dcm,uncertain,not_mentioned,negative,negative,negative
10150279,52921861,val,C:\Users\Zila\Downloads\BN5212\MIMIC-CXR\p10\p10\p10150279\s52921861\6f3a1a75-98e3a02b-8f0fa430-4938306d-b9d98b52.dcm,not_mentioned,not_mentioned,uncertain,negative,not_mentioned
10150279,55801671,val,C:\Users\Zila\Downloads\BN5212\MIMIC-CXR\p10\p10\p10150279\s55801671\6e0cb00a-1351e793-e65f5f30-4e57f8ef-2c9c33ed.dcm,not_mentioned,not_mentioned,not_mentioned,not_mentioned,not_mentioned
10150279,55477806,val,C:\Users\Zila\Downloads\BN5212\MIMIC-CXR\p10\p10\p10150279\s55477806\6ba747d1-7923626d-142a9014-e2d2e938-787f0f92.dcm,not_mentioned,positive,negative,negative,negative
10150465,59953574,train,C:\Users\Zila\Downloads\BN5212\MIMIC-CXR\p10\p10\p10150465\s59953574\fbf5f5ce-67e2f521-d0507fac-3c95a4f2-1661218f.dcm,not_mentioned,not_mentioned,not_mentioned,not_mentioned,not_mentioned
10150465,51024959,train,C:\Users\Zila\Downloads\BN5212\MIMIC-CXR\p10\p10\p10150465\s51024959\00bdf373-5448ddab-2f092dd1-387d629c-0f800bfb.dcm,not_mentioned,not_mentioned,not_mentioned,positive,not_mentioned
10150465,58232958,train,C:\Users\Zila\Downloads\BN5212\MIMIC-CXR\p10\p10\p10150465\s58232958\cd99c2eb-d7cd7074-8d9a2d18-842b1c99-432ddb49.dcm,not_mentioned,not_mentioned,not_mentioned,negative,not_mentioned
10150767,58651163,train,C:\Users\Zila\Downloads\BN5212\MIMIC-CXR\p10\p10\p10150767\s58651163\3feb94e4-be385b8b-fb9bda31-fd1f7ba3-b37830dc.dcm,negative,not_mentioned,not_mentioned,not_mentioned,not_mentioned
10150767,50769357,train,C:\Users\Zila\Downloads\BN5212\MIMIC-CXR\p10\p10\p10150767\s50769357\143da859-264dc68e-d18159f9-7ad01271-ff0914bc.dcm,not_mentioned,not_mentioned,not_mentioned,not_mentioned,not_mentioned
10150882,52435556,train,C:\Users\Zila\Downloads\BN5212\MIMIC-CXR\p10\p10\p10150882\s52435556\fbcf001e-5456d67e-05b368d2-b8022642-9bcf8fe5.dcm,not_mentioned,not_mentioned,negative,negative,negative
10150882,54851122,train,C:\Users\Zila\Downloads\BN5212\MIMIC-CXR\p10\p10\p10150882\s54851122\86b5260c-a5f54f24-82427b00-0b140da4-3aef671a.dcm,negative,not_mentioned,positive,not_mentioned,positive
10150882,59859235,train,C:\Users\Zila\Downloads\BN5212\MIMIC-CXR\p10\p10\p10150882\s59859235\3ec4db07-40269f72-cb11b36b-4fedd234-7fe02882.dcm,negative,not_mentioned,not_mentioned,not_mentioned,not_mentioned
10150911,51377173,val,C:\Users\Zila\Downloads\BN5212\MIMIC-CXR\p10\p10\p10150911\s51377173\b7c54e09-6b6afeab-e20135a3-7758a7e1-4eaaa0e5.dcm,negative,not_mentioned,negative,not_mentioned,negative
10150911,51447314,val,C:\Users\Zila\Downloads\BN5212\MIMIC-CXR\p10\p10\p10150911\s51447314\3c4499c7-542d651a-4b092293-9d5b294b-8e553a07.dcm,negative,not_mentioned,positive,not_mentioned,uncertain
10150911,51043795,val,C:\Users\Zila\Downloads\BN5212\MIMIC-CXR\p10\p10\p10150911\s51043795\8ecccd38-d6008d91-8e726b75-3dc5ea15-e4d1251a.dcm,not_mentioned,not_mentioned,positive,not_mentioned,positive
10150911,50886636,val,C:\Users\Zila\Downloads\BN5212\MIMIC-CXR\p10\p10\p10150911\s50886636\ddb720cf-2dead2e3-c145378a-f7370846-dd6cbf49.dcm,not_mentioned,not_mentioned,not_mentioned,not_mentioned,not_mentioned
10150911,57428641,val,C:\Users\Zila\Downloads\BN5212\MIMIC-CXR\p10\p10\p10150911\s57428641\7516e89c-ebe1f74c-445e6135-9b5cfc58-fce91a3b.dcm,negative,not_mentioned,not_mentioned,not_mentioned,not_mentioned
10150911,59500840,val,C:\Users\Zila\Downloads\BN5212\MIMIC-CXR\p10\p10\p10150911\s59500840\c65f55e3-8e3ecf27-79bd5a65-b2be3559-2047ac6a.dcm,not_mentioned,not_mentioned,negative,not_mentioned,not_mentioned
10150911,55320290,val,C:\Users\Zila\Downloads\BN5212\MIMIC-CXR\p10\p10\p10150911\s55320290\77940624-90cf3872-a2ab471f-73368160-74eea1d3.dcm,not_mentioned,not_mentioned,not_mentioned,positive,not_mentioned
10150980,58929330,train,C:\Users\Zila\Downloads\BN5212\MIMIC-CXR\p10\p10\p10150980\s58929330\1739d62d-0800863a-2bf6988a-d60184bf-57e6ba16.dcm,negative,not_mentioned,not_mentioned,not_mentioned,not_mentioned
10150980,58504461,train,C:\Users\Zila\Downloads\BN5212\MIMIC-CXR\p10\p10\p10150980\s58504461\6cf1f9b1-b896be2f-495edfc7-436e5963-4bb86e29.dcm,negative,not_mentioned,not_mentioned,negative,not_mentioned
10150980,59680876,train,C:\Users\Zila\Downloads\BN5212\MIMIC-CXR\p10\p10\p10150980\s59680876\c108d63c-841a0a0a-9ec7a811-364ef5ea-1fee4566.dcm,negative,not_mentioned,not_mentioned,not_mentioned,not_mentioned
10150980,53789906,train,C:\Users\Zila\Downloads\BN5212\MIMIC-CXR\p10\p10\p10150980\s53789906\2a172cb5-e3b49197-32da5c11-077598dc-970a2645.dcm,negative,not_mentioned,not_mentioned,not_mentioned,not_mentioned
10150980,50956163,train,C:\Users\Zila\Downloads\BN5212\MIMIC-CXR\p10\p10\p10150980\s50956163\418fc82c-3f034762-36d823da-fcab1d34-0204690a.dcm,negative,not_mentioned,not_mentioned,not_mentioned,not_mentioned
10150980,58249050,train,C:\Users\Zila\Downloads\BN5212\MIMIC-CXR\p10\p10\p10150980\s58249050\af6d1e7b-1356b86d-fc9873d8-3a0afb5e-24d2dd8f.dcm,negative,not_mentioned,not_mentioned,not_mentioned,not_mentioned
10151324,54067575,test,C:\Users\Zila\Downloads\BN5212\MIMIC-CXR\p10\p10\p10151324\s54067575\e5855203-c4a77a02-74566866-78be7f36-df4b56dc.dcm,negative,not_mentioned,not_mentioned,not_mentioned,not_mentioned
10151324,50395069,test,C:\Users\Zila\Downloads\BN5212\MIMIC-CXR\p10\p10\p10151324\s50395069\941b99e2-2df2e6b2-366fd3e7-84396583-4170eef0.dcm,negative,not_mentioned,not_mentioned,not_mentioned,not_mentioned
10151556,59550633,train,C:\Users\Zila\Downloads\BN5212\MIMIC-CXR\p10\p10\p10151556\s59550633\b51a0240-7653b3ba-a2b9e554-2985fa99-f5976179.dcm,not_mentioned,not_mentioned,uncertain,positive,uncertain
10151556,55888845,train,C:\Users\Zila\Downloads\BN5212\MIMIC-CXR\p10\p10\p10151556\s55888845\9d431067-be3d189d-a2571444-346d71bf-3dfa6685.dcm,not_mentioned,positive,positive,positive,positive
10151556,58313899,train,C:\Users\Zila\Downloads\BN5212\MIMIC-CXR\p10\p10\p10151556\s58313899\3960d652-cfe0cda1-02ffd797-cc586f45-9a498d0e.dcm,not_mentioned,positive,positive,not_mentioned,positive
10151556,52265653,train,C:\Users\Zila\Downloads\BN5212\MIMIC-CXR\p10\p10\p10151556\s52265653\d2dd9390-24dcd3ef-9fdcade7-c1419554-395764c9.dcm,not_mentioned,not_mentioned,positive,not_mentioned,positive
10151556,58626144,train,C:\Users\Zila\Downloads\BN5212\MIMIC-CXR\p10\p10\p10151556\s58626144\2e60bcbf-ff521791-b04d16c0-3541a782-2b47deed.dcm,not_mentioned,not_mentioned,not_mentioned,not_mentioned,not_mentioned
10151556,52875510,train,C:\Users\Zila\Downloads\BN5212\MIMIC-CXR\p10\p10\p10151556\s52875510\ab0b677f-2a375749-efd8cf2b-ca4e492e-8af5ed74.dcm,not_mentioned,not_mentioned,not_mentioned,not_mentioned,not_mentioned
10151556,55301938,train,C:\Users\Zila\Downloads\BN5212\MIMIC-CXR\p10\p10\p10151556\s55301938\1abf4cb4-d1cc1710-4df74ae4-1fb86d35-4a3ee2a5.dcm,not_mentioned,not_mentioned,positive,not_mentioned,positive
10151556,54607704,train,C:\Users\Zila\Downloads\BN5212\MIMIC-CXR\p10\p10\p10151556\s54607704\9a700356-ad94c1ff-289154b7-9783f920-0a3878dd.dcm,not_mentioned,not_mentioned,positive,positive,positive
10151556,51894724,train,C:\Users\Zila\Downloads\BN5212\MIMIC-CXR\p10\p10\p10151556\s51894724\fa0f9622-f13e3447-ae7d4718-91f7e7b9-ee44d2e5.dcm,not_mentioned,positive,positive,positive,positive
10151556,59864083,train,C:\Users\Zila\Downloads\BN5212\MIMIC-CXR\p10\p10\p10151556\s59864083\02b9843e-50fd8758-26387266-90678b20-6b6a431a.dcm,positive,not_mentioned,positive,not_mentioned,positive
10151556,58687478,train,C:\Users\Zila\Downloads\BN5212\MIMIC-CXR\p10\p10\p10151556\s58687478\d8f5889e-6950b43e-f50189f0-5236a693-4c0fa884.dcm,positive,not_mentioned,positive,not_mentioned,positive
10151556,58159265,train,C:\Users\Zila\Downloads\BN5212\MIMIC-CXR\p10\p10\p10151556\s58159265\eabfa07d-f5466174-da487381-3a661417-d3d723e9.dcm,positive,not_mentioned,positive,negative,positive
10151556,51608592,train,C:\Users\Zila\Downloads\BN5212\MIMIC-CXR\p10\p10\p10151556\s51608592\72d8477f-4a46c0ae-e927c735-f2240e5f-085d79dc.dcm,not_mentioned,not_mentioned,positive,not_mentioned,positive
10151556,56216770,train,C:\Users\Zila\Downloads\BN5212\MIMIC-CXR\p10\p10\p10151556\s56216770\cb67e1c0-1776a553-ed7fc0d2-f05cbec7-78d0024f.dcm,conflicting,positive,conflicting,positive,positive
10151556,56267747,train,C:\Users\Zila\Downloads\BN5212\MIMIC-CXR\p10\p10\p10151556\s56267747\ac908d3e-ec190136-845afc84-e851b7d7-9d001ad5.dcm,positive,positive,not_mentioned,negative,not_mentioned
10151556,56983747,train,C:\Users\Zila\Downloads\BN5212\MIMIC-CXR\p10\p10\p10151556\s56983747\7b433927-b5ec3bed-0b3a3622-53eeffd4-8d398e26.dcm,not_mentioned,not_mentioned,positive,uncertain,positive
10151556,59213469,train,C:\Users\Zila\Downloads\BN5212\MIMIC-CXR\p10\p10\p10151556\s59213469\990a3f1a-0d3334a8-b851c75b-ac8c9033-b137f504.dcm,positive,not_mentioned,uncertain,not_mentioned,uncertain
10151556,59202257,train,C:\Users\Zila\Downloads\BN5212\MIMIC-CXR\p10\p10\p10151556\s59202257\28e3da1e-32263137-22ed7085-e4078a64-965d54f3.dcm,not_mentioned,not_mentioned,not_mentioned,not_mentioned,not_mentioned
10151556,51042965,train,C:\Users\Zila\Downloads\BN5212\MIMIC-CXR\p10\p10\p10151556\s51042965\9b1d3cb0-bf2119bd-c4bdeea5-9cf0cd46-8b6e519d.dcm,not_mentioned,not_mentioned,not_mentioned,not_mentioned,not_mentioned
10151556,55779349,train,C:\Users\Zila\Downloads\BN5212\MIMIC-CXR\p10\p10\p10151556\s55779349\f55950bd-6ef23ea7-5abe99ef-df2cff58-b1f69371.dcm,positive,not_mentioned,positive,not_mentioned,not_mentioned
10151556,52437892,train,C:\Users\Zila\Downloads\BN5212\MIMIC-CXR\p10\p10\p10151556\s52437892\63e2c657-7b2c6741-c323523b-534837f5-1ea99c59.dcm,not_mentioned,not_mentioned,positive,not_mentioned,not_mentioned
10151556,58910423,train,C:\Users\Zila\Downloads\BN5212\MIMIC-CXR\p10\p10\p10151556\s58910423\11011335-721ef5e1-25e52c93-c5526f4a-7a98df4b.dcm,not_mentioned,not_mentioned,positive,not_mentioned,not_mentioned
10151556,54546508,train,C:\Users\Zila\Downloads\BN5212\MIMIC-CXR\p10\p10\p10151556\s54546508\ab4651d8-f5f473f0-3fb2f24b-5a4f7769-700d6d2f.dcm,not_mentioned,positive,positive,not_mentioned,positive
10151556,54951116,train,C:\Users\Zila\Downloads\BN5212\MIMIC-CXR\p10\p10\p10151556\s54951116\cdf46b2a-466050bd-19b39039-0a84de0a-628f37c5.dcm,not_mentioned,not_mentioned,not_mentioned,not_mentioned,not_mentioned
10151556,59216628,train,C:\Users\Zila\Downloads\BN5212\MIMIC-CXR\p10\p10\p10151556\s59216628\387a94ac-70aca639-62240e72-34ee4a59-8c6c04e9.dcm,positive,not_mentioned,not_mentioned,not_mentioned,not_mentioned
10151556,59407363,train,C:\Users\Zila\Downloads\BN5212\MIMIC-CXR\p10\p10\p10151556\s59407363\c6419515-a8ac174f-f9167582-d4d4314d-f6ea0c73.dcm,not_mentioned,positive,positive,not_mentioned,positive
10151556,57142350,train,C:\Users\Zila\Downloads\BN5212\MIMIC-CXR\p10\p10\p10151556\s57142350\079bfbaf-8e9f61a4-e41ffd5f-e9020ff6-1fe08e02.dcm,not_mentioned,not_mentioned,positive,uncertain,positive
10151556,50787603,train,C:\Users\Zila\Downloads\BN5212\MIMIC-CXR\p10\p10\p10151556\s50787603\515ae7d1-5f8c3b7c-75466dfb-9394875f-ab66fd11.dcm,positive,positive,positive,not_mentioned,positive
10151556,54360059,train,C:\Users\Zila\Downloads\BN5212\MIMIC-CXR\p10\p10\p10151556\s54360059\1b403fd8-9032f878-7e6a413a-b95bcfd8-d450420c.dcm,not_mentioned,positive,positive,not_mentioned,positive
10151713,54050043,val,C:\Users\Zila\Downloads\BN5212\MIMIC-CXR\p10\p10\p10151713\s54050043\8347c020-aefd0589-ab3ef79f-057f08a6-c9eae9b6.dcm,not_mentioned,not_mentioned,not_mentioned,not_mentioned,not_mentioned
10151713,54885877,val,C:\Users\Zila\Downloads\BN5212\MIMIC-CXR\p10\p10\p10151713\s54885877\d2698e07-8489c58c-36fea134-e472c5ec-9670612e.dcm,negative,not_mentioned,not_mentioned,not_mentioned,not_mentioned
10151713,51822615,val,C:\Users\Zila\Downloads\BN5212\MIMIC-CXR\p10\p10\p10151713\s51822615\5f7071e0-7d0aedd1-54a4f619-29372ceb-6d7421e1.dcm,not_mentioned,not_mentioned,not_mentioned,not_mentioned,not_mentioned
10151713,50174956,val,C:\Users\Zila\Downloads\BN5212\MIMIC-CXR\p10\p10\p10151713\s50174956\d5b08087-a72901ad-954c1482-8829f43d-35655ffa.dcm,not_mentioned,not_mentioned,not_mentioned,not_mentioned,not_mentioned
10151713,56375818,val,C:\Users\Zila\Downloads\BN5212\MIMIC-CXR\p10\p10\p10151713\s56375818\eb334367-5ffef294-f676c6ab-c341bc52-2dfe0aaa.dcm,not_mentioned,not_mentioned,not_mentioned,not_mentioned,not_mentioned
10151713,53475872,val,C:\Users\Zila\Downloads\BN5212\MIMIC-CXR\p10\p10\p10151713\s53475872\30a88ba5-00927d91-bde298dd-5ea9d5f7-d5dcae88.dcm,uncertain,not_mentioned,negative,not_mentioned,negative
10152086,53501551,test,C:\Users\Zila\Downloads\BN5212\MIMIC-CXR\p10\p10\p10152086\s53501551\ba4ef6f3-78d52b9d-6b2b2a51-39e6a5c3-f4b6f8e2.dcm,uncertain,not_mentioned,not_mentioned,negative,not_mentioned
10152086,52016585,test,C:\Users\Zila\Downloads\BN5212\MIMIC-CXR\p10\p10\p10152086\s52016585\2d450c24-9c388bef-bcd232ef-83c9ea1c-2cab127f.dcm,not_mentioned,positive,not_mentioned,not_mentioned,not_mentioned
10152086,59167012,test,C:\Users\Zila\Downloads\BN5212\MIMIC-CXR\p10\p10\p10152086\s59167012\d7794bb9-a52fb117-0d2e9642-70da3402-3bc6d4a0.dcm,not_mentioned,not_mentioned,negative,not_mentioned,negative
10152086,53671031,test,C:\Users\Zila\Downloads\BN5212\MIMIC-CXR\p10\p10\p10152086\s53671031\5c9071eb-abb8b5cb-90eb69a7-c16d3b64-7c974396.dcm,not_mentioned,not_mentioned,not_mentioned,not_mentioned,not_mentioned
10152086,58165338,test,C:\Users\Zila\Downloads\BN5212\MIMIC-CXR\p10\p10\p10152086\s58165338\a162ba59-7d53b41e-99f8bc79-5f53347d-90901c60.dcm,not_mentioned,not_mentioned,negative,negative,negative
10152086,51664951,test,C:\Users\Zila\Downloads\BN5212\MIMIC-CXR\p10\p10\p10152086\s51664951\6ebbfb55-827880c5-e50a592e-67328559-b0bdb6a6.dcm,not_mentioned,not_mentioned,not_mentioned,positive,not_mentioned
10152121,58419790,train,C:\Users\Zila\Downloads\BN5212\MIMIC-CXR\p10\p10\p10152121\s58419790\246e25b9-c78ef226-eefd7b1e-0f269a10-6b028571.dcm,not_mentioned,not_mentioned,not_mentioned,not_mentioned,not_mentioned
10152121,56175487,train,C:\Users\Zila\Downloads\BN5212\MIMIC-CXR\p10\p10\p10152121\s56175487\856318cb-d9c6b921-29099c90-65028b20-a6bbd4a2.dcm,not_mentioned,not_mentioned,not_mentioned,not_mentioned,not_mentioned
10152121,51932239,train,C:\Users\Zila\Downloads\BN5212\MIMIC-CXR\p10\p10\p10152121\s51932239\9ffd97f7-45c169d7-907bcb26-7b5d1e9d-dca86c53.dcm,not_mentioned,not_mentioned,not_mentioned,not_mentioned,not_mentioned
10152121,55417513,train,C:\Users\Zila\Downloads\BN5212\MIMIC-CXR\p10\p10\p10152121\s55417513\d8216eb2-72ff8caa-61c00575-9c1b1323-11ee64b5.dcm,positive,not_mentioned,negative,not_mentioned,negative
10152121,58219738,train,C:\Users\Zila\Downloads\BN5212\MIMIC-CXR\p10\p10\p10152121\s58219738\210a0d91-4e3e9212-6b5f0c12-77826966-671562db.dcm,positive,not_mentioned,not_mentioned,not_mentioned,not_mentioned
10152121,50022703,train,C:\Users\Zila\Downloads\BN5212\MIMIC-CXR\p10\p10\p10152121\s50022703\f23277df-c0aebce1-3cee9f4d-dbe9b1e2-6fae1e1c.dcm,not_mentioned,not_mentioned,not_mentioned,positive,not_mentioned
10152121,54390368,train,C:\Users\Zila\Downloads\BN5212\MIMIC-CXR\p10\p10\p10152121\s54390368\58280545-9503b44c-8d7bcddc-5c282e09-99e09e65.dcm,positive,not_mentioned,not_mentioned,not_mentioned,not_mentioned
10152121,56625547,train,C:\Users\Zila\Downloads\BN5212\MIMIC-CXR\p10\p10\p10152121\s56625547\4861011b-e07fd791-5c4733f2-26cee350-6d5503b2.dcm,positive,not_mentioned,not_mentioned,not_mentioned,not_mentioned
10152121,59094030,train,C:\Users\Zila\Downloads\BN5212\MIMIC-CXR\p10\p10\p10152121\s59094030\759880b0-c2f9e536-de79b926-b9ab6828-6fa697be.dcm,not_mentioned,not_mentioned,not_mentioned,not_mentioned,not_mentioned
10152121,50384416,train,C:\Users\Zila\Downloads\BN5212\MIMIC-CXR\p10\p10\p10152121\s50384416\578fb0cf-2fe3e34b-1cbc6980-286ced9b-4350d158.dcm,not_mentioned,not_mentioned,not_mentioned,not_mentioned,not_mentioned
10152121,52942898,train,C:\Users\Zila\Downloads\BN5212\MIMIC-CXR\p10\p10\p10152121\s52942898\5bf2a327-56ab3e92-72a5811c-c22e2f9b-b6621193.dcm,positive,not_mentioned,not_mentioned,not_mentioned,not_mentioned
10152121,56980423,train,C:\Users\Zila\Downloads\BN5212\MIMIC-CXR\p10\p10\p10152121\s56980423\367ad6f2-96bdbc3d-0f6e96f3-478c53c7-b4dd1baf.dcm,not_mentioned,not_mentioned,negative,not_mentioned,negative
10152121,54554863,train,C:\Users\Zila\Downloads\BN5212\MIMIC-CXR\p10\p10\p10152121\s54554863\0863734f-715487a8-e04f1169-edcc51fe-1613410c.dcm,positive,not_mentioned,negative,not_mentioned,negative
10152414,55259479,train,C:\Users\Zila\Downloads\BN5212\MIMIC-CXR\p10\p10\p10152414\s55259479\e6b2fb17-a588e532-de3c3ca5-2b5b4ff8-677abcaa.dcm,negative,not_mentioned,not_mentioned,not_mentioned,not_mentioned
10152414,54098631,train,C:\Users\Zila\Downloads\BN5212\MIMIC-CXR\p10\p10\p10152414\s54098631\6a90be3e-0fd42e73-1a3dfec7-23ec1d59-446d07a8.dcm,not_mentioned,positive,positive,not_mentioned,positive
10152414,58774359,train,C:\Users\Zila\Downloads\BN5212\MIMIC-CXR\p10\p10\p10152414\s58774359\a31d890b-4518904d-5de60d69-db6f3e73-88b5d378.dcm,not_mentioned,not_mentioned,not_mentioned,not_mentioned,not_mentioned
10152675,54401885,test,C:\Users\Zila\Downloads\BN5212\MIMIC-CXR\p10\p10\p10152675\s54401885\62395779-cc06e749-414bd87a-e664ecd4-cd2bb7b2.dcm,not_mentioned,not_mentioned,positive,negative,positive
10152675,51862238,test,C:\Users\Zila\Downloads\BN5212\MIMIC-CXR\p10\p10\p10152675\s51862238\3193680b-0d4d755c-46edfe6f-cd345735-6fbb0f9e.dcm,not_mentioned,not_mentioned,not_mentioned,not_mentioned,not_mentioned
10152675,51956328,test,C:\Users\Zila\Downloads\BN5212\MIMIC-CXR\p10\p10\p10152675\s51956328\b779a279-4829bdd4-f4cd8f11-64823416-9517f64b.dcm,not_mentioned,not_mentioned,not_mentioned,positive,not_mentioned
10152675,51914560,test,C:\Users\Zila\Downloads\BN5212\MIMIC-CXR\p10\p10\p10152675\s51914560\3e9b02fb-3be41345-3907b0af-f35cfd1f-6fb31101.dcm,not_mentioned,not_mentioned,negative,negative,negative
10152675,59743592,test,C:\Users\Zila\Downloads\BN5212\MIMIC-CXR\p10\p10\p10152675\s59743592\f44c301a-866f65d2-4bb62a01-ea31c999-87e7a6ac.dcm,not_mentioned,not_mentioned,not_mentioned,not_mentioned,not_mentioned
10152675,54234805,test,C:\Users\Zila\Downloads\BN5212\MIMIC-CXR\p10\p10\p10152675\s54234805\433ea839-7b2d1387-3fc21124-c2f9c3e7-a4ef6c85.dcm,not_mentioned,not_mentioned,not_mentioned,not_mentioned,not_mentioned
10152675,56678828,test,C:\Users\Zila\Downloads\BN5212\MIMIC-CXR\p10\p10\p10152675\s56678828\0be4a999-e470088e-1cf7490b-2650f603-468a525b.dcm,not_mentioned,not_mentioned,not_mentioned,not_mentioned,not_mentioned
10152878,52524840,train,C:\Users\Zila\Downloads\BN5212\MIMIC-CXR\p10\p10\p10152878\s52524840\dc055348-37ad061e-08f09cc2-d0f13f67-8332b128.dcm,negative,not_mentioned,not_mentioned,not_mentioned,not_mentioned
10152878,55702678,train,C:\Users\Zila\Downloads\BN5212\MIMIC-CXR\p10\p10\p10152878\s55702678\eccc459e-31ccdc93-ee2a0eb1-ff119d62-9558e5ee.dcm,not_mentioned,not_mentioned,not_mentioned,not_mentioned,not_mentioned
10152878,54218667,train,C:\Users\Zila\Downloads\BN5212\MIMIC-CXR\p10\p10\p10152878\s54218667\d421a602-a732c0e0-cb96dd6e-9a08c421-76038d2b.dcm,not_mentioned,not_mentioned,not_mentioned,negative,not_mentioned
10153623,51109606,train,C:\Users\Zila\Downloads\BN5212\MIMIC-CXR\p10\p10\p10153623\s51109606\33e1550a-828bae2b-211a8982-68d243ee-2d74d9ae.dcm,negative,not_mentioned,not_mentioned,not_mentioned,not_mentioned
10153623,50858002,train,C:\Users\Zila\Downloads\BN5212\MIMIC-CXR\p10\p10\p10153623\s50858002\a9817634-c5abc033-b0e53309-a61f9a78-ecb4cfdd.dcm,negative,not_mentioned,not_mentioned,not_mentioned,not_mentioned
10153623,55784043,train,C:\Users\Zila\Downloads\BN5212\MIMIC-CXR\p10\p10\p10153623\s55784043\2fc607c5-e66bc46b-74f7cb56-e13f4c67-5295471f.dcm,not_mentioned,not_mentioned,not_mentioned,not_mentioned,not_mentioned
10153623,59152411,train,C:\Users\Zila\Downloads\BN5212\MIMIC-CXR\p10\p10\p10153623\s59152411\2d131e97-ce4d019c-fcaba5e4-48f95300-716854b7.dcm,negative,not_mentioned,not_mentioned,not_mentioned,not_mentioned
10153782,51455398,train,C:\Users\Zila\Downloads\BN5212\MIMIC-CXR\p10\p10\p10153782\s51455398\ddf74fc9-5dcd56d4-48227b07-3c075a6e-ac174208.dcm,not_mentioned,not_mentioned,not_mentioned,not_mentioned,not_mentioned
10153782,55965261,train,C:\Users\Zila\Downloads\BN5212\MIMIC-CXR\p10\p10\p10153782\s55965261\d58ea217-7d11070c-00a353a2-927a1665-4e7f22cf.dcm,not_mentioned,not_mentioned,not_mentioned,not_mentioned,not_mentioned
10153922,52638012,test,C:\Users\Zila\Downloads\BN5212\MIMIC-CXR\p10\p10\p10153922\s52638012\4447d17b-269708aa-9c7b5b42-e8dcc90d-b6238d4b.dcm,not_mentioned,not_mentioned,negative,not_mentioned,negative
10153922,53261045,test,C:\Users\Zila\Downloads\BN5212\MIMIC-CXR\p10\p10\p10153922\s53261045\ac8953aa-eb5d8958-def45ddd-673a958e-691896a5.dcm,not_mentioned,not_mentioned,uncertain,not_mentioned,uncertain
10154271,56103025,train,C:\Users\Zila\Downloads\BN5212\MIMIC-CXR\p10\p10\p10154271\s56103025\158eed0a-cc7fcf6b-84765470-b4d44b3e-ddb38341.dcm,negative,positive,positive,not_mentioned,positive
10154271,51768020,train,C:\Users\Zila\Downloads\BN5212\MIMIC-CXR\p10\p10\p10154271\s51768020\c92820ab-86ca072a-cb979fed-e8a9b8f0-2e1b4472.dcm,negative,positive,not_mentioned,negative,not_mentioned
10154271,52940277,train,C:\Users\Zila\Downloads\BN5212\MIMIC-CXR\p10\p10\p10154271\s52940277\7a64cb43-08487522-bf85110e-572f00f0-1ab8ada4.dcm,not_mentioned,positive,positive,negative,positive
10154271,55116514,train,C:\Users\Zila\Downloads\BN5212\MIMIC-CXR\p10\p10\p10154271\s55116514\9fa37111-6529e495-1dc6c66d-55d8f3be-b15ee7a3.dcm,negative,positive,not_mentioned,negative,not_mentioned
10154473,56867068,val,C:\Users\Zila\Downloads\BN5212\MIMIC-CXR\p10\p10\p10154473\s56867068\342ae349-455c33b7-eb725cb6-d6f425d3-fdc1c2e9.dcm,negative,not_mentioned,negative,not_mentioned,negative
10154473,50068692,val,C:\Users\Zila\Downloads\BN5212\MIMIC-CXR\p10\p10\p10154473\s50068692\e3fb5554-82e63c91-1d394e52-3bae0d79-f86ec3b8.dcm,negative,not_mentioned,negative,not_mentioned,negative
10154473,55707465,val,C:\Users\Zila\Downloads\BN5212\MIMIC-CXR\p10\p10\p10154473\s55707465\03acaaa8-8bbd322c-c64e9664-aa256b77-aad103f1.dcm,not_mentioned,positive,not_mentioned,not_mentioned,not_mentioned
10154473,53369446,val,C:\Users\Zila\Downloads\BN5212\MIMIC-CXR\p10\p10\p10154473\s53369446\4ad5e716-50cfa4b4-fe208853-e277f8d6-d980e3ef.dcm,not_mentioned,not_mentioned,not_mentioned,not_mentioned,not_mentioned
10154479,50212765,train,C:\Users\Zila\Downloads\BN5212\MIMIC-CXR\p10\p10\p10154479\s50212765\b674a0f4-280775ed-35f8c52b-7799754c-5ffb3798.dcm,not_mentioned,not_mentioned,not_mentioned,not_mentioned,not_mentioned
10154479,54531147,train,C:\Users\Zila\Downloads\BN5212\MIMIC-CXR\p10\p10\p10154479\s54531147\3c3355d9-95ff449a-07348dda-fcde624c-8e8243de.dcm,negative,not_mentioned,not_mentioned,not_mentioned,not_mentioned
10154479,55385219,train,C:\Users\Zila\Downloads\BN5212\MIMIC-CXR\p10\p10\p10154479\s55385219\3d2deaaf-9edded0e-0be7b811-998d5d5e-af4ba39e.dcm,not_mentioned,not_mentioned,negative,not_mentioned,not_mentioned
10154578,57058893,val,C:\Users\Zila\Downloads\BN5212\MIMIC-CXR\p10\p10\p10154578\s57058893\dd017527-1b231222-72d6afd4-a2443a59-f69135d3.dcm,negative,not_mentioned,not_mentioned,positive,not_mentioned
10154578,57438472,val,C:\Users\Zila\Downloads\BN5212\MIMIC-CXR\p10\p10\p10154578\s57438472\6fc2eda2-42ed13db-c14f231f-9891c42e-da532370.dcm,negative,not_mentioned,not_mentioned,not_mentioned,not_mentioned
10154578,58750714,val,C:\Users\Zila\Downloads\BN5212\MIMIC-CXR\p10\p10\p10154578\s58750714\c70fbbcc-0133522d-972afc6d-77558ac3-e87fda07.dcm,negative,not_mentioned,not_mentioned,not_mentioned,not_mentioned
10154578,55111060,val,C:\Users\Zila\Downloads\BN5212\MIMIC-CXR\p10\p10\p10154578\s55111060\a4ed7a04-d164f405-cb778fa2-0a4bff12-b9575faa.dcm,negative,not_mentioned,not_mentioned,uncertain,not_mentioned
10154578,54913434,val,C:\Users\Zila\Downloads\BN5212\MIMIC-CXR\p10\p10\p10154578\s54913434\065ac3ff-47916005-43699256-144d5425-e872ea05.dcm,negative,not_mentioned,uncertain,negative,negative
10155042,58192707,train,C:\Users\Zila\Downloads\BN5212\MIMIC-CXR\p10\p10\p10155042\s58192707\944faf99-d55acdf9-9d86ff7f-8e4de644-801aa0d0.dcm,negative,not_mentioned,not_mentioned,not_mentioned,not_mentioned
10155042,54968654,train,C:\Users\Zila\Downloads\BN5212\MIMIC-CXR\p10\p10\p10155042\s54968654\1cf57647-203e13c6-651546e6-7a91aad1-25c4b209.dcm,negative,not_mentioned,not_mentioned,not_mentioned,not_mentioned
10155042,54022726,train,C:\Users\Zila\Downloads\BN5212\MIMIC-CXR\p10\p10\p10155042\s54022726\4470c6ac-2cbb401f-bb2185ac-19e90f4c-fc472ccf.dcm,negative,not_mentioned,not_mentioned,not_mentioned,not_mentioned
10155042,57517914,train,C:\Users\Zila\Downloads\BN5212\MIMIC-CXR\p10\p10\p10155042\s57517914\c9e9c98d-6c1718d7-90c21865-14d694f8-a10c9dfc.dcm,negative,not_mentioned,not_mentioned,not_mentioned,not_mentioned
10155042,58874803,train,C:\Users\Zila\Downloads\BN5212\MIMIC-CXR\p10\p10\p10155042\s58874803\b58d7ed5-14527f0f-4ed3dcde-4bdaeeab-e2689435.dcm,negative,not_mentioned,negative,not_mentioned,negative
10155734,58985401,test,C:\Users\Zila\Downloads\BN5212\MIMIC-CXR\p10\p10\p10155734\s58985401\0da1376c-e8fdb8d2-2ac1843c-cc1c4110-eaec5881.dcm,not_mentioned,not_mentioned,not_mentioned,not_mentioned,not_mentioned
10155734,58209254,test,C:\Users\Zila\Downloads\BN5212\MIMIC-CXR\p10\p10\p10155734\s58209254\0c2d8900-a059b8a4-670b4650-8cbbbc30-10065431.dcm,not_mentioned,not_mentioned,not_mentioned,not_mentioned,not_mentioned
10155766,59843743,train,C:\Users\Zila\Downloads\BN5212\MIMIC-CXR\p10\p10\p10155766\s59843743\618f5348-a6dda9cf-cf1d238b-0c256dae-a52f8f2c.dcm,not_mentioned,positive,negative,positive,negative
10155766,56394243,train,C:\Users\Zila\Downloads\BN5212\MIMIC-CXR\p10\p10\p10155766\s56394243\3486f17c-45cfbc33-8c009484-c3a5ef9a-28651880.dcm,not_mentioned,not_mentioned,not_mentioned,not_mentioned,not_mentioned
10156269,53782092,train,C:\Users\Zila\Downloads\BN5212\MIMIC-CXR\p10\p10\p10156269\s53782092\8c3f2553-4e8a6774-32bfcaac-9d747b62-55301796.dcm,negative,not_mentioned,not_mentioned,positive,not_mentioned
10156269,58754239,train,C:\Users\Zila\Downloads\BN5212\MIMIC-CXR\p10\p10\p10156269\s58754239\0abbacff-f1f40cbb-d4c350b6-cbe2a121-3ca4beb0.dcm,not_mentioned,not_mentioned,uncertain,not_mentioned,uncertain
10156269,54615242,train,C:\Users\Zila\Downloads\BN5212\MIMIC-CXR\p10\p10\p10156269\s54615242\845a56a5-210c87c9-0c261ea7-1973fe7b-5a8ca37a.dcm,negative,not_mentioned,not_mentioned,not_mentioned,not_mentioned
10156395,56372742,val,C:\Users\Zila\Downloads\BN5212\MIMIC-CXR\p10\p10\p10156395\s56372742\68c518e5-81653d45-61e34e77-261f52de-6a44c908.dcm,not_mentioned,not_mentioned,uncertain,not_mentioned,not_mentioned
10156395,51310486,val,C:\Users\Zila\Downloads\BN5212\MIMIC-CXR\p10\p10\p10156395\s51310486\baf5c5c3-55ec7143-7601db81-06b1db6b-6a2c0351.dcm,not_mentioned,not_mentioned,positive,not_mentioned,not_mentioned
